id,activity,application,application_id,attachments,author.avatar,author.bot,author.clan,author.discriminator,author.flags,author.global_name,author.id,author.primary_guild,author.public_flags,author.username,call,channel_id,components,content,date,edited_timestamp,embeds.0.color,embeds.0.content_scan_version,embeds.0.fields.0.inline,embeds.0.fields.0.name,embeds.0.fields.0.value,embeds.0.fields.1.inline,embeds.0.fields.1.name,embeds.0.fields.1.value,embeds.0.fields.2.inline,embeds.0.fields.2.name,embeds.0.fields.2.value,embeds.0.fields.3.inline,embeds.0.fields.3.name,embeds.0.fields.3.value,embeds.0.fields.4.inline,embeds.0.fields.4.name,embeds.0.fields.4.value,embeds.0.fields.5.inline,embeds.0.fields.5.name,embeds.0.fields.5.value,embeds.0.fields.6.inline,embeds.0.fields.6.name,embeds.0.fields.6.value,embeds.0.fields.7.inline,embeds.0.fields.7.name,embeds.0.fields.7.value,embeds.0.timestamp,embeds.0.title,embeds.0.type,flags,interaction,mention_channels,mention_everyone,mentions,message_reference,nonce,pinned,position,reactions,referenced_message,resolved,role_subscription_data,sticker_items,stickers,thread,timestamp,tts,type,userName,webhook_id
1459336537467781182,,,,,,true,,0000,0,,1446203750204047426,,0,Animal Battle Stats,,1446204139909550150,,,2026-01-10T00:02:23.694Z,,4491519,0,true,Visitor,RamiNoodle733,true,🌐 Location,"Sugar Land, TX, US",,,,,,,,,,,,,,,,,,,2026-01-10T00:02:23.292000+00:00,👀 Site Visit,rich,0,,,false,,,,false,,,,,,,,,2026-01-10T00:02:23.694000+00:00,false,0,Animal Battle Stats,1446203750204047426
1459336531276857496,,,,,,true,,0000,0,,1446203750204047426,,0,Animal Battle Stats,,1446204139909550150,,,2026-01-10T00:02:22.218Z,,6710886,0,true,User,RamiNoodle733,true,🌐 Location,"Sugar Land, TX, US",,,,,,,,,,,,,,,,,,,2026-01-10T00:02:21.801000+00:00,👋 User Left Site,rich,0,,,false,,,,false,,,,,,,,,2026-01-10T00:02:22.218000+00:00,false,0,Animal Battle Stats,1446203750204047426
1459336529288888554,,,,,,true,,0000,0,,1446203750204047426,,0,Animal Battle Stats,,1446204139909550150,,,2026-01-10T00:02:21.744Z,,4491519,0,true,Visitor,RamiNoodle733,true,🌐 Location,"Sugar Land, TX, US",,,,,,,,,,,,,,,,,,,2026-01-10T00:02:20.673000+00:00,👀 Site Visit,rich,0,,,false,,,,false,,,,,,,,,2026-01-10T00:02:21.744000+00:00,false,0,Animal Battle Stats,1446203750204047426
1459336524666765614,,,,,,true,,0000,0,,1446203750204047426,,0,Animal Battle Stats,,1446204139909550150,,,2026-01-10T00:02:20.642Z,,6710886,0,true,User,RamiNoodle733,true,🌐 Location,"Sugar Land, TX, US",,,,,,,,,,,,,,,,,,,2026-01-10T00:02:20.172000+00:00,👋 User Left Site,rich,0,,,false,,,,false,,,,,,,,,2026-01-10T00:02:20.642000+00:00,false,0,Animal Battle Stats,1446203750204047426
1459336501820264529,,,,,,true,,0000,0,,1446203750204047426,,0,Animal Battle Stats,,1446204139909550150,,,2026-01-10T00:02:15.195Z,,4491519,0,true,Visitor,RamiNoodle733,true,🌐 Location,"Sugar Land, TX, US",,,,,,,,,,,,,,,,,,,2026-01-10T00:02:14.705000+00:00,👀 Site Visit,rich,0,,,false,,,,false,,,,,,,,,2026-01-10T00:02:15.195000+00:00,false,0,Animal Battle Stats,1446203750204047426
1459336499530174629,,,,,,true,,0000,0,,1446203750204047426,,0,Animal Battle Stats,,1446204139909550150,,,2026-01-10T00:02:14.649Z,,6710886,0,true,User,RamiNoodle733,true,🌐 Location,"Sugar Land, TX, US",,,,,,,,,,,,,,,,,,,2026-01-10T00:02:13.611000+00:00,👋 User Left Site,rich,0,,,false,,,,false,,,,,,,,,2026-01-10T00:02:14.649000+00:00,false,0,Animal Battle Stats,1446203750204047426
1459334816863490221,,,,,,true,,0000,0,,1446203750204047426,,0,Animal Battle Stats,,1446204139909550150,,,2026-01-09T23:55:33.470Z,,4491519,0,true,Visitor,RamiNoodle733,true,🌐 Location,"Sugar Land, TX, US",,,,,,,,,,,,,,,,,,,2026-01-09T23:55:33.027000+00:00,👀 Site Visit,rich,0,,,false,,,,false,,,,,,,,,2026-01-09T23:55:33.470000+00:00,false,0,Animal Battle Stats,1446203750204047426
1459334814019747950,,,,,,true,,0000,0,,1446203750204047426,,0,Animal Battle Stats,,1446204139909550150,,,2026-01-09T23:55:32.792Z,,6710886,0,true,User,RamiNoodle733,true,🌐 Location,"Sugar Land, TX, US",,,,,,,,,,,,,,,,,,,2026-01-09T23:55:32.397000+00:00,👋 User Left Site,rich,0,,,false,,,,false,,,,,,,,,2026-01-09T23:55:32.792000+00:00,false,0,Animal Battle Stats,1446203750204047426
1459334795002642432,,,,,,true,,0000,0,,1446203750204047426,,0,Animal Battle Stats,,1446204139909550150,,,2026-01-09T23:55:28.258Z,,4491519,0,true,Visitor,RamiNoodle733,true,🌐 Location,"Sugar Land, TX, US",,,,,,,,,,,,,,,,,,,2026-01-09T23:55:27.866000+00:00,👀 Site Visit,rich,0,,,false,,,,false,,,,,,,,,2026-01-09T23:55:28.258000+00:00,false,0,Animal Battle Stats,1446203750204047426
1459334792788050016,,,,,,true,,0000,0,,1446203750204047426,,0,Animal Battle Stats,,1446204139909550150,,,2026-01-09T23:55:27.730Z,,6710886,0,true,User,RamiNoodle733,true,🌐 Location,"Sugar Land, TX, US",,,,,,,,,,,,,,,,,,,2026-01-09T23:55:27.303000+00:00,👋 User Left Site,rich,0,,,false,,,,false,,,,,,,,,2026-01-09T23:55:27.730000+00:00,false,0,Animal Battle Stats,1446203750204047426
1459334781358702704,,,,,,true,,0000,0,,1446203750204047426,,0,Animal Battle Stats,,1446204139909550150,,,2026-01-09T23:55:25.005Z,,4491519,0,true,Visitor,RamiNoodle733,true,🌐 Location,"Sugar Land, TX, US",,,,,,,,,,,,,,,,,,,2026-01-09T23:55:24.632000+00:00,👀 Site Visit,rich,0,,,false,,,,false,,,,,,,,,2026-01-09T23:55:25.005000+00:00,false,0,Animal Battle Stats,1446203750204047426
1459334779832111267,,,,,,true,,0000,0,,1446203750204047426,,0,Animal Battle Stats,,1446204139909550150,,,2026-01-09T23:55:24.641Z,,6710886,0,true,User,RamiNoodle733,true,🌐 Location,"Sugar Land, TX, US",,,,,,,,,,,,,,,,,,,2026-01-09T23:55:24.187000+00:00,👋 User Left Site,rich,0,,,false,,,,false,,,,,,,,,2026-01-09T23:55:24.641000+00:00,false,0,Animal Battle Stats,1446203750204047426
1459334763935432750,,,,,,true,,0000,0,,1446203750204047426,,0,Animal Battle Stats,,1446204139909550150,,,2026-01-09T23:55:20.851Z,,4491519,0,true,Visitor,RamiNoodle733,true,🌐 Location,"Sugar Land, TX, US",,,,,,,,,,,,,,,,,,,2026-01-09T23:55:20.538000+00:00,👀 Site Visit,rich,0,,,false,,,,false,,,,,,,,,2026-01-09T23:55:20.851000+00:00,false,0,Animal Battle Stats,1446203750204047426
1459334762538991697,,,,,,true,,0000,0,,1446203750204047426,,0,Animal Battle Stats,,1446204139909550150,,,2026-01-09T23:55:20.518Z,,6710886,0,true,User,RamiNoodle733,true,🌐 Location,"Sugar Land, TX, US",,,,,,,,,,,,,,,,,,,2026-01-09T23:55:20.106000+00:00,👋 User Left Site,rich,0,,,false,,,,false,,,,,,,,,2026-01-09T23:55:20.518000+00:00,false,0,Animal Battle Stats,1446203750204047426
1459334752397168650,,,,,,true,,0000,0,,1446203750204047426,,0,Animal Battle Stats,,1446204139909550150,,,2026-01-09T23:55:18.100Z,,4491519,0,true,Visitor,RamiNoodle733,true,🌐 Location,"Sugar Land, TX, US",,,,,,,,,,,,,,,,,,,2026-01-09T23:55:17.737000+00:00,👀 Site Visit,rich,0,,,false,,,,false,,,,,,,,,2026-01-09T23:55:18.100000+00:00,false,0,Animal Battle Stats,1446203750204047426
1459334751499583702,,,,,,true,,0000,0,,1446203750204047426,,0,Animal Battle Stats,,1446204139909550150,,,2026-01-09T23:55:17.886Z,,6710886,0,true,User,RamiNoodle733,true,🌐 Location,"Sugar Land, TX, US",,,,,,,,,,,,,,,,,,,2026-01-09T23:55:17.345000+00:00,👋 User Left Site,rich,0,,,false,,,,false,,,,,,,,,2026-01-09T23:55:17.886000+00:00,false,0,Animal Battle Stats,1446203750204047426
1459334710697263227,,,,,,true,,0000,0,,1446203750204047426,,0,Animal Battle Stats,,1446204139909550150,,,2026-01-09T23:55:08.158Z,,4491519,0,true,Visitor,RamiNoodle733,true,🌐 Location,"Sugar Land, TX, US",,,,,,,,,,,,,,,,,,,2026-01-09T23:55:07.614000+00:00,👀 Site Visit,rich,0,,,false,,,,false,,,,,,,,,2026-01-09T23:55:08.158000+00:00,false,0,Animal Battle Stats,1446203750204047426
1459334708541259920,,,,,,true,,0000,0,,1446203750204047426,,0,Animal Battle Stats,,1446204139909550150,,,2026-01-09T23:55:07.644Z,,6710886,0,true,User,RamiNoodle733,true,🌐 Location,"Sugar Land, TX, US",,,,,,,,,,,,,,,,,,,2026-01-09T23:55:07.225000+00:00,👋 User Left Site,rich,0,,,false,,,,false,,,,,,,,,2026-01-09T23:55:07.644000+00:00,false,0,Animal Battle Stats,1446203750204047426
1459334690073739409,,,,,,true,,0000,0,,1446203750204047426,,0,Animal Battle Stats,,1446204139909550150,,,2026-01-09T23:55:03.241Z,,6710886,0,true,User,RamiNoodle733,true,🌐 Location,"Sugar Land, TX, US",,,,,,,,,,,,,,,,,,,2026-01-09T23:55:01.904000+00:00,👋 User Left Site,rich,0,,,false,,,,false,,,,,,,,,2026-01-09T23:55:03.241000+00:00,false,0,Animal Battle Stats,1446203750204047426
1459334688324976755,,,,,,true,,0000,0,,1446203750204047426,,0,Animal Battle Stats,,1446204139909550150,,,2026-01-09T23:55:02.824Z,,4491519,0,true,Visitor,RamiNoodle733,true,🌐 Location,"Sugar Land, TX, US",,,,,,,,,,,,,,,,,,,2026-01-09T23:55:02.455000+00:00,👀 Site Visit,rich,0,,,false,,,,false,,,,,,,,,2026-01-09T23:55:02.824000+00:00,false,0,Animal Battle Stats,1446203750204047426
1459334669140103218,,,,,,true,,0000,0,,1446203750204047426,,0,Animal Battle Stats,,1446204139909550150,,,2026-01-09T23:54:58.250Z,,4491519,0,true,Visitor,RamiNoodle733,true,🌐 Location,"Sugar Land, TX, US",,,,,,,,,,,,,,,,,,,2026-01-09T23:54:57.790000+00:00,👀 Site Visit,rich,0,,,false,,,,false,,,,,,,,,2026-01-09T23:54:58.250000+00:00,false,0,Animal Battle Stats,1446203750204047426
1459334666162016350,,,,,,true,,0000,0,,1446203750204047426,,0,Animal Battle Stats,,1446204139909550150,,,2026-01-09T23:54:57.540Z,,6710886,0,true,User,RamiNoodle733,true,🌐 Location,"Sugar Land, TX, US",,,,,,,,,,,,,,,,,,,2026-01-09T23:54:57.128000+00:00,👋 User Left Site,rich,0,,,false,,,,false,,,,,,,,,2026-01-09T23:54:57.540000+00:00,false,0,Animal Battle Stats,1446203750204047426
1459334475518312468,,,,,,true,,0000,0,,1446203750204047426,,0,Animal Battle Stats,,1446204139909550150,,,2026-01-09T23:54:12.087Z,,4491519,0,true,Visitor,RamiNoodle733,true,🌐 Location,"Sugar Land, TX, US",,,,,,,,,,,,,,,,,,,2026-01-09T23:54:11.617000+00:00,👀 Site Visit,rich,0,,,false,,,,false,,,,,,,,,2026-01-09T23:54:12.087000+00:00,false,0,Animal Battle Stats,1446203750204047426
1459334474037723270,,,,,,true,,0000,0,,1446203750204047426,,0,Animal Battle Stats,,1446204139909550150,,,2026-01-09T23:54:11.734Z,,6710886,0,true,User,RamiNoodle733,true,🌐 Location,"Sugar Land, TX, US",,,,,,,,,,,,,,,,,,,2026-01-09T23:54:11.211000+00:00,👋 User Left Site,rich,0,,,false,,,,false,,,,,,,,,2026-01-09T23:54:11.734000+00:00,false,0,Animal Battle Stats,1446203750204047426
1459334466492436632,,,,,,true,,0000,0,,1446203750204047426,,0,Animal Battle Stats,,1446204139909550150,,,2026-01-09T23:54:09.935Z,,4491519,0,true,Visitor,RamiNoodle733,true,🌐 Location,"Sugar Land, TX, US",,,,,,,,,,,,,,,,,,,2026-01-09T23:54:09.538000+00:00,👀 Site Visit,rich,0,,,false,,,,false,,,,,,,,,2026-01-09T23:54:09.935000+00:00,false,0,Animal Battle Stats,1446203750204047426
1459334464755994891,,,,,,true,,0000,0,,1446203750204047426,,0,Animal Battle Stats,,1446204139909550150,,,2026-01-09T23:54:09.521Z,,6710886,0,true,User,RamiNoodle733,true,🌐 Location,"Sugar Land, TX, US",,,,,,,,,,,,,,,,,,,2026-01-09T23:54:09.089000+00:00,👋 User Left Site,rich,0,,,false,,,,false,,,,,,,,,2026-01-09T23:54:09.521000+00:00,false,0,Animal Battle Stats,1446203750204047426
1459334443784343574,,,,,,true,,0000,0,,1446203750204047426,,0,Animal Battle Stats,,1446204139909550150,,,2026-01-09T23:54:04.521Z,,4491519,0,true,Visitor,RamiNoodle733,true,🌐 Location,"Sugar Land, TX, US",,,,,,,,,,,,,,,,,,,2026-01-09T23:54:04.115000+00:00,👀 Site Visit,rich,0,,,false,,,,false,,,,,,,,,2026-01-09T23:54:04.521000+00:00,false,0,Animal Battle Stats,1446203750204047426
1459334441406304258,,,,,,true,,0000,0,,1446203750204047426,,0,Animal Battle Stats,,1446204139909550150,,,2026-01-09T23:54:03.954Z,,6710886,0,true,User,RamiNoodle733,true,🌐 Location,"Sugar Land, TX, US",,,,,,,,,,,,,,,,,,,2026-01-09T23:54:03.664000+00:00,👋 User Left Site,rich,0,,,false,,,,false,,,,,,,,,2026-01-09T23:54:03.954000+00:00,false,0,Animal Battle Stats,1446203750204047426
1459334432489209939,,,,,,true,,0000,0,,1446203750204047426,,0,Animal Battle Stats,,1446204139909550150,,,2026-01-09T23:54:01.828Z,,4491519,0,true,Visitor,RamiNoodle733,true,🌐 Location,"Sugar Land, TX, US",,,,,,,,,,,,,,,,,,,2026-01-09T23:54:01.412000+00:00,👀 Site Visit,rich,0,,,false,,,,false,,,,,,,,,2026-01-09T23:54:01.828000+00:00,false,0,Animal Battle Stats,1446203750204047426
1459334430106845502,,,,,,true,,0000,0,,1446203750204047426,,0,Animal Battle Stats,,1446204139909550150,,,2026-01-09T23:54:01.260Z,,6710886,0,true,User,RamiNoodle733,true,🌐 Location,"Sugar Land, TX, US",,,,,,,,,,,,,,,,,,,2026-01-09T23:54:00.945000+00:00,👋 User Left Site,rich,0,,,false,,,,false,,,,,,,,,2026-01-09T23:54:01.260000+00:00,false,0,Animal Battle Stats,1446203750204047426
1459334419310448831,,,,,,true,,0000,0,,1446203750204047426,,0,Animal Battle Stats,,1446204139909550150,,,2026-01-09T23:53:58.686Z,,4491519,0,true,Visitor,RamiNoodle733,true,🌐 Location,"Sugar Land, TX, US",,,,,,,,,,,,,,,,,,,2026-01-09T23:53:58.218000+00:00,👀 Site Visit,rich,0,,,false,,,,false,,,,,,,,,2026-01-09T23:53:58.686000+00:00,false,0,Animal Battle Stats,1446203750204047426
1459334409722527866,,,,,,true,,0000,0,,1446203750204047426,,0,Animal Battle Stats,,1446204139909550150,,,2026-01-09T23:53:56.400Z,,6710886,0,true,User,RamiNoodle733,true,🌐 Location,"Sugar Land, TX, US",,,,,,,,,,,,,,,,,,,2026-01-09T23:53:55.978000+00:00,👋 User Left Site,rich,0,,,false,,,,false,,,,,,,,,2026-01-09T23:53:56.400000+00:00,false,0,Animal Battle Stats,1446203750204047426
1459334390176809064,,,,,,true,,0000,0,,1446203750204047426,,0,Animal Battle Stats,,1446204139909550150,,,2026-01-09T23:53:51.740Z,,4491519,0,true,Visitor,RamiNoodle733,true,🌐 Location,"Sugar Land, TX, US",,,,,,,,,,,,,,,,,,,2026-01-09T23:53:51.349000+00:00,👀 Site Visit,rich,0,,,false,,,,false,,,,,,,,,2026-01-09T23:53:51.740000+00:00,false,0,Animal Battle Stats,1446203750204047426
1459334388679704677,,,,,,true,,0000,0,,1446203750204047426,,0,Animal Battle Stats,,1446204139909550150,,,2026-01-09T23:53:51.383Z,,6710886,0,true,User,RamiNoodle733,true,🌐 Location,"Sugar Land, TX, US",,,,,,,,,,,,,,,,,,,2026-01-09T23:53:50.950000+00:00,👋 User Left Site,rich,0,,,false,,,,false,,,,,,,,,2026-01-09T23:53:51.383000+00:00,false,0,Animal Battle Stats,1446203750204047426
1459334374574264608,,,,,,true,,0000,0,,1446203750204047426,,0,Animal Battle Stats,,1446204139909550150,,,2026-01-09T23:53:48.020Z,,4491519,0,true,Visitor,RamiNoodle733,true,🌐 Location,"Sugar Land, TX, US",,,,,,,,,,,,,,,,,,,2026-01-09T23:53:47.508000+00:00,👀 Site Visit,rich,0,,,false,,,,false,,,,,,,,,2026-01-09T23:53:48.020000+00:00,false,0,Animal Battle Stats,1446203750204047426
1459334371675869187,,,,,,true,,0000,0,,1446203750204047426,,0,Animal Battle Stats,,1446204139909550150,,,2026-01-09T23:53:47.329Z,,6710886,0,true,User,RamiNoodle733,true,🌐 Location,"Sugar Land, TX, US",,,,,,,,,,,,,,,,,,,2026-01-09T23:53:46.964000+00:00,👋 User Left Site,rich,0,,,false,,,,false,,,,,,,,,2026-01-09T23:53:47.329000+00:00,false,0,Animal Battle Stats,1446203750204047426
1459334366957408391,,,,,,true,,0000,0,,1446203750204047426,,0,Animal Battle Stats,,1446204139909550150,,,2026-01-09T23:53:46.204Z,,4491519,0,true,Visitor,RamiNoodle733,true,🌐 Location,"Sugar Land, TX, US",,,,,,,,,,,,,,,,,,,2026-01-09T23:53:45.934000+00:00,👀 Site Visit,rich,0,,,false,,,,false,,,,,,,,,2026-01-09T23:53:46.204000+00:00,false,0,Animal Battle Stats,1446203750204047426
1459334363316617229,,,,,,true,,0000,0,,1446203750204047426,,0,Animal Battle Stats,,1446204139909550150,,,2026-01-09T23:53:45.336Z,,6710886,0,true,User,RamiNoodle733,true,🌐 Location,"Sugar Land, TX, US",,,,,,,,,,,,,,,,,,,2026-01-09T23:53:45.025000+00:00,👋 User Left Site,rich,0,,,false,,,,false,,,,,,,,,2026-01-09T23:53:45.336000+00:00,false,0,Animal Battle Stats,1446203750204047426
1459334346778476748,,,,,,true,,0000,0,,1446203750204047426,,0,Animal Battle Stats,,1446204139909550150,,,2026-01-09T23:53:41.393Z,,4491519,0,true,Visitor,RamiNoodle733,true,🌐 Location,"Sugar Land, TX, US",,,,,,,,,,,,,,,,,,,2026-01-09T23:53:40.980000+00:00,👀 Site Visit,rich,0,,,false,,,,false,,,,,,,,,2026-01-09T23:53:41.393000+00:00,false,0,Animal Battle Stats,1446203750204047426
1459334344685523145,,,,,,true,,0000,0,,1446203750204047426,,0,Animal Battle Stats,,1446204139909550150,,,2026-01-09T23:53:40.894Z,,6710886,0,true,User,RamiNoodle733,true,🌐 Location,"Sugar Land, TX, US",,,,,,,,,,,,,,,,,,,2026-01-09T23:53:40.395000+00:00,👋 User Left Site,rich,0,,,false,,,,false,,,,,,,,,2026-01-09T23:53:40.894000+00:00,false,0,Animal Battle Stats,1446203750204047426
1459334337638961232,,,,,,true,,0000,0,,1446203750204047426,,0,Animal Battle Stats,,1446204139909550150,,,2026-01-09T23:53:39.214Z,,4491519,0,true,Visitor,RamiNoodle733,true,🌐 Location,"Sugar Land, TX, US",,,,,,,,,,,,,,,,,,,2026-01-09T23:53:38.791000+00:00,👀 Site Visit,rich,0,,,false,,,,false,,,,,,,,,2026-01-09T23:53:39.214000+00:00,false,0,Animal Battle Stats,1446203750204047426
1459334336674398228,,,,,,true,,0000,0,,1446203750204047426,,0,Animal Battle Stats,,1446204139909550150,,,2026-01-09T23:53:38.984Z,,6710886,0,true,User,RamiNoodle733,true,🌐 Location,"Sugar Land, TX, US",,,,,,,,,,,,,,,,,,,2026-01-09T23:53:37.667000+00:00,👋 User Left Site,rich,0,,,false,,,,false,,,,,,,,,2026-01-09T23:53:38.984000+00:00,false,0,Animal Battle Stats,1446203750204047426
1459332846060568758,,,,,,true,,0000,0,,1446203750204047426,,0,Animal Battle Stats,,1446204139909550150,,,2026-01-09T23:47:43.594Z,,4491519,0,true,Visitor,RamiNoodle733,true,🌐 Location,"Sugar Land, TX, US",,,,,,,,,,,,,,,,,,,2026-01-09T23:47:43.259000+00:00,👀 Site Visit,rich,0,,,false,,,,false,,,,,,,,,2026-01-09T23:47:43.594000+00:00,false,0,Animal Battle Stats,1446203750204047426
1459332840914157711,,,,,,true,,0000,0,,1446203750204047426,,0,Animal Battle Stats,,1446204139909550150,,,2026-01-09T23:47:42.367Z,,6710886,0,true,User,RamiNoodle733,true,🌐 Location,"Sugar Land, TX, US",,,,,,,,,,,,,,,,,,,2026-01-09T23:47:42.115000+00:00,👋 User Left Site,rich,0,,,false,,,,false,,,,,,,,,2026-01-09T23:47:42.367000+00:00,false,0,Animal Battle Stats,1446203750204047426
1459332824602771500,,,,,,true,,0000,0,,1446203750204047426,,0,Animal Battle Stats,,1446204139909550150,,,2026-01-09T23:47:38.478Z,,4491519,0,true,Visitor,RamiNoodle733,true,🌐 Location,"Sugar Land, TX, US",,,,,,,,,,,,,,,,,,,2026-01-09T23:47:37.107000+00:00,👀 Site Visit,rich,0,,,false,,,,false,,,,,,,,,2026-01-09T23:47:38.478000+00:00,false,0,Animal Battle Stats,1446203750204047426
1459332817862529247,,,,,,true,,0000,0,,1446203750204047426,,0,Animal Battle Stats,,1446204139909550150,,,2026-01-09T23:47:36.871Z,,6710886,0,true,User,RamiNoodle733,true,🌐 Location,"Sugar Land, TX, US",,,,,,,,,,,,,,,,,,,2026-01-09T23:47:36.503000+00:00,👋 User Left Site,rich,0,,,false,,,,false,,,,,,,,,2026-01-09T23:47:36.871000+00:00,false,0,Animal Battle Stats,1446203750204047426
1459332801340899379,,,,,,true,,0000,0,,1446203750204047426,,0,Animal Battle Stats,,1446204139909550150,,,2026-01-09T23:47:32.932Z,,4491519,0,true,Visitor,RamiNoodle733,true,🌐 Location,"Sugar Land, TX, US",,,,,,,,,,,,,,,,,,,2026-01-09T23:47:32.518000+00:00,👀 Site Visit,rich,0,,,false,,,,false,,,,,,,,,2026-01-09T23:47:32.932000+00:00,false,0,Animal Battle Stats,1446203750204047426
1459332800598507749,,,,,,true,,0000,0,,1446203750204047426,,0,Animal Battle Stats,,1446204139909550150,,,2026-01-09T23:47:32.755Z,,6710886,0,true,User,RamiNoodle733,true,🌐 Location,"Sugar Land, TX, US",,,,,,,,,,,,,,,,,,,2026-01-09T23:47:32.119000+00:00,👋 User Left Site,rich,0,,,false,,,,false,,,,,,,,,2026-01-09T23:47:32.755000+00:00,false,0,Animal Battle Stats,1446203750204047426
1459332574035050690,,,,,,true,,0000,0,,1446203750204047426,,0,Animal Battle Stats,,1446204139909550150,,,2026-01-09T23:46:38.738Z,,4491519,0,true,Visitor,RamiNoodle733,true,🌐 Location,"Sugar Land, TX, US",,,,,,,,,,,,,,,,,,,2026-01-09T23:46:38.379000+00:00,👀 Site Visit,rich,0,,,false,,,,false,,,,,,,,,2026-01-09T23:46:38.738000+00:00,false,0,Animal Battle Stats,1446203750204047426
1459332571342176551,,,,,,true,,0000,0,,1446203750204047426,,0,Animal Battle Stats,,1446204139909550150,,,2026-01-09T23:46:38.096Z,,6710886,0,true,User,RamiNoodle733,true,🌐 Location,"Sugar Land, TX, US",,,,,,,,,,,,,,,,,,,2026-01-09T23:46:37.761000+00:00,👋 User Left Site,rich,0,,,false,,,,false,,,,,,,,,2026-01-09T23:46:38.096000+00:00,false,0,Animal Battle Stats,1446203750204047426
1459332563272204455,,,,,,true,,0000,0,,1446203750204047426,,0,Animal Battle Stats,,1446204139909550150,,,2026-01-09T23:46:36.172Z,,4491519,0,true,Visitor,RamiNoodle733,true,🌐 Location,"Sugar Land, TX, US",,,,,,,,,,,,,,,,,,,2026-01-09T23:46:35.670000+00:00,👀 Site Visit,rich,0,,,false,,,,false,,,,,,,,,2026-01-09T23:46:36.172000+00:00,false,0,Animal Battle Stats,1446203750204047426
1459332561569579172,,,,,,true,,0000,0,,1446203750204047426,,0,Animal Battle Stats,,1446204139909550150,,,2026-01-09T23:46:35.766Z,,6710886,0,true,User,RamiNoodle733,true,🌐 Location,"Sugar Land, TX, US",,,,,,,,,,,,,,,,,,,2026-01-09T23:46:35.266000+00:00,👋 User Left Site,rich,0,,,false,,,,false,,,,,,,,,2026-01-09T23:46:35.766000+00:00,false,0,Animal Battle Stats,1446203750204047426
1459332519064371363,,,,,,true,,0000,0,,1446203750204047426,,0,Animal Battle Stats,,1446204139909550150,,,2026-01-09T23:46:25.632Z,,4491519,0,true,Visitor,RamiNoodle733,true,🌐 Location,"Sugar Land, TX, US",,,,,,,,,,,,,,,,,,,2026-01-09T23:46:25.219000+00:00,👀 Site Visit,rich,0,,,false,,,,false,,,,,,,,,2026-01-09T23:46:25.632000+00:00,false,0,Animal Battle Stats,1446203750204047426
1459332507316125894,,,,,,true,,0000,0,,1446203750204047426,,0,Animal Battle Stats,,1446204139909550150,,,2026-01-09T23:46:22.831Z,,6710886,0,true,User,RamiNoodle733,true,🌐 Location,"Sugar Land, TX, US",,,,,,,,,,,,,,,,,,,2026-01-09T23:46:22.443000+00:00,👋 User Left Site,rich,0,,,false,,,,false,,,,,,,,,2026-01-09T23:46:22.831000+00:00,false,0,Animal Battle Stats,1446203750204047426
1459332475686883561,,,,,,true,,0000,0,,1446203750204047426,,0,Animal Battle Stats,,1446204139909550150,,,2026-01-09T23:46:15.290Z,,4491519,0,true,Visitor,RamiNoodle733,true,🌐 Location,"Sugar Land, TX, US",,,,,,,,,,,,,,,,,,,2026-01-09T23:46:14.751000+00:00,👀 Site Visit,rich,0,,,false,,,,false,,,,,,,,,2026-01-09T23:46:15.290000+00:00,false,0,Animal Battle Stats,1446203750204047426
1459332472012669145,,,,,,true,,0000,0,,1446203750204047426,,0,Animal Battle Stats,,1446204139909550150,,,2026-01-09T23:46:14.414Z,,6710886,0,true,User,RamiNoodle733,true,🌐 Location,"Sugar Land, TX, US",,,,,,,,,,,,,,,,,,,2026-01-09T23:46:14.004000+00:00,👋 User Left Site,rich,0,,,false,,,,false,,,,,,,,,2026-01-09T23:46:14.414000+00:00,false,0,Animal Battle Stats,1446203750204047426
1459332447182393416,,,,,,true,,0000,0,,1446203750204047426,,0,Animal Battle Stats,,1446204139909550150,,,2026-01-09T23:46:08.494Z,,4491519,0,true,Visitor,RamiNoodle733,true,🌐 Location,"Sugar Land, TX, US",,,,,,,,,,,,,,,,,,,2026-01-09T23:46:08.037000+00:00,👀 Site Visit,rich,0,,,false,,,,false,,,,,,,,,2026-01-09T23:46:08.494000+00:00,false,0,Animal Battle Stats,1446203750204047426
1459332445198356493,,,,,,true,,0000,0,,1446203750204047426,,0,Animal Battle Stats,,1446204139909550150,,,2026-01-09T23:46:08.021Z,,6710886,0,true,User,RamiNoodle733,true,🌐 Location,"Sugar Land, TX, US",,,,,,,,,,,,,,,,,,,2026-01-09T23:46:06.615000+00:00,👋 User Left Site,rich,0,,,false,,,,false,,,,,,,,,2026-01-09T23:46:08.021000+00:00,false,0,Animal Battle Stats,1446203750204047426
1459331890086543361,,,,,,true,,0000,0,,1446203750204047426,,0,Animal Battle Stats,,1446204139909550150,,,2026-01-09T23:43:55.672Z,,4491519,0,true,Visitor,RamiNoodle733,true,🌐 Location,"Sugar Land, TX, US",,,,,,,,,,,,,,,,,,,2026-01-09T23:43:55.145000+00:00,👀 Site Visit,rich,0,,,false,,,,false,,,,,,,,,2026-01-09T23:43:55.672000+00:00,false,0,Animal Battle Stats,1446203750204047426
1459331886907392123,,,,,,true,,0000,0,,1446203750204047426,,0,Animal Battle Stats,,1446204139909550150,,,2026-01-09T23:43:54.914Z,,6710886,0,true,User,RamiNoodle733,true,🌐 Location,"Sugar Land, TX, US",,,,,,,,,,,,,,,,,,,2026-01-09T23:43:54.464000+00:00,👋 User Left Site,rich,0,,,false,,,,false,,,,,,,,,2026-01-09T23:43:54.914000+00:00,false,0,Animal Battle Stats,1446203750204047426
1459330829435273216,,,,,,true,,0000,0,,1446203750204047426,,0,Animal Battle Stats,,1446204139909550150,,,2026-01-09T23:39:42.793Z,,4491519,0,true,Visitor,RamiNoodle733,true,🌐 Location,"Sugar Land, TX, US",,,,,,,,,,,,,,,,,,,2026-01-09T23:39:42.305000+00:00,👀 Site Visit,rich,0,,,false,,,,false,,,,,,,,,2026-01-09T23:39:42.793000+00:00,false,0,Animal Battle Stats,1446203750204047426
1459330828139233412,,,,,,true,,0000,0,,1446203750204047426,,0,Animal Battle Stats,,1446204139909550150,,,2026-01-09T23:39:42.484Z,,6710886,0,true,User,RamiNoodle733,true,🌐 Location,"Sugar Land, TX, US",,,,,,,,,,,,,,,,,,,2026-01-09T23:39:41.374000+00:00,👋 User Left Site,rich,0,,,false,,,,false,,,,,,,,,2026-01-09T23:39:42.484000+00:00,false,0,Animal Battle Stats,1446203750204047426
1459330716189065362,,,,,,true,,0000,0,,1446203750204047426,,0,Animal Battle Stats,,1446204139909550150,,,2026-01-09T23:39:15.793Z,,6710886,0,true,User,RamiNoodle733,true,🌐 Location,"Sugar Land, TX, US",,,,,,,,,,,,,,,,,,,2026-01-09T23:39:15.313000+00:00,👋 User Left Site,rich,0,,,false,,,,false,,,,,,,,,2026-01-09T23:39:15.793000+00:00,false,0,Animal Battle Stats,1446203750204047426
1459330677114929314,,,,,,true,,0000,0,,1446203750204047426,,0,Animal Battle Stats,,1446204139909550150,,,2026-01-09T23:39:06.477Z,,4491519,0,true,Visitor,RamiNoodle733,true,🌐 Location,"Sugar Land, TX, US",,,,,,,,,,,,,,,,,,,2026-01-09T23:39:04.836000+00:00,👀 Site Visit,rich,0,,,false,,,,false,,,,,,,,,2026-01-09T23:39:06.477000+00:00,false,0,Animal Battle Stats,1446203750204047426
1459330670106251355,,,,,,true,,0000,0,,1446203750204047426,,0,Animal Battle Stats,,1446204139909550150,,,2026-01-09T23:39:04.806Z,,6710886,0,true,User,RamiNoodle733,true,🌐 Location,"Sugar Land, TX, US",,,,,,,,,,,,,,,,,,,2026-01-09T23:39:03.846000+00:00,👋 User Left Site,rich,0,,,false,,,,false,,,,,,,,,2026-01-09T23:39:04.806000+00:00,false,0,Animal Battle Stats,1446203750204047426
1459329235633176830,,,,,,true,,0000,0,,1446203750204047426,,0,Animal Battle Stats,,1446204139909550150,,,2026-01-09T23:33:22.801Z,,4491519,0,true,Visitor,RamiNoodle733,true,🌐 Location,"Sugar Land, TX, US",,,,,,,,,,,,,,,,,,,2026-01-09T23:33:22.389000+00:00,👀 Site Visit,rich,0,,,false,,,,false,,,,,,,,,2026-01-09T23:33:22.801000+00:00,false,0,Animal Battle Stats,1446203750204047426
1459329214963519569,,,,,,true,,0000,0,,1446203750204047426,,0,Animal Battle Stats,,1446204139909550150,,,2026-01-09T23:33:17.873Z,,6710886,0,true,User,RamiNoodle733,true,🌐 Location,"Sugar Land, TX, US",,,,,,,,,,,,,,,,,,,2026-01-09T23:33:17.472000+00:00,👋 User Left Site,rich,0,,,false,,,,false,,,,,,,,,2026-01-09T23:33:17.873000+00:00,false,0,Animal Battle Stats,1446203750204047426
1459329194017423493,,,,,,true,,0000,0,,1446203750204047426,,0,Animal Battle Stats,,1446204139909550150,,,2026-01-09T23:33:12.879Z,,4491519,0,true,Visitor,RamiNoodle733,true,🌐 Location,"Sugar Land, TX, US",,,,,,,,,,,,,,,,,,,2026-01-09T23:33:12.405000+00:00,👀 Site Visit,rich,0,,,false,,,,false,,,,,,,,,2026-01-09T23:33:12.879000+00:00,false,0,Animal Battle Stats,1446203750204047426
1459328924294320170,,,,,,true,,0000,0,,1446203750204047426,,0,Animal Battle Stats,,1446204139909550150,,,2026-01-09T23:32:08.572Z,,6710886,0,true,User,RamiNoodle733,true,🌐 Location,"Sugar Land, TX, US",,,,,,,,,,,,,,,,,,,2026-01-09T23:32:06.435000+00:00,👋 User Left Site,rich,0,,,false,,,,false,,,,,,,,,2026-01-09T23:32:08.572000+00:00,false,0,Animal Battle Stats,1446203750204047426
1459328923593867422,,,,,,true,,0000,0,,1446203750204047426,,0,Animal Battle Stats,,1446204139909550150,,,2026-01-09T23:32:08.405Z,,4491519,0,true,Visitor,RamiNoodle733,true,🌐 Location,"Sugar Land, TX, US",,,,,,,,,,,,,,,,,,,2026-01-09T23:32:07.962000+00:00,👀 Site Visit,rich,0,,,false,,,,false,,,,,,,,,2026-01-09T23:32:08.405000+00:00,false,0,Animal Battle Stats,1446203750204047426
1459328922452754595,,,,,,true,,0000,0,,1446203750204047426,,0,Animal Battle Stats,,1446204139909550150,,,2026-01-09T23:32:08.133Z,,4491519,0,true,Visitor,RamiNoodle733,true,🌐 Location,"Sugar Land, TX, US",,,,,,,,,,,,,,,,,,,2026-01-09T23:30:23.652000+00:00,👀 Site Visit,rich,0,,,false,,,,false,,,,,,,,,2026-01-09T23:32:08.133000+00:00,false,0,Animal Battle Stats,1446203750204047426
1459324757781647404,,,,,,true,,0000,0,,1446203750204047426,,0,Animal Battle Stats,,1446204139909550150,,,2026-01-09T23:15:35.198Z,,6710886,0,true,User,RamiNoodle733,true,🌐 Location,"Sugar Land, TX, US",,,,,,,,,,,,,,,,,,,2026-01-09T23:15:34.465000+00:00,👋 User Left Site,rich,0,,,false,,,,false,,,,,,,,,2026-01-09T23:15:35.198000+00:00,false,0,Animal Battle Stats,1446203750204047426
1459303814804017223,,,,,,true,,0000,0,,1446203750204047426,,0,Animal Battle Stats,,1446204139909550150,,,2026-01-09T21:52:22.003Z,,4491519,0,true,Visitor,Anonymous,true,🌐 Location,"Colorado Springs, CO, US",,,,,,,,,,,,,,,,,,,2026-01-09T21:52:19.993000+00:00,👀 Site Visit,rich,0,,,false,,,,false,,,,,,,,,2026-01-09T21:52:22.003000+00:00,false,0,Animal Battle Stats,1446203750204047426
1459303811754623110,,,,,,true,,0000,0,,1446203750204047426,,0,Animal Battle Stats,,1446204139909550150,,,2026-01-09T21:52:21.276Z,,4491519,0,true,Visitor,Anonymous,true,🌐 Location,"Council Bluffs, IA, US",,,,,,,,,,,,,,,,,,,2026-01-09T21:52:20.728000+00:00,👀 Site Visit,rich,0,,,false,,,,false,,,,,,,,,2026-01-09T21:52:21.276000+00:00,false,0,Animal Battle Stats,1446203750204047426
1458962077971648672,,,,,,true,,0000,0,,1446203750204047426,,0,Animal Battle Stats,,1446204139909550150,,,2026-01-08T23:14:25.593Z,,4491519,0,true,Visitor,RamiNoodle733,true,🌐 Location,"Sugar Land, TX, US",,,,,,,,,,,,,,,,,,,2026-01-08T23:14:25.005000+00:00,👀 Site Visit,rich,0,,,false,,,,false,,,,,,,,,2026-01-08T23:14:25.593000+00:00,false,0,Animal Battle Stats,1446203750204047426
1458962036401639474,,,,,,true,,0000,0,,1446203750204047426,,0,Animal Battle Stats,,1446204139909550150,,,2026-01-08T23:14:15.682Z,,6710886,0,true,User,RamiNoodle733,true,🌐 Location,"Sugar Land, TX, US",,,,,,,,,,,,,,,,,,,2026-01-08T23:14:08.661000+00:00,👋 User Left Site,rich,0,,,false,,,,false,,,,,,,,,2026-01-08T23:14:15.682000+00:00,false,0,Animal Battle Stats,1446203750204047426
1458918663041192218,,,,,,true,,0000,0,,1446203750204047426,,0,Animal Battle Stats,,1446204139909550150,,,2026-01-08T20:21:54.667Z,,4491519,0,true,Visitor,RamiNoodle733,true,🌐 Location,"Sugar Land, TX, US",,,,,,,,,,,,,,,,,,,2026-01-08T20:21:54.104000+00:00,👀 Site Visit,rich,0,,,false,,,,false,,,,,,,,,2026-01-08T20:21:54.667000+00:00,false,0,Animal Battle Stats,1446203750204047426
1458918642636034110,,,,,,true,,0000,0,,1446203750204047426,,0,Animal Battle Stats,,1446204139909550150,,,2026-01-08T20:21:49.802Z,,6710886,0,true,User,RamiNoodle733,true,🌐 Location,"Sugar Land, TX, US",,,,,,,,,,,,,,,,,,,2026-01-08T20:21:40.646000+00:00,👋 User Left Site,rich,0,,,false,,,,false,,,,,,,,,2026-01-08T20:21:49.802000+00:00,false,0,Animal Battle Stats,1446203750204047426
1458858116107079864,,,,,,true,,0000,0,,1446203750204047426,,0,Animal Battle Stats,,1446204139909550150,,,2026-01-08T16:21:19.153Z,,6710886,0,true,User,RamiNoodle733,true,🌐 Location,"Sugar Land, TX, US",,,,,,,,,,,,,,,,,,,2026-01-08T16:21:02.655000+00:00,👋 User Left Site,rich,0,,,false,,,,false,,,,,,,,,2026-01-08T16:21:19.153000+00:00,false,0,Animal Battle Stats,1446203750204047426
1458833468422225977,,,,,,true,,0000,0,,1446203750204047426,,0,Animal Battle Stats,,1446204139909550150,,,2026-01-08T14:43:22.687Z,,4491519,0,true,Visitor,RamiNoodle733,true,🌐 Location,"Sugar Land, TX, US",,,,,,,,,,,,,,,,,,,2026-01-08T14:43:22.176000+00:00,👀 Site Visit,rich,0,,,false,,,,false,,,,,,,,,2026-01-08T14:43:22.687000+00:00,false,0,Animal Battle Stats,1446203750204047426
1458833463917412636,,,,,,true,,0000,0,,1446203750204047426,,0,Animal Battle Stats,,1446204139909550150,,,2026-01-08T14:43:21.613Z,,6710886,0,true,User,RamiNoodle733,true,🌐 Location,"Sugar Land, TX, US",,,,,,,,,,,,,,,,,,,2026-01-08T14:43:20.172000+00:00,👋 User Left Site,rich,0,,,false,,,,false,,,,,,,,,2026-01-08T14:43:21.613000+00:00,false,0,Animal Battle Stats,1446203750204047426
1458825063817281781,,,,,,true,,0000,0,,1446203750204047426,,0,Animal Battle Stats,,1446204139909550150,,,2026-01-08T14:09:58.873Z,,4491519,0,true,Visitor,RamiNoodle733,true,🌐 Location,"Sugar Land, TX, US",,,,,,,,,,,,,,,,,,,2026-01-08T14:09:58.334000+00:00,👀 Site Visit,rich,0,,,false,,,,false,,,,,,,,,2026-01-08T14:09:58.873000+00:00,false,0,Animal Battle Stats,1446203750204047426
1458825059560067308,,,,,,true,,0000,0,,1446203750204047426,,0,Animal Battle Stats,,1446204139909550150,,,2026-01-08T14:09:57.858Z,,6710886,0,true,User,RamiNoodle733,true,🌐 Location,"Sugar Land, TX, US",,,,,,,,,,,,,,,,,,,2026-01-08T14:09:56.096000+00:00,👋 User Left Site,rich,0,,,false,,,,false,,,,,,,,,2026-01-08T14:09:57.858000+00:00,false,0,Animal Battle Stats,1446203750204047426
1458810327297691761,,,,,,true,,0000,0,,1446203750204047426,,0,Animal Battle Stats,,1446204139909550150,,,2026-01-08T13:11:25.413Z,,6710886,0,true,User,RamiNoodle733,true,🌐 Location,"Sugar Land, TX, US",,,,,,,,,,,,,,,,,,,2026-01-08T13:11:24.899000+00:00,👋 User Left Site,rich,0,,,false,,,,false,,,,,,,,,2026-01-08T13:11:25.413000+00:00,false,0,Animal Battle Stats,1446203750204047426
1458810176579833886,,,,,,true,,0000,0,,1446203750204047426,,0,Animal Battle Stats,,1446204139909550150,,,2026-01-08T13:10:49.479Z,,4491519,0,true,Visitor,RamiNoodle733,true,🌐 Location,"Sugar Land, TX, US",,,,,,,,,,,,,,,,,,,2026-01-08T13:10:49.108000+00:00,👀 Site Visit,rich,0,,,false,,,,false,,,,,,,,,2026-01-08T13:10:49.479000+00:00,false,0,Animal Battle Stats,1446203750204047426
1458810160725229711,,,,,,true,,0000,0,,1446203750204047426,,0,Animal Battle Stats,,1446204139909550150,,,2026-01-08T13:10:45.699Z,,6710886,0,true,User,RamiNoodle733,true,🌐 Location,"Sugar Land, TX, US",,,,,,,,,,,,,,,,,,,2026-01-08T13:10:45.268000+00:00,👋 User Left Site,rich,0,,,false,,,,false,,,,,,,,,2026-01-08T13:10:45.699000+00:00,false,0,Animal Battle Stats,1446203750204047426
1458809820021788682,,,,,,true,,0000,0,,1446203750204047426,,0,Animal Battle Stats,,1446204139909550150,,,2026-01-08T13:09:24.469Z,,4491519,0,true,Visitor,RamiNoodle733,true,🌐 Location,"Sugar Land, TX, US",,,,,,,,,,,,,,,,,,,2026-01-08T13:09:23.923000+00:00,👀 Site Visit,rich,0,,,false,,,,false,,,,,,,,,2026-01-08T13:09:24.469000+00:00,false,0,Animal Battle Stats,1446203750204047426
1458809809515315426,,,,,,true,,0000,0,,1446203750204047426,,0,Animal Battle Stats,,1446204139909550150,,,2026-01-08T13:09:21.964Z,,6710886,0,true,User,RamiNoodle733,true,🌐 Location,"Sugar Land, TX, US",,,,,,,,,,,,,,,,,,,2026-01-08T13:09:17.170000+00:00,👋 User Left Site,rich,0,,,false,,,,false,,,,,,,,,2026-01-08T13:09:21.964000+00:00,false,0,Animal Battle Stats,1446203750204047426
1458698733477691433,,,,,,true,,0000,0,,1446203750204047426,,0,Animal Battle Stats,,1446204139909550150,,,2026-01-08T05:47:59.373Z,,6710886,0,true,User,RamiNoodle733,true,🌐 Location,"Sugar Land, TX, US",,,,,,,,,,,,,,,,,,,2026-01-08T05:47:44.788000+00:00,👋 User Left Site,rich,0,,,false,,,,false,,,,,,,,,2026-01-08T05:47:59.373000+00:00,false,0,Animal Battle Stats,1446203750204047426
1458667502916735008,,,,,,true,,0000,0,,1446203750204047426,,0,Animal Battle Stats,,1446204139909550150,,,2026-01-08T03:43:53.427Z,,6710886,0,true,User,RamiNoodle733,true,🌐 Location,"Sugar Land, TX, US",,,,,,,,,,,,,,,,,,,2026-01-08T03:43:51.193000+00:00,👋 User Left Site,rich,0,,,false,,,,false,,,,,,,,,2026-01-08T03:43:53.427000+00:00,false,0,Animal Battle Stats,1446203750204047426
1458659483390709962,,,,,,true,,0000,0,,1446203750204047426,,0,Animal Battle Stats,,1446204139909550150,,,2026-01-08T03:12:01.423Z,,16739072,0,false,Matchup,Hippopotamus vs Polar Bear,true,User,RamiNoodle733,true,🌐 Location,"Sugar Land, TX, US",,,,,,,,,,,,,,,,2026-01-08T03:12:00.952000+00:00,⚔️ Battle Comparison,rich,0,,,false,,,,false,,,,,,,,,2026-01-08T03:12:01.423000+00:00,false,0,Animal Battle Stats,1446203750204047426
1458659178636771368,,,,,,true,,0000,0,,1446203750204047426,,0,Animal Battle Stats,,1446204139909550150,,,2026-01-08T03:10:48.764Z,,4491519,0,true,Visitor,RamiNoodle733,true,🌐 Location,"Sugar Land, TX, US",,,,,,,,,,,,,,,,,,,2026-01-08T03:10:48.190000+00:00,👀 Site Visit,rich,0,,,false,,,,false,,,,,,,,,2026-01-08T03:10:48.764000+00:00,false,0,Animal Battle Stats,1446203750204047426
1458659175591710773,,,,,,true,,0000,0,,1446203750204047426,,0,Animal Battle Stats,,1446204139909550150,,,2026-01-08T03:10:48.038Z,,6710886,0,true,User,RamiNoodle733,true,🌐 Location,"Sugar Land, TX, US",,,,,,,,,,,,,,,,,,,2026-01-08T03:10:46.424000+00:00,👋 User Left Site,rich,0,,,false,,,,false,,,,,,,,,2026-01-08T03:10:48.038000+00:00,false,0,Animal Battle Stats,1446203750204047426
1458614390126411831,,,,,,true,,0000,0,,1446203750204047426,,0,Animal Battle Stats,,1446204139909550150,,,2026-01-08T00:12:50.351Z,,4491519,0,true,Visitor,RamiNoodle733,true,🌐 Location,"Sugar Land, TX, US",,,,,,,,,,,,,,,,,,,2026-01-08T00:12:49.953000+00:00,👀 Site Visit,rich,0,,,false,,,,false,,,,,,,,,2026-01-08T00:12:50.351000+00:00,false,0,Animal Battle Stats,1446203750204047426
1458614387269963806,,,,,,true,,0000,0,,1446203750204047426,,0,Animal Battle Stats,,1446204139909550150,,,2026-01-08T00:12:49.670Z,,6710886,0,true,User,RamiNoodle733,true,🌐 Location,"Sugar Land, TX, US",,,,,,,,,,,,,,,,,,,2026-01-08T00:12:48.992000+00:00,👋 User Left Site,rich,0,,,false,,,,false,,,,,,,,,2026-01-08T00:12:49.670000+00:00,false,0,Animal Battle Stats,1446203750204047426
1458604520270598194,,,,,,true,,0000,0,,1446203750204047426,,0,Animal Battle Stats,,1446204139909550150,,,2026-01-07T23:33:37.194Z,,6710886,0,true,User,RamiNoodle733,true,🌐 Location,"Sugar Land, TX, US",,,,,,,,,,,,,,,,,,,2026-01-07T23:33:35.286000+00:00,👋 User Left Site,rich,0,,,false,,,,false,,,,,,,,,2026-01-07T23:33:37.194000+00:00,false,0,Animal Battle Stats,1446203750204047426
1458604514390311004,,,,,,true,,0000,0,,1446203750204047426,,0,Animal Battle Stats,,1446204139909550150,,,2026-01-07T23:33:35.792Z,,4491519,0,true,Visitor,RamiNoodle733,true,🌐 Location,"Sugar Land, TX, US",,,,,,,,,,,,,,,,,,,2026-01-07T23:33:03.096000+00:00,👀 Site Visit,rich,0,,,false,,,,false,,,,,,,,,2026-01-07T23:33:35.792000+00:00,false,0,Animal Battle Stats,1446203750204047426
1458604362392801351,,,,,,true,,0000,0,,1446203750204047426,,0,Animal Battle Stats,,1446204139909550150,,,2026-01-07T23:32:59.553Z,,6710886,0,true,User,RamiNoodle733,true,🌐 Location,"Sugar Land, TX, US",,,,,,,,,,,,,,,,,,,2026-01-07T23:32:56.835000+00:00,👋 User Left Site,rich,0,,,false,,,,false,,,,,,,,,2026-01-07T23:32:59.553000+00:00,false,0,Animal Battle Stats,1446203750204047426
1458582599663620293,,,,,,true,,0000,0,,1446203750204047426,,0,Animal Battle Stats,,1446204139909550150,,,2026-01-07T22:06:30.914Z,,6710886,0,true,User,RamiNoodle733,true,🌐 Location,"Sugar Land, TX, US",,,,,,,,,,,,,,,,,,,2026-01-07T22:06:01.756000+00:00,👋 User Left Site,rich,0,,,false,,,,false,,,,,,,,,2026-01-07T22:06:30.914000+00:00,false,0,Animal Battle Stats,1446203750204047426
1458563435007578179,,,,,,true,,0000,0,,1446203750204047426,,0,Animal Battle Stats,,1446204139909550150,,,2026-01-07T20:50:21.704Z,,4491519,0,true,Visitor,RamiNoodle733,true,🌐 Location,"Sugar Land, TX, US",,,,,,,,,,,,,,,,,,,2026-01-07T20:50:21.321000+00:00,👀 Site Visit,rich,0,,,false,,,,false,,,,,,,,,2026-01-07T20:50:21.704000+00:00,false,0,Animal Battle Stats,1446203750204047426
1458563431614648340,,,,,,true,,0000,0,,1446203750204047426,,0,Animal Battle Stats,,1446204139909550150,,,2026-01-07T20:50:20.895Z,,6710886,0,true,User,RamiNoodle733,true,🌐 Location,"Sugar Land, TX, US",,,,,,,,,,,,,,,,,,,2026-01-07T20:50:20.482000+00:00,👋 User Left Site,rich,0,,,false,,,,false,,,,,,,,,2026-01-07T20:50:20.895000+00:00,false,0,Animal Battle Stats,1446203750204047426
1458563383229153473,,,,,,true,,0000,0,,1446203750204047426,,0,Animal Battle Stats,,1446204139909550150,,,2026-01-07T20:50:09.359Z,,4491519,0,true,Visitor,RamiNoodle733,true,🌐 Location,"Sugar Land, TX, US",,,,,,,,,,,,,,,,,,,2026-01-07T20:50:08.023000+00:00,👀 Site Visit,rich,0,,,false,,,,false,,,,,,,,,2026-01-07T20:50:09.359000+00:00,false,0,Animal Battle Stats,1446203750204047426
1458563375738126533,,,,,,true,,0000,0,,1446203750204047426,,0,Animal Battle Stats,,1446204139909550150,,,2026-01-07T20:50:07.573Z,,6710886,0,true,User,RamiNoodle733,true,🌐 Location,"Sugar Land, TX, US",,,,,,,,,,,,,,,,,,,2026-01-07T20:50:07.097000+00:00,👋 User Left Site,rich,0,,,false,,,,false,,,,,,,,,2026-01-07T20:50:07.573000+00:00,false,0,Animal Battle Stats,1446203750204047426
1458563304405336329,,,,,,true,,0000,0,,1446203750204047426,,0,Animal Battle Stats,,1446204139909550150,,,2026-01-07T20:49:50.566Z,,4491519,0,true,Visitor,RamiNoodle733,true,🌐 Location,"Sugar Land, TX, US",,,,,,,,,,,,,,,,,,,2026-01-07T20:49:50.053000+00:00,👀 Site Visit,rich,0,,,false,,,,false,,,,,,,,,2026-01-07T20:49:50.566000+00:00,false,0,Animal Battle Stats,1446203750204047426
1458563301553340680,,,,,,true,,0000,0,,1446203750204047426,,0,Animal Battle Stats,,1446204139909550150,,,2026-01-07T20:49:49.886Z,,6710886,0,true,User,RamiNoodle733,true,🌐 Location,"Sugar Land, TX, US",,,,,,,,,,,,,,,,,,,2026-01-07T20:49:48.011000+00:00,👋 User Left Site,rich,0,,,false,,,,false,,,,,,,,,2026-01-07T20:49:49.886000+00:00,false,0,Animal Battle Stats,1446203750204047426
1458561332000325857,,,,,,true,,0000,0,,1446203750204047426,,0,Animal Battle Stats,,1446204139909550150,,,2026-01-07T20:42:00.308Z,,4491519,0,true,Visitor,RamiNoodle733,true,🌐 Location,"Sugar Land, TX, US",,,,,,,,,,,,,,,,,,,2026-01-07T20:41:59.915000+00:00,👀 Site Visit,rich,0,,,false,,,,false,,,,,,,,,2026-01-07T20:42:00.308000+00:00,false,0,Animal Battle Stats,1446203750204047426
1458561330570072200,,,,,,true,,0000,0,,1446203750204047426,,0,Animal Battle Stats,,1446204139909550150,,,2026-01-07T20:41:59.967Z,,6710886,0,true,User,RamiNoodle733,true,🌐 Location,"Sugar Land, TX, US",,,,,,,,,,,,,,,,,,,2026-01-07T20:41:58.287000+00:00,👋 User Left Site,rich,0,,,false,,,,false,,,,,,,,,2026-01-07T20:41:59.967000+00:00,false,0,Animal Battle Stats,1446203750204047426
1458549705767391276,,,,,,true,,0000,0,,1446203750204047426,,0,Animal Battle Stats,,1446204139909550150,,,2026-01-07T19:55:48.398Z,,16739072,0,false,Matchup,African Elephant vs Orca,true,User,RamiNoodle733,true,🌐 Location,"Sugar Land, TX, US",,,,,,,,,,,,,,,,2026-01-07T19:55:47.925000+00:00,⚔️ Battle Comparison,rich,0,,,false,,,,false,,,,,,,,,2026-01-07T19:55:48.398000+00:00,false,0,Animal Battle Stats,1446203750204047426
1458549532626391231,,,,,,true,,0000,0,,1446203750204047426,,0,Animal Battle Stats,,1446204139909550150,,,2026-01-07T19:55:07.118Z,,6710886,0,true,User,RamiNoodle733,true,🌐 Location,"Sugar Land, TX, US",,,,,,,,,,,,,,,,,,,2026-01-07T19:54:56.148000+00:00,👋 User Left Site,rich,0,,,false,,,,false,,,,,,,,,2026-01-07T19:55:07.118000+00:00,false,0,Animal Battle Stats,1446203750204047426
1458329159469371604,,,,,,true,,0000,0,,1446203750204047426,,0,Animal Battle Stats,,1446204139909550150,,,2026-01-07T05:19:26.063Z,,4491519,0,true,Visitor,RamiNoodle733,true,🌐 Location,"Sugar Land, TX, US",,,,,,,,,,,,,,,,,,,2026-01-07T05:19:25.693000+00:00,👀 Site Visit,rich,0,,,false,,,,false,,,,,,,,,2026-01-07T05:19:26.063000+00:00,false,0,Animal Battle Stats,1446203750204047426
1458329158101897279,,,,,,true,,0000,0,,1446203750204047426,,0,Animal Battle Stats,,1446204139909550150,,,2026-01-07T05:19:25.737Z,,6710886,0,true,User,RamiNoodle733,true,🌐 Location,"Sugar Land, TX, US",,,,,,,,,,,,,,,,,,,2026-01-07T05:19:24.124000+00:00,👋 User Left Site,rich,0,,,false,,,,false,,,,,,,,,2026-01-07T05:19:25.737000+00:00,false,0,Animal Battle Stats,1446203750204047426
1458313612505649162,,,,,,true,,0000,0,,1446203750204047426,,0,Animal Battle Stats,,1446204139909550150,,,2026-01-07T04:17:39.378Z,,4491519,0,true,Visitor,RamiNoodle733,true,🌐 Location,"Sugar Land, TX, US",,,,,,,,,,,,,,,,,,,2026-01-07T04:17:38.942000+00:00,👀 Site Visit,rich,0,,,false,,,,false,,,,,,,,,2026-01-07T04:17:39.378000+00:00,false,0,Animal Battle Stats,1446203750204047426
1458313610852958342,,,,,,true,,0000,0,,1446203750204047426,,0,Animal Battle Stats,,1446204139909550150,,,2026-01-07T04:17:38.984Z,,6710886,0,true,User,RamiNoodle733,true,🌐 Location,"Sugar Land, TX, US",,,,,,,,,,,,,,,,,,,2026-01-07T04:17:37.539000+00:00,👋 User Left Site,rich,0,,,false,,,,false,,,,,,,,,2026-01-07T04:17:38.984000+00:00,false,0,Animal Battle Stats,1446203750204047426
1458313606759452763,,,,,,true,,0000,0,,1446203750204047426,,0,Animal Battle Stats,,1446204139909550150,,,2026-01-07T04:17:38.008Z,,6710886,0,true,User,Anonymous,true,🌐 Location,"Washington, VA, US",,,,,,,,,,,,,,,,,,,2026-01-07T04:14:21.029000+00:00,👋 User Left Site,rich,0,,,false,,,,false,,,,,,,,,2026-01-07T04:17:38.008000+00:00,false,0,Animal Battle Stats,1446203750204047426
1458265284921135319,,,,,,true,,0000,0,,1446203750204047426,,0,Animal Battle Stats,,1446204139909550150,,,2026-01-07T01:05:37.184Z,,4491519,0,true,Visitor,RamiNoodle733,true,🌐 Location,"Sugar Land, TX, US",,,,,,,,,,,,,,,,,,,2026-01-07T01:05:36.705000+00:00,👀 Site Visit,rich,0,,,false,,,,false,,,,,,,,,2026-01-07T01:05:37.184000+00:00,false,0,Animal Battle Stats,1446203750204047426
1458265274880102524,,,,,,true,,0000,0,,1446203750204047426,,0,Animal Battle Stats,,1446204139909550150,,,2026-01-07T01:05:34.790Z,,6710886,0,true,User,RamiNoodle733,true,🌐 Location,"Sugar Land, TX, US",,,,,,,,,,,,,,,,,,,2026-01-07T01:05:29.215000+00:00,👋 User Left Site,rich,0,,,false,,,,false,,,,,,,,,2026-01-07T01:05:34.790000+00:00,false,0,Animal Battle Stats,1446203750204047426
1458255521847972026,,,,,,true,,0000,0,,1446203750204047426,,0,Animal Battle Stats,,1446204139909550150,,,2026-01-07T00:26:49.486Z,,4491519,0,true,Visitor,RamiNoodle733,true,🌐 Location,"Sugar Land, TX, US",,,,,,,,,,,,,,,,,,,2026-01-07T00:26:49.071000+00:00,👀 Site Visit,rich,0,,,false,,,,false,,,,,,,,,2026-01-07T00:26:49.486000+00:00,false,0,Animal Battle Stats,1446203750204047426
1458255518949703731,,,,,,true,,0000,0,,1446203750204047426,,0,Animal Battle Stats,,1446204139909550150,,,2026-01-07T00:26:48.795Z,,6710886,0,true,User,RamiNoodle733,true,🌐 Location,"Sugar Land, TX, US",,,,,,,,,,,,,,,,,,,2026-01-07T00:26:12.961000+00:00,👋 User Left Site,rich,0,,,false,,,,false,,,,,,,,,2026-01-07T00:26:48.795000+00:00,false,0,Animal Battle Stats,1446203750204047426
1458226080765968607,,,,,,true,,0000,0,,1446203750204047426,,0,Animal Battle Stats,,1446204139909550150,,,2026-01-06T22:29:50.185Z,,4491519,0,true,Visitor,RamiNoodle733,true,🌐 Location,"Sugar Land, TX, US",,,,,,,,,,,,,,,,,,,2026-01-06T22:29:49.732000+00:00,👀 Site Visit,rich,0,,,false,,,,false,,,,,,,,,2026-01-06T22:29:50.185000+00:00,false,0,Animal Battle Stats,1446203750204047426
1458225889186938902,,,,,,true,,0000,0,,1446203750204047426,,0,Animal Battle Stats,,1446204139909550150,,,2026-01-06T22:29:04.509Z,,6710886,0,true,User,RamiNoodle733,true,🌐 Location,"Sugar Land, TX, US",,,,,,,,,,,,,,,,,,,2026-01-06T22:29:04.158000+00:00,👋 User Left Site,rich,0,,,false,,,,false,,,,,,,,,2026-01-06T22:29:04.509000+00:00,false,0,Animal Battle Stats,1446203750204047426
1458225765421154464,,,,,,true,,0000,0,,1446203750204047426,,0,Animal Battle Stats,,1446204139909550150,,,2026-01-06T22:28:35.001Z,,4491519,0,true,Visitor,RamiNoodle733,true,🌐 Location,"Sugar Land, TX, US",,,,,,,,,,,,,,,,,,,2026-01-06T22:28:34.545000+00:00,👀 Site Visit,rich,0,,,false,,,,false,,,,,,,,,2026-01-06T22:28:35.001000+00:00,false,0,Animal Battle Stats,1446203750204047426
1458225761042563302,,,,,,true,,0000,0,,1446203750204047426,,0,Animal Battle Stats,,1446204139909550150,,,2026-01-06T22:28:33.957Z,,6710886,0,true,User,RamiNoodle733,true,🌐 Location,"Sugar Land, TX, US",,,,,,,,,,,,,,,,,,,2026-01-06T22:28:33.145000+00:00,👋 User Left Site,rich,0,,,false,,,,false,,,,,,,,,2026-01-06T22:28:33.957000+00:00,false,0,Animal Battle Stats,1446203750204047426
1458225038627967112,,,,,,true,,0000,0,,1446203750204047426,,0,Animal Battle Stats,,1446204139909550150,,,2026-01-06T22:25:41.720Z,,4491519,0,true,Visitor,RamiNoodle733,true,🌐 Location,"Sugar Land, TX, US",,,,,,,,,,,,,,,,,,,2026-01-06T22:25:40.545000+00:00,👀 Site Visit,rich,0,,,false,,,,false,,,,,,,,,2026-01-06T22:25:41.720000+00:00,false,0,Animal Battle Stats,1446203750204047426
1458225033112719472,,,,,,true,,0000,0,,1446203750204047426,,0,Animal Battle Stats,,1446204139909550150,,,2026-01-06T22:25:40.405Z,,6710886,0,true,User,RamiNoodle733,true,🌐 Location,"Sugar Land, TX, US",,,,,,,,,,,,,,,,,,,2026-01-06T22:25:35.537000+00:00,👋 User Left Site,rich,0,,,false,,,,false,,,,,,,,,2026-01-06T22:25:40.405000+00:00,false,0,Animal Battle Stats,1446203750204047426
1458209253515989052,,,,,,true,,0000,0,,1446203750204047426,,0,Animal Battle Stats,,1446204139909550150,,,2026-01-06T21:22:58.256Z,,4491519,0,true,Visitor,RamiNoodle733,true,🌐 Location,"Sugar Land, TX, US",,,,,,,,,,,,,,,,,,,2026-01-06T21:22:57.836000+00:00,👀 Site Visit,rich,0,,,false,,,,false,,,,,,,,,2026-01-06T21:22:58.256000+00:00,false,0,Animal Battle Stats,1446203750204047426
1458209252098183380,,,,,,true,,0000,0,,1446203750204047426,,0,Animal Battle Stats,,1446204139909550150,,,2026-01-06T21:22:57.918Z,,6710886,0,true,User,RamiNoodle733,true,🌐 Location,"Sugar Land, TX, US",,,,,,,,,,,,,,,,,,,2026-01-06T21:22:56.402000+00:00,👋 User Left Site,rich,0,,,false,,,,false,,,,,,,,,2026-01-06T21:22:57.918000+00:00,false,0,Animal Battle Stats,1446203750204047426
1458208766196453562,,,,,,true,,0000,0,,1446203750204047426,,0,Animal Battle Stats,,1446204139909550150,,,2026-01-06T21:21:02.070Z,,6710886,0,true,User,RamiNoodle733,true,🌐 Location,"Sugar Land, TX, US",,,,,,,,,,,,,,,,,,,2026-01-06T21:20:36.529000+00:00,👋 User Left Site,rich,0,,,false,,,,false,,,,,,,,,2026-01-06T21:21:02.070000+00:00,false,0,Animal Battle Stats,1446203750204047426
1458208677109563434,,,,,,true,,0000,0,,1446203750204047426,,0,Animal Battle Stats,,1446204139909550150,,,2026-01-06T21:20:40.830Z,,4491519,0,true,Visitor,RamiNoodle733,true,🌐 Location,"Sugar Land, TX, US",,,,,,,,,,,,,,,,,,,2026-01-06T21:20:38.045000+00:00,👀 Site Visit,rich,0,,,false,,,,false,,,,,,,,,2026-01-06T21:20:40.830000+00:00,false,0,Animal Battle Stats,1446203750204047426
1458193176736043041,,,,,,true,,0000,0,,1446203750204047426,,0,Animal Battle Stats,,1446204139909550150,,,2026-01-06T20:19:05.253Z,,16739072,0,false,Matchup,Megalodon vs Saltwater Crocodile,true,User,RamiNoodle733,true,🌐 Location,"Sugar Land, TX, US",,,,,,,,,,,,,,,,2026-01-06T20:19:04.579000+00:00,⚔️ Battle Comparison,rich,0,,,false,,,,false,,,,,,,,,2026-01-06T20:19:05.253000+00:00,false,0,Animal Battle Stats,1446203750204047426
1458192607539761325,,,,,,true,,0000,0,,1446203750204047426,,0,Animal Battle Stats,,1446204139909550150,,,2026-01-06T20:16:49.546Z,,4491519,0,true,Visitor,RamiNoodle733,true,🌐 Location,"Sugar Land, TX, US",,,,,,,,,,,,,,,,,,,2026-01-06T20:16:49.138000+00:00,👀 Site Visit,rich,0,,,false,,,,false,,,,,,,,,2026-01-06T20:16:49.546000+00:00,false,0,Animal Battle Stats,1446203750204047426
1458192605757313161,,,,,,true,,0000,0,,1446203750204047426,,0,Animal Battle Stats,,1446204139909550150,,,2026-01-06T20:16:49.121Z,,6710886,0,true,User,RamiNoodle733,true,🌐 Location,"Sugar Land, TX, US",,,,,,,,,,,,,,,,,,,2026-01-06T20:16:47.422000+00:00,👋 User Left Site,rich,0,,,false,,,,false,,,,,,,,,2026-01-06T20:16:49.121000+00:00,false,0,Animal Battle Stats,1446203750204047426
1458192496873050165,,,,,,true,,0000,0,,1446203750204047426,,0,Animal Battle Stats,,1446204139909550150,,,2026-01-06T20:16:23.161Z,,4491519,0,true,Visitor,RamiNoodle733,true,🌐 Location,"Sugar Land, TX, US",,,,,,,,,,,,,,,,,,,2026-01-06T20:16:22.743000+00:00,👀 Site Visit,rich,0,,,false,,,,false,,,,,,,,,2026-01-06T20:16:23.161000+00:00,false,0,Animal Battle Stats,1446203750204047426
1458192489667235960,,,,,,true,,0000,0,,1446203750204047426,,0,Animal Battle Stats,,1446204139909550150,,,2026-01-06T20:16:21.443Z,,6710886,0,true,User,RamiNoodle733,true,🌐 Location,"Sugar Land, TX, US",,,,,,,,,,,,,,,,,,,2026-01-06T20:16:20.598000+00:00,👋 User Left Site,rich,0,,,false,,,,false,,,,,,,,,2026-01-06T20:16:21.443000+00:00,false,0,Animal Battle Stats,1446203750204047426
1458134337563136029,,,,,,true,,0000,0,,1446203750204047426,,0,Animal Battle Stats,,1446204139909550150,,,2026-01-06T16:25:16.901Z,,16739072,0,false,Matchup,Cape Buffalo vs Great White Shark,true,User,RamiNoodle733,true,🌐 Location,"Sugar Land, TX, US",,,,,,,,,,,,,,,,2026-01-06T16:25:14.482000+00:00,⚔️ Battle Comparison,rich,0,,,false,,,,false,,,,,,,,,2026-01-06T16:25:16.901000+00:00,false,0,Animal Battle Stats,1446203750204047426
1458134331632517360,,,,,,true,,0000,0,,1446203750204047426,,0,Animal Battle Stats,,1446204139909550150,,,2026-01-06T16:25:15.487Z,,16739072,0,false,Matchup,African Elephant vs Great White Shark,true,User,RamiNoodle733,true,🌐 Location,"Sugar Land, TX, US",,,,,,,,,,,,,,,,2026-01-06T16:25:14.968000+00:00,⚔️ Battle Comparison,rich,0,,,false,,,,false,,,,,,,,,2026-01-06T16:25:15.487000+00:00,false,0,Animal Battle Stats,1446203750204047426
1458134329829097625,,,,,,true,,0000,0,,1446203750204047426,,0,Animal Battle Stats,,1446204139909550150,,,2026-01-06T16:25:15.057Z,,16739072,0,false,Matchup,African Elephant vs Great White Shark,true,User,RamiNoodle733,true,🌐 Location,"Sugar Land, TX, US",,,,,,,,,,,,,,,,2026-01-06T16:25:14.511000+00:00,⚔️ Battle Comparison,rich,0,,,false,,,,false,,,,,,,,,2026-01-06T16:25:15.057000+00:00,false,0,Animal Battle Stats,1446203750204047426
1458134329585832172,,,,,,true,,0000,0,,1446203750204047426,,0,Animal Battle Stats,,1446204139909550150,,,2026-01-06T16:25:14.999Z,,16739072,0,false,Matchup,Cape Buffalo vs Great White Shark,true,User,RamiNoodle733,true,🌐 Location,"Sugar Land, TX, US",,,,,,,,,,,,,,,,2026-01-06T16:25:14.480000+00:00,⚔️ Battle Comparison,rich,0,,,false,,,,false,,,,,,,,,2026-01-06T16:25:14.999000+00:00,false,0,Animal Battle Stats,1446203750204047426
1458134329501679669,,,,,,true,,0000,0,,1446203750204047426,,0,Animal Battle Stats,,1446204139909550150,,,2026-01-06T16:25:14.979Z,,16739072,0,false,Matchup,African Elephant vs Great White Shark,true,User,RamiNoodle733,true,🌐 Location,"Sugar Land, TX, US",,,,,,,,,,,,,,,,2026-01-06T16:25:14.434000+00:00,⚔️ Battle Comparison,rich,0,,,false,,,,false,,,,,,,,,2026-01-06T16:25:14.979000+00:00,false,0,Animal Battle Stats,1446203750204047426
1458134329493295104,,,,,,true,,0000,0,,1446203750204047426,,0,Animal Battle Stats,,1446204139909550150,,,2026-01-06T16:25:14.977Z,,16739072,0,false,Matchup,Cape Buffalo vs Great White Shark,true,User,RamiNoodle733,true,🌐 Location,"Sugar Land, TX, US",,,,,,,,,,,,,,,,2026-01-06T16:25:14.482000+00:00,⚔️ Battle Comparison,rich,0,,,false,,,,false,,,,,,,,,2026-01-06T16:25:14.977000+00:00,false,0,Animal Battle Stats,1446203750204047426
1458134325999571116,,,,,,true,,0000,0,,1446203750204047426,,0,Animal Battle Stats,,1446204139909550150,,,2026-01-06T16:25:14.144Z,,16739072,0,false,Matchup,Cape Buffalo vs Great White Shark,true,User,RamiNoodle733,true,🌐 Location,"Sugar Land, TX, US",,,,,,,,,,,,,,,,2026-01-06T16:25:13.653000+00:00,⚔️ Battle Comparison,rich,0,,,false,,,,false,,,,,,,,,2026-01-06T16:25:14.144000+00:00,false,0,Animal Battle Stats,1446203750204047426
1458134188652892293,,,,,,true,,0000,0,,1446203750204047426,,0,Animal Battle Stats,,1446204139909550150,,,2026-01-06T16:24:41.398Z,,16739072,0,false,Matchup,Cape Buffalo vs Great White Shark,true,User,RamiNoodle733,true,🌐 Location,"Sugar Land, TX, US",,,,,,,,,,,,,,,,2026-01-06T16:24:40.722000+00:00,⚔️ Battle Comparison,rich,0,,,false,,,,false,,,,,,,,,2026-01-06T16:24:41.398000+00:00,false,0,Animal Battle Stats,1446203750204047426
1458134058180804780,,,,,,true,,0000,0,,1446203750204047426,,0,Animal Battle Stats,,1446204139909550150,,,2026-01-06T16:24:10.291Z,,4491519,0,true,Visitor,RamiNoodle733,true,🌐 Location,"Sugar Land, TX, US",,,,,,,,,,,,,,,,,,,2026-01-06T16:24:09.940000+00:00,👀 Site Visit,rich,0,,,false,,,,false,,,,,,,,,2026-01-06T16:24:10.291000+00:00,false,0,Animal Battle Stats,1446203750204047426
1458134057614315674,,,,,,true,,0000,0,,1446203750204047426,,0,Animal Battle Stats,,1446204139909550150,,,2026-01-06T16:24:10.156Z,,6710886,0,true,User,RamiNoodle733,true,🌐 Location,"Sugar Land, TX, US",,,,,,,,,,,,,,,,,,,2026-01-06T16:24:07.285000+00:00,👋 User Left Site,rich,0,,,false,,,,false,,,,,,,,,2026-01-06T16:24:10.156000+00:00,false,0,Animal Battle Stats,1446203750204047426
1458123772107161600,,,,,,true,,0000,0,,1446203750204047426,,0,Animal Battle Stats,,1446204139909550150,,,2026-01-06T15:43:17.900Z,,6710886,0,true,User,RamiNoodle733,true,🌐 Location,"Sugar Land, TX, US",,,,,,,,,,,,,,,,,,,2026-01-06T15:43:17.371000+00:00,👋 User Left Site,rich,0,,,false,,,,false,,,,,,,,,2026-01-06T15:43:17.900000+00:00,false,0,Animal Battle Stats,1446203750204047426
1458123224306159731,,,,,,true,,0000,0,,1446203750204047426,,0,Animal Battle Stats,,1446204139909550150,,,2026-01-06T15:41:07.294Z,,4491519,0,true,Visitor,RamiNoodle733,true,🌐 Location,"Sugar Land, TX, US",,,,,,,,,,,,,,,,,,,2026-01-06T15:41:06.809000+00:00,👀 Site Visit,rich,0,,,false,,,,false,,,,,,,,,2026-01-06T15:41:07.294000+00:00,false,0,Animal Battle Stats,1446203750204047426
1458123219512070226,,,,,,true,,0000,0,,1446203750204047426,,0,Animal Battle Stats,,1446204139909550150,,,2026-01-06T15:41:06.151Z,,6710886,0,true,User,RamiNoodle733,true,🌐 Location,"Sugar Land, TX, US",,,,,,,,,,,,,,,,,,,2026-01-06T15:41:05.644000+00:00,👋 User Left Site,rich,0,,,false,,,,false,,,,,,,,,2026-01-06T15:41:06.151000+00:00,false,0,Animal Battle Stats,1446203750204047426
1458123042113978530,,,,,,true,,0000,0,,1446203750204047426,,0,Animal Battle Stats,,1446204139909550150,,,2026-01-06T15:40:23.856Z,,4491519,0,true,Visitor,RamiNoodle733,true,🌐 Location,"Sugar Land, TX, US",,,,,,,,,,,,,,,,,,,2026-01-06T15:40:23.407000+00:00,👀 Site Visit,rich,0,,,false,,,,false,,,,,,,,,2026-01-06T15:40:23.856000+00:00,false,0,Animal Battle Stats,1446203750204047426
1458123040604033064,,,,,,true,,0000,0,,1446203750204047426,,0,Animal Battle Stats,,1446204139909550150,,,2026-01-06T15:40:23.496Z,,4491519,0,true,Visitor,RamiNoodle733,true,🌐 Location,"Sugar Land, TX, US",,,,,,,,,,,,,,,,,,,2026-01-06T15:38:40.782000+00:00,👀 Site Visit,rich,0,,,false,,,,false,,,,,,,,,2026-01-06T15:40:23.496000+00:00,false,0,Animal Battle Stats,1446203750204047426
1458123040586993735,,,,,,true,,0000,0,,1446203750204047426,,0,Animal Battle Stats,,1446204139909550150,,,2026-01-06T15:40:23.492Z,,6710886,0,true,User,RamiNoodle733,true,🌐 Location,"Sugar Land, TX, US",,,,,,,,,,,,,,,,,,,2026-01-06T15:40:20.168000+00:00,👋 User Left Site,rich,0,,,false,,,,false,,,,,,,,,2026-01-06T15:40:23.492000+00:00,false,0,Animal Battle Stats,1446203750204047426
1458122593155551325,,,,,,true,,0000,0,,1446203750204047426,,0,Animal Battle Stats,,1446204139909550150,,,2026-01-06T15:38:36.816Z,,6710886,0,true,User,RamiNoodle733,true,🌐 Location,"Sugar Land, TX, US",,,,,,,,,,,,,,,,,,,2026-01-06T15:38:34.527000+00:00,👋 User Left Site,rich,0,,,false,,,,false,,,,,,,,,2026-01-06T15:38:36.816000+00:00,false,0,Animal Battle Stats,1446203750204047426
1458097897919873078,,,,,,true,,0000,0,,1446203750204047426,,0,Animal Battle Stats,,1446204139909550150,,,2026-01-06T14:00:29.013Z,,4491519,0,true,Visitor,RamiNoodle733,true,🌐 Location,"Sugar Land, TX, US",,,,,,,,,,,,,,,,,,,2026-01-06T14:00:28.603000+00:00,👀 Site Visit,rich,0,,,false,,,,false,,,,,,,,,2026-01-06T14:00:29.013000+00:00,false,0,Animal Battle Stats,1446203750204047426
1458097894598115434,,,,,,true,,0000,0,,1446203750204047426,,0,Animal Battle Stats,,1446204139909550150,,,2026-01-06T14:00:28.221Z,,6710886,0,true,User,RamiNoodle733,true,🌐 Location,"Sugar Land, TX, US",,,,,,,,,,,,,,,,,,,2026-01-06T14:00:27.212000+00:00,👋 User Left Site,rich,0,,,false,,,,false,,,,,,,,,2026-01-06T14:00:28.221000+00:00,false,0,Animal Battle Stats,1446203750204047426
1458097822862934271,,,,,,true,,0000,0,,1446203750204047426,,0,Animal Battle Stats,,1446204139909550150,,,2026-01-06T14:00:11.118Z,,4491519,0,true,Visitor,RamiNoodle733,true,🌐 Location,"Sugar Land, TX, US",,,,,,,,,,,,,,,,,,,2026-01-06T14:00:10.646000+00:00,👀 Site Visit,rich,0,,,false,,,,false,,,,,,,,,2026-01-06T14:00:11.118000+00:00,false,0,Animal Battle Stats,1446203750204047426
1458097821088743585,,,,,,true,,0000,0,,1446203750204047426,,0,Animal Battle Stats,,1446204139909550150,,,2026-01-06T14:00:10.695Z,,6710886,0,true,User,RamiNoodle733,true,🌐 Location,"Sugar Land, TX, US",,,,,,,,,,,,,,,,,,,2026-01-06T14:00:07.688000+00:00,👋 User Left Site,rich,0,,,false,,,,false,,,,,,,,,2026-01-06T14:00:10.695000+00:00,false,0,Animal Battle Stats,1446203750204047426
1458097397124174030,,,,,,true,,0000,0,,1446203750204047426,,0,Animal Battle Stats,,1446204139909550150,,,2026-01-06T13:58:29.614Z,,65416,0,true,User,RamiNoodle733,true,Animal,Jaguar,true,Vote,👍 Upvote,true,🌐 Location,"Sugar Land, TX, US",,,,,,,,,,,,,2026-01-06T13:58:29.126000+00:00,👍 New Vote,rich,0,,,false,,,,false,,,,,,,,,2026-01-06T13:58:29.614000+00:00,false,0,Animal Battle Stats,1446203750204047426
1458097351712575572,,,,,,true,,0000,0,,1446203750204047426,,0,Animal Battle Stats,,1446204139909550150,,,2026-01-06T13:58:18.787Z,,65416,0,true,User,RamiNoodle733,true,Animal,Box Jellyfish,true,Vote,👍 Upvote,true,🌐 Location,"Sugar Land, TX, US",,,,,,,,,,,,,2026-01-06T13:58:18.434000+00:00,👍 New Vote,rich,0,,,false,,,,false,,,,,,,,,2026-01-06T13:58:18.787000+00:00,false,0,Animal Battle Stats,1446203750204047426
1458097339041448020,,,,,,true,,0000,0,,1446203750204047426,,0,Animal Battle Stats,,1446204139909550150,,,2026-01-06T13:58:15.766Z,,65416,0,true,User,RamiNoodle733,true,Animal,Box Jellyfish,true,Vote,👍 Upvote,true,🌐 Location,"Sugar Land, TX, US",,,,,,,,,,,,,2026-01-06T13:58:15.239000+00:00,👍 New Vote,rich,0,,,false,,,,false,,,,,,,,,2026-01-06T13:58:15.766000+00:00,false,0,Animal Battle Stats,1446203750204047426
1458093827586789478,,,,,,true,,0000,0,,1446203750204047426,,0,Animal Battle Stats,,1446204139909550150,,,2026-01-06T13:44:18.570Z,,4491519,0,true,Visitor,RamiNoodle733,true,🌐 Location,"Sugar Land, TX, US",,,,,,,,,,,,,,,,,,,2026-01-06T13:44:18.208000+00:00,👀 Site Visit,rich,0,,,false,,,,false,,,,,,,,,2026-01-06T13:44:18.570000+00:00,false,0,Animal Battle Stats,1446203750204047426
1458093823426035722,,,,,,true,,0000,0,,1446203750204047426,,0,Animal Battle Stats,,1446204139909550150,,,2026-01-06T13:44:17.578Z,,6710886,0,true,User,RamiNoodle733,true,🌐 Location,"Sugar Land, TX, US",,,,,,,,,,,,,,,,,,,2026-01-06T13:44:17.147000+00:00,👋 User Left Site,rich,0,,,false,,,,false,,,,,,,,,2026-01-06T13:44:17.578000+00:00,false,0,Animal Battle Stats,1446203750204047426
1458093581448253522,,,,,,true,,0000,0,,1446203750204047426,,0,Animal Battle Stats,,1446204139909550150,,,2026-01-06T13:43:19.886Z,,4491519,0,true,Visitor,RamiNoodle733,true,🌐 Location,"Sugar Land, TX, US",,,,,,,,,,,,,,,,,,,2026-01-06T13:43:19.413000+00:00,👀 Site Visit,rich,0,,,false,,,,false,,,,,,,,,2026-01-06T13:43:19.886000+00:00,false,0,Animal Battle Stats,1446203750204047426
1458093578923282543,,,,,,true,,0000,0,,1446203750204047426,,0,Animal Battle Stats,,1446204139909550150,,,2026-01-06T13:43:19.284Z,,6710886,0,true,User,RamiNoodle733,true,🌐 Location,"Sugar Land, TX, US",,,,,,,,,,,,,,,,,,,2026-01-06T13:43:18.825000+00:00,👋 User Left Site,rich,0,,,false,,,,false,,,,,,,,,2026-01-06T13:43:19.284000+00:00,false,0,Animal Battle Stats,1446203750204047426
1458093506315948106,,,,,,true,,0000,0,,1446203750204047426,,0,Animal Battle Stats,,1446204139909550150,,,2026-01-06T13:43:01.973Z,,4491519,0,true,Visitor,RamiNoodle733,true,🌐 Location,"Sugar Land, TX, US",,,,,,,,,,,,,,,,,,,2026-01-06T13:43:01.513000+00:00,👀 Site Visit,rich,0,,,false,,,,false,,,,,,,,,2026-01-06T13:43:01.973000+00:00,false,0,Animal Battle Stats,1446203750204047426
1458093504730497192,,,,,,true,,0000,0,,1446203750204047426,,0,Animal Battle Stats,,1446204139909550150,,,2026-01-06T13:43:01.595Z,,6710886,0,true,User,RamiNoodle733,true,🌐 Location,"Sugar Land, TX, US",,,,,,,,,,,,,,,,,,,2026-01-06T13:43:00.052000+00:00,👋 User Left Site,rich,0,,,false,,,,false,,,,,,,,,2026-01-06T13:43:01.595000+00:00,false,0,Animal Battle Stats,1446203750204047426
1458087872081952818,,,,,,true,,0000,0,,1446203750204047426,,0,Animal Battle Stats,,1446204139909550150,,,2026-01-06T13:20:38.667Z,,4491519,0,true,Visitor,RamiNoodle733,true,🌐 Location,"Sugar Land, TX, US",,,,,,,,,,,,,,,,,,,2026-01-06T13:20:38.111000+00:00,👀 Site Visit,rich,0,,,false,,,,false,,,,,,,,,2026-01-06T13:20:38.667000+00:00,false,0,Animal Battle Stats,1446203750204047426
1458087867279736935,,,,,,true,,0000,0,,1446203750204047426,,0,Animal Battle Stats,,1446204139909550150,,,2026-01-06T13:20:37.522Z,,6710886,0,true,User,RamiNoodle733,true,🌐 Location,"Sugar Land, TX, US",,,,,,,,,,,,,,,,,,,2026-01-06T13:20:37.148000+00:00,👋 User Left Site,rich,0,,,false,,,,false,,,,,,,,,2026-01-06T13:20:37.522000+00:00,false,0,Animal Battle Stats,1446203750204047426
1458087625608138957,,,,,,true,,0000,0,,1446203750204047426,,0,Animal Battle Stats,,1446204139909550150,,,2026-01-06T13:19:39.903Z,,4491519,0,true,Visitor,RamiNoodle733,true,🌐 Location,"Sugar Land, TX, US",,,,,,,,,,,,,,,,,,,2026-01-06T13:19:39.440000+00:00,👀 Site Visit,rich,0,,,false,,,,false,,,,,,,,,2026-01-06T13:19:39.903000+00:00,false,0,Animal Battle Stats,1446203750204047426
1458087623938670728,,,,,,true,,0000,0,,1446203750204047426,,0,Animal Battle Stats,,1446204139909550150,,,2026-01-06T13:19:39.505Z,,6710886,0,true,User,RamiNoodle733,true,🌐 Location,"Sugar Land, TX, US",,,,,,,,,,,,,,,,,,,2026-01-06T13:19:38.873000+00:00,👋 User Left Site,rich,0,,,false,,,,false,,,,,,,,,2026-01-06T13:19:39.505000+00:00,false,0,Animal Battle Stats,1446203750204047426
1457964607233724486,,,,,,true,,0000,0,,1446203750204047426,,0,Animal Battle Stats,,1446204139909550150,,,2026-01-06T05:10:50.037Z,,4491519,0,true,Visitor,RamiNoodle733,true,🌐 Location,"Sugar Land, TX, US",,,,,,,,,,,,,,,,,,,2026-01-06T05:10:49.579000+00:00,👀 Site Visit,rich,0,,,false,,,,false,,,,,,,,,2026-01-06T05:10:50.037000+00:00,false,0,Animal Battle Stats,1446203750204047426
1457964587998646324,,,,,,true,,0000,0,,1446203750204047426,,0,Animal Battle Stats,,1446204139909550150,,,2026-01-06T05:10:45.451Z,,6710886,0,true,User,RamiNoodle733,true,🌐 Location,"Sugar Land, TX, US",,,,,,,,,,,,,,,,,,,2026-01-06T05:10:45.046000+00:00,👋 User Left Site,rich,0,,,false,,,,false,,,,,,,,,2026-01-06T05:10:45.451000+00:00,false,0,Animal Battle Stats,1446203750204047426
1457964498446057618,,,,,,true,,0000,0,,1446203750204047426,,0,Animal Battle Stats,,1446204139909550150,,,2026-01-06T05:10:24.100Z,,4491519,0,true,Visitor,RamiNoodle733,true,🌐 Location,"Sugar Land, TX, US",,,,,,,,,,,,,,,,,,,2026-01-06T05:10:23.737000+00:00,👀 Site Visit,rich,0,,,false,,,,false,,,,,,,,,2026-01-06T05:10:24.100000+00:00,false,0,Animal Battle Stats,1446203750204047426
1457964494595686411,,,,,,true,,0000,0,,1446203750204047426,,0,Animal Battle Stats,,1446204139909550150,,,2026-01-06T05:10:23.182Z,,6710886,0,true,User,RamiNoodle733,true,🌐 Location,"Sugar Land, TX, US",,,,,,,,,,,,,,,,,,,2026-01-06T05:10:22.567000+00:00,👋 User Left Site,rich,0,,,false,,,,false,,,,,,,,,2026-01-06T05:10:23.182000+00:00,false,0,Animal Battle Stats,1446203750204047426
1457964478250614911,,,,,,true,,0000,0,,1446203750204047426,,0,Animal Battle Stats,,1446204139909550150,,,2026-01-06T05:10:19.285Z,,4491519,0,true,Visitor,RamiNoodle733,true,🌐 Location,"Sugar Land, TX, US",,,,,,,,,,,,,,,,,,,2026-01-06T05:10:18.911000+00:00,👀 Site Visit,rich,0,,,false,,,,false,,,,,,,,,2026-01-06T05:10:19.285000+00:00,false,0,Animal Battle Stats,1446203750204047426
1457964477226942571,,,,,,true,,0000,0,,1446203750204047426,,0,Animal Battle Stats,,1446204139909550150,,,2026-01-06T05:10:19.041Z,,6710886,0,true,User,RamiNoodle733,true,🌐 Location,"Sugar Land, TX, US",,,,,,,,,,,,,,,,,,,2026-01-06T05:10:17.538000+00:00,👋 User Left Site,rich,0,,,false,,,,false,,,,,,,,,2026-01-06T05:10:19.041000+00:00,false,0,Animal Battle Stats,1446203750204047426
1457960015779594274,,,,,,true,,0000,0,,1446203750204047426,,0,Animal Battle Stats,,1446204139909550150,,,2026-01-06T04:52:35.349Z,,6710886,0,true,User,RamiNoodle733,true,🌐 Location,"Sugar Land, TX, US",,,,,,,,,,,,,,,,,,,2026-01-06T04:52:33.164000+00:00,👋 User Left Site,rich,0,,,false,,,,false,,,,,,,,,2026-01-06T04:52:35.349000+00:00,false,0,Animal Battle Stats,1446203750204047426
1457960013716000769,,,,,,true,,0000,0,,1446203750204047426,,0,Animal Battle Stats,,1446204139909550150,,,2026-01-06T04:52:34.857Z,,4491519,0,true,Visitor,RamiNoodle733,true,🌐 Location,"Sugar Land, TX, US",,,,,,,,,,,,,,,,,,,2026-01-06T04:52:34.302000+00:00,👀 Site Visit,rich,0,,,false,,,,false,,,,,,,,,2026-01-06T04:52:34.857000+00:00,false,0,Animal Battle Stats,1446203750204047426
1457955777477345413,,,,,,true,,0000,0,,1446203750204047426,,0,Animal Battle Stats,,1446204139909550150,,,2026-01-06T04:35:44.859Z,,4491519,0,true,Visitor,RamiNoodle733,true,🌐 Location,"Sugar Land, TX, US",,,,,,,,,,,,,,,,,,,2026-01-06T04:35:44.189000+00:00,👀 Site Visit,rich,0,,,false,,,,false,,,,,,,,,2026-01-06T04:35:44.859000+00:00,false,0,Animal Battle Stats,1446203750204047426
1457955774000009249,,,,,,true,,0000,0,,1446203750204047426,,0,Animal Battle Stats,,1446204139909550150,,,2026-01-06T04:35:44.030Z,,6710886,0,true,User,RamiNoodle733,true,🌐 Location,"Sugar Land, TX, US",,,,,,,,,,,,,,,,,,,2026-01-06T04:35:43.657000+00:00,👋 User Left Site,rich,0,,,false,,,,false,,,,,,,,,2026-01-06T04:35:44.030000+00:00,false,0,Animal Battle Stats,1446203750204047426
1457955574988800010,,,,,,true,,0000,0,,1446203750204047426,,0,Animal Battle Stats,,1446204139909550150,,,2026-01-06T04:34:56.582Z,,4491519,0,true,Visitor,RamiNoodle733,true,🌐 Location,"Sugar Land, TX, US",,,,,,,,,,,,,,,,,,,2026-01-06T04:34:56.168000+00:00,👀 Site Visit,rich,0,,,false,,,,false,,,,,,,,,2026-01-06T04:34:56.582000+00:00,false,0,Animal Battle Stats,1446203750204047426
1457955573440974941,,,,,,true,,0000,0,,1446203750204047426,,0,Animal Battle Stats,,1446204139909550150,,,2026-01-06T04:34:56.213Z,,6710886,0,true,User,RamiNoodle733,true,🌐 Location,"Sugar Land, TX, US",,,,,,,,,,,,,,,,,,,2026-01-06T04:34:55.257000+00:00,👋 User Left Site,rich,0,,,false,,,,false,,,,,,,,,2026-01-06T04:34:56.213000+00:00,false,0,Animal Battle Stats,1446203750204047426
1457955572958625823,,,,,,true,,0000,0,,1446203750204047426,,0,Animal Battle Stats,,1446204139909550150,,,2026-01-06T04:34:56.098Z,,4491519,0,true,Visitor,Anonymous,true,🌐 Location,"San Jose, CA, US",,,,,,,,,,,,,,,,,,,2026-01-06T04:30:53.408000+00:00,👀 Site Visit,rich,0,,,false,,,,false,,,,,,,,,2026-01-06T04:34:56.098000+00:00,false,0,Animal Battle Stats,1446203750204047426
1457921219516043509,,,,,,true,,0000,0,,1446203750204047426,,0,Animal Battle Stats,,1446204139909550150,,,2026-01-06T02:18:25.599Z,,16739072,0,false,Matchup,Megalodon vs Orca,true,User,RamiNoodle733,true,🌐 Location,"Sugar Land, TX, US",,,,,,,,,,,,,,,,2026-01-06T02:18:25.003000+00:00,⚔️ Battle Comparison,rich,0,,,false,,,,false,,,,,,,,,2026-01-06T02:18:25.599000+00:00,false,0,Animal Battle Stats,1446203750204047426
1457921054331900076,,,,,,true,,0000,0,,1446203750204047426,,0,Animal Battle Stats,,1446204139909550150,,,2026-01-06T02:17:46.216Z,,4491519,0,true,Visitor,RamiNoodle733,true,🌐 Location,"Sugar Land, TX, US",,,,,,,,,,,,,,,,,,,2026-01-06T02:17:45.676000+00:00,👀 Site Visit,rich,0,,,false,,,,false,,,,,,,,,2026-01-06T02:17:46.216000+00:00,false,0,Animal Battle Stats,1446203750204047426
1457921054092820603,,,,,,true,,0000,0,,1446203750204047426,,0,Animal Battle Stats,,1446204139909550150,,,2026-01-06T02:17:46.159Z,,4491519,0,true,Visitor,RamiNoodle733,true,🌐 Location,"Sugar Land, TX, US",,,,,,,,,,,,,,,,,,,2026-01-06T02:17:24.062000+00:00,👀 Site Visit,rich,0,,,false,,,,false,,,,,,,,,2026-01-06T02:17:46.159000+00:00,false,0,Animal Battle Stats,1446203750204047426
1457921050796101673,,,,,,true,,0000,0,,1446203750204047426,,0,Animal Battle Stats,,1446204139909550150,,,2026-01-06T02:17:45.373Z,,6710886,0,true,User,RamiNoodle733,true,🌐 Location,"Sugar Land, TX, US",,,,,,,,,,,,,,,,,,,2026-01-06T02:17:44.905000+00:00,👋 User Left Site,rich,0,,,false,,,,false,,,,,,,,,2026-01-06T02:17:45.373000+00:00,false,0,Animal Battle Stats,1446203750204047426
1457920964061958364,,,,,,true,,0000,0,,1446203750204047426,,0,Animal Battle Stats,,1446204139909550150,,,2026-01-06T02:17:24.694Z,,6710886,0,true,User,RamiNoodle733,true,🌐 Location,"Sugar Land, TX, US",,,,,,,,,,,,,,,,,,,2026-01-06T02:17:14.130000+00:00,👋 User Left Site,rich,0,,,false,,,,false,,,,,,,,,2026-01-06T02:17:24.694000+00:00,false,0,Animal Battle Stats,1446203750204047426
1457891970625175685,,,,,,true,,0000,0,,1446203750204047426,,0,Animal Battle Stats,,1446204139909550150,,,2026-01-06T00:22:12.120Z,,4491519,0,true,Visitor,RamiNoodle733,true,🌐 Location,"Sugar Land, TX, US",,,,,,,,,,,,,,,,,,,2026-01-06T00:22:11.706000+00:00,👀 Site Visit,rich,0,,,false,,,,false,,,,,,,,,2026-01-06T00:22:12.120000+00:00,false,0,Animal Battle Stats,1446203750204047426
1457891963486470326,,,,,,true,,0000,0,,1446203750204047426,,0,Animal Battle Stats,,1446204139909550150,,,2026-01-06T00:22:10.418Z,,6710886,0,true,User,RamiNoodle733,true,🌐 Location,"Sugar Land, TX, US",,,,,,,,,,,,,,,,,,,2026-01-06T00:22:09.921000+00:00,👋 User Left Site,rich,0,,,false,,,,false,,,,,,,,,2026-01-06T00:22:10.418000+00:00,false,0,Animal Battle Stats,1446203750204047426
1457891351717875727,,,,,,true,,0000,0,,1446203750204047426,,0,Animal Battle Stats,,1446204139909550150,,,2026-01-06T00:19:44.561Z,,4491519,0,true,Visitor,RamiNoodle733,true,🌐 Location,"Sugar Land, TX, US",,,,,,,,,,,,,,,,,,,2026-01-06T00:19:44.070000+00:00,👀 Site Visit,rich,0,,,false,,,,false,,,,,,,,,2026-01-06T00:19:44.561000+00:00,false,0,Animal Battle Stats,1446203750204047426
1457891342393933907,,,,,,true,,0000,0,,1446203750204047426,,0,Animal Battle Stats,,1446204139909550150,,,2026-01-06T00:19:42.338Z,,6710886,0,true,User,RamiNoodle733,true,🌐 Location,"Sugar Land, TX, US",,,,,,,,,,,,,,,,,,,2026-01-06T00:19:41.892000+00:00,👋 User Left Site,rich,0,,,false,,,,false,,,,,,,,,2026-01-06T00:19:42.338000+00:00,false,0,Animal Battle Stats,1446203750204047426
1457891133861658656,,,,,,true,,0000,0,,1446203750204047426,,0,Animal Battle Stats,,1446204139909550150,,,2026-01-06T00:18:52.620Z,,16739072,0,false,Matchup,African Elephant vs Black Rhinoceros,true,User,RamiNoodle733,true,🌐 Location,"Sugar Land, TX, US",,,,,,,,,,,,,,,,2026-01-06T00:18:52.136000+00:00,⚔️ Battle Comparison,rich,0,,,false,,,,false,,,,,,,,,2026-01-06T00:18:52.620000+00:00,false,0,Animal Battle Stats,1446203750204047426
1457891031860252776,,,,,,true,,0000,0,,1446203750204047426,,0,Animal Battle Stats,,1446204139909550150,,,2026-01-06T00:18:28.301Z,,4491519,0,true,Visitor,RamiNoodle733,true,🌐 Location,"Sugar Land, TX, US",,,,,,,,,,,,,,,,,,,2026-01-06T00:18:27.972000+00:00,👀 Site Visit,rich,0,,,false,,,,false,,,,,,,,,2026-01-06T00:18:28.301000+00:00,false,0,Animal Battle Stats,1446203750204047426
1457891031486959638,,,,,,true,,0000,0,,1446203750204047426,,0,Animal Battle Stats,,1446204139909550150,,,2026-01-06T00:18:28.212Z,,4491519,0,true,Visitor,RamiNoodle733,true,🌐 Location,"Sugar Land, TX, US",,,,,,,,,,,,,,,,,,,2026-01-06T00:18:09.883000+00:00,👀 Site Visit,rich,0,,,false,,,,false,,,,,,,,,2026-01-06T00:18:28.212000+00:00,false,0,Animal Battle Stats,1446203750204047426
1457891031465853047,,,,,,true,,0000,0,,1446203750204047426,,0,Animal Battle Stats,,1446204139909550150,,,2026-01-06T00:18:28.207Z,,6710886,0,true,User,RamiNoodle733,true,🌐 Location,"Sugar Land, TX, US",,,,,,,,,,,,,,,,,,,2026-01-06T00:18:27.410000+00:00,👋 User Left Site,rich,0,,,false,,,,false,,,,,,,,,2026-01-06T00:18:28.207000+00:00,false,0,Animal Battle Stats,1446203750204047426
1457885558717022282,,,,,,true,,0000,0,,1446203750204047426,,0,Animal Battle Stats,,1446204139909550150,,,2026-01-05T23:56:43.402Z,,4491519,0,true,Visitor,Anonymous,true,🌐 Location,"Washington, VA, US",,,,,,,,,,,,,,,,,,,2026-01-05T23:56:42.787000+00:00,👀 Site Visit,rich,0,,,false,,,,false,,,,,,,,,2026-01-05T23:56:43.402000+00:00,false,0,Animal Battle Stats,1446203750204047426
1457868869225156628,,,,,,true,,0000,0,,1446203750204047426,,0,Animal Battle Stats,,1446204139909550150,,,2026-01-05T22:50:24.317Z,,16766720,0,true,User,RamiNoodle733,true,Bracket Size,8 animals,true,Total Matches,7,true,🏆 Champion,Hammerhead Shark,true,2nd Place,Beluga Whale,true,3rd/4th Place,"Ibex, Cheetah",false,Recent Matches,"Hammerhead Shark beat Red Fox
Cheetah beat Hercules Beetle
Ibex beat Seal
Beluga Whale beat Flamingo
Hammerhead Shark beat Cheetah
Beluga Whale beat Ibex
Hammerhead Shark beat Beluga Whale",true,🌐 Location,"Sugar Land, TX, US",2026-01-05T22:41:57.322000+00:00,🏆 Tournament Completed,rich,0,,,false,,,,false,,,,,,,,,2026-01-05T22:50:24.317000+00:00,false,0,Animal Battle Stats,1446203750204047426
1457826099965853778,,,,,,true,,0000,0,,1446203750204047426,,0,Animal Battle Stats,,1446204139909550150,,,2026-01-05T20:00:27.331Z,,16739072,0,false,Matchup,Cape Buffalo vs Polar Bear,true,User,RamiNoodle733,true,🌐 Location,"Sugar Land, TX, US",,,,,,,,,,,,,,,,2026-01-05T20:00:26.809000+00:00,⚔️ Battle Comparison,rich,0,,,false,,,,false,,,,,,,,,2026-01-05T20:00:27.331000+00:00,false,0,Animal Battle Stats,1446203750204047426
1457826031170879569,,,,,,true,,0000,0,,1446203750204047426,,0,Animal Battle Stats,,1446204139909550150,,,2026-01-05T20:00:10.929Z,,4491519,0,true,Visitor,RamiNoodle733,true,🌐 Location,"Sugar Land, TX, US",,,,,,,,,,,,,,,,,,,2026-01-05T20:00:10.469000+00:00,👀 Site Visit,rich,0,,,false,,,,false,,,,,,,,,2026-01-05T20:00:10.929000+00:00,false,0,Animal Battle Stats,1446203750204047426
1457826028704501847,,,,,,true,,0000,0,,1446203750204047426,,0,Animal Battle Stats,,1446204139909550150,,,2026-01-05T20:00:10.341Z,,6710886,0,true,User,RamiNoodle733,true,🌐 Location,"Sugar Land, TX, US",,,,,,,,,,,,,,,,,,,2026-01-05T20:00:09.840000+00:00,👋 User Left Site,rich,0,,,false,,,,false,,,,,,,,,2026-01-05T20:00:10.341000+00:00,false,0,Animal Battle Stats,1446203750204047426
1457825880133996627,,,,,,true,,0000,0,,1446203750204047426,,0,Animal Battle Stats,,1446204139909550150,,,2026-01-05T19:59:34.919Z,,4491519,0,true,Visitor,RamiNoodle733,true,🌐 Location,"Sugar Land, TX, US",,,,,,,,,,,,,,,,,,,2026-01-05T19:59:34.433000+00:00,👀 Site Visit,rich,0,,,false,,,,false,,,,,,,,,2026-01-05T19:59:34.919000+00:00,false,0,Animal Battle Stats,1446203750204047426
1457825876644335929,,,,,,true,,0000,0,,1446203750204047426,,0,Animal Battle Stats,,1446204139909550150,,,2026-01-05T19:59:34.087Z,,6710886,0,true,User,RamiNoodle733,true,🌐 Location,"Sugar Land, TX, US",,,,,,,,,,,,,,,,,,,2026-01-05T19:59:33.628000+00:00,👋 User Left Site,rich,0,,,false,,,,false,,,,,,,,,2026-01-05T19:59:34.087000+00:00,false,0,Animal Battle Stats,1446203750204047426
1457825835867439215,,,,,,true,,0000,0,,1446203750204047426,,0,Animal Battle Stats,,1446204139909550150,,,2026-01-05T19:59:24.365Z,,4491519,0,true,Visitor,RamiNoodle733,true,🌐 Location,"Sugar Land, TX, US",,,,,,,,,,,,,,,,,,,2026-01-05T19:59:23.874000+00:00,👀 Site Visit,rich,0,,,false,,,,false,,,,,,,,,2026-01-05T19:59:24.365000+00:00,false,0,Animal Battle Stats,1446203750204047426
1457825834512416849,,,,,,true,,0000,0,,1446203750204047426,,0,Animal Battle Stats,,1446204139909550150,,,2026-01-05T19:59:24.042Z,,6710886,0,true,User,RamiNoodle733,true,🌐 Location,"Sugar Land, TX, US",,,,,,,,,,,,,,,,,,,2026-01-05T19:59:22.294000+00:00,👋 User Left Site,rich,0,,,false,,,,false,,,,,,,,,2026-01-05T19:59:24.042000+00:00,false,0,Animal Battle Stats,1446203750204047426
1457821834345971975,,,,,,true,,0000,0,,1446203750204047426,,0,Animal Battle Stats,,1446204139909550150,,,2026-01-05T19:43:30.328Z,,16739072,0,false,Matchup,African Elephant vs Polar Bear,true,User,RamiNoodle733,true,🌐 Location,"Sugar Land, TX, US",,,,,,,,,,,,,,,,2026-01-05T19:43:29.814000+00:00,⚔️ Battle Comparison,rich,0,,,false,,,,false,,,,,,,,,2026-01-05T19:43:30.328000+00:00,false,0,Animal Battle Stats,1446203750204047426
1457821593194598402,,,,,,true,,0000,0,,1446203750204047426,,0,Animal Battle Stats,,1446204139909550150,,,2026-01-05T19:42:32.833Z,,4491519,0,true,Visitor,RamiNoodle733,true,🌐 Location,"Sugar Land, TX, US",,,,,,,,,,,,,,,,,,,2026-01-05T19:42:32.464000+00:00,👀 Site Visit,rich,0,,,false,,,,false,,,,,,,,,2026-01-05T19:42:32.833000+00:00,false,0,Animal Battle Stats,1446203750204047426
1457821593068896472,,,,,,true,,0000,0,,1446203750204047426,,0,Animal Battle Stats,,1446204139909550150,,,2026-01-05T19:42:32.803Z,,4491519,0,true,Visitor,RamiNoodle733,true,🌐 Location,"Sugar Land, TX, US",,,,,,,,,,,,,,,,,,,2026-01-05T19:42:30.286000+00:00,👀 Site Visit,rich,0,,,false,,,,false,,,,,,,,,2026-01-05T19:42:32.803000+00:00,false,0,Animal Battle Stats,1446203750204047426
1457821592196219061,,,,,,true,,0000,0,,1446203750204047426,,0,Animal Battle Stats,,1446204139909550150,,,2026-01-05T19:42:32.595Z,,6710886,0,true,User,RamiNoodle733,true,🌐 Location,"Sugar Land, TX, US",,,,,,,,,,,,,,,,,,,2026-01-05T19:42:31.732000+00:00,👋 User Left Site,rich,0,,,false,,,,false,,,,,,,,,2026-01-05T19:42:32.595000+00:00,false,0,Animal Battle Stats,1446203750204047426
1457817747550503033,,,,,,true,,0000,0,,1446203750204047426,,0,Animal Battle Stats,,1446204139909550150,,,2026-01-05T19:27:15.960Z,,16739072,0,false,Matchup,African Elephant vs Alligator,true,User,RamiNoodle733,true,🌐 Location,"Sugar Land, TX, US",,,,,,,,,,,,,,,,2026-01-05T19:27:15.367000+00:00,⚔️ Battle Comparison,rich,0,,,false,,,,false,,,,,,,,,2026-01-05T19:27:15.960000+00:00,false,0,Animal Battle Stats,1446203750204047426
1457817608970703013,,,,,,true,,0000,0,,1446203750204047426,,0,Animal Battle Stats,,1446204139909550150,,,2026-01-05T19:26:42.920Z,,4491519,0,true,Visitor,RamiNoodle733,true,🌐 Location,"Sugar Land, TX, US",,,,,,,,,,,,,,,,,,,2026-01-05T19:26:42.582000+00:00,👀 Site Visit,rich,0,,,false,,,,false,,,,,,,,,2026-01-05T19:26:42.920000+00:00,false,0,Animal Battle Stats,1446203750204047426
1457817605418123522,,,,,,true,,0000,0,,1446203750204047426,,0,Animal Battle Stats,,1446204139909550150,,,2026-01-05T19:26:42.073Z,,6710886,0,true,User,RamiNoodle733,true,🌐 Location,"Sugar Land, TX, US",,,,,,,,,,,,,,,,,,,2026-01-05T19:26:41.695000+00:00,👋 User Left Site,rich,0,,,false,,,,false,,,,,,,,,2026-01-05T19:26:42.073000+00:00,false,0,Animal Battle Stats,1446203750204047426
1457817572203430084,,,,,,true,,0000,0,,1446203750204047426,,0,Animal Battle Stats,,1446204139909550150,,,2026-01-05T19:26:34.154Z,,4491519,0,true,Visitor,RamiNoodle733,true,🌐 Location,"Sugar Land, TX, US",,,,,,,,,,,,,,,,,,,2026-01-05T19:26:33.762000+00:00,👀 Site Visit,rich,0,,,false,,,,false,,,,,,,,,2026-01-05T19:26:34.154000+00:00,false,0,Animal Battle Stats,1446203750204047426
1457817570706067640,,,,,,true,,0000,0,,1446203750204047426,,0,Animal Battle Stats,,1446204139909550150,,,2026-01-05T19:26:33.797Z,,6710886,0,true,User,RamiNoodle733,true,🌐 Location,"Sugar Land, TX, US",,,,,,,,,,,,,,,,,,,2026-01-05T19:26:32.718000+00:00,👋 User Left Site,rich,0,,,false,,,,false,,,,,,,,,2026-01-05T19:26:33.797000+00:00,false,0,Animal Battle Stats,1446203750204047426
1457802749419847836,,,,,,true,,0000,0,,1446203750204047426,,0,Animal Battle Stats,,1446204139909550150,,,2026-01-05T18:27:40.127Z,,4491519,0,true,Visitor,RamiNoodle733,true,🌐 Location,"Sugar Land, TX, US",,,,,,,,,,,,,,,,,,,2026-01-05T18:27:39.689000+00:00,👀 Site Visit,rich,0,,,false,,,,false,,,,,,,,,2026-01-05T18:27:40.127000+00:00,false,0,Animal Battle Stats,1446203750204047426
1457802747465170994,,,,,,true,,0000,0,,1446203750204047426,,0,Animal Battle Stats,,1446204139909550150,,,2026-01-05T18:27:39.661Z,,6710886,0,true,User,RamiNoodle733,true,🌐 Location,"Sugar Land, TX, US",,,,,,,,,,,,,,,,,,,2026-01-05T18:27:39.185000+00:00,👋 User Left Site,rich,0,,,false,,,,false,,,,,,,,,2026-01-05T18:27:39.661000+00:00,false,0,Animal Battle Stats,1446203750204047426
1457802703714517075,,,,,,true,,0000,0,,1446203750204047426,,0,Animal Battle Stats,,1446204139909550150,,,2026-01-05T18:27:29.230Z,,4491519,0,true,Visitor,RamiNoodle733,true,🌐 Location,"Sugar Land, TX, US",,,,,,,,,,,,,,,,,,,2026-01-05T18:27:28.763000+00:00,👀 Site Visit,rich,0,,,false,,,,false,,,,,,,,,2026-01-05T18:27:29.230000+00:00,false,0,Animal Battle Stats,1446203750204047426
1457802701047074827,,,,,,true,,0000,0,,1446203750204047426,,0,Animal Battle Stats,,1446204139909550150,,,2026-01-05T18:27:28.594Z,,6710886,0,true,User,RamiNoodle733,true,🌐 Location,"Sugar Land, TX, US",,,,,,,,,,,,,,,,,,,2026-01-05T18:27:28.164000+00:00,👋 User Left Site,rich,0,,,false,,,,false,,,,,,,,,2026-01-05T18:27:28.594000+00:00,false,0,Animal Battle Stats,1446203750204047426
1457802425418121484,,,,,,true,,0000,0,,1446203750204047426,,0,Animal Battle Stats,,1446204139909550150,,,2026-01-05T18:26:22.879Z,,6710886,0,true,User,RamiNoodle733,true,🌐 Location,"Sugar Land, TX, US",,,,,,,,,,,,,,,,,,,2026-01-05T18:26:21.277000+00:00,👋 User Left Site,rich,0,,,false,,,,false,,,,,,,,,2026-01-05T18:26:22.879000+00:00,false,0,Animal Battle Stats,1446203750204047426
1457802425019662473,,,,,,true,,0000,0,,1446203750204047426,,0,Animal Battle Stats,,1446204139909550150,,,2026-01-05T18:26:22.784Z,,4491519,0,true,Visitor,RamiNoodle733,true,🌐 Location,"Sugar Land, TX, US",,,,,,,,,,,,,,,,,,,2026-01-05T18:26:22.363000+00:00,👀 Site Visit,rich,0,,,false,,,,false,,,,,,,,,2026-01-05T18:26:22.784000+00:00,false,0,Animal Battle Stats,1446203750204047426
1457802256916283416,,,,,,true,,0000,0,,1446203750204047426,,0,Animal Battle Stats,,1446204139909550150,,,2026-01-05T18:25:42.705Z,,4491519,0,true,Visitor,RamiNoodle733,true,🌐 Location,"Sugar Land, TX, US",,,,,,,,,,,,,,,,,,,2026-01-05T18:25:42.243000+00:00,👀 Site Visit,rich,0,,,false,,,,false,,,,,,,,,2026-01-05T18:25:42.705000+00:00,false,0,Animal Battle Stats,1446203750204047426
1457802252969312256,,,,,,true,,0000,0,,1446203750204047426,,0,Animal Battle Stats,,1446204139909550150,,,2026-01-05T18:25:41.764Z,,6710886,0,true,User,RamiNoodle733,true,🌐 Location,"Sugar Land, TX, US",,,,,,,,,,,,,,,,,,,2026-01-05T18:25:41.350000+00:00,👋 User Left Site,rich,0,,,false,,,,false,,,,,,,,,2026-01-05T18:25:41.764000+00:00,false,0,Animal Battle Stats,1446203750204047426
1457802215266975911,,,,,,true,,0000,0,,1446203750204047426,,0,Animal Battle Stats,,1446204139909550150,,,2026-01-05T18:25:32.775Z,,4491519,0,true,Visitor,RamiNoodle733,true,🌐 Location,"Sugar Land, TX, US",,,,,,,,,,,,,,,,,,,2026-01-05T18:25:32.322000+00:00,👀 Site Visit,rich,0,,,false,,,,false,,,,,,,,,2026-01-05T18:25:32.775000+00:00,false,0,Animal Battle Stats,1446203750204047426
1457802211009495275,,,,,,true,,0000,0,,1446203750204047426,,0,Animal Battle Stats,,1446204139909550150,,,2026-01-05T18:25:31.760Z,,6710886,0,true,User,RamiNoodle733,true,🌐 Location,"Sugar Land, TX, US",,,,,,,,,,,,,,,,,,,2026-01-05T18:25:30.871000+00:00,👋 User Left Site,rich,0,,,false,,,,false,,,,,,,,,2026-01-05T18:25:31.760000+00:00,false,0,Animal Battle Stats,1446203750204047426
1457802210883928197,,,,,,true,,0000,0,,1446203750204047426,,0,Animal Battle Stats,,1446204139909550150,,,2026-01-05T18:25:31.730Z,,4491519,0,true,Visitor,RamiNoodle733,true,🌐 Location,"Sugar Land, TX, US",,,,,,,,,,,,,,,,,,,2026-01-05T18:25:17.012000+00:00,👀 Site Visit,rich,0,,,false,,,,false,,,,,,,,,2026-01-05T18:25:31.730000+00:00,false,0,Animal Battle Stats,1446203750204047426
1457380324882514015,,,,,,true,,0000,0,,1446203750204047426,,0,Animal Battle Stats,,1446204139909550150,,,2026-01-04T14:29:06.269Z,,16739072,0,false,Matchup,African Elephant vs Orca,true,User,RamiNoodle733,true,🌐 Location,"Sugar Land, TX, US",,,,,,,,,,,,,,,,2026-01-04T14:29:05.820000+00:00,⚔️ Battle Comparison,rich,0,,,false,,,,false,,,,,,,,,2026-01-04T14:29:06.269000+00:00,false,0,Animal Battle Stats,1446203750204047426
1457380193747472649,,,,,,true,,0000,0,,1446203750204047426,,0,Animal Battle Stats,,1446204139909550150,,,2026-01-04T14:28:35.004Z,,6710886,0,true,User,RamiNoodle733,true,🌐 Location,"Sugar Land, TX, US",,,,,,,,,,,,,,,,,,,2026-01-04T14:28:33.977000+00:00,👋 User Left Site,rich,0,,,false,,,,false,,,,,,,,,2026-01-04T14:28:35.004000+00:00,false,0,Animal Battle Stats,1446203750204047426
1457380107026043064,,,,,,true,,0000,0,,1446203750204047426,,0,Animal Battle Stats,,1446204139909550150,,,2026-01-04T14:28:14.328Z,,6710886,0,true,User,RamiNoodle733,true,🌐 Location,"Sugar Land, TX, US",,,,,,,,,,,,,,,,,,,2026-01-04T14:28:12.865000+00:00,👋 User Left Site,rich,0,,,false,,,,false,,,,,,,,,2026-01-04T14:28:14.328000+00:00,false,0,Animal Battle Stats,1446203750204047426
1457374699821731901,,,,,,true,,0000,0,,1446203750204047426,,0,Animal Battle Stats,,1446204139909550150,,,2026-01-04T14:06:45.150Z,,4491519,0,true,Visitor,RamiNoodle733,true,🌐 Location,"Sugar Land, TX, US",,,,,,,,,,,,,,,,,,,2026-01-04T14:06:44.773000+00:00,👀 Site Visit,rich,0,,,false,,,,false,,,,,,,,,2026-01-04T14:06:45.150000+00:00,false,0,Animal Battle Stats,1446203750204047426
1457374696281604219,,,,,,true,,0000,0,,1446203750204047426,,0,Animal Battle Stats,,1446204139909550150,,,2026-01-04T14:06:44.306Z,,6710886,0,true,User,RamiNoodle733,true,🌐 Location,"Sugar Land, TX, US",,,,,,,,,,,,,,,,,,,2026-01-04T14:06:43.881000+00:00,👋 User Left Site,rich,0,,,false,,,,false,,,,,,,,,2026-01-04T14:06:44.306000+00:00,false,0,Animal Battle Stats,1446203750204047426
1457374629126471937,,,,,,true,,0000,0,,1446203750204047426,,0,Animal Battle Stats,,1446204139909550150,,,2026-01-04T14:06:28.295Z,,16739072,0,false,Matchup,African Elephant vs Polar Bear,true,User,RamiNoodle733,true,🌐 Location,"Sugar Land, TX, US",,,,,,,,,,,,,,,,2026-01-04T14:06:27.851000+00:00,⚔️ Battle Comparison,rich,0,,,false,,,,false,,,,,,,,,2026-01-04T14:06:28.295000+00:00,false,0,Animal Battle Stats,1446203750204047426
1457374594855075952,,,,,,true,,0000,0,,1446203750204047426,,0,Animal Battle Stats,,1446204139909550150,,,2026-01-04T14:06:20.124Z,,16739072,0,false,Matchup,African Elephant vs Alligator,true,User,RamiNoodle733,true,🌐 Location,"Sugar Land, TX, US",,,,,,,,,,,,,,,,2026-01-04T14:06:19.586000+00:00,⚔️ Battle Comparison,rich,0,,,false,,,,false,,,,,,,,,2026-01-04T14:06:20.124000+00:00,false,0,Animal Battle Stats,1446203750204047426
1457374583505158398,,,,,,true,,0000,0,,1446203750204047426,,0,Animal Battle Stats,,1446204139909550150,,,2026-01-04T14:06:17.418Z,,16739072,0,false,Matchup,African Elephant vs Alligator,true,User,RamiNoodle733,true,🌐 Location,"Sugar Land, TX, US",,,,,,,,,,,,,,,,2026-01-04T14:06:16.989000+00:00,⚔️ Battle Comparison,rich,0,,,false,,,,false,,,,,,,,,2026-01-04T14:06:17.418000+00:00,false,0,Animal Battle Stats,1446203750204047426
1457374567436910676,,,,,,true,,0000,0,,1446203750204047426,,0,Animal Battle Stats,,1446204139909550150,,,2026-01-04T14:06:13.587Z,,16739072,0,false,Matchup,African Elephant vs Alligator,true,User,RamiNoodle733,true,🌐 Location,"Sugar Land, TX, US",,,,,,,,,,,,,,,,2026-01-04T14:06:13.118000+00:00,⚔️ Battle Comparison,rich,0,,,false,,,,false,,,,,,,,,2026-01-04T14:06:13.587000+00:00,false,0,Animal Battle Stats,1446203750204047426
1457374509983207575,,,,,,true,,0000,0,,1446203750204047426,,0,Animal Battle Stats,,1446204139909550150,,,2026-01-04T14:05:59.889Z,,16739072,0,false,Matchup,African Elephant vs Alligator,true,User,RamiNoodle733,true,🌐 Location,"Sugar Land, TX, US",,,,,,,,,,,,,,,,2026-01-04T14:05:59.366000+00:00,⚔️ Battle Comparison,rich,0,,,false,,,,false,,,,,,,,,2026-01-04T14:05:59.889000+00:00,false,0,Animal Battle Stats,1446203750204047426
1457374407445057710,,,,,,true,,0000,0,,1446203750204047426,,0,Animal Battle Stats,,1446204139909550150,,,2026-01-04T14:05:35.442Z,,4491519,0,true,Visitor,RamiNoodle733,true,🌐 Location,"Sugar Land, TX, US",,,,,,,,,,,,,,,,,,,2026-01-04T14:05:34.814000+00:00,👀 Site Visit,rich,0,,,false,,,,false,,,,,,,,,2026-01-04T14:05:35.442000+00:00,false,0,Animal Battle Stats,1446203750204047426
1457374405410820209,,,,,,true,,0000,0,,1446203750204047426,,0,Animal Battle Stats,,1446204139909550150,,,2026-01-04T14:05:34.957Z,,6710886,0,true,User,RamiNoodle733,true,🌐 Location,"Sugar Land, TX, US",,,,,,,,,,,,,,,,,,,2026-01-04T14:05:33.626000+00:00,👋 User Left Site,rich,0,,,false,,,,false,,,,,,,,,2026-01-04T14:05:34.957000+00:00,false,0,Animal Battle Stats,1446203750204047426
1457369540253188218,,,,,,true,,0000,0,,1446203750204047426,,0,Animal Battle Stats,,1446204139909550150,,,2026-01-04T13:46:15.013Z,,16739072,0,false,Matchup,African Elephant vs Orca,true,User,RamiNoodle733,true,🌐 Location,"Sugar Land, TX, US",,,,,,,,,,,,,,,,2026-01-04T13:46:14.413000+00:00,⚔️ Battle Comparison,rich,0,,,false,,,,false,,,,,,,,,2026-01-04T13:46:15.013000+00:00,false,0,Animal Battle Stats,1446203750204047426
1457368965629083690,,,,,,true,,0000,0,,1446203750204047426,,0,Animal Battle Stats,,1446204139909550150,,,2026-01-04T13:43:58.012Z,,16739072,0,false,Matchup,African Elephant vs Orca,true,User,RamiNoodle733,true,🌐 Location,"Sugar Land, TX, US",,,,,,,,,,,,,,,,2026-01-04T13:43:57.572000+00:00,⚔️ Battle Comparison,rich,0,,,false,,,,false,,,,,,,,,2026-01-04T13:43:58.012000+00:00,false,0,Animal Battle Stats,1446203750204047426
1457368598585802786,,,,,,true,,0000,0,,1446203750204047426,,0,Animal Battle Stats,,1446204139909550150,,,2026-01-04T13:42:30.502Z,,16739072,0,false,Matchup,Cape Buffalo vs Orca,true,User,RamiNoodle733,true,🌐 Location,"Sugar Land, TX, US",,,,,,,,,,,,,,,,2026-01-04T13:42:30.185000+00:00,⚔️ Battle Comparison,rich,0,,,false,,,,false,,,,,,,,,2026-01-04T13:42:30.502000+00:00,false,0,Animal Battle Stats,1446203750204047426
1457368437796896831,,,,,,true,,0000,0,,1446203750204047426,,0,Animal Battle Stats,,1446204139909550150,,,2026-01-04T13:41:52.167Z,,4491519,0,true,Visitor,RamiNoodle733,true,🌐 Location,"Sugar Land, TX, US",,,,,,,,,,,,,,,,,,,2026-01-04T13:41:51.716000+00:00,👀 Site Visit,rich,0,,,false,,,,false,,,,,,,,,2026-01-04T13:41:52.167000+00:00,false,0,Animal Battle Stats,1446203750204047426
1457368433069916184,,,,,,true,,0000,0,,1446203750204047426,,0,Animal Battle Stats,,1446204139909550150,,,2026-01-04T13:41:51.040Z,,6710886,0,true,User,RamiNoodle733,true,🌐 Location,"Sugar Land, TX, US",,,,,,,,,,,,,,,,,,,2026-01-04T13:41:50.724000+00:00,👋 User Left Site,rich,0,,,false,,,,false,,,,,,,,,2026-01-04T13:41:51.040000+00:00,false,0,Animal Battle Stats,1446203750204047426
1457368191188729900,,,,,,true,,0000,0,,1446203750204047426,,0,Animal Battle Stats,,1446204139909550150,,,2026-01-04T13:40:53.371Z,,16739072,0,false,Matchup,Orca vs Alligator,true,User,RamiNoodle733,true,🌐 Location,"Sugar Land, TX, US",,,,,,,,,,,,,,,,2026-01-04T13:40:52.947000+00:00,⚔️ Battle Comparison,rich,0,,,false,,,,false,,,,,,,,,2026-01-04T13:40:53.371000+00:00,false,0,Animal Battle Stats,1446203750204047426
1457368140534124808,,,,,,true,,0000,0,,1446203750204047426,,0,Animal Battle Stats,,1446204139909550150,,,2026-01-04T13:40:41.294Z,,4491519,0,true,Visitor,RamiNoodle733,true,🌐 Location,"Sugar Land, TX, US",,,,,,,,,,,,,,,,,,,2026-01-04T13:40:40.820000+00:00,👀 Site Visit,rich,0,,,false,,,,false,,,,,,,,,2026-01-04T13:40:41.294000+00:00,false,0,Animal Battle Stats,1446203750204047426
1457368137174356033,,,,,,true,,0000,0,,1446203750204047426,,0,Animal Battle Stats,,1446204139909550150,,,2026-01-04T13:40:40.493Z,,6710886,0,true,User,RamiNoodle733,true,🌐 Location,"Sugar Land, TX, US",,,,,,,,,,,,,,,,,,,2026-01-04T13:40:40.090000+00:00,👋 User Left Site,rich,0,,,false,,,,false,,,,,,,,,2026-01-04T13:40:40.493000+00:00,false,0,Animal Battle Stats,1446203750204047426
1457368059479068914,,,,,,true,,0000,0,,1446203750204047426,,0,Animal Battle Stats,,1446204139909550150,,,2026-01-04T13:40:21.969Z,,4491519,0,true,Visitor,RamiNoodle733,true,🌐 Location,"Sugar Land, TX, US",,,,,,,,,,,,,,,,,,,2026-01-04T13:40:21.579000+00:00,👀 Site Visit,rich,0,,,false,,,,false,,,,,,,,,2026-01-04T13:40:21.969000+00:00,false,0,Animal Battle Stats,1446203750204047426
1457368056505438308,,,,,,true,,0000,0,,1446203750204047426,,0,Animal Battle Stats,,1446204139909550150,,,2026-01-04T13:40:21.260Z,,6710886,0,true,User,RamiNoodle733,true,🌐 Location,"Sugar Land, TX, US",,,,,,,,,,,,,,,,,,,2026-01-04T13:40:20.710000+00:00,👋 User Left Site,rich,0,,,false,,,,false,,,,,,,,,2026-01-04T13:40:21.260000+00:00,false,0,Animal Battle Stats,1446203750204047426
1457368050612568169,,,,,,true,,0000,0,,1446203750204047426,,0,Animal Battle Stats,,1446204139909550150,,,2026-01-04T13:40:19.855Z,,4491519,0,true,Visitor,RamiNoodle733,true,🌐 Location,"Sugar Land, TX, US",,,,,,,,,,,,,,,,,,,2026-01-04T13:40:19.425000+00:00,👀 Site Visit,rich,0,,,false,,,,false,,,,,,,,,2026-01-04T13:40:19.855000+00:00,false,0,Animal Battle Stats,1446203750204047426
1457368049215737918,,,,,,true,,0000,0,,1446203750204047426,,0,Animal Battle Stats,,1446204139909550150,,,2026-01-04T13:40:19.522Z,,6710886,0,true,User,RamiNoodle733,true,🌐 Location,"Sugar Land, TX, US",,,,,,,,,,,,,,,,,,,2026-01-04T13:40:18.550000+00:00,👋 User Left Site,rich,0,,,false,,,,false,,,,,,,,,2026-01-04T13:40:19.522000+00:00,false,0,Animal Battle Stats,1446203750204047426
1457363235660632278,,,,,,true,,0000,0,,1446203750204047426,,0,Animal Battle Stats,,1446204139909550150,,,2026-01-04T13:21:11.881Z,,16739072,0,false,Matchup,Rhinoceros vs Alligator,true,User,RamiNoodle733,true,🌐 Location,"Sugar Land, TX, US",,,,,,,,,,,,,,,,2026-01-04T13:21:11.330000+00:00,⚔️ Battle Comparison,rich,0,,,false,,,,false,,,,,,,,,2026-01-04T13:21:11.881000+00:00,false,0,Animal Battle Stats,1446203750204047426
1456756385500102718,,,,,,true,,0000,0,,1446203750204047426,,0,Animal Battle Stats,,1446204139909550150,,,2026-01-02T21:09:47.528Z,,4491519,0,true,Visitor,Anonymous,true,🌐 Location,"Sugar Land, TX, US",,,,,,,,,,,,,,,,,,,2026-01-02T21:09:47.117000+00:00,👀 Site Visit,rich,0,,,false,,,,false,,,,,,,,,2026-01-02T21:09:47.528000+00:00,false,0,Animal Battle Stats,1446203750204047426
1456756385034276865,,,,,,true,,0000,0,,1446203750204047426,,0,Animal Battle Stats,,1446204139909550150,,,2026-01-02T21:09:47.417Z,,4491519,0,true,Visitor,Anonymous,true,🌐 Location,"Sugar Land, TX, US",,,,,,,,,,,,,,,,,,,2026-01-02T21:09:46.739000+00:00,👀 Site Visit,rich,0,,,false,,,,false,,,,,,,,,2026-01-02T21:09:47.417000+00:00,false,0,Animal Battle Stats,1446203750204047426
1456749019551236270,,,,,,true,,0000,0,,1446203750204047426,,0,Animal Battle Stats,,1446204139909550150,,,2026-01-02T20:40:31.349Z,,4491519,0,true,Visitor,Anonymous,true,🌐 Location,"Houston, TX, US",,,,,,,,,,,,,,,,,,,2026-01-02T20:40:30.779000+00:00,👀 Site Visit,rich,0,,,false,,,,false,,,,,,,,,2026-01-02T20:40:31.349000+00:00,false,0,Animal Battle Stats,1446203750204047426
1456747759439708353,,,,,,true,,0000,0,,1446203750204047426,,0,Animal Battle Stats,,1446204139909550150,,,2026-01-02T20:35:30.915Z,,4491519,0,true,Visitor,Anonymous,true,🌐 Location,"Houston, TX, US",,,,,,,,,,,,,,,,,,,2026-01-02T20:35:30.538000+00:00,👀 Site Visit,rich,0,,,false,,,,false,,,,,,,,,2026-01-02T20:35:30.915000+00:00,false,0,Animal Battle Stats,1446203750204047426
1456747759087386832,,,,,,true,,0000,0,,1446203750204047426,,0,Animal Battle Stats,,1446204139909550150,,,2026-01-02T20:35:30.831Z,,4491519,0,true,Visitor,Anonymous,true,🌐 Location,"Houston, TX, US",,,,,,,,,,,,,,,,,,,2026-01-02T20:35:22.399000+00:00,👀 Site Visit,rich,0,,,false,,,,false,,,,,,,,,2026-01-02T20:35:30.831000+00:00,false,0,Animal Battle Stats,1446203750204047426
1456497905912385580,,,,,,true,,0000,0,,1446203750204047426,,0,Animal Battle Stats,,1446204139909550150,,,2026-01-02T04:02:41.192Z,,4491519,0,true,Visitor,Anonymous,true,🌐 Location,US,,,,,,,,,,,,,,,,,,,2026-01-02T04:02:40.630000+00:00,👀 Site Visit,rich,0,,,false,,,,false,,,,,,,,,2026-01-02T04:02:41.192000+00:00,false,0,Animal Battle Stats,1446203750204047426
1456416202443325460,,,,,,true,,0000,0,,1446203750204047426,,0,Animal Battle Stats,,1446204139909550150,,,2026-01-01T22:38:01.567Z,,6710886,0,true,User,Anonymous,true,🌐 Location,"Minneapolis, MN, US",,,,,,,,,,,,,,,,,,,2026-01-01T22:38:01.194000+00:00,👋 User Left Site,rich,0,,,false,,,,false,,,,,,,,,2026-01-01T22:38:01.567000+00:00,false,0,Animal Battle Stats,1446203750204047426
1456415865527468257,,,,,,true,,0000,0,,1446203750204047426,,0,Animal Battle Stats,,1446204139909550150,,,2026-01-01T22:36:41.240Z,,4491519,0,true,Visitor,Anonymous,true,🌐 Location,"Minneapolis, MN, US",,,,,,,,,,,,,,,,,,,2026-01-01T22:36:40.747000+00:00,👀 Site Visit,rich,0,,,false,,,,false,,,,,,,,,2026-01-01T22:36:41.240000+00:00,false,0,Animal Battle Stats,1446203750204047426
1456415671125803049,,,,,,true,,0000,0,,1446203750204047426,,0,Animal Battle Stats,,1446204139909550150,,,2026-01-01T22:35:54.891Z,,6710886,0,true,User,Anonymous,true,🌐 Location,"Minneapolis, MN, US",,,,,,,,,,,,,,,,,,,2026-01-01T22:35:54.539000+00:00,👋 User Left Site,rich,0,,,false,,,,false,,,,,,,,,2026-01-01T22:35:54.891000+00:00,false,0,Animal Battle Stats,1446203750204047426
1456415644374405254,,,,,,true,,0000,0,,1446203750204047426,,0,Animal Battle Stats,,1446204139909550150,,,2026-01-01T22:35:48.513Z,,4491519,0,true,Visitor,Anonymous,true,🌐 Location,"Minneapolis, MN, US",,,,,,,,,,,,,,,,,,,2026-01-01T22:35:48.135000+00:00,👀 Site Visit,rich,0,,,false,,,,false,,,,,,,,,2026-01-01T22:35:48.513000+00:00,false,0,Animal Battle Stats,1446203750204047426
1456415643820753140,,,,,,true,,0000,0,,1446203750204047426,,0,Animal Battle Stats,,1446204139909550150,,,2026-01-01T22:35:48.381Z,,4491519,0,true,Visitor,Anonymous,true,🌐 Location,"Minneapolis, MN, US",,,,,,,,,,,,,,,,,,,2026-01-01T22:34:32.724000+00:00,👀 Site Visit,rich,0,,,false,,,,false,,,,,,,,,2026-01-01T22:35:48.381000+00:00,false,0,Animal Battle Stats,1446203750204047426
1456415643745386668,,,,,,true,,0000,0,,1446203750204047426,,0,Animal Battle Stats,,1446204139909550150,,,2026-01-01T22:35:48.363Z,,6710886,0,true,User,Anonymous,true,🌐 Location,"Minneapolis, MN, US",,,,,,,,,,,,,,,,,,,2026-01-01T22:35:45.401000+00:00,👋 User Left Site,rich,0,,,false,,,,false,,,,,,,,,2026-01-01T22:35:48.363000+00:00,false,0,Animal Battle Stats,1446203750204047426
1456415531602153504,,,,,,true,,0000,0,,1446203750204047426,,0,Animal Battle Stats,,1446204139909550150,,,2026-01-01T22:35:21.626Z,,16739072,0,false,Matchup,Orca vs Black Rhinoceros,true,User,Anonymous,true,🌐 Location,"Minneapolis, MN, US",,,,,,,,,,,,,,,,2026-01-01T22:35:21.075000+00:00,⚔️ Battle Comparison,rich,0,,,false,,,,false,,,,,,,,,2026-01-01T22:35:21.626000+00:00,false,0,Animal Battle Stats,1446203750204047426
1456239744903024704,,,,,,true,,0000,0,,1446203750204047426,,0,Animal Battle Stats,,1446204139909550150,,,2026-01-01T10:56:50.811Z,,6710886,0,true,User,Anonymous,true,🌐 Location,"San Jose, CA, US",,,,,,,,,,,,,,,,,,,2026-01-01T10:52:01.311000+00:00,👋 User Left Site,rich,0,,,false,,,,false,,,,,,,,,2026-01-01T10:56:50.811000+00:00,false,0,Animal Battle Stats,1446203750204047426
1456037588602458243,,,,,,true,,0000,0,,1446203750204047426,,0,Animal Battle Stats,,1446204139909550150,,,2025-12-31T21:33:32.993Z,,4491519,0,true,Visitor,Anonymous,true,🌐 Location,"Tokyo, 13, JP",,,,,,,,,,,,,,,,,,,2025-12-31T21:33:32.517000+00:00,👀 Site Visit,rich,0,,,false,,,,false,,,,,,,,,2025-12-31T21:33:32.993000+00:00,false,0,Animal Battle Stats,1446203750204047426
1456037578963947632,,,,,,true,,0000,0,,1446203750204047426,,0,Animal Battle Stats,,1446204139909550150,,,2025-12-31T21:33:30.695Z,,4491519,0,true,Visitor,Anonymous,true,🌐 Location,"Tokyo, 13, JP",,,,,,,,,,,,,,,,,,,2025-12-31T21:33:28.627000+00:00,👀 Site Visit,rich,0,,,false,,,,false,,,,,,,,,2025-12-31T21:33:30.695000+00:00,false,0,Animal Battle Stats,1446203750204047426
1455299959044702395,,,,,,true,,0000,0,,1446203750204047426,,0,Animal Battle Stats,,1446204139909550150,,,2025-12-29T20:42:28.402Z,,16739072,0,false,Matchup,Rhinoceros vs Orca,true,User,RamiNoodle733,true,🌐 Location,"Sugar Land, TX, US",,,,,,,,,,,,,,,,2025-12-29T20:42:27.792000+00:00,⚔️ Battle Comparison,rich,0,,,false,,,,false,,,,,,,,,2025-12-29T20:42:28.402000+00:00,false,0,Animal Battle Stats,1446203750204047426
1455299771291013305,,,,,,true,,0000,0,,1446203750204047426,,0,Animal Battle Stats,,1446204139909550150,,,2025-12-29T20:41:43.638Z,,4491519,0,true,Visitor,RamiNoodle733,true,🌐 Location,"Sugar Land, TX, US",,,,,,,,,,,,,,,,,,,2025-12-29T20:41:43.187000+00:00,👀 Site Visit,rich,0,,,false,,,,false,,,,,,,,,2025-12-29T20:41:43.638000+00:00,false,0,Animal Battle Stats,1446203750204047426
1455299769407901920,,,,,,true,,0000,0,,1446203750204047426,,0,Animal Battle Stats,,1446204139909550150,,,2025-12-29T20:41:43.189Z,,6710886,0,true,User,RamiNoodle733,true,🌐 Location,"Sugar Land, TX, US",,,,,,,,,,,,,,,,,,,2025-12-29T20:41:42.104000+00:00,👋 User Left Site,rich,0,,,false,,,,false,,,,,,,,,2025-12-29T20:41:43.189000+00:00,false,0,Animal Battle Stats,1446203750204047426
1455271743026626742,,,,,,true,,0000,0,,1446203750204047426,,0,Animal Battle Stats,,1446204139909550150,,,2025-12-29T18:50:21.179Z,,4491519,0,true,Visitor,RamiNoodle733,true,🌐 Location,"Sugar Land, TX, US",,,,,,,,,,,,,,,,,,,2025-12-29T18:50:20.708000+00:00,👀 Site Visit,rich,0,,,false,,,,false,,,,,,,,,2025-12-29T18:50:21.179000+00:00,false,0,Animal Battle Stats,1446203750204047426
1455271741558489098,,,,,,true,,0000,0,,1446203750204047426,,0,Animal Battle Stats,,1446204139909550150,,,2025-12-29T18:50:20.829Z,,6710886,0,true,User,RamiNoodle733,true,🌐 Location,"Sugar Land, TX, US",,,,,,,,,,,,,,,,,,,2025-12-29T18:50:19.662000+00:00,👋 User Left Site,rich,0,,,false,,,,false,,,,,,,,,2025-12-29T18:50:20.829000+00:00,false,0,Animal Battle Stats,1446203750204047426
1455267552979718265,,,,,,true,,0000,0,,1446203750204047426,,0,Animal Battle Stats,,1446204139909550150,,,2025-12-29T18:33:42.194Z,,4491519,0,true,Visitor,RamiNoodle733,true,🌐 Location,"Sugar Land, TX, US",,,,,,,,,,,,,,,,,,,2025-12-29T18:33:41.763000+00:00,👀 Site Visit,rich,0,,,false,,,,false,,,,,,,,,2025-12-29T18:33:42.194000+00:00,false,0,Animal Battle Stats,1446203750204047426
1455267551578820774,,,,,,true,,0000,0,,1446203750204047426,,0,Animal Battle Stats,,1446204139909550150,,,2025-12-29T18:33:41.860Z,,6710886,0,true,User,RamiNoodle733,true,🌐 Location,"Sugar Land, TX, US",,,,,,,,,,,,,,,,,,,2025-12-29T18:33:40.229000+00:00,👋 User Left Site,rich,0,,,false,,,,false,,,,,,,,,2025-12-29T18:33:41.860000+00:00,false,0,Animal Battle Stats,1446203750204047426
1455265113782223008,,,,,,true,,0000,0,,1446203750204047426,,0,Animal Battle Stats,,1446204139909550150,,,2025-12-29T18:24:00.644Z,,4491519,0,true,Visitor,RamiNoodle733,true,🌐 Location,"Sugar Land, TX, US",,,,,,,,,,,,,,,,,,,2025-12-29T18:24:00.076000+00:00,👀 Site Visit,rich,0,,,false,,,,false,,,,,,,,,2025-12-29T18:24:00.644000+00:00,false,0,Animal Battle Stats,1446203750204047426
1455265102126256322,,,,,,true,,0000,0,,1446203750204047426,,0,Animal Battle Stats,,1446204139909550150,,,2025-12-29T18:23:57.865Z,,6710886,0,true,User,RamiNoodle733,true,🌐 Location,"Sugar Land, TX, US",,,,,,,,,,,,,,,,,,,2025-12-29T18:23:51.450000+00:00,👋 User Left Site,rich,0,,,false,,,,false,,,,,,,,,2025-12-29T18:23:57.865000+00:00,false,0,Animal Battle Stats,1446203750204047426
1455176230524686495,,,,,,true,,0000,0,,1446203750204047426,,0,Animal Battle Stats,,1446204139909550150,,,2025-12-29T12:30:49.224Z,,4491519,0,true,Visitor,Anonymous,true,🌐 Location,"Sugar Land, TX, US",,,,,,,,,,,,,,,,,,,2025-12-29T12:30:48.816000+00:00,👀 Site Visit,rich,0,,,false,,,,false,,,,,,,,,2025-12-29T12:30:49.224000+00:00,false,0,Animal Battle Stats,1446203750204047426
1455176161494569054,,,,,,true,,0000,0,,1446203750204047426,,0,Animal Battle Stats,,1446204139909550150,,,2025-12-29T12:30:32.766Z,,4491519,0,true,Visitor,Anonymous,true,🌐 Location,"Sugar Land, TX, US",,,,,,,,,,,,,,,,,,,2025-12-29T12:30:32.409000+00:00,👀 Site Visit,rich,0,,,false,,,,false,,,,,,,,,2025-12-29T12:30:32.766000+00:00,false,0,Animal Battle Stats,1446203750204047426
1455176118071066655,,,,,,true,,0000,0,,1446203750204047426,,0,Animal Battle Stats,,1446204139909550150,,,2025-12-29T12:30:22.413Z,,4491519,0,true,Visitor,Anonymous,true,🌐 Location,"Sugar Land, TX, US",,,,,,,,,,,,,,,,,,,2025-12-29T12:30:21.862000+00:00,👀 Site Visit,rich,0,,,false,,,,false,,,,,,,,,2025-12-29T12:30:22.413000+00:00,false,0,Animal Battle Stats,1446203750204047426
1454947445451522304,,,,,,true,,0000,0,,1446203750204047426,,0,Animal Battle Stats,,1446204139909550150,,,2025-12-28T21:21:42.612Z,,6710886,0,true,User,RamiNoodle733,true,🌐 Location,"Sugar Land, TX, US",,,,,,,,,,,,,,,,,,,2025-12-28T21:19:52.586000+00:00,👋 User Left Site,rich,0,,,false,,,,false,,,,,,,,,2025-12-28T21:21:42.612000+00:00,false,0,Animal Battle Stats,1446203750204047426
1453938324434718824,,,,,,true,,0000,0,,1446203750204047426,,0,Animal Battle Stats,,1446204139909550150,,,2025-12-26T02:31:49.413Z,,16739072,0,false,Matchup,African Elephant vs Polar Bear,true,User,RamiNoodle733,true,🌐 Location,"Sugar Land, TX, US",,,,,,,,,,,,,,,,2025-12-26T02:31:48.896000+00:00,⚔️ Battle Comparison,rich,0,,,false,,,,false,,,,,,,,,2025-12-26T02:31:49.413000+00:00,false,0,Animal Battle Stats,1446203750204047426
1453936039746867291,,,,,,true,,0000,0,,1446203750204047426,,0,Animal Battle Stats,,1446204139909550150,,,2025-12-26T02:22:44.701Z,,16766720,0,true,User,RamiNoodle733,true,Bracket Size,16 animals,true,Total Matches,15,true,🏆 Champion,Bison,true,2nd Place,Stingray,true,3rd/4th Place,"Box Jellyfish, Musk Ox",false,Recent Matches,"Bison beat Gibbon
Box Jellyfish beat Anaconda
Musk Ox beat Elk
Musk Ox beat Elk
Stingray beat Cuttlefish
Bison beat Gila Monster
Box Jellyfish beat Musk Ox
Bison beat Stingray",true,🌐 Location,"Sugar Land, TX, US",2025-12-26T02:21:24.484000+00:00,🏆 Tournament Completed,rich,0,,,false,,,,false,,,,,,,,,2025-12-26T02:22:44.701000+00:00,false,0,Animal Battle Stats,1446203750204047426
1453935895010087037,,,,,,true,,0000,0,,1446203750204047426,,0,Animal Battle Stats,,1446204139909550150,,,2025-12-26T02:22:10.193Z,,16724838,0,true,User,RamiNoodle733,true,Animal,Praying Mantis,true,Vote,👎 Downvote,true,🌐 Location,"Sugar Land, TX, US",,,,,,,,,,,,,2025-12-26T02:22:09.550000+00:00,👎 New Vote,rich,0,,,false,,,,false,,,,,,,,,2025-12-26T02:22:10.193000+00:00,false,0,Animal Battle Stats,1446203750204047426
1453831821660782622,,,,,,true,,0000,0,,1446203750204047426,,0,Animal Battle Stats,,1446204139909550150,,,2025-12-25T19:28:37.173Z,,6710886,0,true,User,RamiNoodle733,true,🌐 Location,"Sugar Land, TX, US",,,,,,,,,,,,,,,,,,,2025-12-25T19:28:12.950000+00:00,👋 User Left Site,rich,0,,,false,,,,false,,,,,,,,,2025-12-25T19:28:37.173000+00:00,false,0,Animal Battle Stats,1446203750204047426
1453449908513275914,,,,,,true,,0000,0,,1446203750204047426,,0,Animal Battle Stats,,1446204139909550150,,,2025-12-24T18:11:01.983Z,,6710886,0,true,User,Anonymous,true,🌐 Location,"Phoenix, AZ, US",,,,,,,,,,,,,,,,,,,2025-12-24T18:11:00.344000+00:00,👋 User Left Site,rich,0,,,false,,,,false,,,,,,,,,2025-12-24T18:11:01.983000+00:00,false,0,Animal Battle Stats,1446203750204047426
1453449434590609561,,,,,,true,,0000,0,,1446203750204047426,,0,Animal Battle Stats,,1446204139909550150,,,2025-12-24T18:09:08.991Z,,4491519,0,true,Visitor,Anonymous,true,🌐 Location,"MN, US",,,,,,,,,,,,,,,,,,,2025-12-24T18:09:04.586000+00:00,👀 Site Visit,rich,0,,,false,,,,false,,,,,,,,,2025-12-24T18:09:08.991000+00:00,false,0,Animal Battle Stats,1446203750204047426
1453384050940186746,,,,,,true,,0000,0,,1446203750204047426,,0,Animal Battle Stats,,1446204139909550150,,,2025-12-24T13:49:20.314Z,,4491519,0,true,Visitor,RamiNoodle733,true,🌐 Location,"Sugar Land, TX, US",,,,,,,,,,,,,,,,,,,2025-12-24T13:49:19.407000+00:00,👀 Site Visit,rich,0,,,false,,,,false,,,,,,,,,2025-12-24T13:49:20.314000+00:00,false,0,Animal Battle Stats,1446203750204047426
1453384048088191026,,,,,,true,,0000,0,,1446203750204047426,,0,Animal Battle Stats,,1446204139909550150,,,2025-12-24T13:49:19.634Z,,6710886,0,true,User,Anonymous,true,🌐 Location,"Sugar Land, TX, US",,,,,,,,,,,,,,,,,,,2025-12-24T13:49:14.385000+00:00,👋 User Left Site,rich,0,,,false,,,,false,,,,,,,,,2025-12-24T13:49:19.634000+00:00,false,0,Animal Battle Stats,1446203750204047426
1453384013585580204,,,,,,true,,0000,0,,1446203750204047426,,0,Animal Battle Stats,,1446204139909550150,,,2025-12-24T13:49:11.408Z,,52326,0,true,Username,RamiNoodle733,true,🌐 Location,"Sugar Land, TX, US",,,,,,,,,,,,,,,,,,,2025-12-24T13:49:10.756000+00:00,🔓 User Login,rich,0,,,false,,,,false,,,,,,,,,2025-12-24T13:49:11.408000+00:00,false,0,Animal Battle Stats,1446203750204047426
1453383728222048349,,,,,,true,,0000,0,,1446203750204047426,,0,Animal Battle Stats,,1446204139909550150,,,2025-12-24T13:48:03.372Z,,6710886,0,true,User,RamiNoodle733,true,🌐 Location,"Sugar Land, TX, US",,,,,,,,,,,,,,,,,,,2025-12-24T13:47:30.862000+00:00,👋 User Left Site,rich,0,,,false,,,,false,,,,,,,,,2025-12-24T13:48:03.372000+00:00,false,0,Animal Battle Stats,1446203750204047426
1452874824752959508,,,,,,true,,0000,0,,1446203750204047426,,0,Animal Battle Stats,,1446204139909550150,,,2025-12-23T04:05:51.330Z,,4491519,0,true,Visitor,Anonymous,true,🌐 Location,"Ashburn, VA, US",,,,,,,,,,,,,,,,,,,2025-12-23T04:05:14.852000+00:00,👀 Site Visit,rich,0,,,false,,,,false,,,,,,,,,2025-12-23T04:05:51.330000+00:00,false,0,Animal Battle Stats,1446203750204047426
1452808675734454463,,,,,,true,,0000,0,,1446203750204047426,,0,Animal Battle Stats,,1446204139909550150,,,2025-12-22T23:43:00.175Z,,4491519,0,true,Visitor,Anonymous,true,🌐 Location,"San Jose, CA, US",,,,,,,,,,,,,,,,,,,2025-12-22T23:38:24.897000+00:00,👀 Site Visit,rich,0,,,false,,,,false,,,,,,,,,2025-12-22T23:43:00.175000+00:00,false,0,Animal Battle Stats,1446203750204047426
1452732273383313583,,,,,,true,,0000,0,,1446203750204047426,,0,Animal Battle Stats,,1446204139909550150,,,2025-12-22T18:39:24.435Z,,4491519,0,true,Visitor,RamiNoodle733,true,🌐 Location,"Sugar Land, TX, US",,,,,,,,,,,,,,,,,,,2025-12-22T18:39:23.989000+00:00,👀 Site Visit,rich,0,,,false,,,,false,,,,,,,,,2025-12-22T18:39:24.435000+00:00,false,0,Animal Battle Stats,1446203750204047426
1452732271399538750,,,,,,true,,0000,0,,1446203750204047426,,0,Animal Battle Stats,,1446204139909550150,,,2025-12-22T18:39:23.962Z,,6710886,0,true,User,RamiNoodle733,true,🌐 Location,"Sugar Land, TX, US",,,,,,,,,,,,,,,,,,,2025-12-22T18:39:21.487000+00:00,👋 User Left Site,rich,0,,,false,,,,false,,,,,,,,,2025-12-22T18:39:23.962000+00:00,false,0,Animal Battle Stats,1446203750204047426
1452723092228018416,,,,,,true,,0000,0,,1446203750204047426,,0,Animal Battle Stats,,1446204139909550150,,,2025-12-22T18:02:55.477Z,,4491519,0,true,Visitor,RamiNoodle733,true,🌐 Location,"Sugar Land, TX, US",,,,,,,,,,,,,,,,,,,2025-12-22T18:02:53.655000+00:00,👀 Site Visit,rich,0,,,false,,,,false,,,,,,,,,2025-12-22T18:02:55.477000+00:00,false,0,Animal Battle Stats,1446203750204047426
1452723085605212171,,,,,,true,,0000,0,,1446203750204047426,,0,Animal Battle Stats,,1446204139909550150,,,2025-12-22T18:02:53.898Z,,6710886,0,true,User,RamiNoodle733,true,🌐 Location,"Sugar Land, TX, US",,,,,,,,,,,,,,,,,,,2025-12-22T18:02:52.753000+00:00,👋 User Left Site,rich,0,,,false,,,,false,,,,,,,,,2025-12-22T18:02:53.898000+00:00,false,0,Animal Battle Stats,1446203750204047426
1452719137649463430,,,,,,true,,0000,0,,1446203750204047426,,0,Animal Battle Stats,,1446204139909550150,,,2025-12-22T17:47:12.632Z,,4491519,0,true,Visitor,RamiNoodle733,true,🌐 Location,"Sugar Land, TX, US",,,,,,,,,,,,,,,,,,,2025-12-22T17:47:12.197000+00:00,👀 Site Visit,rich,0,,,false,,,,false,,,,,,,,,2025-12-22T17:47:12.632000+00:00,false,0,Animal Battle Stats,1446203750204047426
1452719135086612594,,,,,,true,,0000,0,,1446203750204047426,,0,Animal Battle Stats,,1446204139909550150,,,2025-12-22T17:47:12.021Z,,6710886,0,true,User,RamiNoodle733,true,🌐 Location,"Sugar Land, TX, US",,,,,,,,,,,,,,,,,,,2025-12-22T17:47:10.628000+00:00,👋 User Left Site,rich,0,,,false,,,,false,,,,,,,,,2025-12-22T17:47:12.021000+00:00,false,0,Animal Battle Stats,1446203750204047426
1452719134805590179,,,,,,true,,0000,0,,1446203750204047426,,0,Animal Battle Stats,,1446204139909550150,,,2025-12-22T17:47:11.954Z,,4491519,0,true,Visitor,RamiNoodle733,true,🌐 Location,"Sugar Land, TX, US",,,,,,,,,,,,,,,,,,,2025-12-22T17:46:39.882000+00:00,👀 Site Visit,rich,0,,,false,,,,false,,,,,,,,,2025-12-22T17:47:11.954000+00:00,false,0,Animal Battle Stats,1446203750204047426
1452718959261650946,,,,,,true,,0000,0,,1446203750204047426,,0,Animal Battle Stats,,1446204139909550150,,,2025-12-22T17:46:30.101Z,,6710886,0,true,User,RamiNoodle733,true,🌐 Location,"Sugar Land, TX, US",,,,,,,,,,,,,,,,,,,2025-12-22T17:46:04.353000+00:00,👋 User Left Site,rich,0,,,false,,,,false,,,,,,,,,2025-12-22T17:46:30.101000+00:00,false,0,Animal Battle Stats,1446203750204047426
1452677416135819436,,,,,,true,,0000,0,,1446203750204047426,,0,Animal Battle Stats,,1446204139909550150,,,2025-12-22T15:01:25.448Z,,4491519,0,true,Visitor,Anonymous,true,🌐 Location,US,,,,,,,,,,,,,,,,,,,2025-12-22T15:01:25.072000+00:00,👀 Site Visit,rich,0,,,false,,,,false,,,,,,,,,2025-12-22T15:01:25.448000+00:00,false,0,Animal Battle Stats,1446203750204047426
1452677414877401098,,,,,,true,,0000,0,,1446203750204047426,,0,Animal Battle Stats,,1446204139909550150,,,2025-12-22T15:01:25.148Z,,4491519,0,true,Visitor,Anonymous,true,🌐 Location,"Santa Clara, CA, US",,,,,,,,,,,,,,,,,,,2025-12-22T15:00:39.160000+00:00,👀 Site Visit,rich,0,,,false,,,,false,,,,,,,,,2025-12-22T15:01:25.148000+00:00,false,0,Animal Battle Stats,1446203750204047426
1452650256750608565,,,,,,true,,0000,0,,1446203750204047426,,0,Animal Battle Stats,,1446204139909550150,,,2025-12-22T13:13:30.146Z,,5793266,0,true,User,RamiNoodle733,false,Message,test,true,🌐 Location,"Sugar Land, TX, US",,,,,,,,,,,,,,,,2025-12-22T13:13:29.450000+00:00,💬 General Chat Message,rich,0,,,false,,,,false,,,,,,,,,2025-12-22T13:13:30.146000+00:00,false,0,Animal Battle Stats,1446203750204047426
1452647943873232946,,,,,,true,,0000,0,,1446203750204047426,,0,Animal Battle Stats,,1446204139909550150,,,2025-12-22T13:04:18.713Z,,4491519,0,true,Visitor,RamiNoodle733,true,🌐 Location,"Sugar Land, TX, US",,,,,,,,,,,,,,,,,,,2025-12-22T13:04:18.224000+00:00,👀 Site Visit,rich,0,,,false,,,,false,,,,,,,,,2025-12-22T13:04:18.713000+00:00,false,0,Animal Battle Stats,1446203750204047426
1452647942103240867,,,,,,true,,0000,0,,1446203750204047426,,0,Animal Battle Stats,,1446204139909550150,,,2025-12-22T13:04:18.291Z,,6710886,0,true,User,RamiNoodle733,true,🌐 Location,"Sugar Land, TX, US",,,,,,,,,,,,,,,,,,,2025-12-22T13:04:14.800000+00:00,👋 User Left Site,rich,0,,,false,,,,false,,,,,,,,,2025-12-22T13:04:18.291000+00:00,false,0,Animal Battle Stats,1446203750204047426
1452550020929945612,,,,,,true,,0000,0,,1446203750204047426,,0,Animal Battle Stats,,1446204139909550150,,,2025-12-22T06:35:12.064Z,,4491519,0,true,Visitor,RamiNoodle733,true,🌐 Location,"Sugar Land, TX, US",,,,,,,,,,,,,,,,,,,2025-12-22T06:35:11.722000+00:00,👀 Site Visit,rich,0,,,false,,,,false,,,,,,,,,2025-12-22T06:35:12.064000+00:00,false,0,Animal Battle Stats,1446203750204047426
1452550020829282316,,,,,,true,,0000,0,,1446203750204047426,,0,Animal Battle Stats,,1446204139909550150,,,2025-12-22T06:35:12.040Z,,6710886,0,true,User,RamiNoodle733,true,🌐 Location,"Sugar Land, TX, US",,,,,,,,,,,,,,,,,,,2025-12-22T06:35:11.044000+00:00,👋 User Left Site,rich,0,,,false,,,,false,,,,,,,,,2025-12-22T06:35:12.040000+00:00,false,0,Animal Battle Stats,1446203750204047426
1452550020292411465,,,,,,true,,0000,0,,1446203750204047426,,0,Animal Battle Stats,,1446204139909550150,,,2025-12-22T06:35:11.912Z,,4491519,0,true,Visitor,RamiNoodle733,true,🌐 Location,"Sugar Land, TX, US",,,,,,,,,,,,,,,,,,,2025-12-22T06:34:00.254000+00:00,👀 Site Visit,rich,0,,,false,,,,false,,,,,,,,,2025-12-22T06:35:11.912000+00:00,false,0,Animal Battle Stats,1446203750204047426
1452546802791223406,,,,,,true,,0000,0,,1446203750204047426,,0,Animal Battle Stats,,1446204139909550150,,,2025-12-22T06:22:24.800Z,,6710886,0,true,User,RamiNoodle733,true,🌐 Location,"Sugar Land, TX, US",,,,,,,,,,,,,,,,,,,2025-12-22T06:22:20.097000+00:00,👋 User Left Site,rich,0,,,false,,,,false,,,,,,,,,2025-12-22T06:22:24.800000+00:00,false,0,Animal Battle Stats,1446203750204047426
1452497361199956112,,,,,,true,,0000,0,,1446203750204047426,,0,Animal Battle Stats,,1446204139909550150,,,2025-12-22T03:05:57.006Z,,4491519,0,true,Visitor,Anonymous,true,🌐 Location,"Minneapolis, MN, US",,,,,,,,,,,,,,,,,,,2025-12-22T03:05:56.575000+00:00,👀 Site Visit,rich,0,,,false,,,,false,,,,,,,,,2025-12-22T03:05:57.006000+00:00,false,0,Animal Battle Stats,1446203750204047426
1452496825486540830,,,,,,true,,0000,0,,1446203750204047426,,0,Animal Battle Stats,,1446204139909550150,,,2025-12-22T03:03:49.282Z,,6710886,0,true,User,Anonymous,true,🌐 Location,"Minneapolis, MN, US",,,,,,,,,,,,,,,,,,,2025-12-22T03:03:48.797000+00:00,👋 User Left Site,rich,0,,,false,,,,false,,,,,,,,,2025-12-22T03:03:49.282000+00:00,false,0,Animal Battle Stats,1446203750204047426
1452496825469767792,,,,,,true,,0000,0,,1446203750204047426,,0,Animal Battle Stats,,1446204139909550150,,,2025-12-22T03:03:49.278Z,,4491519,0,true,Visitor,Anonymous,true,🌐 Location,"Minneapolis, MN, US",,,,,,,,,,,,,,,,,,,2025-12-22T03:03:47.802000+00:00,👀 Site Visit,rich,0,,,false,,,,false,,,,,,,,,2025-12-22T03:03:49.278000+00:00,false,0,Animal Battle Stats,1446203750204047426
1452362129322672222,,,,,,true,,0000,0,,1446203750204047426,,0,Animal Battle Stats,,1446204139909550150,,,2025-12-21T18:08:35.214Z,,4491519,0,true,Visitor,RamiNoodle733,true,🌐 Location,"Sugar Land, TX, US",,,,,,,,,,,,,,,,,,,2025-12-21T18:08:34.652000+00:00,👀 Site Visit,rich,0,,,false,,,,false,,,,,,,,,2025-12-21T18:08:35.214000+00:00,false,0,Animal Battle Stats,1446203750204047426
1452362127670120609,,,,,,true,,0000,0,,1446203750204047426,,0,Animal Battle Stats,,1446204139909550150,,,2025-12-21T18:08:34.820Z,,6710886,0,true,User,RamiNoodle733,true,🌐 Location,"Sugar Land, TX, US",,,,,,,,,,,,,,,,,,,2025-12-21T18:08:30.380000+00:00,👋 User Left Site,rich,0,,,false,,,,false,,,,,,,,,2025-12-21T18:08:34.820000+00:00,false,0,Animal Battle Stats,1446203750204047426
1452358447701164238,,,,,,true,,0000,0,,1446203750204047426,,0,Animal Battle Stats,,1446204139909550150,,,2025-12-21T17:53:57.447Z,,6710886,0,true,User,RamiNoodle733,true,🌐 Location,"Sugar Land, TX, US",,,,,,,,,,,,,,,,,,,2025-12-21T17:53:55.381000+00:00,👋 User Left Site,rich,0,,,false,,,,false,,,,,,,,,2025-12-21T17:53:57.447000+00:00,false,0,Animal Battle Stats,1446203750204047426
1452358444601311295,,,,,,true,,0000,0,,1446203750204047426,,0,Animal Battle Stats,,1446204139909550150,,,2025-12-21T17:53:56.708Z,,4491519,0,true,Visitor,RamiNoodle733,true,🌐 Location,"Sugar Land, TX, US",,,,,,,,,,,,,,,,,,,2025-12-21T17:53:56.341000+00:00,👀 Site Visit,rich,0,,,false,,,,false,,,,,,,,,2025-12-21T17:53:56.708000+00:00,false,0,Animal Battle Stats,1446203750204047426
1452288698463813663,,,,,,true,,0000,0,,1446203750204047426,,0,Animal Battle Stats,,1446204139909550150,,,2025-12-21T13:16:47.933Z,,4491519,0,true,Visitor,Anonymous,true,🌐 Location,"Falkenstein, SN, DE",,,,,,,,,,,,,,,,,,,2025-12-21T13:16:47.376000+00:00,👀 Site Visit,rich,0,,,false,,,,false,,,,,,,,,2025-12-21T13:16:47.933000+00:00,false,0,Animal Battle Stats,1446203750204047426
1452288697491001407,,,,,,true,,0000,0,,1446203750204047426,,0,Animal Battle Stats,,1446204139909550150,,,2025-12-21T13:16:47.701Z,,4491519,0,true,Visitor,Anonymous,true,🌐 Location,"Falkenstein, SN, DE",,,,,,,,,,,,,,,,,,,2025-12-21T13:16:33.493000+00:00,👀 Site Visit,rich,0,,,false,,,,false,,,,,,,,,2025-12-21T13:16:47.701000+00:00,false,0,Animal Battle Stats,1446203750204047426
1452161397822590996,,,,,,true,,0000,0,,1446203750204047426,,0,Animal Battle Stats,,1446204139909550150,,,2025-12-21T04:50:57.095Z,,4491519,0,true,Visitor,Anonymous,true,🌐 Location,"Council Bluffs, IA, US",,,,,,,,,,,,,,,,,,,2025-12-21T04:50:56.679000+00:00,👀 Site Visit,rich,0,,,false,,,,false,,,,,,,,,2025-12-21T04:50:57.095000+00:00,false,0,Animal Battle Stats,1446203750204047426
1452161397092913324,,,,,,true,,0000,0,,1446203750204047426,,0,Animal Battle Stats,,1446204139909550150,,,2025-12-21T04:50:56.921Z,,4491519,0,true,Visitor,Anonymous,true,🌐 Location,"Council Bluffs, IA, US",,,,,,,,,,,,,,,,,,,2025-12-21T04:50:06.666000+00:00,👀 Site Visit,rich,0,,,false,,,,false,,,,,,,,,2025-12-21T04:50:56.921000+00:00,false,0,Animal Battle Stats,1446203750204047426
1451952608670519375,,,,,,true,,0000,0,,1446203750204047426,,0,Animal Battle Stats,,1446204139909550150,,,2025-12-20T15:01:17.882Z,,4491519,0,true,Visitor,Anonymous,true,🌐 Location,"Dallas, TX, US",,,,,,,,,,,,,,,,,,,2025-12-20T15:01:17.432000+00:00,👀 Site Visit,rich,0,,,false,,,,false,,,,,,,,,2025-12-20T15:01:17.882000+00:00,false,0,Animal Battle Stats,1446203750204047426
1451952607965876325,,,,,,true,,0000,0,,1446203750204047426,,0,Animal Battle Stats,,1446204139909550150,,,2025-12-20T15:01:17.714Z,,4491519,0,true,Visitor,Anonymous,true,🌐 Location,"New York, NY, US",,,,,,,,,,,,,,,,,,,2025-12-20T15:00:43.646000+00:00,👀 Site Visit,rich,0,,,false,,,,false,,,,,,,,,2025-12-20T15:01:17.714000+00:00,false,0,Animal Battle Stats,1446203750204047426
1451677589180518483,,,,,,true,,0000,0,,1446203750204047426,,0,Animal Battle Stats,,1446204139909550150,,,2025-12-19T20:48:28.126Z,,4491519,0,true,Visitor,RamiNoodle733,true,🌐 Location,"Sugar Land, TX, US",,,,,,,,,,,,,,,,,,,2025-12-19T20:48:27.523000+00:00,👀 Site Visit,rich,0,,,false,,,,false,,,,,,,,,2025-12-19T20:48:28.126000+00:00,false,0,Animal Battle Stats,1446203750204047426
1451677587318378629,,,,,,true,,0000,0,,1446203750204047426,,0,Animal Battle Stats,,1446204139909550150,,,2025-12-19T20:48:27.682Z,,6710886,0,true,User,RamiNoodle733,true,🌐 Location,"Sugar Land, TX, US",,,,,,,,,,,,,,,,,,,2025-12-19T20:48:26.012000+00:00,👋 User Left Site,rich,0,,,false,,,,false,,,,,,,,,2025-12-19T20:48:27.682000+00:00,false,0,Animal Battle Stats,1446203750204047426
1451662465241972981,,,,,,true,,0000,0,,1446203750204047426,,0,Animal Battle Stats,,1446204139909550150,,,2025-12-19T19:48:22.298Z,,4491519,0,true,Visitor,RamiNoodle733,true,🌐 Location,"Sugar Land, TX, US",,,,,,,,,,,,,,,,,,,2025-12-19T19:48:21.814000+00:00,👀 Site Visit,rich,0,,,false,,,,false,,,,,,,,,2025-12-19T19:48:22.298000+00:00,false,0,Animal Battle Stats,1446203750204047426
1451662454076604621,,,,,,true,,0000,0,,1446203750204047426,,0,Animal Battle Stats,,1446204139909550150,,,2025-12-19T19:48:19.636Z,,6710886,0,true,User,RamiNoodle733,true,🌐 Location,"Sugar Land, TX, US",,,,,,,,,,,,,,,,,,,2025-12-19T19:48:19.184000+00:00,👋 User Left Site,rich,0,,,false,,,,false,,,,,,,,,2025-12-19T19:48:19.636000+00:00,false,0,Animal Battle Stats,1446203750204047426
1451662346614472716,,,,,,true,,0000,0,,1446203750204047426,,0,Animal Battle Stats,,1446204139909550150,,,2025-12-19T19:47:54.015Z,,4491519,0,true,Visitor,RamiNoodle733,true,🌐 Location,"Sugar Land, TX, US",,,,,,,,,,,,,,,,,,,2025-12-19T19:47:53.476000+00:00,👀 Site Visit,rich,0,,,false,,,,false,,,,,,,,,2025-12-19T19:47:54.015000+00:00,false,0,Animal Battle Stats,1446203750204047426
1451662336870973653,,,,,,true,,0000,0,,1446203750204047426,,0,Animal Battle Stats,,1446204139909550150,,,2025-12-19T19:47:51.692Z,,6710886,0,true,User,RamiNoodle733,true,🌐 Location,"Sugar Land, TX, US",,,,,,,,,,,,,,,,,,,2025-12-19T19:47:46.499000+00:00,👋 User Left Site,rich,0,,,false,,,,false,,,,,,,,,2025-12-19T19:47:51.692000+00:00,false,0,Animal Battle Stats,1446203750204047426
1451616007075397642,,,,,,true,,0000,0,,1446203750204047426,,0,Animal Battle Stats,,1446204139909550150,,,2025-12-19T16:43:45.808Z,,6710886,0,true,User,RamiNoodle733,true,🌐 Location,"Sugar Land, TX, US",,,,,,,,,,,,,,,,,,,2025-12-19T16:43:45.095000+00:00,👋 User Left Site,rich,0,,,false,,,,false,,,,,,,,,2025-12-19T16:43:45.808000+00:00,false,0,Animal Battle Stats,1446203750204047426
1451608927329321136,,,,,,true,,0000,0,,1446203750204047426,,0,Animal Battle Stats,,1446204139909550150,,,2025-12-19T16:15:37.865Z,,4491519,0,true,Visitor,Anonymous,true,🌐 Location,"Sugar Land, TX, US",,,,,,,,,,,,,,,,,,,2025-12-19T16:15:36.951000+00:00,👀 Site Visit,rich,0,,,false,,,,false,,,,,,,,,2025-12-19T16:15:37.865000+00:00,false,0,Animal Battle Stats,1446203750204047426
1451608924431056947,,,,,,true,,0000,0,,1446203750204047426,,0,Animal Battle Stats,,1446204139909550150,,,2025-12-19T16:15:37.174Z,,4491519,0,true,Visitor,RamiNoodle733,true,🌐 Location,"Sugar Land, TX, US",,,,,,,,,,,,,,,,,,,2025-12-19T16:14:08.894000+00:00,👀 Site Visit,rich,0,,,false,,,,false,,,,,,,,,2025-12-19T16:15:37.174000+00:00,false,0,Animal Battle Stats,1446203750204047426
1451590445594443849,,,,,,true,,0000,0,,1446203750204047426,,0,Animal Battle Stats,,1446204139909550150,,,2025-12-19T15:02:11.476Z,,4491519,0,true,Visitor,Anonymous,true,🌐 Location,"New York, NY, US",,,,,,,,,,,,,,,,,,,2025-12-19T15:01:17.508000+00:00,👀 Site Visit,rich,0,,,false,,,,false,,,,,,,,,2025-12-19T15:02:11.476000+00:00,false,0,Animal Battle Stats,1446203750204047426
1451517461038891018,,,,,,true,,0000,0,,1446203750204047426,,0,Animal Battle Stats,,1446204139909550150,,,2025-12-19T10:12:10.602Z,,4491519,0,true,Visitor,RamiNoodle733,true,🌐 Location,"Sugar Land, TX, US",,,,,,,,,,,,,,,,,,,2025-12-19T10:12:10.088000+00:00,👀 Site Visit,rich,0,,,false,,,,false,,,,,,,,,2025-12-19T10:12:10.602000+00:00,false,0,Animal Battle Stats,1446203750204047426
1451517460531646494,,,,,,true,,0000,0,,1446203750204047426,,0,Animal Battle Stats,,1446204139909550150,,,2025-12-19T10:12:10.481Z,,4491519,0,true,Visitor,RamiNoodle733,true,🌐 Location,"Sugar Land, TX, US",,,,,,,,,,,,,,,,,,,2025-12-19T10:12:01.641000+00:00,👀 Site Visit,rich,0,,,false,,,,false,,,,,,,,,2025-12-19T10:12:10.481000+00:00,false,0,Animal Battle Stats,1446203750204047426
1451451578560286773,,,,,,true,,0000,0,,1446203750204047426,,0,Animal Battle Stats,,1446204139909550150,,,2025-12-19T05:50:22.995Z,,4491519,0,true,Visitor,RamiNoodle733,true,🌐 Location,"Sugar Land, TX, US",,,,,,,,,,,,,,,,,,,2025-12-19T05:50:22.441000+00:00,👀 Site Visit,rich,0,,,false,,,,false,,,,,,,,,2025-12-19T05:50:22.995000+00:00,false,0,Animal Battle Stats,1446203750204047426
1451450438615433250,,,,,,true,,0000,0,,1446203750204047426,,0,Animal Battle Stats,,1446204139909550150,,,2025-12-19T05:45:51.211Z,,4491519,0,true,Visitor,Anonymous,true,🌐 Location,"Sugar Land, TX, US",,,,,,,,,,,,,,,,,,,2025-12-19T05:45:50.857000+00:00,👀 Site Visit,rich,0,,,false,,,,false,,,,,,,,,2025-12-19T05:45:51.211000+00:00,false,0,Animal Battle Stats,1446203750204047426
1451450286500483184,,,,,,true,,0000,0,,1446203750204047426,,0,Animal Battle Stats,,1446204139909550150,,,2025-12-19T05:45:14.944Z,,4491519,0,true,Visitor,Anonymous,true,🌐 Location,"Sugar Land, TX, US",,,,,,,,,,,,,,,,,,,2025-12-19T05:45:14.534000+00:00,👀 Site Visit,rich,0,,,false,,,,false,,,,,,,,,2025-12-19T05:45:14.944000+00:00,false,0,Animal Battle Stats,1446203750204047426
1451450180871393300,,,,,,true,,0000,0,,1446203750204047426,,0,Animal Battle Stats,,1446204139909550150,,,2025-12-19T05:44:49.760Z,,4491519,0,true,Visitor,Anonymous,true,🌐 Location,"Falkenstein, SN, DE",,,,,,,,,,,,,,,,,,,2025-12-19T05:44:49.366000+00:00,👀 Site Visit,rich,0,,,false,,,,false,,,,,,,,,2025-12-19T05:44:49.760000+00:00,false,0,Animal Battle Stats,1446203750204047426
1451450104325210173,,,,,,true,,0000,0,,1446203750204047426,,0,Animal Battle Stats,,1446204139909550150,,,2025-12-19T05:44:31.510Z,,4491519,0,true,Visitor,Anonymous,true,🌐 Location,"Sugar Land, TX, US",,,,,,,,,,,,,,,,,,,2025-12-19T05:44:31.004000+00:00,👀 Site Visit,rich,0,,,false,,,,false,,,,,,,,,2025-12-19T05:44:31.510000+00:00,false,0,Animal Battle Stats,1446203750204047426
1451450103238889586,,,,,,true,,0000,0,,1446203750204047426,,0,Animal Battle Stats,,1446204139909550150,,,2025-12-19T05:44:31.251Z,,4491519,0,true,Visitor,Anonymous,true,🌐 Location,"Falkenstein, SN, DE",,,,,,,,,,,,,,,,,,,2025-12-19T05:44:16.848000+00:00,👀 Site Visit,rich,0,,,false,,,,false,,,,,,,,,2025-12-19T05:44:31.251000+00:00,false,0,Animal Battle Stats,1446203750204047426
1451450042127749162,,,,,,true,,0000,0,,1446203750204047426,,0,Animal Battle Stats,,1446204139909550150,,,2025-12-19T05:44:16.681Z,,6710886,0,true,User,RamiNoodle733,true,🌐 Location,"Sugar Land, TX, US",,,,,,,,,,,,,,,,,,,2025-12-19T05:42:51.113000+00:00,👋 User Left Site,rich,0,,,false,,,,false,,,,,,,,,2025-12-19T05:44:16.681000+00:00,false,0,Animal Battle Stats,1446203750204047426
1451448172504416368,,,,,,true,,0000,0,,1446203750204047426,,0,Animal Battle Stats,,1446204139909550150,,,2025-12-19T05:36:50.928Z,,4491519,0,true,Visitor,Anonymous,true,🌐 Location,"Sugar Land, TX, US",,,,,,,,,,,,,,,,,,,2025-12-19T05:36:50.533000+00:00,👀 Site Visit,rich,0,,,false,,,,false,,,,,,,,,2025-12-19T05:36:50.928000+00:00,false,0,Animal Battle Stats,1446203750204047426
1451447721247510548,,,,,,true,,0000,0,,1446203750204047426,,0,Animal Battle Stats,,1446204139909550150,,,2025-12-19T05:35:03.340Z,,6710886,0,true,User,Anonymous,true,🌐 Location,"Houston, TX, US",,,,,,,,,,,,,,,,,,,2025-12-19T05:35:02.922000+00:00,👋 User Left Site,rich,0,,,false,,,,false,,,,,,,,,2025-12-19T05:35:03.340000+00:00,false,0,Animal Battle Stats,1446203750204047426
1451447634593189901,,,,,,true,,0000,0,,1446203750204047426,,0,Animal Battle Stats,,1446204139909550150,,,2025-12-19T05:34:42.680Z,,16739072,0,false,Matchup,Hippopotamus vs African Lion,true,User,yllw_tertilla,true,🌐 Location,"Houston, TX, US",,,,,,,,,,,,,,,,2025-12-19T05:34:42.317000+00:00,⚔️ Battle Comparison,rich,0,,,false,,,,false,,,,,,,,,2025-12-19T05:34:42.680000+00:00,false,0,Animal Battle Stats,1446203750204047426
1451447541982822430,,,,,,true,,0000,0,,1446203750204047426,,0,Animal Battle Stats,,1446204139909550150,,,2025-12-19T05:34:20.600Z,,16739072,0,false,Matchup,Hippopotamus vs Blue Whale,true,User,yllw_tertilla,true,🌐 Location,"Houston, TX, US",,,,,,,,,,,,,,,,2025-12-19T05:34:20.228000+00:00,⚔️ Battle Comparison,rich,0,,,false,,,,false,,,,,,,,,2025-12-19T05:34:20.600000+00:00,false,0,Animal Battle Stats,1446203750204047426
1451447497414410433,,,,,,true,,0000,0,,1446203750204047426,,0,Animal Battle Stats,,1446204139909550150,,,2025-12-19T05:34:09.974Z,,16739072,0,false,Matchup,Capuchin Monkey vs Fennec Fox,true,User,yllw_tertilla,true,🌐 Location,"Houston, TX, US",,,,,,,,,,,,,,,,2025-12-19T05:34:09.590000+00:00,⚔️ Battle Comparison,rich,0,,,false,,,,false,,,,,,,,,2025-12-19T05:34:09.974000+00:00,false,0,Animal Battle Stats,1446203750204047426
1451447317801603187,,,,,,true,,0000,0,,1446203750204047426,,0,Animal Battle Stats,,1446204139909550150,,,2025-12-19T05:33:27.151Z,,46296,0,true,User,yllw_tertilla,true,Replying To,RamiNoodle733,true,Target,Kangaroo,false,Reply,cangoeroo wins that fight for sure,true,🌐 Location,"Houston, TX, US",,,,,,,,,,2025-12-19T05:33:26.704000+00:00,↩️ Comment Reply,rich,0,,,false,,,,false,,,,,,,,,2025-12-19T05:33:27.151000+00:00,false,0,Animal Battle Stats,1446203750204047426
1451447298231111820,,,,,,true,,0000,0,,1446203750204047426,,0,Animal Battle Stats,,1446204139909550150,,,2025-12-19T05:33:22.485Z,,16729156,0,true,User,yllw_tertilla,true,Target,Kangaroo,false,Comment,cangoeroo wins that fight for sure,true,🌐 Location,"Houston, TX, US",,,,,,,,,,,,,2025-12-19T05:33:22.055000+00:00,🗑️ Comment Deleted,rich,0,,,false,,,,false,,,,,,,,,2025-12-19T05:33:22.485000+00:00,false,0,Animal Battle Stats,1446203750204047426
1451447253012185229,,,,,,true,,0000,0,,1446203750204047426,,0,Animal Battle Stats,,1446204139909550150,,,2025-12-19T05:33:11.704Z,,54527,0,true,User,yllw_tertilla,true,Target,Kangaroo,false,Comment,cangoeroo wins that fight for sure,true,🌐 Location,"Houston, TX, US",,,,,,,,,,,,,2025-12-19T05:33:11.216000+00:00,💬 New Comment,rich,0,,,false,,,,false,,,,,,,,,2025-12-19T05:33:11.704000+00:00,false,0,Animal Battle Stats,1446203750204047426
1451447106954068203,,,,,,true,,0000,0,,1446203750204047426,,0,Animal Battle Stats,,1446204139909550150,,,2025-12-19T05:32:36.881Z,,10053375,0,true,Username,yllw_tertilla,true,🌐 Location,"Houston, TX, US",,,,,,,,,,,,,,,,,,,2025-12-19T05:32:32.344000+00:00,🎉 New User Signup,rich,0,,,false,,,,false,,,,,,,,,2025-12-19T05:32:36.881000+00:00,false,0,Animal Battle Stats,1446203750204047426
1451447106211545119,,,,,,true,,0000,0,,1446203750204047426,,0,Animal Battle Stats,,1446204139909550150,,,2025-12-19T05:32:36.704Z,,65416,0,true,User,yllw_tertilla,true,Animal,Megalodon,true,Vote,👍 Upvote,true,🌐 Location,"Houston, TX, US",,,,,,,,,,,,,2025-12-19T05:32:36.207000+00:00,👍 New Vote,rich,0,,,false,,,,false,,,,,,,,,2025-12-19T05:32:36.704000+00:00,false,0,Animal Battle Stats,1446203750204047426
1451447047180779640,,,,,,true,,0000,0,,1446203750204047426,,0,Animal Battle Stats,,1446204139909550150,,,2025-12-19T05:32:22.630Z,,4491519,0,true,Visitor,Anonymous,true,🌐 Location,"VT, US",,,,,,,,,,,,,,,,,,,2025-12-19T05:32:22.192000+00:00,👀 Site Visit,rich,0,,,false,,,,false,,,,,,,,,2025-12-19T05:32:22.630000+00:00,false,0,Animal Battle Stats,1446203750204047426
1451447044408344680,,,,,,true,,0000,0,,1446203750204047426,,0,Animal Battle Stats,,1446204139909550150,,,2025-12-19T05:32:21.969Z,,4491519,0,true,Visitor,Anonymous,true,🌐 Location,"Houston, TX, US",,,,,,,,,,,,,,,,,,,2025-12-19T05:27:35.861000+00:00,👀 Site Visit,rich,0,,,false,,,,false,,,,,,,,,2025-12-19T05:32:21.969000+00:00,false,0,Animal Battle Stats,1446203750204047426
1451446316025511996,,,,,,true,,0000,0,,1446203750204047426,,0,Animal Battle Stats,,1446204139909550150,,,2025-12-19T05:29:28.309Z,,16739072,0,false,Matchup,Capuchin Monkey vs Fennec Fox,true,User,Anonymous,true,🌐 Location,"Houston, TX, US",,,,,,,,,,,,,,,,2025-12-19T05:29:27.798000+00:00,⚔️ Battle Comparison,rich,0,,,false,,,,false,,,,,,,,,2025-12-19T05:29:28.309000+00:00,false,0,Animal Battle Stats,1446203750204047426
1451446296371007552,,,,,,true,,0000,0,,1446203750204047426,,0,Animal Battle Stats,,1446204139909550150,,,2025-12-19T05:29:23.623Z,,16739072,0,false,Matchup,Capuchin Monkey vs Fennec Fox,true,User,Anonymous,true,🌐 Location,"Houston, TX, US",,,,,,,,,,,,,,,,2025-12-19T05:29:23.065000+00:00,⚔️ Battle Comparison,rich,0,,,false,,,,false,,,,,,,,,2025-12-19T05:29:23.623000+00:00,false,0,Animal Battle Stats,1446203750204047426
1451314099379114137,,,,,,true,,0000,0,,1446203750204047426,,0,Animal Battle Stats,,1446204139909550150,,,2025-12-18T20:44:05.404Z,,4491519,0,true,Visitor,RamiNoodle733,true,🌐 Location,"Sugar Land, TX, US",,,,,,,,,,,,,,,,,,,2025-12-18T20:44:04.824000+00:00,👀 Site Visit,rich,0,,,false,,,,false,,,,,,,,,2025-12-18T20:44:05.404000+00:00,false,0,Animal Battle Stats,1446203750204047426
1451314095071694878,,,,,,true,,0000,0,,1446203750204047426,,0,Animal Battle Stats,,1446204139909550150,,,2025-12-18T20:44:04.377Z,,6710886,0,true,User,RamiNoodle733,true,🌐 Location,"Sugar Land, TX, US",,,,,,,,,,,,,,,,,,,2025-12-18T20:43:59.933000+00:00,👋 User Left Site,rich,0,,,false,,,,false,,,,,,,,,2025-12-18T20:44:04.377000+00:00,false,0,Animal Battle Stats,1446203750204047426
1451298401974096086,,,,,,true,,0000,0,,1446203750204047426,,0,Animal Battle Stats,,1446204139909550150,,,2025-12-18T19:41:42.851Z,,16724838,0,true,User,RamiNoodle733,true,Animal,Warthog,true,Vote,👎 Downvote,true,🌐 Location,"Sugar Land, TX, US",,,,,,,,,,,,,2025-12-18T19:41:31.418000+00:00,👎 New Vote,rich,0,,,false,,,,false,,,,,,,,,2025-12-18T19:41:42.851000+00:00,false,0,Animal Battle Stats,1446203750204047426
1451298400917000282,,,,,,true,,0000,0,,1446203750204047426,,0,Animal Battle Stats,,1446204139909550150,,,2025-12-18T19:41:42.599Z,,4491519,0,true,Visitor,RamiNoodle733,true,🌐 Location,"Sugar Land, TX, US",,,,,,,,,,,,,,,,,,,2025-12-18T19:41:41.919000+00:00,👀 Site Visit,rich,0,,,false,,,,false,,,,,,,,,2025-12-18T19:41:42.599000+00:00,false,0,Animal Battle Stats,1446203750204047426
1451298387977830463,,,,,,true,,0000,0,,1446203750204047426,,0,Animal Battle Stats,,1446204139909550150,,,2025-12-18T19:41:39.514Z,,6710886,0,true,User,RamiNoodle733,true,🌐 Location,"Sugar Land, TX, US",,,,,,,,,,,,,,,,,,,2025-12-18T19:41:39.140000+00:00,👋 User Left Site,rich,0,,,false,,,,false,,,,,,,,,2025-12-18T19:41:39.514000+00:00,false,0,Animal Battle Stats,1446203750204047426
1451298230871654623,,,,,,true,,0000,0,,1446203750204047426,,0,Animal Battle Stats,,1446204139909550150,,,2025-12-18T19:41:02.057Z,,16737095,0,true,User,RamiNoodle733,true,Bracket Size,32 animals,true,Matches Completed,25/31,true,Progress,81%,false,Votes Made,"Black Rhinoceros beat Leatherback Sea Turtle
Mountain Goat beat Dragonfly
Coyote beat Skunk
Camel beat Sugar Glider
Moose beat Piranha
Black Bear beat Orangutan
African Lion beat Clouded Leopard
Elk beat Quokka
Donkey beat Green Anaconda
Caracal beat Emu
Harpy Eagle beat Iguana
Dhole beat Impala
Red Fox beat Gaboon Viper
Bull Shark beat Chimpanzee
Gorilla beat Manatee
Grizzly Bear beat Gibbon
Black Rhinoceros beat Mountain Goat
Coyote beat Camel
Black Bear beat Moose
African Lion beat Elk
Caracal beat Donkey
Dhole beat Harpy Eagle
Bull Shark beat Red Fox
Grizzly Bear beat Gorilla
Black Rhinoceros beat Coyote",true,🌐 Location,"Sugar Land, TX, US",,,,,,,2025-12-18T19:36:48.200000+00:00,🚪 Tournament Quit,rich,0,,,false,,,,false,,,,,,,,,2025-12-18T19:41:02.057000+00:00,false,0,Animal Battle Stats,1446203750204047426
1451298190941880333,,,,,,true,,0000,0,,1446203750204047426,,0,Animal Battle Stats,,1446204139909550150,,,2025-12-18T19:40:52.537Z,,4491519,0,true,Visitor,RamiNoodle733,true,🌐 Location,"Sugar Land, TX, US",,,,,,,,,,,,,,,,,,,2025-12-18T19:40:52.162000+00:00,👀 Site Visit,rich,0,,,false,,,,false,,,,,,,,,2025-12-18T19:40:52.537000+00:00,false,0,Animal Battle Stats,1446203750204047426
1451298101313671305,,,,,,true,,0000,0,,1446203750204047426,,0,Animal Battle Stats,,1446204139909550150,,,2025-12-18T19:40:31.168Z,,4491519,0,true,Visitor,RamiNoodle733,true,🌐 Location,"Sugar Land, TX, US",,,,,,,,,,,,,,,,,,,2025-12-18T19:40:30.763000+00:00,👀 Site Visit,rich,0,,,false,,,,false,,,,,,,,,2025-12-18T19:40:31.168000+00:00,false,0,Animal Battle Stats,1446203750204047426
1451298099590074590,,,,,,true,,0000,0,,1446203750204047426,,0,Animal Battle Stats,,1446204139909550150,,,2025-12-18T19:40:30.757Z,,6710886,0,true,User,RamiNoodle733,true,🌐 Location,"Sugar Land, TX, US",,,,,,,,,,,,,,,,,,,2025-12-18T19:37:54.799000+00:00,👋 User Left Site,rich,0,,,false,,,,false,,,,,,,,,2025-12-18T19:40:30.757000+00:00,false,0,Animal Battle Stats,1446203750204047426
1451292955892646061,,,,,,true,,0000,0,,1446203750204047426,,0,Animal Battle Stats,,1446204139909550150,,,2025-12-18T19:20:04.404Z,,16766720,0,true,User,RamiNoodle733,true,Bracket Size,8 animals,true,Total Matches,7,true,🏆 Champion,Gray Wolf,true,2nd Place,Black Bear,true,3rd/4th Place,"Emu, Secretary Bird",false,Recent Matches,"Gray Wolf beat Kangaroo
Secretary Bird beat Otter
Black Bear beat Zebra
Emu beat Ocelot
Gray Wolf beat Secretary Bird
Black Bear beat Emu
Gray Wolf beat Black Bear",true,🌐 Location,"Sugar Land, TX, US",2025-12-18T19:15:35.721000+00:00,🏆 Tournament Completed,rich,0,,,false,,,,false,,,,,,,,,2025-12-18T19:20:04.404000+00:00,false,0,Animal Battle Stats,1446203750204047426
1451291445628768420,,,,,,true,,0000,0,,1446203750204047426,,0,Animal Battle Stats,,1446204139909550150,,,2025-12-18T19:14:04.329Z,,4491519,0,true,Visitor,RamiNoodle733,true,🌐 Location,"Sugar Land, TX, US",,,,,,,,,,,,,,,,,,,2025-12-18T19:14:03.734000+00:00,👀 Site Visit,rich,0,,,false,,,,false,,,,,,,,,2025-12-18T19:14:04.329000+00:00,false,0,Animal Battle Stats,1446203750204047426
1451291444001374299,,,,,,true,,0000,0,,1446203750204047426,,0,Animal Battle Stats,,1446204139909550150,,,2025-12-18T19:14:03.941Z,,4491519,0,true,Visitor,RamiNoodle733,true,🌐 Location,"Sugar Land, TX, US",,,,,,,,,,,,,,,,,,,2025-12-18T19:13:44.068000+00:00,👀 Site Visit,rich,0,,,false,,,,false,,,,,,,,,2025-12-18T19:14:03.941000+00:00,false,0,Animal Battle Stats,1446203750204047426
1451291443611308082,,,,,,true,,0000,0,,1446203750204047426,,0,Animal Battle Stats,,1446204139909550150,,,2025-12-18T19:14:03.848Z,,6710886,0,true,User,RamiNoodle733,true,🌐 Location,"Sugar Land, TX, US",,,,,,,,,,,,,,,,,,,2025-12-18T19:14:00.789000+00:00,👋 User Left Site,rich,0,,,false,,,,false,,,,,,,,,2025-12-18T19:14:03.848000+00:00,false,0,Animal Battle Stats,1446203750204047426
1451291344621539532,,,,,,true,,0000,0,,1446203750204047426,,0,Animal Battle Stats,,1446204139909550150,,,2025-12-18T19:13:40.247Z,,6710886,0,true,User,RamiNoodle733,true,🌐 Location,"Sugar Land, TX, US",,,,,,,,,,,,,,,,,,,2025-12-18T19:13:36.804000+00:00,👋 User Left Site,rich,0,,,false,,,,false,,,,,,,,,2025-12-18T19:13:40.247000+00:00,false,0,Animal Battle Stats,1446203750204047426
1451283219793313805,,,,,,true,,0000,0,,1446203750204047426,,0,Animal Battle Stats,,1446204139909550150,,,2025-12-18T18:41:23.137Z,,4491519,0,true,Visitor,RamiNoodle733,true,🌐 Location,"Sugar Land, TX, US",,,,,,,,,,,,,,,,,,,2025-12-18T18:41:22.739000+00:00,👀 Site Visit,rich,0,,,false,,,,false,,,,,,,,,2025-12-18T18:41:23.137000+00:00,false,0,Animal Battle Stats,1446203750204047426
1451283218471850128,,,,,,true,,0000,0,,1446203750204047426,,0,Animal Battle Stats,,1446204139909550150,,,2025-12-18T18:41:22.822Z,,4491519,0,true,Visitor,Anonymous,true,🌐 Location,US,,,,,,,,,,,,,,,,,,,2025-12-18T18:39:28.749000+00:00,👀 Site Visit,rich,0,,,false,,,,false,,,,,,,,,2025-12-18T18:41:22.822000+00:00,false,0,Animal Battle Stats,1446203750204047426
1451223145926103123,,,,,,true,,0000,0,,1446203750204047426,,0,Animal Battle Stats,,1446204139909550150,,,2025-12-18T14:42:40.411Z,,16737095,0,true,User,RamiNoodle733,true,Bracket Size,8 animals,true,Matches Completed,1/7,true,Progress,14%,false,Votes Made,African Wild Dog beat Reindeer,true,🌐 Location,"Sugar Land, TX, US",,,,,,,2025-12-18T14:42:12.999000+00:00,🚪 Tournament Quit,rich,0,,,false,,,,false,,,,,,,,,2025-12-18T14:42:40.411000+00:00,false,0,Animal Battle Stats,1446203750204047426
1451222271497601264,,,,,,true,,0000,0,,1446203750204047426,,0,Animal Battle Stats,,1446204139909550150,,,2025-12-18T14:39:11.931Z,,4491519,0,true,Visitor,RamiNoodle733,true,🌐 Location,"Sugar Land, TX, US",,,,,,,,,,,,,,,,,,,2025-12-18T14:39:11.435000+00:00,👀 Site Visit,rich,0,,,false,,,,false,,,,,,,,,2025-12-18T14:39:11.931000+00:00,false,0,Animal Battle Stats,1446203750204047426
1451222269530603762,,,,,,true,,0000,0,,1446203750204047426,,0,Animal Battle Stats,,1446204139909550150,,,2025-12-18T14:39:11.462Z,,6710886,0,true,User,RamiNoodle733,true,🌐 Location,"Sugar Land, TX, US",,,,,,,,,,,,,,,,,,,2025-12-18T14:39:09.154000+00:00,👋 User Left Site,rich,0,,,false,,,,false,,,,,,,,,2025-12-18T14:39:11.462000+00:00,false,0,Animal Battle Stats,1446203750204047426
1451222163859439710,,,,,,true,,0000,0,,1446203750204047426,,0,Animal Battle Stats,,1446204139909550150,,,2025-12-18T14:38:46.268Z,,4491519,0,true,Visitor,RamiNoodle733,true,🌐 Location,"Sugar Land, TX, US",,,,,,,,,,,,,,,,,,,2025-12-18T14:38:45.806000+00:00,👀 Site Visit,rich,0,,,false,,,,false,,,,,,,,,2025-12-18T14:38:46.268000+00:00,false,0,Animal Battle Stats,1446203750204047426
1451222162521198662,,,,,,true,,0000,0,,1446203750204047426,,0,Animal Battle Stats,,1446204139909550150,,,2025-12-18T14:38:45.949Z,,6710886,0,true,User,RamiNoodle733,true,🌐 Location,"Sugar Land, TX, US",,,,,,,,,,,,,,,,,,,2025-12-18T14:38:43.519000+00:00,👋 User Left Site,rich,0,,,false,,,,false,,,,,,,,,2025-12-18T14:38:45.949000+00:00,false,0,Animal Battle Stats,1446203750204047426
1451215108268363935,,,,,,true,,0000,0,,1446203750204047426,,0,Animal Battle Stats,,1446204139909550150,,,2025-12-18T14:10:44.084Z,,4491519,0,true,Visitor,RamiNoodle733,true,🌐 Location,"Sugar Land, TX, US",,,,,,,,,,,,,,,,,,,2025-12-18T14:10:43.660000+00:00,👀 Site Visit,rich,0,,,false,,,,false,,,,,,,,,2025-12-18T14:10:44.084000+00:00,false,0,Animal Battle Stats,1446203750204047426
1451215107001422029,,,,,,true,,0000,0,,1446203750204047426,,0,Animal Battle Stats,,1446204139909550150,,,2025-12-18T14:10:43.782Z,,6710886,0,true,User,RamiNoodle733,true,🌐 Location,"Sugar Land, TX, US",,,,,,,,,,,,,,,,,,,2025-12-18T14:10:42.765000+00:00,👋 User Left Site,rich,0,,,false,,,,false,,,,,,,,,2025-12-18T14:10:43.782000+00:00,false,0,Animal Battle Stats,1446203750204047426
1451082573781667960,,,,,,true,,0000,0,,1446203750204047426,,0,Animal Battle Stats,,1446204139909550150,,,2025-12-18T05:24:05.400Z,,4491519,0,true,Visitor,RamiNoodle733,true,🌐 Location,"Sugar Land, TX, US",,,,,,,,,,,,,,,,,,,2025-12-18T05:24:04.982000+00:00,👀 Site Visit,rich,0,,,false,,,,false,,,,,,,,,2025-12-18T05:24:05.400000+00:00,false,0,Animal Battle Stats,1446203750204047426
1451082573148327966,,,,,,true,,0000,0,,1446203750204047426,,0,Animal Battle Stats,,1446204139909550150,,,2025-12-18T05:24:05.249Z,,6710886,0,true,User,RamiNoodle733,true,🌐 Location,"Sugar Land, TX, US",,,,,,,,,,,,,,,,,,,2025-12-18T05:24:03.559000+00:00,👋 User Left Site,rich,0,,,false,,,,false,,,,,,,,,2025-12-18T05:24:05.249000+00:00,false,0,Animal Battle Stats,1446203750204047426
1451081149173600377,,,,,,true,,0000,0,,1446203750204047426,,0,Animal Battle Stats,,1446204139909550150,,,2025-12-18T05:18:25.747Z,,6710886,0,true,User,RamiNoodle733,true,🌐 Location,"Sugar Land, TX, US",,,,,,,,,,,,,,,,,,,2025-12-18T05:18:23.834000+00:00,👋 User Left Site,rich,0,,,false,,,,false,,,,,,,,,2025-12-18T05:18:25.747000+00:00,false,0,Animal Battle Stats,1446203750204047426
1451075127637708861,,,,,,true,,0000,0,,1446203750204047426,,0,Animal Battle Stats,,1446204139909550150,,,2025-12-18T04:54:30.101Z,,16737095,0,true,User,RamiNoodle733,true,Bracket Size,8 animals,true,Matches Completed,1/7,true,Progress,14%,false,Votes Made,Tiger Shark beat Beaver,true,🌐 Location,"Sugar Land, TX, US",,,,,,,2025-12-18T04:46:13.130000+00:00,🚪 Tournament Quit,rich,0,,,false,,,,false,,,,,,,,,2025-12-18T04:54:30.101000+00:00,false,0,Animal Battle Stats,1446203750204047426
1451072796322173040,,,,,,true,,0000,0,,1446203750204047426,,0,Animal Battle Stats,,1446204139909550150,,,2025-12-18T04:45:14.272Z,,4491519,0,true,Visitor,RamiNoodle733,true,🌐 Location,"Sugar Land, TX, US",,,,,,,,,,,,,,,,,,,2025-12-18T04:45:13.805000+00:00,👀 Site Visit,rich,0,,,false,,,,false,,,,,,,,,2025-12-18T04:45:14.272000+00:00,false,0,Animal Battle Stats,1446203750204047426
1451072794719686676,,,,,,true,,0000,0,,1446203750204047426,,0,Animal Battle Stats,,1446204139909550150,,,2025-12-18T04:45:13.890Z,,6710886,0,true,User,RamiNoodle733,true,🌐 Location,"Sugar Land, TX, US",,,,,,,,,,,,,,,,,,,2025-12-18T04:45:11.977000+00:00,👋 User Left Site,rich,0,,,false,,,,false,,,,,,,,,2025-12-18T04:45:13.890000+00:00,false,0,Animal Battle Stats,1446203750204047426
1451072794623348737,,,,,,true,,0000,0,,1446203750204047426,,0,Animal Battle Stats,,1446204139909550150,,,2025-12-18T04:45:13.867Z,,4491519,0,true,Visitor,RamiNoodle733,true,🌐 Location,"Sugar Land, TX, US",,,,,,,,,,,,,,,,,,,2025-12-18T04:45:03.365000+00:00,👀 Site Visit,rich,0,,,false,,,,false,,,,,,,,,2025-12-18T04:45:13.867000+00:00,false,0,Animal Battle Stats,1446203750204047426
1451068599413510218,,,,,,true,,0000,0,,1446203750204047426,,0,Animal Battle Stats,,1446204139909550150,,,2025-12-18T04:28:33.651Z,,6710886,0,true,User,RamiNoodle733,true,🌐 Location,"Sugar Land, TX, US",,,,,,,,,,,,,,,,,,,2025-12-18T04:28:33.103000+00:00,👋 User Left Site,rich,0,,,false,,,,false,,,,,,,,,2025-12-18T04:28:33.651000+00:00,false,0,Animal Battle Stats,1446203750204047426
1451068236732043286,,,,,,true,,0000,0,,1446203750204047426,,0,Animal Battle Stats,,1446204139909550150,,,2025-12-18T04:27:07.181Z,,4491519,0,true,Visitor,RamiNoodle733,true,🌐 Location,"Sugar Land, TX, US",,,,,,,,,,,,,,,,,,,2025-12-18T04:27:06.687000+00:00,👀 Site Visit,rich,0,,,false,,,,false,,,,,,,,,2025-12-18T04:27:07.181000+00:00,false,0,Animal Battle Stats,1446203750204047426
1451068235981262979,,,,,,true,,0000,0,,1446203750204047426,,0,Animal Battle Stats,,1446204139909550150,,,2025-12-18T04:27:07.002Z,,6710886,0,true,User,RamiNoodle733,true,🌐 Location,"Sugar Land, TX, US",,,,,,,,,,,,,,,,,,,2025-12-18T04:27:06.242000+00:00,👋 User Left Site,rich,0,,,false,,,,false,,,,,,,,,2025-12-18T04:27:07.002000+00:00,false,0,Animal Battle Stats,1446203750204047426
1451066542795264090,,,,,,true,,0000,0,,1446203750204047426,,0,Animal Battle Stats,,1446204139909550150,,,2025-12-18T04:20:23.315Z,,6710886,0,true,User,RamiNoodle733,true,🌐 Location,"Sugar Land, TX, US",,,,,,,,,,,,,,,,,,,2025-12-18T04:20:22.545000+00:00,👋 User Left Site,rich,0,,,false,,,,false,,,,,,,,,2025-12-18T04:20:23.315000+00:00,false,0,Animal Battle Stats,1446203750204047426
1451063946399322163,,,,,,true,,0000,0,,1446203750204047426,,0,Animal Battle Stats,,1446204139909550150,,,2025-12-18T04:10:04.286Z,,65416,0,true,User,RamiNoodle733,true,Animal,Gorilla,true,Vote,👍 Upvote,true,🌐 Location,"Sugar Land, TX, US",,,,,,,,,,,,,2025-12-18T04:10:03.979000+00:00,👍 New Vote,rich,0,,,false,,,,false,,,,,,,,,2025-12-18T04:10:04.286000+00:00,false,0,Animal Battle Stats,1446203750204047426
1451063940540010588,,,,,,true,,0000,0,,1446203750204047426,,0,Animal Battle Stats,,1446204139909550150,,,2025-12-18T04:10:02.889Z,,65416,0,true,User,RamiNoodle733,true,Animal,African Lion,true,Vote,👍 Upvote,true,🌐 Location,"Sugar Land, TX, US",,,,,,,,,,,,,2025-12-18T04:10:01.643000+00:00,👍 New Vote,rich,0,,,false,,,,false,,,,,,,,,2025-12-18T04:10:02.889000+00:00,false,0,Animal Battle Stats,1446203750204047426
1451063882322935940,,,,,,true,,0000,0,,1446203750204047426,,0,Animal Battle Stats,,1446204139909550150,,,2025-12-18T04:09:49.009Z,,65416,0,true,User,RamiNoodle733,true,Animal,Megalodon,true,Vote,👍 Upvote,true,🌐 Location,"Sugar Land, TX, US",,,,,,,,,,,,,2025-12-18T04:09:48.459000+00:00,👍 New Vote,rich,0,,,false,,,,false,,,,,,,,,2025-12-18T04:09:49.009000+00:00,false,0,Animal Battle Stats,1446203750204047426
1451044051817201674,,,,,,true,,0000,0,,1446203750204047426,,0,Animal Battle Stats,,1446204139909550150,,,2025-12-18T02:51:01.048Z,,65416,0,true,User,RamiNoodle733,true,Animal,Red-Eyed Tree Frog,true,Vote,👍 Upvote,true,🌐 Location,"Sugar Land, TX, US",,,,,,,,,,,,,2025-12-18T02:50:49.708000+00:00,👍 New Vote,rich,0,,,false,,,,false,,,,,,,,,2025-12-18T02:51:01.048000+00:00,false,0,Animal Battle Stats,1446203750204047426
1451043103245992059,,,,,,true,,0000,0,,1446203750204047426,,0,Animal Battle Stats,,1446204139909550150,,,2025-12-18T02:47:14.891Z,,4491519,0,true,Visitor,RamiNoodle733,true,🌐 Location,"Sugar Land, TX, US",,,,,,,,,,,,,,,,,,,2025-12-18T02:47:14.506000+00:00,👀 Site Visit,rich,0,,,false,,,,false,,,,,,,,,2025-12-18T02:47:14.891000+00:00,false,0,Animal Battle Stats,1446203750204047426
1451043101656219751,,,,,,true,,0000,0,,1446203750204047426,,0,Animal Battle Stats,,1446204139909550150,,,2025-12-18T02:47:14.512Z,,6710886,0,true,User,RamiNoodle733,true,🌐 Location,"Sugar Land, TX, US",,,,,,,,,,,,,,,,,,,2025-12-18T02:47:13.568000+00:00,👋 User Left Site,rich,0,,,false,,,,false,,,,,,,,,2025-12-18T02:47:14.512000+00:00,false,0,Animal Battle Stats,1446203750204047426
1451041872926474310,,,,,,true,,0000,0,,1446203750204047426,,0,Animal Battle Stats,,1446204139909550150,,,2025-12-18T02:42:21.560Z,,16766720,0,true,User,RamiNoodle733,true,Bracket Size,16 animals,true,Total Matches,15,true,🏆 Champion,Electric Eel,true,2nd Place,Orangutan,true,3rd/4th Place,"Warthog, Leopard",false,Recent Matches,"Alpaca beat Puffin
Leopard beat Porcupine
Electric Eel beat Monitor Lizard
Orangutan beat Sugar Glider
Warthog beat Alpaca
Electric Eel beat Leopard
Orangutan beat Warthog
Electric Eel beat Orangutan",true,🌐 Location,"Sugar Land, TX, US",2025-12-18T02:42:04.717000+00:00,🏆 Tournament Completed,rich,0,,,false,,,,false,,,,,,,,,2025-12-18T02:42:21.560000+00:00,false,0,Animal Battle Stats,1446203750204047426
1451041549725995008,,,,,,true,,0000,0,,1446203750204047426,,0,Animal Battle Stats,,1446204139909550150,,,2025-12-18T02:41:04.503Z,,6710886,0,true,User,RamiNoodle733,true,🌐 Location,"Sugar Land, TX, US",,,,,,,,,,,,,,,,,,,2025-12-18T02:41:04.005000+00:00,👋 User Left Site,rich,0,,,false,,,,false,,,,,,,,,2025-12-18T02:41:04.503000+00:00,false,0,Animal Battle Stats,1446203750204047426
1451041394188746762,,,,,,true,,0000,0,,1446203750204047426,,0,Animal Battle Stats,,1446204139909550150,,,2025-12-18T02:40:27.420Z,,16766720,0,true,User,RamiNoodle733,true,Bracket Size,16 animals,true,Total Matches,15,true,🏆 Champion,Grizzly Bear,true,2nd Place,Tiger Shark,true,3rd/4th Place,"Bobcat, Clouded Leopard",false,Recent Matches,"Tiger Shark beat Zebra
Grizzly Bear beat Yak
Clouded Leopard beat Reindeer
Bobcat beat Stork
Tiger Shark beat Gila Monster
Grizzly Bear beat Clouded Leopard
Tiger Shark beat Bobcat
Grizzly Bear beat Tiger Shark",true,🌐 Location,"Sugar Land, TX, US",2025-12-18T02:40:19.817000+00:00,🏆 Tournament Completed,rich,0,,,false,,,,false,,,,,,,,,2025-12-18T02:40:27.420000+00:00,false,0,Animal Battle Stats,1446203750204047426
1451040883620446342,,,,,,true,,0000,0,,1446203750204047426,,0,Animal Battle Stats,,1446204139909550150,,,2025-12-18T02:38:25.691Z,,16766720,0,true,User,RamiNoodle733,true,Bracket Size,8 animals,true,Total Matches,7,true,🏆 Champion,Black Rhinoceros,true,2nd Place,Hammerhead Shark,true,3rd/4th Place,"Otter, Maned Wolf",false,Recent Matches,"Maned Wolf beat Black Widow
Black Rhinoceros beat Wallaby
Hammerhead Shark beat Kangaroo
Otter beat Tarantula Hawk
Black Rhinoceros beat Maned Wolf
Hammerhead Shark beat Otter
Black Rhinoceros beat Hammerhead Shark",true,🌐 Location,"Sugar Land, TX, US",2025-12-18T02:38:12.437000+00:00,🏆 Tournament Completed,rich,0,,,false,,,,false,,,,,,,,,2025-12-18T02:38:25.691000+00:00,false,0,Animal Battle Stats,1446203750204047426
1451040587607314555,,,,,,true,,0000,0,,1446203750204047426,,0,Animal Battle Stats,,1446204139909550150,,,2025-12-18T02:37:15.116Z,,4491519,0,true,Visitor,RamiNoodle733,true,🌐 Location,"Sugar Land, TX, US",,,,,,,,,,,,,,,,,,,2025-12-18T02:37:14.601000+00:00,👀 Site Visit,rich,0,,,false,,,,false,,,,,,,,,2025-12-18T02:37:15.116000+00:00,false,0,Animal Battle Stats,1446203750204047426
1451040586198155305,,,,,,true,,0000,0,,1446203750204047426,,0,Animal Battle Stats,,1446204139909550150,,,2025-12-18T02:37:14.780Z,,6710886,0,true,User,RamiNoodle733,true,🌐 Location,"Sugar Land, TX, US",,,,,,,,,,,,,,,,,,,2025-12-18T02:37:13.474000+00:00,👋 User Left Site,rich,0,,,false,,,,false,,,,,,,,,2025-12-18T02:37:14.780000+00:00,false,0,Animal Battle Stats,1446203750204047426
1451039524741185683,,,,,,true,,0000,0,,1446203750204047426,,0,Animal Battle Stats,,1446204139909550150,,,2025-12-18T02:33:01.709Z,,16739072,0,false,Matchup,African Elephant vs Hippopotamus,true,User,RamiNoodle733,true,🌐 Location,"Sugar Land, TX, US",,,,,,,,,,,,,,,,2025-12-18T02:33:01.301000+00:00,⚔️ Battle Comparison,rich,0,,,false,,,,false,,,,,,,,,2025-12-18T02:33:01.709000+00:00,false,0,Animal Battle Stats,1446203750204047426
1451039495830110291,,,,,,true,,0000,0,,1446203750204047426,,0,Animal Battle Stats,,1446204139909550150,,,2025-12-18T02:32:54.816Z,,16739072,0,false,Matchup,African Elephant vs Rhinoceros,true,User,RamiNoodle733,true,🌐 Location,"Sugar Land, TX, US",,,,,,,,,,,,,,,,2025-12-18T02:32:54.439000+00:00,⚔️ Battle Comparison,rich,0,,,false,,,,false,,,,,,,,,2025-12-18T02:32:54.816000+00:00,false,0,Animal Battle Stats,1446203750204047426
1451039475592331375,,,,,,true,,0000,0,,1446203750204047426,,0,Animal Battle Stats,,1446204139909550150,,,2025-12-18T02:32:49.991Z,,16739072,0,false,Matchup,African Elephant vs Alligator,true,User,RamiNoodle733,true,🌐 Location,"Sugar Land, TX, US",,,,,,,,,,,,,,,,2025-12-18T02:32:49.531000+00:00,⚔️ Battle Comparison,rich,0,,,false,,,,false,,,,,,,,,2025-12-18T02:32:49.991000+00:00,false,0,Animal Battle Stats,1446203750204047426
1451038432410210385,,,,,,true,,0000,0,,1446203750204047426,,0,Animal Battle Stats,,1446204139909550150,,,2025-12-18T02:28:41.277Z,,65416,0,true,User,RamiNoodle733,true,Animal,African Elephant,true,Vote,👍 Upvote,true,🌐 Location,"Sugar Land, TX, US",,,,,,,,,,,,,2025-12-18T02:28:39.588000+00:00,👍 New Vote,rich,0,,,false,,,,false,,,,,,,,,2025-12-18T02:28:41.277000+00:00,false,0,Animal Battle Stats,1446203750204047426
1451038432188043409,,,,,,true,,0000,0,,1446203750204047426,,0,Animal Battle Stats,,1446204139909550150,,,2025-12-18T02:28:41.224Z,,65416,0,true,User,RamiNoodle733,true,Animal,Hippopotamus,true,Vote,👍 Upvote,true,🌐 Location,"Sugar Land, TX, US",,,,,,,,,,,,,2025-12-18T02:28:40.859000+00:00,👍 New Vote,rich,0,,,false,,,,false,,,,,,,,,2025-12-18T02:28:41.224000+00:00,false,0,Animal Battle Stats,1446203750204047426
1451035644502610081,,,,,,true,,0000,0,,1446203750204047426,,0,Animal Battle Stats,,1446204139909550150,,,2025-12-18T02:17:36.588Z,,4491519,0,true,Visitor,RamiNoodle733,true,🌐 Location,"Sugar Land, TX, US",,,,,,,,,,,,,,,,,,,2025-12-18T02:17:35.951000+00:00,👀 Site Visit,rich,0,,,false,,,,false,,,,,,,,,2025-12-18T02:17:36.588000+00:00,false,0,Animal Battle Stats,1446203750204047426
1451035640702701751,,,,,,true,,0000,0,,1446203750204047426,,0,Animal Battle Stats,,1446204139909550150,,,2025-12-18T02:17:35.682Z,,6710886,0,true,User,RamiNoodle733,true,🌐 Location,"Sugar Land, TX, US",,,,,,,,,,,,,,,,,,,2025-12-18T02:17:35.317000+00:00,👋 User Left Site,rich,0,,,false,,,,false,,,,,,,,,2025-12-18T02:17:35.682000+00:00,false,0,Animal Battle Stats,1446203750204047426
1451035617516584990,,,,,,true,,0000,0,,1446203750204047426,,0,Animal Battle Stats,,1446204139909550150,,,2025-12-18T02:17:30.154Z,,16737095,0,true,User,RamiNoodle733,true,Bracket Size,8 animals,true,Matches Completed,3/7,true,Progress,43%,false,Votes Made,"Red Panda beat Crow
Grizzly Bear beat Musk Ox
Gila Monster beat Great Horned Owl",true,🌐 Location,"Sugar Land, TX, US",,,,,,,2025-12-18T02:17:18.939000+00:00,🚪 Tournament Quit,rich,0,,,false,,,,false,,,,,,,,,2025-12-18T02:17:30.154000+00:00,false,0,Animal Battle Stats,1446203750204047426
1451035595722719245,,,,,,true,,0000,0,,1446203750204047426,,0,Animal Battle Stats,,1446204139909550150,,,2025-12-18T02:17:24.958Z,,4491519,0,true,Visitor,RamiNoodle733,true,🌐 Location,"Sugar Land, TX, US",,,,,,,,,,,,,,,,,,,2025-12-18T02:17:24.638000+00:00,👀 Site Visit,rich,0,,,false,,,,false,,,,,,,,,2025-12-18T02:17:24.958000+00:00,false,0,Animal Battle Stats,1446203750204047426
1451035594666016871,,,,,,true,,0000,0,,1446203750204047426,,0,Animal Battle Stats,,1446204139909550150,,,2025-12-18T02:17:24.706Z,,6710886,0,true,User,RamiNoodle733,true,🌐 Location,"Sugar Land, TX, US",,,,,,,,,,,,,,,,,,,2025-12-18T02:17:21.012000+00:00,👋 User Left Site,rich,0,,,false,,,,false,,,,,,,,,2025-12-18T02:17:24.706000+00:00,false,0,Animal Battle Stats,1446203750204047426
1451035414277263430,,,,,,true,,0000,0,,1446203750204047426,,0,Animal Battle Stats,,1446204139909550150,,,2025-12-18T02:16:41.698Z,,16766720,0,true,User,RamiNoodle733,true,Bracket Size,8 animals,true,Total Matches,7,true,🏆 Champion,Manatee,true,2nd Place,Red Panda,true,3rd/4th Place,"Raccoon, Coconut Crab",false,Recent Matches,"Red Panda beat Red-tailed Hawk
Coconut Crab beat Goliath Birdeater
Manatee beat Leatherback Sea Turtle
Raccoon beat Giant Centipede
Red Panda beat Coconut Crab
Manatee beat Raccoon
Manatee beat Red Panda",true,🌐 Location,"Sugar Land, TX, US",2025-12-18T02:13:40.377000+00:00,🏆 Tournament Completed,rich,0,,,false,,,,false,,,,,,,,,2025-12-18T02:16:41.698000+00:00,false,0,Animal Battle Stats,1446203750204047426
1451033999836315728,,,,,,true,,0000,0,,1446203750204047426,,0,Animal Battle Stats,,1446204139909550150,,,2025-12-18T02:11:04.469Z,,16737095,0,true,User,RamiNoodle733,true,Bracket Size,8 animals,true,Matches Completed,5/7,true,Progress,71%,false,Votes Made,"Warthog beat Clouded Leopard
Gila Monster beat Mandrill
Python beat Pangolin
Wild Boar beat Donkey
Gila Monster beat Warthog",true,🌐 Location,"Sugar Land, TX, US",,,,,,,2025-12-18T02:03:45.354000+00:00,🚪 Tournament Quit,rich,0,,,false,,,,false,,,,,,,,,2025-12-18T02:11:04.469000+00:00,false,0,Animal Battle Stats,1446203750204047426
1451015526653362290,,,,,,true,,0000,0,,1446203750204047426,,0,Animal Battle Stats,,1446204139909550150,,,2025-12-18T00:57:40.119Z,,4491519,0,true,Visitor,RamiNoodle733,true,🌐 Location,"Sugar Land, TX, US",,,,,,,,,,,,,,,,,,,2025-12-18T00:57:39.745000+00:00,👀 Site Visit,rich,0,,,false,,,,false,,,,,,,,,2025-12-18T00:57:40.119000+00:00,false,0,Animal Battle Stats,1446203750204047426
1451015525999317135,,,,,,true,,0000,0,,1446203750204047426,,0,Animal Battle Stats,,1446204139909550150,,,2025-12-18T00:57:39.963Z,,6710886,0,true,User,RamiNoodle733,true,🌐 Location,"Sugar Land, TX, US",,,,,,,,,,,,,,,,,,,2025-12-18T00:57:38.463000+00:00,👋 User Left Site,rich,0,,,false,,,,false,,,,,,,,,2025-12-18T00:57:39.963000+00:00,false,0,Animal Battle Stats,1446203750204047426
1450945765395529860,,,,,,true,,0000,0,,1446203750204047426,,0,Animal Battle Stats,,1446204139909550150,,,2025-12-17T20:20:27.739Z,,4491519,0,true,Visitor,RamiNoodle733,true,🌐 Location,"Sugar Land, TX, US",,,,,,,,,,,,,,,,,,,2025-12-17T20:20:27.267000+00:00,👀 Site Visit,rich,0,,,false,,,,false,,,,,,,,,2025-12-17T20:20:27.739000+00:00,false,0,Animal Battle Stats,1446203750204047426
1450945765219242138,,,,,,true,,0000,0,,1446203750204047426,,0,Animal Battle Stats,,1446204139909550150,,,2025-12-17T20:20:27.697Z,,4491519,0,true,Visitor,RamiNoodle733,true,🌐 Location,"Sugar Land, TX, US",,,,,,,,,,,,,,,,,,,2025-12-17T20:20:19.060000+00:00,👀 Site Visit,rich,0,,,false,,,,false,,,,,,,,,2025-12-17T20:20:27.697000+00:00,false,0,Animal Battle Stats,1446203750204047426
1450945763122221056,,,,,,true,,0000,0,,1446203750204047426,,0,Animal Battle Stats,,1446204139909550150,,,2025-12-17T20:20:27.197Z,,6710886,0,true,User,RamiNoodle733,true,🌐 Location,"Sugar Land, TX, US",,,,,,,,,,,,,,,,,,,2025-12-17T20:20:17.778000+00:00,👋 User Left Site,rich,0,,,false,,,,false,,,,,,,,,2025-12-17T20:20:27.197000+00:00,false,0,Animal Battle Stats,1446203750204047426
1450939191268475123,,,,,,true,,0000,0,,1446203750204047426,,0,Animal Battle Stats,,1446204139909550150,,,2025-12-17T19:54:20.345Z,,4491519,0,true,Visitor,RamiNoodle733,true,🌐 Location,"Sugar Land, TX, US",,,,,,,,,,,,,,,,,,,2025-12-17T19:54:19.713000+00:00,👀 Site Visit,rich,0,,,false,,,,false,,,,,,,,,2025-12-17T19:54:20.345000+00:00,false,0,Animal Battle Stats,1446203750204047426
1450936230442438658,,,,,,true,,0000,0,,1446203750204047426,,0,Animal Battle Stats,,1446204139909550150,,,2025-12-17T19:42:34.429Z,,4491519,0,true,Visitor,RamiNoodle733,true,🌐 Location,"Sugar Land, TX, US",,,,,,,,,,,,,,,,,,,2025-12-17T19:41:12.692000+00:00,👀 Site Visit,rich,0,,,false,,,,false,,,,,,,,,2025-12-17T19:42:34.429000+00:00,false,0,Animal Battle Stats,1446203750204047426
1450935268952772753,,,,,,true,,0000,0,,1446203750204047426,,0,Animal Battle Stats,,1446204139909550150,,,2025-12-17T19:38:45.192Z,,4491519,0,true,Visitor,RamiNoodle733,true,🌐 Location,"Sugar Land, TX, US",,,,,,,,,,,,,,,,,,,2025-12-17T19:38:44.740000+00:00,👀 Site Visit,rich,0,,,false,,,,false,,,,,,,,,2025-12-17T19:38:45.192000+00:00,false,0,Animal Battle Stats,1446203750204047426
1450935265911635970,,,,,,true,,0000,0,,1446203750204047426,,0,Animal Battle Stats,,1446204139909550150,,,2025-12-17T19:38:44.467Z,,6710886,0,true,User,RamiNoodle733,true,🌐 Location,"Sugar Land, TX, US",,,,,,,,,,,,,,,,,,,2025-12-17T19:38:43.812000+00:00,👋 User Left Site,rich,0,,,false,,,,false,,,,,,,,,2025-12-17T19:38:44.467000+00:00,false,0,Animal Battle Stats,1446203750204047426
1450934190609535048,,,,,,true,,0000,0,,1446203750204047426,,0,Animal Battle Stats,,1446204139909550150,,,2025-12-17T19:34:28.095Z,,6710886,0,true,User,RamiNoodle733,true,🌐 Location,"Sugar Land, TX, US",,,,,,,,,,,,,,,,,,,2025-12-17T19:34:27.342000+00:00,👋 User Left Site,rich,0,,,false,,,,false,,,,,,,,,2025-12-17T19:34:28.095000+00:00,false,0,Animal Battle Stats,1446203750204047426
1450862880739168460,,,,,,true,,0000,0,,1446203750204047426,,0,Animal Battle Stats,,1446204139909550150,,,2025-12-17T14:51:06.497Z,,4491519,0,true,Visitor,RamiNoodle733,true,🌐 Location,"Sugar Land, TX, US",,,,,,,,,,,,,,,,,,,2025-12-17T14:51:06.048000+00:00,👀 Site Visit,rich,0,,,false,,,,false,,,,,,,,,2025-12-17T14:51:06.497000+00:00,false,0,Animal Battle Stats,1446203750204047426
1450862877052506123,,,,,,true,,0000,0,,1446203750204047426,,0,Animal Battle Stats,,1446204139909550150,,,2025-12-17T14:51:05.618Z,,6710886,0,true,User,RamiNoodle733,true,🌐 Location,"Sugar Land, TX, US",,,,,,,,,,,,,,,,,,,2025-12-17T14:51:04.968000+00:00,👋 User Left Site,rich,0,,,false,,,,false,,,,,,,,,2025-12-17T14:51:05.618000+00:00,false,0,Animal Battle Stats,1446203750204047426
1450594357890777331,,,,,,true,,0000,0,,1446203750204047426,,0,Animal Battle Stats,,1446204139909550150,,,2025-12-16T21:04:05.661Z,,6710886,0,true,User,RamiNoodle733,true,🌐 Location,"Richmond, TX, US",,,,,,,,,,,,,,,,,,,2025-12-16T21:04:05.177000+00:00,👋 User Left Site,rich,0,,,false,,,,false,,,,,,,,,2025-12-16T21:04:05.661000+00:00,false,0,Animal Battle Stats,1446203750204047426
1450594336562610247,,,,,,true,,0000,0,,1446203750204047426,,0,Animal Battle Stats,,1446204139909550150,,,2025-12-16T21:04:00.576Z,,4491519,0,true,Visitor,RamiNoodle733,true,🌐 Location,"Richmond, TX, US",,,,,,,,,,,,,,,,,,,2025-12-16T21:03:59.833000+00:00,👀 Site Visit,rich,0,,,false,,,,false,,,,,,,,,2025-12-16T21:04:00.576000+00:00,false,0,Animal Battle Stats,1446203750204047426
1450590982687952916,,,,,,true,,0000,0,,1446203750204047426,,0,Animal Battle Stats,,1446204139909550150,,,2025-12-16T20:50:40.950Z,,4491519,0,true,Visitor,RamiNoodle733,true,🌐 Location,"Richmond, TX, US",,,,,,,,,,,,,,,,,,,2025-12-16T20:50:40.502000+00:00,👀 Site Visit,rich,0,,,false,,,,false,,,,,,,,,2025-12-16T20:50:40.950000+00:00,false,0,Animal Battle Stats,1446203750204047426
1450590979949203651,,,,,,true,,0000,0,,1446203750204047426,,0,Animal Battle Stats,,1446204139909550150,,,2025-12-16T20:50:40.297Z,,6710886,0,true,User,RamiNoodle733,true,🌐 Location,"Richmond, TX, US",,,,,,,,,,,,,,,,,,,2025-12-16T20:50:39.493000+00:00,👋 User Left Site,rich,0,,,false,,,,false,,,,,,,,,2025-12-16T20:50:40.297000+00:00,false,0,Animal Battle Stats,1446203750204047426
1450582234951192781,,,,,,true,,0000,0,,1446203750204047426,,0,Animal Battle Stats,,1446204139909550150,,,2025-12-16T20:15:55.327Z,,4491519,0,true,Visitor,RamiNoodle733,true,🌐 Location,"Richmond, TX, US",,,,,,,,,,,,,,,,,,,2025-12-16T20:15:54.841000+00:00,👀 Site Visit,rich,0,,,false,,,,false,,,,,,,,,2025-12-16T20:15:55.327000+00:00,false,0,Animal Battle Stats,1446203750204047426
1450582230127869952,,,,,,true,,0000,0,,1446203750204047426,,0,Animal Battle Stats,,1446204139909550150,,,2025-12-16T20:15:54.177Z,,6710886,0,true,User,RamiNoodle733,true,🌐 Location,"Richmond, TX, US",,,,,,,,,,,,,,,,,,,2025-12-16T20:15:53.420000+00:00,👋 User Left Site,rich,0,,,false,,,,false,,,,,,,,,2025-12-16T20:15:54.177000+00:00,false,0,Animal Battle Stats,1446203750204047426
1450580558974550119,,,,,,true,,0000,0,,1446203750204047426,,0,Animal Battle Stats,,1446204139909550150,,,2025-12-16T20:09:15.743Z,,4491519,0,true,Visitor,RamiNoodle733,true,🌐 Location,"Richmond, TX, US",,,,,,,,,,,,,,,,,,,2025-12-16T20:09:15.397000+00:00,👀 Site Visit,rich,0,,,false,,,,false,,,,,,,,,2025-12-16T20:09:15.743000+00:00,false,0,Animal Battle Stats,1446203750204047426
1450580556244058276,,,,,,true,,0000,0,,1446203750204047426,,0,Animal Battle Stats,,1446204139909550150,,,2025-12-16T20:09:15.092Z,,6710886,0,true,User,RamiNoodle733,true,🌐 Location,"Richmond, TX, US",,,,,,,,,,,,,,,,,,,2025-12-16T20:09:14.473000+00:00,👋 User Left Site,rich,0,,,false,,,,false,,,,,,,,,2025-12-16T20:09:15.092000+00:00,false,0,Animal Battle Stats,1446203750204047426
1450579672789418044,,,,,,true,,0000,0,,1446203750204047426,,0,Animal Battle Stats,,1446204139909550150,,,2025-12-16T20:05:44.460Z,,4491519,0,true,Visitor,RamiNoodle733,true,🌐 Location,"Richmond, TX, US",,,,,,,,,,,,,,,,,,,2025-12-16T20:05:44.042000+00:00,👀 Site Visit,rich,0,,,false,,,,false,,,,,,,,,2025-12-16T20:05:44.460000+00:00,false,0,Animal Battle Stats,1446203750204047426
1450579672197890118,,,,,,true,,0000,0,,1446203750204047426,,0,Animal Battle Stats,,1446204139909550150,,,2025-12-16T20:05:44.319Z,,6710886,0,true,User,RamiNoodle733,true,🌐 Location,"Richmond, TX, US",,,,,,,,,,,,,,,,,,,2025-12-16T20:05:43.611000+00:00,👋 User Left Site,rich,0,,,false,,,,false,,,,,,,,,2025-12-16T20:05:44.319000+00:00,false,0,Animal Battle Stats,1446203750204047426
1450579522012319826,,,,,,true,,0000,0,,1446203750204047426,,0,Animal Battle Stats,,1446204139909550150,,,2025-12-16T20:05:08.512Z,,4491519,0,true,Visitor,RamiNoodle733,true,🌐 Location,"Richmond, TX, US",,,,,,,,,,,,,,,,,,,2025-12-16T20:05:06.821000+00:00,👀 Site Visit,rich,0,,,false,,,,false,,,,,,,,,2025-12-16T20:05:08.512000+00:00,false,0,Animal Battle Stats,1446203750204047426
1450579516429959284,,,,,,true,,0000,0,,1446203750204047426,,0,Animal Battle Stats,,1446204139909550150,,,2025-12-16T20:05:07.181Z,,6710886,0,true,User,RamiNoodle733,true,🌐 Location,"Richmond, TX, US",,,,,,,,,,,,,,,,,,,2025-12-16T20:05:06.295000+00:00,👋 User Left Site,rich,0,,,false,,,,false,,,,,,,,,2025-12-16T20:05:07.181000+00:00,false,0,Animal Battle Stats,1446203750204047426
1450579514294796442,,,,,,true,,0000,0,,1446203750204047426,,0,Animal Battle Stats,,1446204139909550150,,,2025-12-16T20:05:06.672Z,,4491519,0,true,Visitor,RamiNoodle733,true,🌐 Location,"Richmond, TX, US",,,,,,,,,,,,,,,,,,,2025-12-16T20:04:57.234000+00:00,👀 Site Visit,rich,0,,,false,,,,false,,,,,,,,,2025-12-16T20:05:06.672000+00:00,false,0,Animal Battle Stats,1446203750204047426
1450579477250965714,,,,,,true,,0000,0,,1446203750204047426,,0,Animal Battle Stats,,1446204139909550150,,,2025-12-16T20:04:57.840Z,,4491519,0,true,Visitor,RamiNoodle733,true,🌐 Location,"Richmond, TX, US",,,,,,,,,,,,,,,,,,,2025-12-16T20:04:14.563000+00:00,👀 Site Visit,rich,0,,,false,,,,false,,,,,,,,,2025-12-16T20:04:57.840000+00:00,false,0,Animal Battle Stats,1446203750204047426
1450579234933440535,,,,,,true,,0000,0,,1446203750204047426,,0,Animal Battle Stats,,1446204139909550150,,,2025-12-16T20:04:00.067Z,,4491519,0,true,Visitor,RamiNoodle733,true,🌐 Location,"Richmond, TX, US",,,,,,,,,,,,,,,,,,,2025-12-16T20:03:59.548000+00:00,👀 Site Visit,rich,0,,,false,,,,false,,,,,,,,,2025-12-16T20:04:00.067000+00:00,false,0,Animal Battle Stats,1446203750204047426
1450579231393316963,,,,,,true,,0000,0,,1446203750204047426,,0,Animal Battle Stats,,1446204139909550150,,,2025-12-16T20:03:59.223Z,,6710886,0,true,User,RamiNoodle733,true,🌐 Location,"Richmond, TX, US",,,,,,,,,,,,,,,,,,,2025-12-16T20:03:58.555000+00:00,👋 User Left Site,rich,0,,,false,,,,false,,,,,,,,,2025-12-16T20:03:59.223000+00:00,false,0,Animal Battle Stats,1446203750204047426
1450560928100782163,,,,,,true,,0000,0,,1446203750204047426,,0,Animal Battle Stats,,1446204139909550150,,,2025-12-16T18:51:15.378Z,,4491519,0,true,Visitor,Anonymous,true,🌐 Location,"Santa Clara, CA, US",,,,,,,,,,,,,,,,,,,2025-12-16T18:51:07.670000+00:00,👀 Site Visit,rich,0,,,false,,,,false,,,,,,,,,2025-12-16T18:51:15.378000+00:00,false,0,Animal Battle Stats,1446203750204047426
1450560911902507009,,,,,,true,,0000,0,,1446203750204047426,,0,Animal Battle Stats,,1446204139909550150,,,2025-12-16T18:51:11.516Z,,4491519,0,true,Visitor,Anonymous,true,🌐 Location,"Santa Clara, CA, US",,,,,,,,,,,,,,,,,,,2025-12-16T18:51:03.838000+00:00,👀 Site Visit,rich,0,,,false,,,,false,,,,,,,,,2025-12-16T18:51:11.516000+00:00,false,0,Animal Battle Stats,1446203750204047426
1450559153658396874,,,,,,true,,0000,0,,1446203750204047426,,0,Animal Battle Stats,,1446204139909550150,,,2025-12-16T18:44:12.318Z,,4491519,0,true,Visitor,RamiNoodle733,true,🌐 Location,"Houston, TX, US",,,,,,,,,,,,,,,,,,,2025-12-16T18:43:53.277000+00:00,👀 Site Visit,rich,0,,,false,,,,false,,,,,,,,,2025-12-16T18:44:12.318000+00:00,false,0,Animal Battle Stats,1446203750204047426
1450557361831022789,,,,,,true,,0000,0,,1446203750204047426,,0,Animal Battle Stats,,1446204139909550150,,,2025-12-16T18:37:05.113Z,,4491519,0,true,Visitor,RamiNoodle733,true,🌐 Location,"Houston, TX, US",,,,,,,,,,,,,,,,,,,2025-12-16T18:33:38.435000+00:00,👀 Site Visit,rich,0,,,false,,,,false,,,,,,,,,2025-12-16T18:37:05.113000+00:00,false,0,Animal Battle Stats,1446203750204047426
1450557361763651758,,,,,,true,,0000,0,,1446203750204047426,,0,Animal Battle Stats,,1446204139909550150,,,2025-12-16T18:37:05.097Z,,4491519,0,true,Visitor,Anonymous,true,🌐 Location,"Houston, TX, US",,,,,,,,,,,,,,,,,,,2025-12-16T18:36:59.480000+00:00,👀 Site Visit,rich,0,,,false,,,,false,,,,,,,,,2025-12-16T18:37:05.097000+00:00,false,0,Animal Battle Stats,1446203750204047426
1450550383545028638,,,,,,true,,0000,0,,1446203750204047426,,0,Animal Battle Stats,,1446204139909550150,,,2025-12-16T18:09:21.360Z,,4491519,0,true,Visitor,Anonymous,true,🌐 Location,"Santa Clara, CA, US",,,,,,,,,,,,,,,,,,,2025-12-16T18:09:20.617000+00:00,👀 Site Visit,rich,0,,,false,,,,false,,,,,,,,,2025-12-16T18:09:21.360000+00:00,false,0,Animal Battle Stats,1446203750204047426
1450532388122923120,,,,,,true,,0000,0,,1446203750204047426,,0,Animal Battle Stats,,1446204139909550150,,,2025-12-16T16:57:50.917Z,,6710886,0,true,User,RamiNoodle733,true,🌐 Location,"Richmond, TX, US",,,,,,,,,,,,,,,,,,,2025-12-16T16:57:50.609000+00:00,👋 User Left Site,rich,0,,,false,,,,false,,,,,,,,,2025-12-16T16:57:50.917000+00:00,false,0,Animal Battle Stats,1446203750204047426
1450532366115278901,,,,,,true,,0000,0,,1446203750204047426,,0,Animal Battle Stats,,1446204139909550150,,,2025-12-16T16:57:45.670Z,,4491519,0,true,Visitor,RamiNoodle733,true,🌐 Location,"Richmond, TX, US",,,,,,,,,,,,,,,,,,,2025-12-16T16:57:45.167000+00:00,👀 Site Visit,rich,0,,,false,,,,false,,,,,,,,,2025-12-16T16:57:45.670000+00:00,false,0,Animal Battle Stats,1446203750204047426
1450519352997843127,,,,,,true,,0000,0,,1446203750204047426,,0,Animal Battle Stats,,1446204139909550150,,,2025-12-16T16:06:03.101Z,,4491519,0,true,Visitor,RamiNoodle733,true,🌐 Location,"Richmond, TX, US",,,,,,,,,,,,,,,,,,,2025-12-16T16:06:02.747000+00:00,👀 Site Visit,rich,0,,,false,,,,false,,,,,,,,,2025-12-16T16:06:03.101000+00:00,false,0,Animal Battle Stats,1446203750204047426
1450519343539683483,,,,,,true,,0000,0,,1446203750204047426,,0,Animal Battle Stats,,1446204139909550150,,,2025-12-16T16:06:00.846Z,,6710886,0,true,User,RamiNoodle733,true,🌐 Location,"Richmond, TX, US",,,,,,,,,,,,,,,,,,,2025-12-16T16:06:00.366000+00:00,👋 User Left Site,rich,0,,,false,,,,false,,,,,,,,,2025-12-16T16:06:00.846000+00:00,false,0,Animal Battle Stats,1446203750204047426
1450515725151113219,,,,,,true,,0000,0,,1446203750204047426,,0,Animal Battle Stats,,1446204139909550150,,,2025-12-16T15:51:38.155Z,,4491519,0,true,Visitor,RamiNoodle733,true,🌐 Location,"Richmond, TX, US",,,,,,,,,,,,,,,,,,,2025-12-16T15:51:37.787000+00:00,👀 Site Visit,rich,0,,,false,,,,false,,,,,,,,,2025-12-16T15:51:38.155000+00:00,false,0,Animal Battle Stats,1446203750204047426
1450515661083250690,,,,,,true,,0000,0,,1446203750204047426,,0,Animal Battle Stats,,1446204139909550150,,,2025-12-16T15:51:22.880Z,,6710886,0,true,User,RamiNoodle733,true,🌐 Location,"Richmond, TX, US",,,,,,,,,,,,,,,,,,,2025-12-16T15:51:12.483000+00:00,👋 User Left Site,rich,0,,,false,,,,false,,,,,,,,,2025-12-16T15:51:22.880000+00:00,false,0,Animal Battle Stats,1446203750204047426
1450515521559855144,,,,,,true,,0000,0,,1446203750204047426,,0,Animal Battle Stats,,1446204139909550150,,,2025-12-16T15:50:49.615Z,,4491519,0,true,Visitor,Anonymous,true,🌐 Location,"Santa Clara, CA, US",,,,,,,,,,,,,,,,,,,2025-12-16T15:50:49.106000+00:00,👀 Site Visit,rich,0,,,false,,,,false,,,,,,,,,2025-12-16T15:50:49.615000+00:00,false,0,Animal Battle Stats,1446203750204047426
1450229326606893106,,,,,,true,,0000,0,,1446203750204047426,,0,Animal Battle Stats,,1446204139909550150,,,2025-12-15T20:53:35.421Z,,4491519,0,true,Visitor,RamiNoodle733,true,🌐 Location,"Richmond, TX, US",,,,,,,,,,,,,,,,,,,2025-12-15T20:52:47.380000+00:00,👀 Site Visit,rich,0,,,false,,,,false,,,,,,,,,2025-12-15T20:53:35.421000+00:00,false,0,Animal Battle Stats,1446203750204047426
1450229326355108012,,,,,,true,,0000,0,,1446203750204047426,,0,Animal Battle Stats,,1446204139909550150,,,2025-12-15T20:53:35.361Z,,6710886,0,true,User,RamiNoodle733,true,🌐 Location,"Richmond, TX, US",,,,,,,,,,,,,,,,,,,2025-12-15T20:53:35.066000+00:00,👋 User Left Site,rich,0,,,false,,,,false,,,,,,,,,2025-12-15T20:53:35.361000+00:00,false,0,Animal Battle Stats,1446203750204047426
1450229295803924653,,,,,,true,,0000,0,,1446203750204047426,,0,Animal Battle Stats,,1446204139909550150,,,2025-12-15T20:53:28.077Z,,4491519,0,true,Visitor,RamiNoodle733,true,🌐 Location,"Richmond, TX, US",,,,,,,,,,,,,,,,,,,2025-12-15T20:53:26.038000+00:00,👀 Site Visit,rich,0,,,false,,,,false,,,,,,,,,2025-12-15T20:53:28.077000+00:00,false,0,Animal Battle Stats,1446203750204047426
1450229126362431674,,,,,,true,,0000,0,,1446203750204047426,,0,Animal Battle Stats,,1446204139909550150,,,2025-12-15T20:52:47.679Z,,4491519,0,true,Visitor,RamiNoodle733,true,🌐 Location,"Richmond, TX, US",,,,,,,,,,,,,,,,,,,2025-12-15T20:49:25.918000+00:00,👀 Site Visit,rich,0,,,false,,,,false,,,,,,,,,2025-12-15T20:52:47.679000+00:00,false,0,Animal Battle Stats,1446203750204047426
1450213942105342114,,,,,,true,,0000,0,,1446203750204047426,,0,Animal Battle Stats,,1446204139909550150,,,2025-12-15T19:52:27.470Z,,6710886,0,true,User,RamiNoodle733,true,🌐 Location,"Richmond, TX, US",,,,,,,,,,,,,,,,,,,2025-12-15T19:52:26.662000+00:00,👋 User Left Site,rich,0,,,false,,,,false,,,,,,,,,2025-12-15T19:52:27.470000+00:00,false,0,Animal Battle Stats,1446203750204047426
1450213940301660171,,,,,,true,,0000,0,,1446203750204047426,,0,Animal Battle Stats,,1446204139909550150,,,2025-12-15T19:52:27.040Z,,4491519,0,true,Visitor,RamiNoodle733,true,🌐 Location,"Richmond, TX, US",,,,,,,,,,,,,,,,,,,2025-12-15T19:51:41.316000+00:00,👀 Site Visit,rich,0,,,false,,,,false,,,,,,,,,2025-12-15T19:52:27.040000+00:00,false,0,Animal Battle Stats,1446203750204047426
1450213719861629094,,,,,,true,,0000,0,,1446203750204047426,,0,Animal Battle Stats,,1446204139909550150,,,2025-12-15T19:51:34.483Z,,4491519,0,true,Visitor,RamiNoodle733,true,🌐 Location,"Richmond, TX, US",,,,,,,,,,,,,,,,,,,2025-12-15T19:51:34.299000+00:00,👀 Site Visit,rich,0,,,false,,,,false,,,,,,,,,2025-12-15T19:51:34.483000+00:00,false,0,Animal Battle Stats,1446203750204047426
1450213717215154246,,,,,,true,,0000,0,,1446203750204047426,,0,Animal Battle Stats,,1446204139909550150,,,2025-12-15T19:51:33.852Z,,6710886,0,true,User,RamiNoodle733,true,🌐 Location,"Richmond, TX, US",,,,,,,,,,,,,,,,,,,2025-12-15T19:51:33.282000+00:00,👋 User Left Site,rich,0,,,false,,,,false,,,,,,,,,2025-12-15T19:51:33.852000+00:00,false,0,Animal Battle Stats,1446203750204047426
1450206526936580169,,,,,,true,,0000,0,,1446203750204047426,,0,Animal Battle Stats,,1446204139909550150,,,2025-12-15T19:22:59.556Z,,4491519,0,true,Visitor,RamiNoodle733,true,🌐 Location,"Richmond, TX, US",,,,,,,,,,,,,,,,,,,2025-12-15T19:22:54.879000+00:00,👀 Site Visit,rich,0,,,false,,,,false,,,,,,,,,2025-12-15T19:22:59.556000+00:00,false,0,Animal Battle Stats,1446203750204047426
1450202008308027674,,,,,,true,,0000,0,,1446203750204047426,,0,Animal Battle Stats,,1446204139909550150,,,2025-12-15T19:05:02.231Z,,4491519,0,true,Visitor,RamiNoodle733,true,🌐 Location,"Richmond, TX, US",,,,,,,,,,,,,,,,,,,2025-12-15T19:05:01.911000+00:00,👀 Site Visit,rich,0,,,false,,,,false,,,,,,,,,2025-12-15T19:05:02.231000+00:00,false,0,Animal Battle Stats,1446203750204047426
1450201919980179616,,,,,,true,,0000,0,,1446203750204047426,,0,Animal Battle Stats,,1446204139909550150,,,2025-12-15T19:04:41.172Z,,4491519,0,true,Visitor,RamiNoodle733,true,🌐 Location,"Richmond, TX, US",,,,,,,,,,,,,,,,,,,2025-12-15T19:04:24.667000+00:00,👀 Site Visit,rich,0,,,false,,,,false,,,,,,,,,2025-12-15T19:04:41.172000+00:00,false,0,Animal Battle Stats,1446203750204047426
1450201863914918040,,,,,,true,,0000,0,,1446203750204047426,,0,Animal Battle Stats,,1446204139909550150,,,2025-12-15T19:04:27.805Z,,4491519,0,true,Visitor,RamiNoodle733,true,🌐 Location,"Richmond, TX, US",,,,,,,,,,,,,,,,,,,2025-12-15T18:59:44.229000+00:00,👀 Site Visit,rich,0,,,false,,,,false,,,,,,,,,2025-12-15T19:04:27.805000+00:00,false,0,Animal Battle Stats,1446203750204047426
1450200675610001458,,,,,,true,,0000,0,,1446203750204047426,,0,Animal Battle Stats,,1446204139909550150,,,2025-12-15T18:59:44.491Z,,4491519,0,true,Visitor,RamiNoodle733,true,🌐 Location,"Richmond, TX, US",,,,,,,,,,,,,,,,,,,2025-12-15T18:59:22.919000+00:00,👀 Site Visit,rich,0,,,false,,,,false,,,,,,,,,2025-12-15T18:59:44.491000+00:00,false,0,Animal Battle Stats,1446203750204047426
1450200586182987867,,,,,,true,,0000,0,,1446203750204047426,,0,Animal Battle Stats,,1446204139909550150,,,2025-12-15T18:59:23.170Z,,4491519,0,true,Visitor,RamiNoodle733,true,🌐 Location,"Richmond, TX, US",,,,,,,,,,,,,,,,,,,2025-12-15T18:57:07.633000+00:00,👀 Site Visit,rich,0,,,false,,,,false,,,,,,,,,2025-12-15T18:59:23.170000+00:00,false,0,Animal Battle Stats,1446203750204047426
1450199769241878662,,,,,,true,,0000,0,,1446203750204047426,,0,Animal Battle Stats,,1446204139909550150,,,2025-12-15T18:56:08.396Z,,4491519,0,true,Visitor,RamiNoodle733,true,🌐 Location,"Richmond, TX, US",,,,,,,,,,,,,,,,,,,2025-12-15T18:56:04.859000+00:00,👀 Site Visit,rich,0,,,false,,,,false,,,,,,,,,2025-12-15T18:56:08.396000+00:00,false,0,Animal Battle Stats,1446203750204047426
1450199752787628124,,,,,,true,,0000,0,,1446203750204047426,,0,Animal Battle Stats,,1446204139909550150,,,2025-12-15T18:56:04.473Z,,6710886,0,true,User,RamiNoodle733,true,🌐 Location,"Richmond, TX, US",,,,,,,,,,,,,,,,,,,2025-12-15T18:56:04.141000+00:00,👋 User Left Site,rich,0,,,false,,,,false,,,,,,,,,2025-12-15T18:56:04.473000+00:00,false,0,Animal Battle Stats,1446203750204047426
1450199742721036479,,,,,,true,,0000,0,,1446203750204047426,,0,Animal Battle Stats,,1446204139909550150,,,2025-12-15T18:56:02.073Z,,4491519,0,true,Visitor,RamiNoodle733,true,🌐 Location,"Richmond, TX, US",,,,,,,,,,,,,,,,,,,2025-12-15T18:56:00.231000+00:00,👀 Site Visit,rich,0,,,false,,,,false,,,,,,,,,2025-12-15T18:56:02.073000+00:00,false,0,Animal Battle Stats,1446203750204047426
1450198644878999803,,,,,,true,,0000,0,,1446203750204047426,,0,Animal Battle Stats,,1446204139909550150,,,2025-12-15T18:51:40.327Z,,6710886,0,true,User,RamiNoodle733,true,🌐 Location,"Richmond, TX, US",,,,,,,,,,,,,,,,,,,2025-12-15T18:51:39.860000+00:00,👋 User Left Site,rich,0,,,false,,,,false,,,,,,,,,2025-12-15T18:51:40.327000+00:00,false,0,Animal Battle Stats,1446203750204047426
1450198605704069220,,,,,,true,,0000,0,,1446203750204047426,,0,Animal Battle Stats,,1446204139909550150,,,2025-12-15T18:51:30.987Z,,6710886,0,true,User,RamiNoodle733,true,🌐 Location,"Richmond, TX, US",,,,,,,,,,,,,,,,,,,2025-12-15T18:51:30.566000+00:00,👋 User Left Site,rich,0,,,false,,,,false,,,,,,,,,2025-12-15T18:51:30.987000+00:00,false,0,Animal Battle Stats,1446203750204047426
1450198591632310383,,,,,,true,,0000,0,,1446203750204047426,,0,Animal Battle Stats,,1446204139909550150,,,2025-12-15T18:51:27.632Z,,4491519,0,true,Visitor,RamiNoodle733,true,🌐 Location,"Richmond, TX, US",,,,,,,,,,,,,,,,,,,2025-12-15T18:51:27.356000+00:00,👀 Site Visit,rich,0,,,false,,,,false,,,,,,,,,2025-12-15T18:51:27.632000+00:00,false,0,Animal Battle Stats,1446203750204047426
1450197709846876253,,,,,,true,,0000,0,,1446203750204047426,,0,Animal Battle Stats,,1446204139909550150,,,2025-12-15T18:47:57.398Z,,4491519,0,true,Visitor,RamiNoodle733,true,🌐 Location,"Richmond, TX, US",,,,,,,,,,,,,,,,,,,2025-12-15T18:47:57.078000+00:00,👀 Site Visit,rich,0,,,false,,,,false,,,,,,,,,2025-12-15T18:47:57.398000+00:00,false,0,Animal Battle Stats,1446203750204047426
1450197641169211443,,,,,,true,,0000,0,,1446203750204047426,,0,Animal Battle Stats,,1446204139909550150,,,2025-12-15T18:47:41.024Z,,6710886,0,true,User,RamiNoodle733,true,🌐 Location,"Richmond, TX, US",,,,,,,,,,,,,,,,,,,2025-12-15T18:47:36.323000+00:00,👋 User Left Site,rich,0,,,false,,,,false,,,,,,,,,2025-12-15T18:47:41.024000+00:00,false,0,Animal Battle Stats,1446203750204047426
1450197639667777680,,,,,,true,,0000,0,,1446203750204047426,,0,Animal Battle Stats,,1446204139909550150,,,2025-12-15T18:47:40.666Z,,4491519,0,true,Visitor,RamiNoodle733,true,🌐 Location,"Richmond, TX, US",,,,,,,,,,,,,,,,,,,2025-12-15T18:47:36.010000+00:00,👀 Site Visit,rich,0,,,false,,,,false,,,,,,,,,2025-12-15T18:47:40.666000+00:00,false,0,Animal Battle Stats,1446203750204047426
1450197468129267835,,,,,,true,,0000,0,,1446203750204047426,,0,Animal Battle Stats,,1446204139909550150,,,2025-12-15T18:46:59.768Z,,4491519,0,true,Visitor,RamiNoodle733,true,🌐 Location,"Richmond, TX, US",,,,,,,,,,,,,,,,,,,2025-12-15T18:46:59.359000+00:00,👀 Site Visit,rich,0,,,false,,,,false,,,,,,,,,2025-12-15T18:46:59.768000+00:00,false,0,Animal Battle Stats,1446203750204047426
1450197464807378976,,,,,,true,,0000,0,,1446203750204047426,,0,Animal Battle Stats,,1446204139909550150,,,2025-12-15T18:46:58.976Z,,6710886,0,true,User,RamiNoodle733,true,🌐 Location,"Richmond, TX, US",,,,,,,,,,,,,,,,,,,2025-12-15T18:46:58.546000+00:00,👋 User Left Site,rich,0,,,false,,,,false,,,,,,,,,2025-12-15T18:46:58.976000+00:00,false,0,Animal Battle Stats,1446203750204047426
1450197387904815306,,,,,,true,,0000,0,,1446203750204047426,,0,Animal Battle Stats,,1446204139909550150,,,2025-12-15T18:46:40.641Z,,4491519,0,true,Visitor,RamiNoodle733,true,🌐 Location,"Richmond, TX, US",,,,,,,,,,,,,,,,,,,2025-12-15T18:46:40.353000+00:00,👀 Site Visit,rich,0,,,false,,,,false,,,,,,,,,2025-12-15T18:46:40.641000+00:00,false,0,Animal Battle Stats,1446203750204047426
1450197383714701522,,,,,,true,,0000,0,,1446203750204047426,,0,Animal Battle Stats,,1446204139909550150,,,2025-12-15T18:46:39.642Z,,6710886,0,true,User,RamiNoodle733,true,🌐 Location,"Richmond, TX, US",,,,,,,,,,,,,,,,,,,2025-12-15T18:46:39.274000+00:00,👋 User Left Site,rich,0,,,false,,,,false,,,,,,,,,2025-12-15T18:46:39.642000+00:00,false,0,Animal Battle Stats,1446203750204047426
1450197363162611712,,,,,,true,,0000,0,,1446203750204047426,,0,Animal Battle Stats,,1446204139909550150,,,2025-12-15T18:46:34.742Z,,4491519,0,true,Visitor,RamiNoodle733,true,🌐 Location,"Richmond, TX, US",,,,,,,,,,,,,,,,,,,2025-12-15T18:46:34.387000+00:00,👀 Site Visit,rich,0,,,false,,,,false,,,,,,,,,2025-12-15T18:46:34.742000+00:00,false,0,Animal Battle Stats,1446203750204047426
1450197358590693507,,,,,,true,,0000,0,,1446203750204047426,,0,Animal Battle Stats,,1446204139909550150,,,2025-12-15T18:46:33.652Z,,6710886,0,true,User,RamiNoodle733,true,🌐 Location,"Richmond, TX, US",,,,,,,,,,,,,,,,,,,2025-12-15T18:46:33.390000+00:00,👋 User Left Site,rich,0,,,false,,,,false,,,,,,,,,2025-12-15T18:46:33.652000+00:00,false,0,Animal Battle Stats,1446203750204047426
1450197358536294544,,,,,,true,,0000,0,,1446203750204047426,,0,Animal Battle Stats,,1446204139909550150,,,2025-12-15T18:46:33.639Z,,4491519,0,true,Visitor,RamiNoodle733,true,🌐 Location,"Richmond, TX, US",,,,,,,,,,,,,,,,,,,2025-12-15T18:46:31.046000+00:00,👀 Site Visit,rich,0,,,false,,,,false,,,,,,,,,2025-12-15T18:46:33.639000+00:00,false,0,Animal Battle Stats,1446203750204047426
1450197348964634624,,,,,,true,,0000,0,,1446203750204047426,,0,Animal Battle Stats,,1446204139909550150,,,2025-12-15T18:46:31.357Z,,6710886,0,true,User,RamiNoodle733,true,🌐 Location,"Richmond, TX, US",,,,,,,,,,,,,,,,,,,2025-12-15T18:46:29.915000+00:00,👋 User Left Site,rich,0,,,false,,,,false,,,,,,,,,2025-12-15T18:46:31.357000+00:00,false,0,Animal Battle Stats,1446203750204047426
1450174252505497603,,,,,,true,,0000,0,,1446203750204047426,,0,Animal Battle Stats,,1446204139909550150,,,2025-12-15T17:14:44.732Z,,4491519,0,true,Visitor,Anonymous,true,🌐 Location,"Richmond, TX, US",,,,,,,,,,,,,,,,,,,2025-12-15T17:14:44.286000+00:00,👀 Site Visit,rich,0,,,false,,,,false,,,,,,,,,2025-12-15T17:14:44.732000+00:00,false,0,Animal Battle Stats,1446203750204047426
1450169640675315846,,,,,,true,,0000,0,,1446203750204047426,,0,Animal Battle Stats,,1446204139909550150,,,2025-12-15T16:56:25.186Z,,4491519,0,true,Visitor,RamiNoodle733,true,🌐 Location,"Richmond, TX, US",,,,,,,,,,,,,,,,,,,2025-12-15T16:56:25.017000+00:00,👀 Site Visit,rich,0,,,false,,,,false,,,,,,,,,2025-12-15T16:56:25.186000+00:00,false,0,Animal Battle Stats,1446203750204047426
1450169637722652900,,,,,,true,,0000,0,,1446203750204047426,,0,Animal Battle Stats,,1446204139909550150,,,2025-12-15T16:56:24.482Z,,6710886,0,true,User,RamiNoodle733,true,🌐 Location,"Richmond, TX, US",,,,,,,,,,,,,,,,,,,2025-12-15T16:56:23.921000+00:00,👋 User Left Site,rich,0,,,false,,,,false,,,,,,,,,2025-12-15T16:56:24.482000+00:00,false,0,Animal Battle Stats,1446203750204047426
1450168316785066188,,,,,,true,,0000,0,,1446203750204047426,,0,Animal Battle Stats,,1446204139909550150,,,2025-12-15T16:51:09.546Z,,4491519,0,true,Visitor,RamiNoodle733,true,🌐 Location,"Richmond, TX, US",,,,,,,,,,,,,,,,,,,2025-12-15T16:51:09.190000+00:00,👀 Site Visit,rich,0,,,false,,,,false,,,,,,,,,2025-12-15T16:51:09.546000+00:00,false,0,Animal Battle Stats,1446203750204047426
1450168311898968124,,,,,,true,,0000,0,,1446203750204047426,,0,Animal Battle Stats,,1446204139909550150,,,2025-12-15T16:51:08.381Z,,6710886,0,true,User,RamiNoodle733,true,🌐 Location,"Richmond, TX, US",,,,,,,,,,,,,,,,,,,2025-12-15T16:51:07.869000+00:00,👋 User Left Site,rich,0,,,false,,,,false,,,,,,,,,2025-12-15T16:51:08.381000+00:00,false,0,Animal Battle Stats,1446203750204047426
1450166932656357509,,,,,,true,,0000,0,,1446203750204047426,,0,Animal Battle Stats,,1446204139909550150,,,2025-12-15T16:45:39.544Z,,6710886,0,true,User,RamiNoodle733,true,🌐 Location,"Richmond, TX, US",,,,,,,,,,,,,,,,,,,2025-12-15T16:45:25.533000+00:00,👋 User Left Site,rich,0,,,false,,,,false,,,,,,,,,2025-12-15T16:45:39.544000+00:00,false,0,Animal Battle Stats,1446203750204047426
1450166392241258679,,,,,,true,,0000,0,,1446203750204047426,,0,Animal Battle Stats,,1446204139909550150,,,2025-12-15T16:43:30.699Z,,4491519,0,true,Visitor,RamiNoodle733,true,🌐 Location,"Richmond, TX, US",,,,,,,,,,,,,,,,,,,2025-12-15T16:43:30.449000+00:00,👀 Site Visit,rich,0,,,false,,,,false,,,,,,,,,2025-12-15T16:43:30.699000+00:00,false,0,Animal Battle Stats,1446203750204047426
1450166388504137848,,,,,,true,,0000,0,,1446203750204047426,,0,Animal Battle Stats,,1446204139909550150,,,2025-12-15T16:43:29.808Z,,6710886,0,true,User,RamiNoodle733,true,🌐 Location,"Richmond, TX, US",,,,,,,,,,,,,,,,,,,2025-12-15T16:43:29.330000+00:00,👋 User Left Site,rich,0,,,false,,,,false,,,,,,,,,2025-12-15T16:43:29.808000+00:00,false,0,Animal Battle Stats,1446203750204047426
1450162835790237716,,,,,,true,,0000,0,,1446203750204047426,,0,Animal Battle Stats,,1446204139909550150,,,2025-12-15T16:29:22.775Z,,4491519,0,true,Visitor,RamiNoodle733,true,🌐 Location,"Richmond, TX, US",,,,,,,,,,,,,,,,,,,2025-12-15T16:29:22.514000+00:00,👀 Site Visit,rich,0,,,false,,,,false,,,,,,,,,2025-12-15T16:29:22.775000+00:00,false,0,Animal Battle Stats,1446203750204047426
1450162759873462392,,,,,,true,,0000,0,,1446203750204047426,,0,Animal Battle Stats,,1446204139909550150,,,2025-12-15T16:29:04.675Z,,6710886,0,true,User,RamiNoodle733,true,🌐 Location,"Richmond, TX, US",,,,,,,,,,,,,,,,,,,2025-12-15T16:29:04.315000+00:00,👋 User Left Site,rich,0,,,false,,,,false,,,,,,,,,2025-12-15T16:29:04.675000+00:00,false,0,Animal Battle Stats,1446203750204047426
1450162751358894262,,,,,,true,,0000,0,,1446203750204047426,,0,Animal Battle Stats,,1446204139909550150,,,2025-12-15T16:29:02.645Z,,4491519,0,true,Visitor,RamiNoodle733,true,🌐 Location,"Richmond, TX, US",,,,,,,,,,,,,,,,,,,2025-12-15T16:29:02.352000+00:00,👀 Site Visit,rich,0,,,false,,,,false,,,,,,,,,2025-12-15T16:29:02.645000+00:00,false,0,Animal Battle Stats,1446203750204047426
1450162737857429636,,,,,,true,,0000,0,,1446203750204047426,,0,Animal Battle Stats,,1446204139909550150,,,2025-12-15T16:28:59.426Z,,6710886,0,true,User,RamiNoodle733,true,🌐 Location,"Richmond, TX, US",,,,,,,,,,,,,,,,,,,2025-12-15T16:28:59.173000+00:00,👋 User Left Site,rich,0,,,false,,,,false,,,,,,,,,2025-12-15T16:28:59.426000+00:00,false,0,Animal Battle Stats,1446203750204047426
1450162462237261916,,,,,,true,,0000,0,,1446203750204047426,,0,Animal Battle Stats,,1446204139909550150,,,2025-12-15T16:27:53.713Z,,4491519,0,true,Visitor,RamiNoodle733,true,🌐 Location,"Richmond, TX, US",,,,,,,,,,,,,,,,,,,2025-12-15T16:27:53.406000+00:00,👀 Site Visit,rich,0,,,false,,,,false,,,,,,,,,2025-12-15T16:27:53.713000+00:00,false,0,Animal Battle Stats,1446203750204047426
1450162459309510746,,,,,,true,,0000,0,,1446203750204047426,,0,Animal Battle Stats,,1446204139909550150,,,2025-12-15T16:27:53.015Z,,6710886,0,true,User,RamiNoodle733,true,🌐 Location,"Richmond, TX, US",,,,,,,,,,,,,,,,,,,2025-12-15T16:27:26.238000+00:00,👋 User Left Site,rich,0,,,false,,,,false,,,,,,,,,2025-12-15T16:27:53.015000+00:00,false,0,Animal Battle Stats,1446203750204047426
1450141584908746828,,,,,,true,,0000,0,,1446203750204047426,,0,Animal Battle Stats,,1446204139909550150,,,2025-12-15T15:04:56.170Z,,6710886,0,true,User,RamiNoodle733,true,🌐 Location,"Richmond, TX, US",,,,,,,,,,,,,,,,,,,2025-12-15T15:04:04.364000+00:00,👋 User Left Site,rich,0,,,false,,,,false,,,,,,,,,2025-12-15T15:04:56.170000+00:00,false,0,Animal Battle Stats,1446203750204047426
1450141581356040339,,,,,,true,,0000,0,,1446203750204047426,,0,Animal Battle Stats,,1446204139909550150,,,2025-12-15T15:04:55.323Z,,4491519,0,true,Visitor,RamiNoodle733,true,🌐 Location,"Richmond, TX, US",,,,,,,,,,,,,,,,,,,2025-12-15T15:04:06.013000+00:00,👀 Site Visit,rich,0,,,false,,,,false,,,,,,,,,2025-12-15T15:04:55.323000+00:00,false,0,Animal Battle Stats,1446203750204047426
1450141573382672388,,,,,,true,,0000,0,,1446203750204047426,,0,Animal Battle Stats,,1446204139909550150,,,2025-12-15T15:04:53.422Z,,6710886,0,true,User,RamiNoodle733,true,🌐 Location,"Richmond, TX, US",,,,,,,,,,,,,,,,,,,2025-12-15T15:03:50.115000+00:00,👋 User Left Site,rich,0,,,false,,,,false,,,,,,,,,2025-12-15T15:04:53.422000+00:00,false,0,Animal Battle Stats,1446203750204047426
1450141336337514779,,,,,,true,,0000,0,,1446203750204047426,,0,Animal Battle Stats,,1446204139909550150,,,2025-12-15T15:03:56.906Z,,4491519,0,true,Visitor,RamiNoodle733,true,🌐 Location,"Richmond, TX, US",,,,,,,,,,,,,,,,,,,2025-12-15T15:03:52.085000+00:00,👀 Site Visit,rich,0,,,false,,,,false,,,,,,,,,2025-12-15T15:03:56.906000+00:00,false,0,Animal Battle Stats,1446203750204047426
1450137687884562523,,,,,,true,,0000,0,,1446203750204047426,,0,Animal Battle Stats,,1446204139909550150,,,2025-12-15T14:49:27.047Z,,4491519,0,true,Visitor,RamiNoodle733,true,🌐 Location,"Richmond, TX, US",,,,,,,,,,,,,,,,,,,2025-12-15T14:49:26.761000+00:00,👀 Site Visit,rich,0,,,false,,,,false,,,,,,,,,2025-12-15T14:49:27.047000+00:00,false,0,Animal Battle Stats,1446203750204047426
1450137684344574174,,,,,,true,,0000,0,,1446203750204047426,,0,Animal Battle Stats,,1446204139909550150,,,2025-12-15T14:49:26.203Z,,6710886,0,true,User,RamiNoodle733,true,🌐 Location,"Richmond, TX, US",,,,,,,,,,,,,,,,,,,2025-12-15T14:49:25.933000+00:00,👋 User Left Site,rich,0,,,false,,,,false,,,,,,,,,2025-12-15T14:49:26.203000+00:00,false,0,Animal Battle Stats,1446203750204047426
1450137658066997353,,,,,,true,,0000,0,,1446203750204047426,,0,Animal Battle Stats,,1446204139909550150,,,2025-12-15T14:49:19.938Z,,4491519,0,true,Visitor,RamiNoodle733,true,🌐 Location,"Richmond, TX, US",,,,,,,,,,,,,,,,,,,2025-12-15T14:49:19.637000+00:00,👀 Site Visit,rich,0,,,false,,,,false,,,,,,,,,2025-12-15T14:49:19.938000+00:00,false,0,Animal Battle Stats,1446203750204047426
1450137648806101206,,,,,,true,,0000,0,,1446203750204047426,,0,Animal Battle Stats,,1446204139909550150,,,2025-12-15T14:49:17.730Z,,6710886,0,true,User,RamiNoodle733,true,🌐 Location,"Richmond, TX, US",,,,,,,,,,,,,,,,,,,2025-12-15T14:49:17.404000+00:00,👋 User Left Site,rich,0,,,false,,,,false,,,,,,,,,2025-12-15T14:49:17.730000+00:00,false,0,Animal Battle Stats,1446203750204047426
1450137512956924021,,,,,,true,,0000,0,,1446203750204047426,,0,Animal Battle Stats,,1446204139909550150,,,2025-12-15T14:48:45.341Z,,4491519,0,true,Visitor,RamiNoodle733,true,🌐 Location,"Richmond, TX, US",,,,,,,,,,,,,,,,,,,2025-12-15T14:48:45.116000+00:00,👀 Site Visit,rich,0,,,false,,,,false,,,,,,,,,2025-12-15T14:48:45.341000+00:00,false,0,Animal Battle Stats,1446203750204047426
1450137503465210031,,,,,,true,,0000,0,,1446203750204047426,,0,Animal Battle Stats,,1446204139909550150,,,2025-12-15T14:48:43.078Z,,6710886,0,true,User,RamiNoodle733,true,🌐 Location,"Richmond, TX, US",,,,,,,,,,,,,,,,,,,2025-12-15T14:48:42.765000+00:00,👋 User Left Site,rich,0,,,false,,,,false,,,,,,,,,2025-12-15T14:48:43.078000+00:00,false,0,Animal Battle Stats,1446203750204047426
1450137466085314805,,,,,,true,,0000,0,,1446203750204047426,,0,Animal Battle Stats,,1446204139909550150,,,2025-12-15T14:48:34.166Z,,4491519,0,true,Visitor,RamiNoodle733,true,🌐 Location,"Richmond, TX, US",,,,,,,,,,,,,,,,,,,2025-12-15T14:48:33.792000+00:00,👀 Site Visit,rich,0,,,false,,,,false,,,,,,,,,2025-12-15T14:48:34.166000+00:00,false,0,Animal Battle Stats,1446203750204047426
1450137462364966943,,,,,,true,,0000,0,,1446203750204047426,,0,Animal Battle Stats,,1446204139909550150,,,2025-12-15T14:48:33.279Z,,6710886,0,true,User,RamiNoodle733,true,🌐 Location,"Richmond, TX, US",,,,,,,,,,,,,,,,,,,2025-12-15T14:48:32.222000+00:00,👋 User Left Site,rich,0,,,false,,,,false,,,,,,,,,2025-12-15T14:48:33.279000+00:00,false,0,Animal Battle Stats,1446203750204047426
1450134822340136970,,,,,,true,,0000,0,,1446203750204047426,,0,Animal Battle Stats,,1446204139909550150,,,2025-12-15T14:38:03.848Z,,4491519,0,true,Visitor,RamiNoodle733,true,🌐 Location,"Richmond, TX, US",,,,,,,,,,,,,,,,,,,2025-12-15T14:38:03.530000+00:00,👀 Site Visit,rich,0,,,false,,,,false,,,,,,,,,2025-12-15T14:38:03.848000+00:00,false,0,Animal Battle Stats,1446203750204047426
1450134819425222698,,,,,,true,,0000,0,,1446203750204047426,,0,Animal Battle Stats,,1446204139909550150,,,2025-12-15T14:38:03.153Z,,6710886,0,true,User,RamiNoodle733,true,🌐 Location,"Richmond, TX, US",,,,,,,,,,,,,,,,,,,2025-12-15T14:38:02.714000+00:00,👋 User Left Site,rich,0,,,false,,,,false,,,,,,,,,2025-12-15T14:38:03.153000+00:00,false,0,Animal Battle Stats,1446203750204047426
1450134200173723779,,,,,,true,,0000,0,,1446203750204047426,,0,Animal Battle Stats,,1446204139909550150,,,2025-12-15T14:35:35.512Z,,4491519,0,true,Visitor,RamiNoodle733,true,🌐 Location,"Richmond, TX, US",,,,,,,,,,,,,,,,,,,2025-12-15T14:35:35.234000+00:00,👀 Site Visit,rich,0,,,false,,,,false,,,,,,,,,2025-12-15T14:35:35.512000+00:00,false,0,Animal Battle Stats,1446203750204047426
1450134197296431186,,,,,,true,,0000,0,,1446203750204047426,,0,Animal Battle Stats,,1446204139909550150,,,2025-12-15T14:35:34.826Z,,6710886,0,true,User,RamiNoodle733,true,🌐 Location,"Richmond, TX, US",,,,,,,,,,,,,,,,,,,2025-12-15T14:35:34.397000+00:00,👋 User Left Site,rich,0,,,false,,,,false,,,,,,,,,2025-12-15T14:35:34.826000+00:00,false,0,Animal Battle Stats,1446203750204047426
1450134126890848308,,,,,,true,,0000,0,,1446203750204047426,,0,Animal Battle Stats,,1446204139909550150,,,2025-12-15T14:35:18.040Z,,4491519,0,true,Visitor,RamiNoodle733,true,🌐 Location,"Richmond, TX, US",,,,,,,,,,,,,,,,,,,2025-12-15T14:35:17.662000+00:00,👀 Site Visit,rich,0,,,false,,,,false,,,,,,,,,2025-12-15T14:35:18.040000+00:00,false,0,Animal Battle Stats,1446203750204047426
1450134122126119055,,,,,,true,,0000,0,,1446203750204047426,,0,Animal Battle Stats,,1446204139909550150,,,2025-12-15T14:35:16.904Z,,6710886,0,true,User,RamiNoodle733,true,🌐 Location,"Richmond, TX, US",,,,,,,,,,,,,,,,,,,2025-12-15T14:35:15.928000+00:00,👋 User Left Site,rich,0,,,false,,,,false,,,,,,,,,2025-12-15T14:35:16.904000+00:00,false,0,Animal Battle Stats,1446203750204047426
1450126179251130526,,,,,,true,,0000,0,,1446203750204047426,,0,Animal Battle Stats,,1446204139909550150,,,2025-12-15T14:03:43.175Z,,4491519,0,true,Visitor,RamiNoodle733,true,🌐 Location,"Richmond, TX, US",,,,,,,,,,,,,,,,,,,2025-12-15T14:03:42.977000+00:00,👀 Site Visit,rich,0,,,false,,,,false,,,,,,,,,2025-12-15T14:03:43.175000+00:00,false,0,Animal Battle Stats,1446203750204047426
1450126172905275412,,,,,,true,,0000,0,,1446203750204047426,,0,Animal Battle Stats,,1446204139909550150,,,2025-12-15T14:03:41.662Z,,4491519,0,true,Visitor,RamiNoodle733,true,🌐 Location,"Richmond, TX, US",,,,,,,,,,,,,,,,,,,2025-12-15T14:03:41.393000+00:00,👀 Site Visit,rich,0,,,false,,,,false,,,,,,,,,2025-12-15T14:03:41.662000+00:00,false,0,Animal Battle Stats,1446203750204047426
1450126170744950806,,,,,,true,,0000,0,,1446203750204047426,,0,Animal Battle Stats,,1446204139909550150,,,2025-12-15T14:03:41.147Z,,4491519,0,true,Visitor,RamiNoodle733,true,🌐 Location,"Richmond, TX, US",,,,,,,,,,,,,,,,,,,2025-12-15T14:01:37.410000+00:00,👀 Site Visit,rich,0,,,false,,,,false,,,,,,,,,2025-12-15T14:03:41.147000+00:00,false,0,Animal Battle Stats,1446203750204047426
1450126170325516411,,,,,,true,,0000,0,,1446203750204047426,,0,Animal Battle Stats,,1446204139909550150,,,2025-12-15T14:03:41.047Z,,6710886,0,true,User,RamiNoodle733,true,🌐 Location,"Richmond, TX, US",,,,,,,,,,,,,,,,,,,2025-12-15T14:03:33.056000+00:00,👋 User Left Site,rich,0,,,false,,,,false,,,,,,,,,2025-12-15T14:03:41.047000+00:00,false,0,Animal Battle Stats,1446203750204047426
1450122710708654080,,,,,,true,,0000,0,,1446203750204047426,,0,Animal Battle Stats,,1446204139909550150,,,2025-12-15T13:49:56.210Z,,4491519,0,true,Visitor,RamiNoodle733,true,🌐 Location,"Richmond, TX, US",,,,,,,,,,,,,,,,,,,2025-12-15T13:49:55.868000+00:00,👀 Site Visit,rich,0,,,false,,,,false,,,,,,,,,2025-12-15T13:49:56.210000+00:00,false,0,Animal Battle Stats,1446203750204047426
1450122706543579307,,,,,,true,,0000,0,,1446203750204047426,,0,Animal Battle Stats,,1446204139909550150,,,2025-12-15T13:49:55.217Z,,6710886,0,true,User,RamiNoodle733,true,🌐 Location,"Richmond, TX, US",,,,,,,,,,,,,,,,,,,2025-12-15T13:49:54.300000+00:00,👋 User Left Site,rich,0,,,false,,,,false,,,,,,,,,2025-12-15T13:49:55.217000+00:00,false,0,Animal Battle Stats,1446203750204047426
1450117900869570721,,,,,,true,,0000,0,,1446203750204047426,,0,Animal Battle Stats,,1446204139909550150,,,2025-12-15T13:30:49.455Z,,4491519,0,true,Visitor,RamiNoodle733,true,🌐 Location,"Richmond, TX, US",,,,,,,,,,,,,,,,,,,2025-12-15T13:30:49.294000+00:00,👀 Site Visit,rich,0,,,false,,,,false,,,,,,,,,2025-12-15T13:30:49.455000+00:00,false,0,Animal Battle Stats,1446203750204047426
1450117898193342525,,,,,,true,,0000,0,,1446203750204047426,,0,Animal Battle Stats,,1446204139909550150,,,2025-12-15T13:30:48.817Z,,6710886,0,true,User,RamiNoodle733,true,🌐 Location,"Richmond, TX, US",,,,,,,,,,,,,,,,,,,2025-12-15T13:30:48.119000+00:00,👋 User Left Site,rich,0,,,false,,,,false,,,,,,,,,2025-12-15T13:30:48.817000+00:00,false,0,Animal Battle Stats,1446203750204047426
1450117898126364764,,,,,,true,,0000,0,,1446203750204047426,,0,Animal Battle Stats,,1446204139909550150,,,2025-12-15T13:30:48.801Z,,6710886,0,true,User,RamiNoodle733,true,🌐 Location,"Richmond, TX, US",,,,,,,,,,,,,,,,,,,2025-12-15T13:29:10.187000+00:00,👋 User Left Site,rich,0,,,false,,,,false,,,,,,,,,2025-12-15T13:30:48.801000+00:00,false,0,Animal Battle Stats,1446203750204047426
1450114470012649504,,,,,,true,,0000,0,,1446203750204047426,,0,Animal Battle Stats,,1446204139909550150,,,2025-12-15T13:17:11.475Z,,4491519,0,true,Visitor,RamiNoodle733,true,🌐 Location,"Richmond, TX, US",,,,,,,,,,,,,,,,,,,2025-12-15T13:17:11.167000+00:00,👀 Site Visit,rich,0,,,false,,,,false,,,,,,,,,2025-12-15T13:17:11.475000+00:00,false,0,Animal Battle Stats,1446203750204047426
1450114460646641664,,,,,,true,,0000,0,,1446203750204047426,,0,Animal Battle Stats,,1446204139909550150,,,2025-12-15T13:17:09.242Z,,6710886,0,true,User,RamiNoodle733,true,🌐 Location,"Richmond, TX, US",,,,,,,,,,,,,,,,,,,2025-12-15T13:17:08.892000+00:00,👋 User Left Site,rich,0,,,false,,,,false,,,,,,,,,2025-12-15T13:17:09.242000+00:00,false,0,Animal Battle Stats,1446203750204047426
1450113882520551578,,,,,,true,,0000,0,,1446203750204047426,,0,Animal Battle Stats,,1446204139909550150,,,2025-12-15T13:14:51.406Z,,4491519,0,true,Visitor,RamiNoodle733,true,🌐 Location,"Richmond, TX, US",,,,,,,,,,,,,,,,,,,2025-12-15T13:14:51.086000+00:00,👀 Site Visit,rich,0,,,false,,,,false,,,,,,,,,2025-12-15T13:14:51.406000+00:00,false,0,Animal Battle Stats,1446203750204047426
1450113877923856387,,,,,,true,,0000,0,,1446203750204047426,,0,Animal Battle Stats,,1446204139909550150,,,2025-12-15T13:14:50.310Z,,6710886,0,true,User,RamiNoodle733,true,🌐 Location,"Richmond, TX, US",,,,,,,,,,,,,,,,,,,2025-12-15T13:14:49.421000+00:00,👋 User Left Site,rich,0,,,false,,,,false,,,,,,,,,2025-12-15T13:14:50.310000+00:00,false,0,Animal Battle Stats,1446203750204047426
1450112504876503173,,,,,,true,,0000,0,,1446203750204047426,,0,Animal Battle Stats,,1446204139909550150,,,2025-12-15T13:09:22.950Z,,4491519,0,true,Visitor,RamiNoodle733,true,🌐 Location,"Richmond, TX, US",,,,,,,,,,,,,,,,,,,2025-12-15T13:09:22.658000+00:00,👀 Site Visit,rich,0,,,false,,,,false,,,,,,,,,2025-12-15T13:09:22.950000+00:00,false,0,Animal Battle Stats,1446203750204047426
1450112499713310752,,,,,,true,,0000,0,,1446203750204047426,,0,Animal Battle Stats,,1446204139909550150,,,2025-12-15T13:09:21.719Z,,6710886,0,true,User,RamiNoodle733,true,🌐 Location,"Richmond, TX, US",,,,,,,,,,,,,,,,,,,2025-12-15T13:09:20.919000+00:00,👋 User Left Site,rich,0,,,false,,,,false,,,,,,,,,2025-12-15T13:09:21.719000+00:00,false,0,Animal Battle Stats,1446203750204047426
1450019822401355930,,,,,,true,,0000,0,,1446203750204047426,,0,Animal Battle Stats,,1446204139909550150,,,2025-12-15T07:01:05.726Z,,6710886,0,true,User,Anonymous,true,🌐 Location,"Brussels, BRU, BE",,,,,,,,,,,,,,,,,,,2025-12-15T06:58:23.746000+00:00,👋 User Left Site,rich,0,,,false,,,,false,,,,,,,,,2025-12-15T07:01:05.726000+00:00,false,0,Animal Battle Stats,1446203750204047426
1449975820880969758,,,,,,true,,0000,0,,1446203750204047426,,0,Animal Battle Stats,,1446204139909550150,,,2025-12-15T04:06:14.946Z,,4491519,0,true,Visitor,RamiNoodle733,true,🌐 Location,"Richmond, TX, US",,,,,,,,,,,,,,,,,,,2025-12-15T04:06:14.524000+00:00,👀 Site Visit,rich,0,,,false,,,,false,,,,,,,,,2025-12-15T04:06:14.946000+00:00,false,0,Animal Battle Stats,1446203750204047426
1449975815419723878,,,,,,true,,0000,0,,1446203750204047426,,0,Animal Battle Stats,,1446204139909550150,,,2025-12-15T04:06:13.644Z,,6710886,0,true,User,RamiNoodle733,true,🌐 Location,"Richmond, TX, US",,,,,,,,,,,,,,,,,,,2025-12-15T04:06:13.331000+00:00,👋 User Left Site,rich,0,,,false,,,,false,,,,,,,,,2025-12-15T04:06:13.644000+00:00,false,0,Animal Battle Stats,1446203750204047426
1449975775557320854,,,,,,true,,0000,0,,1446203750204047426,,0,Animal Battle Stats,,1446204139909550150,,,2025-12-15T04:06:04.140Z,,65416,0,true,User,RamiNoodle733,true,Animal,Orca,true,Vote,👍 Upvote,true,🌐 Location,"Richmond, TX, US",,,,,,,,,,,,,2025-12-15T04:06:03.853000+00:00,👍 New Vote,rich,0,,,false,,,,false,,,,,,,,,2025-12-15T04:06:04.140000+00:00,false,0,Animal Battle Stats,1446203750204047426
1449975658297163957,,,,,,true,,0000,0,,1446203750204047426,,0,Animal Battle Stats,,1446204139909550150,,,2025-12-15T04:05:36.183Z,,65416,0,true,User,RamiNoodle733,true,Animal,Grizzly Bear,true,Vote,👍 Upvote,true,🌐 Location,"Richmond, TX, US",,,,,,,,,,,,,2025-12-15T04:05:35.928000+00:00,👍 New Vote,rich,0,,,false,,,,false,,,,,,,,,2025-12-15T04:05:36.183000+00:00,false,0,Animal Battle Stats,1446203750204047426
1449975641393987634,,,,,,true,,0000,0,,1446203750204047426,,0,Animal Battle Stats,,1446204139909550150,,,2025-12-15T04:05:32.153Z,,65416,0,true,User,RamiNoodle733,true,Animal,Gorilla,true,Vote,👍 Upvote,true,🌐 Location,"Richmond, TX, US",,,,,,,,,,,,,2025-12-15T04:05:31.777000+00:00,👍 New Vote,rich,0,,,false,,,,false,,,,,,,,,2025-12-15T04:05:32.153000+00:00,false,0,Animal Battle Stats,1446203750204047426
1449975635610046545,,,,,,true,,0000,0,,1446203750204047426,,0,Animal Battle Stats,,1446204139909550150,,,2025-12-15T04:05:30.774Z,,65416,0,true,User,RamiNoodle733,true,Animal,African Elephant,true,Vote,👍 Upvote,true,🌐 Location,"Richmond, TX, US",,,,,,,,,,,,,2025-12-15T04:05:30.465000+00:00,👍 New Vote,rich,0,,,false,,,,false,,,,,,,,,2025-12-15T04:05:30.774000+00:00,false,0,Animal Battle Stats,1446203750204047426
1449975631256485980,,,,,,true,,0000,0,,1446203750204047426,,0,Animal Battle Stats,,1446204139909550150,,,2025-12-15T04:05:29.736Z,,65416,0,true,User,RamiNoodle733,true,Animal,African Lion,true,Vote,👍 Upvote,true,🌐 Location,"Richmond, TX, US",,,,,,,,,,,,,2025-12-15T04:05:29.413000+00:00,👍 New Vote,rich,0,,,false,,,,false,,,,,,,,,2025-12-15T04:05:29.736000+00:00,false,0,Animal Battle Stats,1446203750204047426
1449975613871095859,,,,,,true,,0000,0,,1446203750204047426,,0,Animal Battle Stats,,1446204139909550150,,,2025-12-15T04:05:25.591Z,,16724838,0,true,User,RamiNoodle733,true,Animal,Bull Shark,true,Vote,👎 Downvote,true,🌐 Location,"Richmond, TX, US",,,,,,,,,,,,,2025-12-15T04:05:25.313000+00:00,👎 New Vote,rich,0,,,false,,,,false,,,,,,,,,2025-12-15T04:05:25.591000+00:00,false,0,Animal Battle Stats,1446203750204047426
1449975613610918053,,,,,,true,,0000,0,,1446203750204047426,,0,Animal Battle Stats,,1446204139909550150,,,2025-12-15T04:05:25.529Z,,65416,0,true,User,RamiNoodle733,true,Animal,Hippopotamus,true,Vote,👍 Upvote,true,🌐 Location,"Richmond, TX, US",,,,,,,,,,,,,2025-12-15T04:05:20.813000+00:00,👍 New Vote,rich,0,,,false,,,,false,,,,,,,,,2025-12-15T04:05:25.529000+00:00,false,0,Animal Battle Stats,1446203750204047426
1449975594920972435,,,,,,true,,0000,0,,1446203750204047426,,0,Animal Battle Stats,,1446204139909550150,,,2025-12-15T04:05:21.073Z,,65416,0,true,User,RamiNoodle733,true,Animal,Megalodon,true,Vote,👍 Upvote,true,🌐 Location,"Richmond, TX, US",,,,,,,,,,,,,2025-12-15T04:05:16.397000+00:00,👍 New Vote,rich,0,,,false,,,,false,,,,,,,,,2025-12-15T04:05:21.073000+00:00,false,0,Animal Battle Stats,1446203750204047426
1449975319636348968,,,,,,true,,0000,0,,1446203750204047426,,0,Animal Battle Stats,,1446204139909550150,,,2025-12-15T04:04:15.440Z,,4491519,0,true,Visitor,RamiNoodle733,true,🌐 Location,"Richmond, TX, US",,,,,,,,,,,,,,,,,,,2025-12-15T04:04:15.137000+00:00,👀 Site Visit,rich,0,,,false,,,,false,,,,,,,,,2025-12-15T04:04:15.440000+00:00,false,0,Animal Battle Stats,1446203750204047426
1449975314964025517,,,,,,true,,0000,0,,1446203750204047426,,0,Animal Battle Stats,,1446204139909550150,,,2025-12-15T04:04:14.326Z,,6710886,0,true,User,RamiNoodle733,true,🌐 Location,"Richmond, TX, US",,,,,,,,,,,,,,,,,,,2025-12-15T04:04:13.401000+00:00,👋 User Left Site,rich,0,,,false,,,,false,,,,,,,,,2025-12-15T04:04:14.326000+00:00,false,0,Animal Battle Stats,1446203750204047426
1449974635079667844,,,,,,true,,0000,0,,1446203750204047426,,0,Animal Battle Stats,,1446204139909550150,,,2025-12-15T04:01:32.229Z,,4491519,0,true,Visitor,RamiNoodle733,true,🌐 Location,"Richmond, TX, US",,,,,,,,,,,,,,,,,,,2025-12-15T04:01:31.916000+00:00,👀 Site Visit,rich,0,,,false,,,,false,,,,,,,,,2025-12-15T04:01:32.229000+00:00,false,0,Animal Battle Stats,1446203750204047426
1449974630973440053,,,,,,true,,0000,0,,1446203750204047426,,0,Animal Battle Stats,,1446204139909550150,,,2025-12-15T04:01:31.250Z,,6710886,0,true,User,RamiNoodle733,true,🌐 Location,"Richmond, TX, US",,,,,,,,,,,,,,,,,,,2025-12-15T04:01:30.973000+00:00,👋 User Left Site,rich,0,,,false,,,,false,,,,,,,,,2025-12-15T04:01:31.250000+00:00,false,0,Animal Battle Stats,1446203750204047426
1449974569871081502,,,,,,true,,0000,0,,1446203750204047426,,0,Animal Battle Stats,,1446204139909550150,,,2025-12-15T04:01:16.682Z,,4491519,0,true,Visitor,RamiNoodle733,true,🌐 Location,"Richmond, TX, US",,,,,,,,,,,,,,,,,,,2025-12-15T04:01:16.424000+00:00,👀 Site Visit,rich,0,,,false,,,,false,,,,,,,,,2025-12-15T04:01:16.682000+00:00,false,0,Animal Battle Stats,1446203750204047426
1449974566410649672,,,,,,true,,0000,0,,1446203750204047426,,0,Animal Battle Stats,,1446204139909550150,,,2025-12-15T04:01:15.857Z,,6710886,0,true,User,RamiNoodle733,true,🌐 Location,"Richmond, TX, US",,,,,,,,,,,,,,,,,,,2025-12-15T04:01:15.517000+00:00,👋 User Left Site,rich,0,,,false,,,,false,,,,,,,,,2025-12-15T04:01:15.857000+00:00,false,0,Animal Battle Stats,1446203750204047426
1449974498869907456,,,,,,true,,0000,0,,1446203750204047426,,0,Animal Battle Stats,,1446204139909550150,,,2025-12-15T04:00:59.754Z,,4491519,0,true,Visitor,RamiNoodle733,true,🌐 Location,"Richmond, TX, US",,,,,,,,,,,,,,,,,,,2025-12-15T04:00:59.500000+00:00,👀 Site Visit,rich,0,,,false,,,,false,,,,,,,,,2025-12-15T04:00:59.754000+00:00,false,0,Animal Battle Stats,1446203750204047426
1449974494906159104,,,,,,true,,0000,0,,1446203750204047426,,0,Animal Battle Stats,,1446204139909550150,,,2025-12-15T04:00:58.809Z,,6710886,0,true,User,RamiNoodle733,true,🌐 Location,"Richmond, TX, US",,,,,,,,,,,,,,,,,,,2025-12-15T04:00:57.750000+00:00,👋 User Left Site,rich,0,,,false,,,,false,,,,,,,,,2025-12-15T04:00:58.809000+00:00,false,0,Animal Battle Stats,1446203750204047426
1449970040622551120,,,,,,true,,0000,0,,1446203750204047426,,0,Animal Battle Stats,,1446204139909550150,,,2025-12-15T03:43:16.825Z,,16729156,0,true,User,Anonymous,true,Target,Bighorn Sheep,false,Comment,test,true,🌐 Location,"Richmond, TX, US",,,,,,,,,,,,,2025-12-15T03:43:16.517000+00:00,🗑️ Comment Deleted,rich,0,,,false,,,,false,,,,,,,,,2025-12-15T03:43:16.825000+00:00,false,0,Animal Battle Stats,1446203750204047426
1449969991733481512,,,,,,true,,0000,0,,1446203750204047426,,0,Animal Battle Stats,,1446204139909550150,,,2025-12-15T03:43:05.169Z,,54527,0,true,User,Anonymous,true,Target,Bighorn Sheep,false,Comment,test,true,🌐 Location,"Richmond, TX, US",,,,,,,,,,,,,2025-12-15T03:43:04.769000+00:00,💬 New Comment,rich,0,,,false,,,,false,,,,,,,,,2025-12-15T03:43:05.169000+00:00,false,0,Animal Battle Stats,1446203750204047426
1449969176121966745,,,,,,true,,0000,0,,1446203750204047426,,0,Animal Battle Stats,,1446204139909550150,,,2025-12-15T03:39:50.712Z,,6710886,0,true,User,RamiNoodle733,true,🌐 Location,"Richmond, TX, US",,,,,,,,,,,,,,,,,,,2025-12-15T03:39:49.184000+00:00,👋 User Left Site,rich,0,,,false,,,,false,,,,,,,,,2025-12-15T03:39:50.712000+00:00,false,0,Animal Battle Stats,1446203750204047426
1449967540922089614,,,,,,true,,0000,0,,1446203750204047426,,0,Animal Battle Stats,,1446204139909550150,,,2025-12-15T03:33:20.850Z,,52360,0,true,By,RamiNoodle733,true,Comment Author,RamiNoodle733,true,On,Megalodon,true,🌐 Location,"Richmond, TX, US",,,,,,,,,,,,,2025-12-15T03:33:20.536000+00:00,👍 Comment Upvoted,rich,0,,,false,,,,false,,,,,,,,,2025-12-15T03:33:20.850000+00:00,false,0,Animal Battle Stats,1446203750204047426
1449967112562147328,,,,,,true,,0000,0,,1446203750204047426,,0,Animal Battle Stats,,1446204139909550150,,,2025-12-15T03:31:38.721Z,,16739072,0,false,Matchup,Spectacled Bear vs Cheetah,true,User,RamiNoodle733,true,🌐 Location,"Richmond, TX, US",,,,,,,,,,,,,,,,2025-12-15T03:31:38.316000+00:00,⚔️ Battle Comparison,rich,0,,,false,,,,false,,,,,,,,,2025-12-15T03:31:38.721000+00:00,false,0,Animal Battle Stats,1446203750204047426
1449967015577129080,,,,,,true,,0000,0,,1446203750204047426,,0,Animal Battle Stats,,1446204139909550150,,,2025-12-15T03:31:15.598Z,,16729156,0,true,User,RamiNoodle733,true,Target,Megalodon,false,Comment,test,true,🌐 Location,"Richmond, TX, US",,,,,,,,,,,,,2025-12-15T03:31:15.216000+00:00,🗑️ Comment Deleted,rich,0,,,false,,,,false,,,,,,,,,2025-12-15T03:31:15.598000+00:00,false,0,Animal Battle Stats,1446203750204047426
1449966976767361075,,,,,,true,,0000,0,,1446203750204047426,,0,Animal Battle Stats,,1446204139909550150,,,2025-12-15T03:31:06.345Z,,54527,0,true,User,RamiNoodle733,true,Target,Megalodon,false,Comment,test,true,🌐 Location,"Richmond, TX, US",,,,,,,,,,,,,2025-12-15T03:31:05.811000+00:00,💬 New Comment,rich,0,,,false,,,,false,,,,,,,,,2025-12-15T03:31:06.345000+00:00,false,0,Animal Battle Stats,1446203750204047426
1449930088987623566,,,,,,true,,0000,0,,1446203750204047426,,0,Animal Battle Stats,,1446204139909550150,,,2025-12-15T01:04:31.613Z,,16739072,0,false,Matchup,Snow Leopard vs Arctic Wolf,true,User,RamiNoodle733,true,🌐 Location,"Richmond, TX, US",,,,,,,,,,,,,,,,2025-12-15T01:04:31.155000+00:00,⚔️ Battle Comparison,rich,0,,,false,,,,false,,,,,,,,,2025-12-15T01:04:31.613000+00:00,false,0,Animal Battle Stats,1446203750204047426
1449927935409787030,,,,,,true,,0000,0,,1446203750204047426,,0,Animal Battle Stats,,1446204139909550150,,,2025-12-15T00:55:58.160Z,,6710886,0,true,User,RamiNoodle733,true,🌐 Location,"Richmond, TX, US",,,,,,,,,,,,,,,,,,,2025-12-15T00:55:54.191000+00:00,👋 User Left Site,rich,0,,,false,,,,false,,,,,,,,,2025-12-15T00:55:58.160000+00:00,false,0,Animal Battle Stats,1446203750204047426
1449927891188973568,,,,,,true,,0000,0,,1446203750204047426,,0,Animal Battle Stats,,1446204139909550150,,,2025-12-15T00:55:47.617Z,,16739072,0,false,Matchup,Saltwater Crocodile vs Grizzly Bear,true,User,RamiNoodle733,true,🌐 Location,"Richmond, TX, US",,,,,,,,,,,,,,,,2025-12-15T00:55:47.357000+00:00,⚔️ Battle Comparison,rich,0,,,false,,,,false,,,,,,,,,2025-12-15T00:55:47.617000+00:00,false,0,Animal Battle Stats,1446203750204047426
1449927861506015415,,,,,,true,,0000,0,,1446203750204047426,,0,Animal Battle Stats,,1446204139909550150,,,2025-12-15T00:55:40.540Z,,16739072,0,false,Matchup,Galapagos Tortoise vs Grizzly Bear,true,User,RamiNoodle733,true,🌐 Location,"Richmond, TX, US",,,,,,,,,,,,,,,,2025-12-15T00:55:40.298000+00:00,⚔️ Battle Comparison,rich,0,,,false,,,,false,,,,,,,,,2025-12-15T00:55:40.540000+00:00,false,0,Animal Battle Stats,1446203750204047426
1449927794506207404,,,,,,true,,0000,0,,1446203750204047426,,0,Animal Battle Stats,,1446204139909550150,,,2025-12-15T00:55:24.566Z,,16739072,0,false,Matchup,Blue Whale vs Grizzly Bear,true,User,RamiNoodle733,true,🌐 Location,"Richmond, TX, US",,,,,,,,,,,,,,,,2025-12-15T00:55:24.213000+00:00,⚔️ Battle Comparison,rich,0,,,false,,,,false,,,,,,,,,2025-12-15T00:55:24.566000+00:00,false,0,Animal Battle Stats,1446203750204047426
1449927776865091628,,,,,,true,,0000,0,,1446203750204047426,,0,Animal Battle Stats,,1446204139909550150,,,2025-12-15T00:55:20.360Z,,16739072,0,false,Matchup,Alligator vs Grizzly Bear,true,User,RamiNoodle733,true,🌐 Location,"Richmond, TX, US",,,,,,,,,,,,,,,,2025-12-15T00:55:20.078000+00:00,⚔️ Battle Comparison,rich,0,,,false,,,,false,,,,,,,,,2025-12-15T00:55:20.360000+00:00,false,0,Animal Battle Stats,1446203750204047426
1449927007872880740,,,,,,true,,0000,0,,1446203750204047426,,0,Animal Battle Stats,,1446204139909550150,,,2025-12-15T00:52:17.018Z,,16739072,0,false,Matchup,Cape Buffalo vs Grizzly Bear,true,User,RamiNoodle733,true,🌐 Location,"Richmond, TX, US",,,,,,,,,,,,,,,,2025-12-15T00:52:16.601000+00:00,⚔️ Battle Comparison,rich,0,,,false,,,,false,,,,,,,,,2025-12-15T00:52:17.018000+00:00,false,0,Animal Battle Stats,1446203750204047426
1449926766536822937,,,,,,true,,0000,0,,1446203750204047426,,0,Animal Battle Stats,,1446204139909550150,,,2025-12-15T00:51:19.479Z,,4491519,0,true,Visitor,RamiNoodle733,true,🌐 Location,"Richmond, TX, US",,,,,,,,,,,,,,,,,,,2025-12-15T00:51:19.208000+00:00,👀 Site Visit,rich,0,,,false,,,,false,,,,,,,,,2025-12-15T00:51:19.479000+00:00,false,0,Animal Battle Stats,1446203750204047426
1449926758118719643,,,,,,true,,0000,0,,1446203750204047426,,0,Animal Battle Stats,,1446204139909550150,,,2025-12-15T00:51:17.472Z,,6710886,0,true,User,RamiNoodle733,true,🌐 Location,"Richmond, TX, US",,,,,,,,,,,,,,,,,,,2025-12-15T00:51:15.889000+00:00,👋 User Left Site,rich,0,,,false,,,,false,,,,,,,,,2025-12-15T00:51:17.472000+00:00,false,0,Animal Battle Stats,1446203750204047426
1449921997155995690,,,,,,true,,0000,0,,1446203750204047426,,0,Animal Battle Stats,,1446204139909550150,,,2025-12-15T00:32:22.370Z,,4491519,0,true,Visitor,RamiNoodle733,true,🌐 Location,"Richmond, TX, US",,,,,,,,,,,,,,,,,,,2025-12-15T00:32:21.992000+00:00,👀 Site Visit,rich,0,,,false,,,,false,,,,,,,,,2025-12-15T00:32:22.370000+00:00,false,0,Animal Battle Stats,1446203750204047426
1449921989832740956,,,,,,true,,0000,0,,1446203750204047426,,0,Animal Battle Stats,,1446204139909550150,,,2025-12-15T00:32:20.624Z,,6710886,0,true,User,RamiNoodle733,true,🌐 Location,"Richmond, TX, US",,,,,,,,,,,,,,,,,,,2025-12-15T00:32:19.128000+00:00,👋 User Left Site,rich,0,,,false,,,,false,,,,,,,,,2025-12-15T00:32:20.624000+00:00,false,0,Animal Battle Stats,1446203750204047426
1449911152350855305,,,,,,true,,0000,0,,1446203750204047426,,0,Animal Battle Stats,,1446204139909550150,,,2025-12-14T23:49:16.767Z,,16739072,0,false,Matchup,Jaguar vs Megalodon,true,User,RamiNoodle733,true,🌐 Location,"Richmond, TX, US",,,,,,,,,,,,,,,,2025-12-14T23:49:15.173000+00:00,⚔️ Battle Comparison,rich,0,,,false,,,,false,,,,,,,,,2025-12-14T23:49:16.767000+00:00,false,0,Animal Battle Stats,1446203750204047426
1449910796036341840,,,,,,true,,0000,0,,1446203750204047426,,0,Animal Battle Stats,,1446204139909550150,,,2025-12-14T23:47:51.815Z,,4491519,0,true,Visitor,RamiNoodle733,true,🌐 Location,"Richmond, TX, US",,,,,,,,,,,,,,,,,,,2025-12-14T23:47:50.412000+00:00,👀 Site Visit,rich,0,,,false,,,,false,,,,,,,,,2025-12-14T23:47:51.815000+00:00,false,0,Animal Battle Stats,1446203750204047426
1449910787803058389,,,,,,true,,0000,0,,1446203750204047426,,0,Animal Battle Stats,,1446204139909550150,,,2025-12-14T23:47:49.852Z,,4491519,0,true,Visitor,RamiNoodle733,true,🌐 Location,"Richmond, TX, US",,,,,,,,,,,,,,,,,,,2025-12-14T23:46:19.185000+00:00,👀 Site Visit,rich,0,,,false,,,,false,,,,,,,,,2025-12-14T23:47:49.852000+00:00,false,0,Animal Battle Stats,1446203750204047426
1449910787794800650,,,,,,true,,0000,0,,1446203750204047426,,0,Animal Battle Stats,,1446204139909550150,,,2025-12-14T23:47:49.850Z,,6710886,0,true,User,RamiNoodle733,true,🌐 Location,"Richmond, TX, US",,,,,,,,,,,,,,,,,,,2025-12-14T23:47:48.201000+00:00,👋 User Left Site,rich,0,,,false,,,,false,,,,,,,,,2025-12-14T23:47:49.850000+00:00,false,0,Animal Battle Stats,1446203750204047426
1449910390115794996,,,,,,true,,0000,0,,1446203750204047426,,0,Animal Battle Stats,,1446204139909550150,,,2025-12-14T23:46:15.036Z,,6710886,0,true,User,RamiNoodle733,true,🌐 Location,"Richmond, TX, US",,,,,,,,,,,,,,,,,,,2025-12-14T23:46:05.586000+00:00,👋 User Left Site,rich,0,,,false,,,,false,,,,,,,,,2025-12-14T23:46:15.036000+00:00,false,0,Animal Battle Stats,1446203750204047426
1449908935690686646,,,,,,true,,0000,0,,1446203750204047426,,0,Animal Battle Stats,,1446204139909550150,,,2025-12-14T23:40:28.274Z,,4491519,0,true,Visitor,Anonymous,true,🌐 Location,"Warsaw, 14, PL",,,,,,,,,,,,,,,,,,,2025-12-14T23:40:27.965000+00:00,👀 Site Visit,rich,0,,,false,,,,false,,,,,,,,,2025-12-14T23:40:28.274000+00:00,false,0,Animal Battle Stats,1446203750204047426
1449908558757105664,,,,,,true,,0000,0,,1446203750204047426,,0,Animal Battle Stats,,1446204139909550150,,,2025-12-14T23:38:58.406Z,,4491519,0,true,Visitor,Anonymous,true,🌐 Location,"Warsaw, 14, PL",,,,,,,,,,,,,,,,,,,2025-12-14T23:38:58.063000+00:00,👀 Site Visit,rich,0,,,false,,,,false,,,,,,,,,2025-12-14T23:38:58.406000+00:00,false,0,Animal Battle Stats,1446203750204047426
1449908316376535221,,,,,,true,,0000,0,,1446203750204047426,,0,Animal Battle Stats,,1446204139909550150,,,2025-12-14T23:38:00.618Z,,4491519,0,true,Visitor,Anonymous,true,🌐 Location,"Colorado Springs, CO, US",,,,,,,,,,,,,,,,,,,2025-12-14T23:37:59.519000+00:00,👀 Site Visit,rich,0,,,false,,,,false,,,,,,,,,2025-12-14T23:38:00.618000+00:00,false,0,Animal Battle Stats,1446203750204047426
1449908297036730542,,,,,,true,,0000,0,,1446203750204047426,,0,Animal Battle Stats,,1446204139909550150,,,2025-12-14T23:37:56.007Z,,4491519,0,true,Visitor,Anonymous,true,🌐 Location,"Council Bluffs, IA, US",,,,,,,,,,,,,,,,,,,2025-12-14T23:37:55.652000+00:00,👀 Site Visit,rich,0,,,false,,,,false,,,,,,,,,2025-12-14T23:37:56.007000+00:00,false,0,Animal Battle Stats,1446203750204047426
1449908294339657830,,,,,,true,,0000,0,,1446203750204047426,,0,Animal Battle Stats,,1446204139909550150,,,2025-12-14T23:37:55.364Z,,4491519,0,true,Visitor,Anonymous,true,🌐 Location,"Colorado Springs, CO, US",,,,,,,,,,,,,,,,,,,2025-12-14T23:37:48.886000+00:00,👀 Site Visit,rich,0,,,false,,,,false,,,,,,,,,2025-12-14T23:37:55.364000+00:00,false,0,Animal Battle Stats,1446203750204047426
1449872343773216888,,,,,,true,,0000,0,,1446203750204047426,,0,Animal Battle Stats,,1446204139909550150,,,2025-12-14T21:15:04.081Z,,4491519,0,true,Visitor,RamiNoodle733,true,🌐 Location,"Richmond, TX, US",,,,,,,,,,,,,,,,,,,2025-12-14T21:15:03.623000+00:00,👀 Site Visit,rich,0,,,false,,,,false,,,,,,,,,2025-12-14T21:15:04.081000+00:00,false,0,Animal Battle Stats,1446203750204047426
1449872331500683476,,,,,,true,,0000,0,,1446203750204047426,,0,Animal Battle Stats,,1446204139909550150,,,2025-12-14T21:15:01.155Z,,6710886,0,true,User,RamiNoodle733,true,🌐 Location,"Richmond, TX, US",,,,,,,,,,,,,,,,,,,2025-12-14T21:15:00.915000+00:00,👋 User Left Site,rich,0,,,false,,,,false,,,,,,,,,2025-12-14T21:15:01.155000+00:00,false,0,Animal Battle Stats,1446203750204047426
1449871199201918986,,,,,,true,,0000,0,,1446203750204047426,,0,Animal Battle Stats,,1446204139909550150,,,2025-12-14T21:10:31.194Z,,4491519,0,true,Visitor,RamiNoodle733,true,🌐 Location,"Richmond, TX, US",,,,,,,,,,,,,,,,,,,2025-12-14T21:10:30.912000+00:00,👀 Site Visit,rich,0,,,false,,,,false,,,,,,,,,2025-12-14T21:10:31.194000+00:00,false,0,Animal Battle Stats,1446203750204047426
1449871180650516490,,,,,,true,,0000,0,,1446203750204047426,,0,Animal Battle Stats,,1446204139909550150,,,2025-12-14T21:10:26.771Z,,6710886,0,true,User,RamiNoodle733,true,🌐 Location,"Richmond, TX, US",,,,,,,,,,,,,,,,,,,2025-12-14T21:10:26.472000+00:00,👋 User Left Site,rich,0,,,false,,,,false,,,,,,,,,2025-12-14T21:10:26.771000+00:00,false,0,Animal Battle Stats,1446203750204047426
1449871085603655843,,,,,,true,,0000,0,,1446203750204047426,,0,Animal Battle Stats,,1446204139909550150,,,2025-12-14T21:10:04.110Z,,4491519,0,true,Visitor,RamiNoodle733,true,🌐 Location,"Richmond, TX, US",,,,,,,,,,,,,,,,,,,2025-12-14T21:10:03.763000+00:00,👀 Site Visit,rich,0,,,false,,,,false,,,,,,,,,2025-12-14T21:10:04.110000+00:00,false,0,Animal Battle Stats,1446203750204047426
1449871081082060992,,,,,,true,,0000,0,,1446203750204047426,,0,Animal Battle Stats,,1446204139909550150,,,2025-12-14T21:10:03.032Z,,6710886,0,true,User,RamiNoodle733,true,🌐 Location,"Richmond, TX, US",,,,,,,,,,,,,,,,,,,2025-12-14T21:10:01.827000+00:00,👋 User Left Site,rich,0,,,false,,,,false,,,,,,,,,2025-12-14T21:10:03.032000+00:00,false,0,Animal Battle Stats,1446203750204047426
1449868485739151624,,,,,,true,,0000,0,,1446203750204047426,,0,Animal Battle Stats,,1446204139909550150,,,2025-12-14T20:59:44.254Z,,4491519,0,true,Visitor,RamiNoodle733,true,🌐 Location,"Richmond, TX, US",,,,,,,,,,,,,,,,,,,2025-12-14T20:59:43.914000+00:00,👀 Site Visit,rich,0,,,false,,,,false,,,,,,,,,2025-12-14T20:59:44.254000+00:00,false,0,Animal Battle Stats,1446203750204047426
1449868471868325958,,,,,,true,,0000,0,,1446203750204047426,,0,Animal Battle Stats,,1446204139909550150,,,2025-12-14T20:59:40.947Z,,6710886,0,true,User,RamiNoodle733,true,🌐 Location,"Richmond, TX, US",,,,,,,,,,,,,,,,,,,2025-12-14T20:59:40.648000+00:00,👋 User Left Site,rich,0,,,false,,,,false,,,,,,,,,2025-12-14T20:59:40.947000+00:00,false,0,Animal Battle Stats,1446203750204047426
1449868305295736983,,,,,,true,,0000,0,,1446203750204047426,,0,Animal Battle Stats,,1446204139909550150,,,2025-12-14T20:59:01.233Z,,4491519,0,true,Visitor,RamiNoodle733,true,🌐 Location,"Richmond, TX, US",,,,,,,,,,,,,,,,,,,2025-12-14T20:59:00.332000+00:00,👀 Site Visit,rich,0,,,false,,,,false,,,,,,,,,2025-12-14T20:59:01.233000+00:00,false,0,Animal Battle Stats,1446203750204047426
1449868298715136132,,,,,,true,,0000,0,,1446203750204047426,,0,Animal Battle Stats,,1446204139909550150,,,2025-12-14T20:58:59.664Z,,6710886,0,true,User,RamiNoodle733,true,🌐 Location,"Richmond, TX, US",,,,,,,,,,,,,,,,,,,2025-12-14T20:58:59.263000+00:00,👋 User Left Site,rich,0,,,false,,,,false,,,,,,,,,2025-12-14T20:58:59.664000+00:00,false,0,Animal Battle Stats,1446203750204047426
1449868160168624269,,,,,,true,,0000,0,,1446203750204047426,,0,Animal Battle Stats,,1446204139909550150,,,2025-12-14T20:58:26.632Z,,4491519,0,true,Visitor,RamiNoodle733,true,🌐 Location,"Richmond, TX, US",,,,,,,,,,,,,,,,,,,2025-12-14T20:58:26.281000+00:00,👀 Site Visit,rich,0,,,false,,,,false,,,,,,,,,2025-12-14T20:58:26.632000+00:00,false,0,Animal Battle Stats,1446203750204047426
1449868155160760382,,,,,,true,,0000,0,,1446203750204047426,,0,Animal Battle Stats,,1446204139909550150,,,2025-12-14T20:58:25.438Z,,6710886,0,true,User,RamiNoodle733,true,🌐 Location,"Richmond, TX, US",,,,,,,,,,,,,,,,,,,2025-12-14T20:58:18.768000+00:00,👋 User Left Site,rich,0,,,false,,,,false,,,,,,,,,2025-12-14T20:58:25.438000+00:00,false,0,Animal Battle Stats,1446203750204047426
1449862360067211427,,,,,,true,,0000,0,,1446203750204047426,,0,Animal Battle Stats,,1446204139909550150,,,2025-12-14T20:35:23.780Z,,4491519,0,true,Visitor,RamiNoodle733,true,🌐 Location,"Richmond, TX, US",,,,,,,,,,,,,,,,,,,2025-12-14T20:35:23.552000+00:00,👀 Site Visit,rich,0,,,false,,,,false,,,,,,,,,2025-12-14T20:35:23.780000+00:00,false,0,Animal Battle Stats,1446203750204047426
1449862357223477260,,,,,,true,,0000,0,,1446203750204047426,,0,Animal Battle Stats,,1446204139909550150,,,2025-12-14T20:35:23.102Z,,6710886,0,true,User,RamiNoodle733,true,🌐 Location,"Richmond, TX, US",,,,,,,,,,,,,,,,,,,2025-12-14T20:35:22.454000+00:00,👋 User Left Site,rich,0,,,false,,,,false,,,,,,,,,2025-12-14T20:35:23.102000+00:00,false,0,Animal Battle Stats,1446203750204047426
1449862105275826407,,,,,,true,,0000,0,,1446203750204047426,,0,Animal Battle Stats,,1446204139909550150,,,2025-12-14T20:34:23.033Z,,4491519,0,true,Visitor,RamiNoodle733,true,🌐 Location,"Richmond, TX, US",,,,,,,,,,,,,,,,,,,2025-12-14T20:34:22.785000+00:00,👀 Site Visit,rich,0,,,false,,,,false,,,,,,,,,2025-12-14T20:34:23.033000+00:00,false,0,Animal Battle Stats,1446203750204047426
1449862098606751853,,,,,,true,,0000,0,,1446203750204047426,,0,Animal Battle Stats,,1446204139909550150,,,2025-12-14T20:34:21.443Z,,6710886,0,true,User,RamiNoodle733,true,🌐 Location,"Richmond, TX, US",,,,,,,,,,,,,,,,,,,2025-12-14T20:34:20.574000+00:00,👋 User Left Site,rich,0,,,false,,,,false,,,,,,,,,2025-12-14T20:34:21.443000+00:00,false,0,Animal Battle Stats,1446203750204047426
1449858772745850894,,,,,,true,,0000,0,,1446203750204047426,,0,Animal Battle Stats,,1446204139909550150,,,2025-12-14T20:21:08.496Z,,4491519,0,true,Visitor,RamiNoodle733,true,🌐 Location,"Richmond, TX, US",,,,,,,,,,,,,,,,,,,2025-12-14T20:21:08.199000+00:00,👀 Site Visit,rich,0,,,false,,,,false,,,,,,,,,2025-12-14T20:21:08.496000+00:00,false,0,Animal Battle Stats,1446203750204047426
1449858765925908651,,,,,,true,,0000,0,,1446203750204047426,,0,Animal Battle Stats,,1446204139909550150,,,2025-12-14T20:21:06.870Z,,6710886,0,true,User,RamiNoodle733,true,🌐 Location,"Richmond, TX, US",,,,,,,,,,,,,,,,,,,2025-12-14T20:21:05.947000+00:00,👋 User Left Site,rich,0,,,false,,,,false,,,,,,,,,2025-12-14T20:21:06.870000+00:00,false,0,Animal Battle Stats,1446203750204047426
1449856171904205034,,,,,,true,,0000,0,,1446203750204047426,,0,Animal Battle Stats,,1446204139909550150,,,2025-12-14T20:10:48.407Z,,4491519,0,true,Visitor,RamiNoodle733,true,🌐 Location,"Richmond, TX, US",,,,,,,,,,,,,,,,,,,2025-12-14T20:10:48.144000+00:00,👀 Site Visit,rich,0,,,false,,,,false,,,,,,,,,2025-12-14T20:10:48.407000+00:00,false,0,Animal Battle Stats,1446203750204047426
1449856168301170764,,,,,,true,,0000,0,,1446203750204047426,,0,Animal Battle Stats,,1446204139909550150,,,2025-12-14T20:10:47.548Z,,6710886,0,true,User,RamiNoodle733,true,🌐 Location,"Richmond, TX, US",,,,,,,,,,,,,,,,,,,2025-12-14T20:10:46.599000+00:00,👋 User Left Site,rich,0,,,false,,,,false,,,,,,,,,2025-12-14T20:10:47.548000+00:00,false,0,Animal Battle Stats,1446203750204047426
1449850858098524303,,,,,,true,,0000,0,,1446203750204047426,,0,Animal Battle Stats,,1446204139909550150,,,2025-12-14T19:49:41.497Z,,4491519,0,true,Visitor,RamiNoodle733,true,🌐 Location,"Richmond, TX, US",,,,,,,,,,,,,,,,,,,2025-12-14T19:49:41.231000+00:00,👀 Site Visit,rich,0,,,false,,,,false,,,,,,,,,2025-12-14T19:49:41.497000+00:00,false,0,Animal Battle Stats,1446203750204047426
1449850855498186783,,,,,,true,,0000,0,,1446203750204047426,,0,Animal Battle Stats,,1446204139909550150,,,2025-12-14T19:49:40.877Z,,6710886,0,true,User,RamiNoodle733,true,🌐 Location,"Richmond, TX, US",,,,,,,,,,,,,,,,,,,2025-12-14T19:49:40.493000+00:00,👋 User Left Site,rich,0,,,false,,,,false,,,,,,,,,2025-12-14T19:49:40.877000+00:00,false,0,Animal Battle Stats,1446203750204047426
1449850820110713014,,,,,,true,,0000,0,,1446203750204047426,,0,Animal Battle Stats,,1446204139909550150,,,2025-12-14T19:49:32.440Z,,4491519,0,true,Visitor,RamiNoodle733,true,🌐 Location,"Richmond, TX, US",,,,,,,,,,,,,,,,,,,2025-12-14T19:49:32.119000+00:00,👀 Site Visit,rich,0,,,false,,,,false,,,,,,,,,2025-12-14T19:49:32.440000+00:00,false,0,Animal Battle Stats,1446203750204047426
1449850811940212746,,,,,,true,,0000,0,,1446203750204047426,,0,Animal Battle Stats,,1446204139909550150,,,2025-12-14T19:49:30.492Z,,6710886,0,true,User,RamiNoodle733,true,🌐 Location,"Richmond, TX, US",,,,,,,,,,,,,,,,,,,2025-12-14T19:49:30.208000+00:00,👋 User Left Site,rich,0,,,false,,,,false,,,,,,,,,2025-12-14T19:49:30.492000+00:00,false,0,Animal Battle Stats,1446203750204047426
1449850756940435466,,,,,,true,,0000,0,,1446203750204047426,,0,Animal Battle Stats,,1446204139909550150,,,2025-12-14T19:49:17.379Z,,4491519,0,true,Visitor,RamiNoodle733,true,🌐 Location,"Richmond, TX, US",,,,,,,,,,,,,,,,,,,2025-12-14T19:49:17.035000+00:00,👀 Site Visit,rich,0,,,false,,,,false,,,,,,,,,2025-12-14T19:49:17.379000+00:00,false,0,Animal Battle Stats,1446203750204047426
1449850750346723533,,,,,,true,,0000,0,,1446203750204047426,,0,Animal Battle Stats,,1446204139909550150,,,2025-12-14T19:49:15.807Z,,6710886,0,true,User,RamiNoodle733,true,🌐 Location,"Richmond, TX, US",,,,,,,,,,,,,,,,,,,2025-12-14T19:49:15.490000+00:00,👋 User Left Site,rich,0,,,false,,,,false,,,,,,,,,2025-12-14T19:49:15.807000+00:00,false,0,Animal Battle Stats,1446203750204047426
1449850714749931580,,,,,,true,,0000,0,,1446203750204047426,,0,Animal Battle Stats,,1446204139909550150,,,2025-12-14T19:49:07.320Z,,4491519,0,true,Visitor,RamiNoodle733,true,🌐 Location,"Richmond, TX, US",,,,,,,,,,,,,,,,,,,2025-12-14T19:49:06.974000+00:00,👀 Site Visit,rich,0,,,false,,,,false,,,,,,,,,2025-12-14T19:49:07.320000+00:00,false,0,Animal Battle Stats,1446203750204047426
1449850711872503939,,,,,,true,,0000,0,,1446203750204047426,,0,Animal Battle Stats,,1446204139909550150,,,2025-12-14T19:49:06.634Z,,6710886,0,true,User,RamiNoodle733,true,🌐 Location,"Richmond, TX, US",,,,,,,,,,,,,,,,,,,2025-12-14T19:49:05.440000+00:00,👋 User Left Site,rich,0,,,false,,,,false,,,,,,,,,2025-12-14T19:49:06.634000+00:00,false,0,Animal Battle Stats,1446203750204047426
1449850581756940349,,,,,,true,,0000,0,,1446203750204047426,,0,Animal Battle Stats,,1446204139909550150,,,2025-12-14T19:48:35.612Z,,4491519,0,true,Visitor,RamiNoodle733,true,🌐 Location,"Richmond, TX, US",,,,,,,,,,,,,,,,,,,2025-12-14T19:48:35.347000+00:00,👀 Site Visit,rich,0,,,false,,,,false,,,,,,,,,2025-12-14T19:48:35.612000+00:00,false,0,Animal Battle Stats,1446203750204047426
1449850575310295236,,,,,,true,,0000,0,,1446203750204047426,,0,Animal Battle Stats,,1446204139909550150,,,2025-12-14T19:48:34.075Z,,6710886,0,true,User,RamiNoodle733,true,🌐 Location,"Richmond, TX, US",,,,,,,,,,,,,,,,,,,2025-12-14T19:48:33.389000+00:00,👋 User Left Site,rich,0,,,false,,,,false,,,,,,,,,2025-12-14T19:48:34.075000+00:00,false,0,Animal Battle Stats,1446203750204047426
1449847395562029147,,,,,,true,,0000,0,,1446203750204047426,,0,Animal Battle Stats,,1446204139909550150,,,2025-12-14T19:35:55.964Z,,4491519,0,true,Visitor,RamiNoodle733,true,🌐 Location,"Richmond, TX, US",,,,,,,,,,,,,,,,,,,2025-12-14T19:35:55.692000+00:00,👀 Site Visit,rich,0,,,false,,,,false,,,,,,,,,2025-12-14T19:35:55.964000+00:00,false,0,Animal Battle Stats,1446203750204047426
1449847392622084276,,,,,,true,,0000,0,,1446203750204047426,,0,Animal Battle Stats,,1446204139909550150,,,2025-12-14T19:35:55.263Z,,6710886,0,true,User,RamiNoodle733,true,🌐 Location,"Richmond, TX, US",,,,,,,,,,,,,,,,,,,2025-12-14T19:35:54.284000+00:00,👋 User Left Site,rich,0,,,false,,,,false,,,,,,,,,2025-12-14T19:35:55.263000+00:00,false,0,Animal Battle Stats,1446203750204047426
1449847233121095790,,,,,,true,,0000,0,,1446203750204047426,,0,Animal Battle Stats,,1446204139909550150,,,2025-12-14T19:35:17.235Z,,4491519,0,true,Visitor,RamiNoodle733,true,🌐 Location,"Richmond, TX, US",,,,,,,,,,,,,,,,,,,2025-12-14T19:35:16.811000+00:00,👀 Site Visit,rich,0,,,false,,,,false,,,,,,,,,2025-12-14T19:35:17.235000+00:00,false,0,Animal Battle Stats,1446203750204047426
1449847226695159818,,,,,,true,,0000,0,,1446203750204047426,,0,Animal Battle Stats,,1446204139909550150,,,2025-12-14T19:35:15.703Z,,6710886,0,true,User,RamiNoodle733,true,🌐 Location,"Richmond, TX, US",,,,,,,,,,,,,,,,,,,2025-12-14T19:35:15.459000+00:00,👋 User Left Site,rich,0,,,false,,,,false,,,,,,,,,2025-12-14T19:35:15.703000+00:00,false,0,Animal Battle Stats,1446203750204047426
1449847197460856843,,,,,,true,,0000,0,,1446203750204047426,,0,Animal Battle Stats,,1446204139909550150,,,2025-12-14T19:35:08.733Z,,6710886,0,true,User,RamiNoodle733,true,🌐 Location,"Richmond, TX, US",,,,,,,,,,,,,,,,,,,2025-12-14T19:35:07.200000+00:00,👋 User Left Site,rich,0,,,false,,,,false,,,,,,,,,2025-12-14T19:35:08.733000+00:00,false,0,Animal Battle Stats,1446203750204047426
1449847197385621556,,,,,,true,,0000,0,,1446203750204047426,,0,Animal Battle Stats,,1446204139909550150,,,2025-12-14T19:35:08.715Z,,4491519,0,true,Visitor,RamiNoodle733,true,🌐 Location,"Richmond, TX, US",,,,,,,,,,,,,,,,,,,2025-12-14T19:35:08.403000+00:00,👀 Site Visit,rich,0,,,false,,,,false,,,,,,,,,2025-12-14T19:35:08.715000+00:00,false,0,Animal Battle Stats,1446203750204047426
1449847194021793853,,,,,,true,,0000,0,,1446203750204047426,,0,Animal Battle Stats,,1446204139909550150,,,2025-12-14T19:35:07.913Z,,4491519,0,true,Visitor,RamiNoodle733,true,🌐 Location,"Richmond, TX, US",,,,,,,,,,,,,,,,,,,2025-12-14T19:31:27.663000+00:00,👀 Site Visit,rich,0,,,false,,,,false,,,,,,,,,2025-12-14T19:35:07.913000+00:00,false,0,Animal Battle Stats,1446203750204047426
1449846232401838193,,,,,,true,,0000,0,,1446203750204047426,,0,Animal Battle Stats,,1446204139909550150,,,2025-12-14T19:31:18.645Z,,4491519,0,true,Visitor,RamiNoodle733,true,🌐 Location,"Richmond, TX, US",,,,,,,,,,,,,,,,,,,2025-12-14T19:31:18.459000+00:00,👀 Site Visit,rich,0,,,false,,,,false,,,,,,,,,2025-12-14T19:31:18.645000+00:00,false,0,Animal Battle Stats,1446203750204047426
1449846223329824869,,,,,,true,,0000,0,,1446203750204047426,,0,Animal Battle Stats,,1446204139909550150,,,2025-12-14T19:31:16.482Z,,6710886,0,true,User,RamiNoodle733,true,🌐 Location,"Richmond, TX, US",,,,,,,,,,,,,,,,,,,2025-12-14T19:31:16.198000+00:00,👋 User Left Site,rich,0,,,false,,,,false,,,,,,,,,2025-12-14T19:31:16.482000+00:00,false,0,Animal Battle Stats,1446203750204047426
1449844673991676146,,,,,,true,,0000,0,,1446203750204047426,,0,Animal Battle Stats,,1446204139909550150,,,2025-12-14T19:25:07.091Z,,4491519,0,true,Visitor,RamiNoodle733,true,🌐 Location,"Richmond, TX, US",,,,,,,,,,,,,,,,,,,2025-12-14T19:25:06.809000+00:00,👀 Site Visit,rich,0,,,false,,,,false,,,,,,,,,2025-12-14T19:25:07.091000+00:00,false,0,Animal Battle Stats,1446203750204047426
1449844669226680592,,,,,,true,,0000,0,,1446203750204047426,,0,Animal Battle Stats,,1446204139909550150,,,2025-12-14T19:25:05.955Z,,6710886,0,true,User,RamiNoodle733,true,🌐 Location,"Richmond, TX, US",,,,,,,,,,,,,,,,,,,2025-12-14T19:25:05.696000+00:00,👋 User Left Site,rich,0,,,false,,,,false,,,,,,,,,2025-12-14T19:25:05.955000+00:00,false,0,Animal Battle Stats,1446203750204047426
1449843553642741984,,,,,,true,,0000,0,,1446203750204047426,,0,Animal Battle Stats,,1446204139909550150,,,2025-12-14T19:20:39.979Z,,4491519,0,true,Visitor,RamiNoodle733,true,🌐 Location,"Richmond, TX, US",,,,,,,,,,,,,,,,,,,2025-12-14T19:20:39.738000+00:00,👀 Site Visit,rich,0,,,false,,,,false,,,,,,,,,2025-12-14T19:20:39.979000+00:00,false,0,Animal Battle Stats,1446203750204047426
1449843550844883036,,,,,,true,,0000,0,,1446203750204047426,,0,Animal Battle Stats,,1446204139909550150,,,2025-12-14T19:20:39.312Z,,6710886,0,true,User,RamiNoodle733,true,🌐 Location,"Richmond, TX, US",,,,,,,,,,,,,,,,,,,2025-12-14T19:20:39.061000+00:00,👋 User Left Site,rich,0,,,false,,,,false,,,,,,,,,2025-12-14T19:20:39.312000+00:00,false,0,Animal Battle Stats,1446203750204047426
1449843434473918494,,,,,,true,,0000,0,,1446203750204047426,,0,Animal Battle Stats,,1446204139909550150,,,2025-12-14T19:20:11.567Z,,4491519,0,true,Visitor,RamiNoodle733,true,🌐 Location,"Richmond, TX, US",,,,,,,,,,,,,,,,,,,2025-12-14T19:20:11.211000+00:00,👀 Site Visit,rich,0,,,false,,,,false,,,,,,,,,2025-12-14T19:20:11.567000+00:00,false,0,Animal Battle Stats,1446203750204047426
1449843431688896833,,,,,,true,,0000,0,,1446203750204047426,,0,Animal Battle Stats,,1446204139909550150,,,2025-12-14T19:20:10.903Z,,6710886,0,true,User,RamiNoodle733,true,🌐 Location,"Richmond, TX, US",,,,,,,,,,,,,,,,,,,2025-12-14T19:20:10.261000+00:00,👋 User Left Site,rich,0,,,false,,,,false,,,,,,,,,2025-12-14T19:20:10.903000+00:00,false,0,Animal Battle Stats,1446203750204047426
1449843431659536384,,,,,,true,,0000,0,,1446203750204047426,,0,Animal Battle Stats,,1446204139909550150,,,2025-12-14T19:20:10.896Z,,4491519,0,true,Visitor,RamiNoodle733,true,🌐 Location,"Richmond, TX, US",,,,,,,,,,,,,,,,,,,2025-12-14T19:19:55.990000+00:00,👀 Site Visit,rich,0,,,false,,,,false,,,,,,,,,2025-12-14T19:20:10.896000+00:00,false,0,Animal Battle Stats,1446203750204047426
1449842927411925012,,,,,,true,,0000,0,,1446203750204047426,,0,Animal Battle Stats,,1446204139909550150,,,2025-12-14T19:18:10.674Z,,4491519,0,true,Visitor,RamiNoodle733,true,🌐 Location,"Richmond, TX, US",,,,,,,,,,,,,,,,,,,2025-12-14T19:18:10.339000+00:00,👀 Site Visit,rich,0,,,false,,,,false,,,,,,,,,2025-12-14T19:18:10.674000+00:00,false,0,Animal Battle Stats,1446203750204047426
1449842925621219328,,,,,,true,,0000,0,,1446203750204047426,,0,Animal Battle Stats,,1446204139909550150,,,2025-12-14T19:18:10.247Z,,6710886,0,true,User,RamiNoodle733,true,🌐 Location,"Richmond, TX, US",,,,,,,,,,,,,,,,,,,2025-12-14T19:18:08.526000+00:00,👋 User Left Site,rich,0,,,false,,,,false,,,,,,,,,2025-12-14T19:18:10.247000+00:00,false,0,Animal Battle Stats,1446203750204047426
1449842919837139138,,,,,,true,,0000,0,,1446203750204047426,,0,Animal Battle Stats,,1446204139909550150,,,2025-12-14T19:18:08.868Z,,4491519,0,true,Visitor,RamiNoodle733,true,🌐 Location,"Richmond, TX, US",,,,,,,,,,,,,,,,,,,2025-12-14T19:17:57.596000+00:00,👀 Site Visit,rich,0,,,false,,,,false,,,,,,,,,2025-12-14T19:18:08.868000+00:00,false,0,Animal Battle Stats,1446203750204047426
1449836780751945951,,,,,,true,,0000,0,,1446203750204047426,,0,Animal Battle Stats,,1446204139909550150,,,2025-12-14T18:53:45.196Z,,4491519,0,true,Visitor,RamiNoodle733,true,🌐 Location,"Richmond, TX, US",,,,,,,,,,,,,,,,,,,2025-12-14T18:53:44.862000+00:00,👀 Site Visit,rich,0,,,false,,,,false,,,,,,,,,2025-12-14T18:53:45.196000+00:00,false,0,Animal Battle Stats,1446203750204047426
1449836778029842594,,,,,,true,,0000,0,,1446203750204047426,,0,Animal Battle Stats,,1446204139909550150,,,2025-12-14T18:53:44.547Z,,6710886,0,true,User,RamiNoodle733,true,🌐 Location,"Richmond, TX, US",,,,,,,,,,,,,,,,,,,2025-12-14T18:53:43.791000+00:00,👋 User Left Site,rich,0,,,false,,,,false,,,,,,,,,2025-12-14T18:53:44.547000+00:00,false,0,Animal Battle Stats,1446203750204047426
1449835448666034378,,,,,,true,,0000,0,,1446203750204047426,,0,Animal Battle Stats,,1446204139909550150,,,2025-12-14T18:48:27.602Z,,4491519,0,true,Visitor,RamiNoodle733,true,🌐 Location,"Richmond, TX, US",,,,,,,,,,,,,,,,,,,2025-12-14T18:48:27.323000+00:00,👀 Site Visit,rich,0,,,false,,,,false,,,,,,,,,2025-12-14T18:48:27.602000+00:00,false,0,Animal Battle Stats,1446203750204047426
1449835443876270241,,,,,,true,,0000,0,,1446203750204047426,,0,Animal Battle Stats,,1446204139909550150,,,2025-12-14T18:48:26.460Z,,6710886,0,true,User,RamiNoodle733,true,🌐 Location,"Richmond, TX, US",,,,,,,,,,,,,,,,,,,2025-12-14T18:48:25.630000+00:00,👋 User Left Site,rich,0,,,false,,,,false,,,,,,,,,2025-12-14T18:48:26.460000+00:00,false,0,Animal Battle Stats,1446203750204047426
1449833777865162783,,,,,,true,,0000,0,,1446203750204047426,,0,Animal Battle Stats,,1446204139909550150,,,2025-12-14T18:41:49.252Z,,4491519,0,true,Visitor,RamiNoodle733,true,🌐 Location,"Richmond, TX, US",,,,,,,,,,,,,,,,,,,2025-12-14T18:41:48.979000+00:00,👀 Site Visit,rich,0,,,false,,,,false,,,,,,,,,2025-12-14T18:41:49.252000+00:00,false,0,Animal Battle Stats,1446203750204047426
1449833774660718722,,,,,,true,,0000,0,,1446203750204047426,,0,Animal Battle Stats,,1446204139909550150,,,2025-12-14T18:41:48.488Z,,6710886,0,true,User,RamiNoodle733,true,🌐 Location,"Richmond, TX, US",,,,,,,,,,,,,,,,,,,2025-12-14T18:41:48.228000+00:00,👋 User Left Site,rich,0,,,false,,,,false,,,,,,,,,2025-12-14T18:41:48.488000+00:00,false,0,Animal Battle Stats,1446203750204047426
1449833704922021993,,,,,,true,,0000,0,,1446203750204047426,,0,Animal Battle Stats,,1446204139909550150,,,2025-12-14T18:41:31.861Z,,4491519,0,true,Visitor,RamiNoodle733,true,🌐 Location,"Richmond, TX, US",,,,,,,,,,,,,,,,,,,2025-12-14T18:41:31.634000+00:00,👀 Site Visit,rich,0,,,false,,,,false,,,,,,,,,2025-12-14T18:41:31.861000+00:00,false,0,Animal Battle Stats,1446203750204047426
1449833700807278765,,,,,,true,,0000,0,,1446203750204047426,,0,Animal Battle Stats,,1446204139909550150,,,2025-12-14T18:41:30.880Z,,6710886,0,true,User,RamiNoodle733,true,🌐 Location,"Richmond, TX, US",,,,,,,,,,,,,,,,,,,2025-12-14T18:41:30.549000+00:00,👋 User Left Site,rich,0,,,false,,,,false,,,,,,,,,2025-12-14T18:41:30.880000+00:00,false,0,Animal Battle Stats,1446203750204047426
1449833682104881319,,,,,,true,,0000,0,,1446203750204047426,,0,Animal Battle Stats,,1446204139909550150,,,2025-12-14T18:41:26.421Z,,4491519,0,true,Visitor,RamiNoodle733,true,🌐 Location,"Richmond, TX, US",,,,,,,,,,,,,,,,,,,2025-12-14T18:41:26.075000+00:00,👀 Site Visit,rich,0,,,false,,,,false,,,,,,,,,2025-12-14T18:41:26.421000+00:00,false,0,Animal Battle Stats,1446203750204047426
1449833678535397558,,,,,,true,,0000,0,,1446203750204047426,,0,Animal Battle Stats,,1446204139909550150,,,2025-12-14T18:41:25.570Z,,4491519,0,true,Visitor,RamiNoodle733,true,🌐 Location,"Richmond, TX, US",,,,,,,,,,,,,,,,,,,2025-12-14T18:41:25.300000+00:00,👀 Site Visit,rich,0,,,false,,,,false,,,,,,,,,2025-12-14T18:41:25.570000+00:00,false,0,Animal Battle Stats,1446203750204047426
1449833676551622696,,,,,,true,,0000,0,,1446203750204047426,,0,Animal Battle Stats,,1446204139909550150,,,2025-12-14T18:41:25.097Z,,6710886,0,true,User,RamiNoodle733,true,🌐 Location,"Richmond, TX, US",,,,,,,,,,,,,,,,,,,2025-12-14T18:41:24.752000+00:00,👋 User Left Site,rich,0,,,false,,,,false,,,,,,,,,2025-12-14T18:41:25.097000+00:00,false,0,Animal Battle Stats,1446203750204047426
1449833528979095566,,,,,,true,,0000,0,,1446203750204047426,,0,Animal Battle Stats,,1446204139909550150,,,2025-12-14T18:40:49.913Z,,6710886,0,true,User,RamiNoodle733,true,🌐 Location,"Richmond, TX, US",,,,,,,,,,,,,,,,,,,2025-12-14T18:40:47.696000+00:00,👋 User Left Site,rich,0,,,false,,,,false,,,,,,,,,2025-12-14T18:40:49.913000+00:00,false,0,Animal Battle Stats,1446203750204047426
1449833528010477810,,,,,,true,,0000,0,,1446203750204047426,,0,Animal Battle Stats,,1446204139909550150,,,2025-12-14T18:40:49.682Z,,4491519,0,true,Visitor,RamiNoodle733,true,🌐 Location,"Richmond, TX, US",,,,,,,,,,,,,,,,,,,2025-12-14T18:40:49.240000+00:00,👀 Site Visit,rich,0,,,false,,,,false,,,,,,,,,2025-12-14T18:40:49.682000+00:00,false,0,Animal Battle Stats,1446203750204047426
1449832371875614840,,,,,,true,,0000,0,,1446203750204047426,,0,Animal Battle Stats,,1446204139909550150,,,2025-12-14T18:36:14.038Z,,4491519,0,true,Visitor,RamiNoodle733,true,🌐 Location,"Richmond, TX, US",,,,,,,,,,,,,,,,,,,2025-12-14T18:36:13.785000+00:00,👀 Site Visit,rich,0,,,false,,,,false,,,,,,,,,2025-12-14T18:36:14.038000+00:00,false,0,Animal Battle Stats,1446203750204047426
1449832366976667790,,,,,,true,,0000,0,,1446203750204047426,,0,Animal Battle Stats,,1446204139909550150,,,2025-12-14T18:36:12.870Z,,6710886,0,true,User,RamiNoodle733,true,🌐 Location,"Richmond, TX, US",,,,,,,,,,,,,,,,,,,2025-12-14T18:36:12.549000+00:00,👋 User Left Site,rich,0,,,false,,,,false,,,,,,,,,2025-12-14T18:36:12.870000+00:00,false,0,Animal Battle Stats,1446203750204047426
1449831283503923260,,,,,,true,,0000,0,,1446203750204047426,,0,Animal Battle Stats,,1446204139909550150,,,2025-12-14T18:31:54.550Z,,4491519,0,true,Visitor,RamiNoodle733,true,🌐 Location,"Richmond, TX, US",,,,,,,,,,,,,,,,,,,2025-12-14T18:31:54.292000+00:00,👀 Site Visit,rich,0,,,false,,,,false,,,,,,,,,2025-12-14T18:31:54.550000+00:00,false,0,Animal Battle Stats,1446203750204047426
1449831279850688626,,,,,,true,,0000,0,,1446203750204047426,,0,Animal Battle Stats,,1446204139909550150,,,2025-12-14T18:31:53.679Z,,6710886,0,true,User,RamiNoodle733,true,🌐 Location,"Richmond, TX, US",,,,,,,,,,,,,,,,,,,2025-12-14T18:31:53.477000+00:00,👋 User Left Site,rich,0,,,false,,,,false,,,,,,,,,2025-12-14T18:31:53.679000+00:00,false,0,Animal Battle Stats,1446203750204047426
1449831214956548326,,,,,,true,,0000,0,,1446203750204047426,,0,Animal Battle Stats,,1446204139909550150,,,2025-12-14T18:31:38.207Z,,4491519,0,true,Visitor,RamiNoodle733,true,🌐 Location,"Richmond, TX, US",,,,,,,,,,,,,,,,,,,2025-12-14T18:31:37.927000+00:00,👀 Site Visit,rich,0,,,false,,,,false,,,,,,,,,2025-12-14T18:31:38.207000+00:00,false,0,Animal Battle Stats,1446203750204047426
1449831210590408736,,,,,,true,,0000,0,,1446203750204047426,,0,Animal Battle Stats,,1446204139909550150,,,2025-12-14T18:31:37.166Z,,6710886,0,true,User,RamiNoodle733,true,🌐 Location,"Richmond, TX, US",,,,,,,,,,,,,,,,,,,2025-12-14T18:31:36.201000+00:00,👋 User Left Site,rich,0,,,false,,,,false,,,,,,,,,2025-12-14T18:31:37.166000+00:00,false,0,Animal Battle Stats,1446203750204047426
1449829540628008990,,,,,,true,,0000,0,,1446203750204047426,,0,Animal Battle Stats,,1446204139909550150,,,2025-12-14T18:24:59.016Z,,4491519,0,true,Visitor,RamiNoodle733,true,🌐 Location,"Richmond, TX, US",,,,,,,,,,,,,,,,,,,2025-12-14T18:24:58.686000+00:00,👀 Site Visit,rich,0,,,false,,,,false,,,,,,,,,2025-12-14T18:24:59.016000+00:00,false,0,Animal Battle Stats,1446203750204047426
1449829532055109703,,,,,,true,,0000,0,,1446203750204047426,,0,Animal Battle Stats,,1446204139909550150,,,2025-12-14T18:24:56.972Z,,6710886,0,true,User,RamiNoodle733,true,🌐 Location,"Richmond, TX, US",,,,,,,,,,,,,,,,,,,2025-12-14T18:24:56.698000+00:00,👋 User Left Site,rich,0,,,false,,,,false,,,,,,,,,2025-12-14T18:24:56.972000+00:00,false,0,Animal Battle Stats,1446203750204047426
1449829451641651483,,,,,,true,,0000,0,,1446203750204047426,,0,Animal Battle Stats,,1446204139909550150,,,2025-12-14T18:24:37.800Z,,4491519,0,true,Visitor,RamiNoodle733,true,🌐 Location,"Richmond, TX, US",,,,,,,,,,,,,,,,,,,2025-12-14T18:24:37.564000+00:00,👀 Site Visit,rich,0,,,false,,,,false,,,,,,,,,2025-12-14T18:24:37.800000+00:00,false,0,Animal Battle Stats,1446203750204047426
1449829445539201095,,,,,,true,,0000,0,,1446203750204047426,,0,Animal Battle Stats,,1446204139909550150,,,2025-12-14T18:24:36.345Z,,6710886,0,true,User,RamiNoodle733,true,🌐 Location,"Richmond, TX, US",,,,,,,,,,,,,,,,,,,2025-12-14T18:24:36.057000+00:00,👋 User Left Site,rich,0,,,false,,,,false,,,,,,,,,2025-12-14T18:24:36.345000+00:00,false,0,Animal Battle Stats,1446203750204047426
1449829423170719814,,,,,,true,,0000,0,,1446203750204047426,,0,Animal Battle Stats,,1446204139909550150,,,2025-12-14T18:24:31.012Z,,4491519,0,true,Visitor,RamiNoodle733,true,🌐 Location,"Richmond, TX, US",,,,,,,,,,,,,,,,,,,2025-12-14T18:24:30.627000+00:00,👀 Site Visit,rich,0,,,false,,,,false,,,,,,,,,2025-12-14T18:24:31.012000+00:00,false,0,Animal Battle Stats,1446203750204047426
1449829419505029282,,,,,,true,,0000,0,,1446203750204047426,,0,Animal Battle Stats,,1446204139909550150,,,2025-12-14T18:24:30.138Z,,6710886,0,true,User,RamiNoodle733,true,🌐 Location,"Richmond, TX, US",,,,,,,,,,,,,,,,,,,2025-12-14T18:24:27.743000+00:00,👋 User Left Site,rich,0,,,false,,,,false,,,,,,,,,2025-12-14T18:24:30.138000+00:00,false,0,Animal Battle Stats,1446203750204047426
1449829042478911602,,,,,,true,,0000,0,,1446203750204047426,,0,Animal Battle Stats,,1446204139909550150,,,2025-12-14T18:23:00.248Z,,16724838,0,true,User,RamiNoodle733,true,Animal,Bull Shark,true,Vote,👎 Downvote,true,🌐 Location,"Richmond, TX, US",,,,,,,,,,,,,2025-12-14T18:22:59.892000+00:00,👎 New Vote,rich,0,,,false,,,,false,,,,,,,,,2025-12-14T18:23:00.248000+00:00,false,0,Animal Battle Stats,1446203750204047426
1449829042072064023,,,,,,true,,0000,0,,1446203750204047426,,0,Animal Battle Stats,,1446204139909550150,,,2025-12-14T18:23:00.151Z,,65416,0,true,User,RamiNoodle733,true,Animal,Orca,true,Vote,👍 Upvote,true,🌐 Location,"Richmond, TX, US",,,,,,,,,,,,,2025-12-14T18:22:58.050000+00:00,👍 New Vote,rich,0,,,false,,,,false,,,,,,,,,2025-12-14T18:23:00.151000+00:00,false,0,Animal Battle Stats,1446203750204047426
1449828407268479198,,,,,,true,,0000,0,,1446203750204047426,,0,Animal Battle Stats,,1446204139909550150,,,2025-12-14T18:20:28.802Z,,6710886,0,true,User,RamiNoodle733,true,🌐 Location,"Richmond, TX, US",,,,,,,,,,,,,,,,,,,2025-12-14T18:20:28.422000+00:00,👋 User Left Site,rich,0,,,false,,,,false,,,,,,,,,2025-12-14T18:20:28.802000+00:00,false,0,Animal Battle Stats,1446203750204047426
1449828385109839995,,,,,,true,,0000,0,,1446203750204047426,,0,Animal Battle Stats,,1446204139909550150,,,2025-12-14T18:20:23.519Z,,4491519,0,true,Visitor,RamiNoodle733,true,🌐 Location,"Richmond, TX, US",,,,,,,,,,,,,,,,,,,2025-12-14T18:20:23.205000+00:00,👀 Site Visit,rich,0,,,false,,,,false,,,,,,,,,2025-12-14T18:20:23.519000+00:00,false,0,Animal Battle Stats,1446203750204047426
1449828382153117726,,,,,,true,,0000,0,,1446203750204047426,,0,Animal Battle Stats,,1446204139909550150,,,2025-12-14T18:20:22.814Z,,6710886,0,true,User,RamiNoodle733,true,🌐 Location,"Richmond, TX, US",,,,,,,,,,,,,,,,,,,2025-12-14T18:20:22.486000+00:00,👋 User Left Site,rich,0,,,false,,,,false,,,,,,,,,2025-12-14T18:20:22.814000+00:00,false,0,Animal Battle Stats,1446203750204047426
1449828359574917120,,,,,,true,,0000,0,,1446203750204047426,,0,Animal Battle Stats,,1446204139909550150,,,2025-12-14T18:20:17.431Z,,4491519,0,true,Visitor,RamiNoodle733,true,🌐 Location,"Richmond, TX, US",,,,,,,,,,,,,,,,,,,2025-12-14T18:20:17.190000+00:00,👀 Site Visit,rich,0,,,false,,,,false,,,,,,,,,2025-12-14T18:20:17.431000+00:00,false,0,Animal Battle Stats,1446203750204047426
1449828353258291343,,,,,,true,,0000,0,,1446203750204047426,,0,Animal Battle Stats,,1446204139909550150,,,2025-12-14T18:20:15.925Z,,6710886,0,true,User,RamiNoodle733,true,🌐 Location,"Richmond, TX, US",,,,,,,,,,,,,,,,,,,2025-12-14T18:20:15.093000+00:00,👋 User Left Site,rich,0,,,false,,,,false,,,,,,,,,2025-12-14T18:20:15.925000+00:00,false,0,Animal Battle Stats,1446203750204047426
1449820739774709870,,,,,,true,,0000,0,,1446203750204047426,,0,Animal Battle Stats,,1446204139909550150,,,2025-12-14T17:50:00.729Z,,4491519,0,true,Visitor,RamiNoodle733,true,🌐 Location,"Richmond, TX, US",,,,,,,,,,,,,,,,,,,2025-12-14T17:50:00.337000+00:00,👀 Site Visit,rich,0,,,false,,,,false,,,,,,,,,2025-12-14T17:50:00.729000+00:00,false,0,Animal Battle Stats,1446203750204047426
1449820735186141345,,,,,,true,,0000,0,,1446203750204047426,,0,Animal Battle Stats,,1446204139909550150,,,2025-12-14T17:49:59.635Z,,6710886,0,true,User,RamiNoodle733,true,🌐 Location,"Richmond, TX, US",,,,,,,,,,,,,,,,,,,2025-12-14T17:49:58.695000+00:00,👋 User Left Site,rich,0,,,false,,,,false,,,,,,,,,2025-12-14T17:49:59.635000+00:00,false,0,Animal Battle Stats,1446203750204047426
1449817768873427135,,,,,,true,,0000,0,,1446203750204047426,,0,Animal Battle Stats,,1446204139909550150,,,2025-12-14T17:38:12.411Z,,4491519,0,true,Visitor,RamiNoodle733,true,🌐 Location,"Richmond, TX, US",,,,,,,,,,,,,,,,,,,2025-12-14T17:38:12.033000+00:00,👀 Site Visit,rich,0,,,false,,,,false,,,,,,,,,2025-12-14T17:38:12.411000+00:00,false,0,Animal Battle Stats,1446203750204047426
1449817763093676214,,,,,,true,,0000,0,,1446203750204047426,,0,Animal Battle Stats,,1446204139909550150,,,2025-12-14T17:38:11.033Z,,6710886,0,true,User,RamiNoodle733,true,🌐 Location,"Richmond, TX, US",,,,,,,,,,,,,,,,,,,2025-12-14T17:38:10.110000+00:00,👋 User Left Site,rich,0,,,false,,,,false,,,,,,,,,2025-12-14T17:38:11.033000+00:00,false,0,Animal Battle Stats,1446203750204047426
1449785405732815092,,,,,,true,,0000,0,,1446203750204047426,,0,Animal Battle Stats,,1446204139909550150,,,2025-12-14T15:29:36.437Z,,4491519,0,true,Visitor,RamiNoodle733,true,🌐 Location,"Richmond, TX, US",,,,,,,,,,,,,,,,,,,2025-12-14T15:29:36.138000+00:00,👀 Site Visit,rich,0,,,false,,,,false,,,,,,,,,2025-12-14T15:29:36.437000+00:00,false,0,Animal Battle Stats,1446203750204047426
1449785400108384367,,,,,,true,,0000,0,,1446203750204047426,,0,Animal Battle Stats,,1446204139909550150,,,2025-12-14T15:29:35.096Z,,6710886,0,true,User,RamiNoodle733,true,🌐 Location,"Richmond, TX, US",,,,,,,,,,,,,,,,,,,2025-12-14T15:29:33.721000+00:00,👋 User Left Site,rich,0,,,false,,,,false,,,,,,,,,2025-12-14T15:29:35.096000+00:00,false,0,Animal Battle Stats,1446203750204047426
1449780184537632908,,,,,,true,,0000,0,,1446203750204047426,,0,Animal Battle Stats,,1446204139909550150,,,2025-12-14T15:08:51.607Z,,4491519,0,true,Visitor,RamiNoodle733,true,🌐 Location,"Richmond, TX, US",,,,,,,,,,,,,,,,,,,2025-12-14T15:08:51.327000+00:00,👀 Site Visit,rich,0,,,false,,,,false,,,,,,,,,2025-12-14T15:08:51.607000+00:00,false,0,Animal Battle Stats,1446203750204047426
1449780181009961020,,,,,,true,,0000,0,,1446203750204047426,,0,Animal Battle Stats,,1446204139909550150,,,2025-12-14T15:08:50.766Z,,6710886,0,true,User,RamiNoodle733,true,🌐 Location,"Richmond, TX, US",,,,,,,,,,,,,,,,,,,2025-12-14T15:08:49.486000+00:00,👋 User Left Site,rich,0,,,false,,,,false,,,,,,,,,2025-12-14T15:08:50.766000+00:00,false,0,Animal Battle Stats,1446203750204047426
1449778222010208327,,,,,,true,,0000,0,,1446203750204047426,,0,Animal Battle Stats,,1446204139909550150,,,2025-12-14T15:01:03.704Z,,4491519,0,true,Visitor,RamiNoodle733,true,🌐 Location,"Richmond, TX, US",,,,,,,,,,,,,,,,,,,2025-12-14T15:01:03.458000+00:00,👀 Site Visit,rich,0,,,false,,,,false,,,,,,,,,2025-12-14T15:01:03.704000+00:00,false,0,Animal Battle Stats,1446203750204047426
1449778208731042039,,,,,,true,,0000,0,,1446203750204047426,,0,Animal Battle Stats,,1446204139909550150,,,2025-12-14T15:01:00.538Z,,6710886,0,true,User,RamiNoodle733,true,🌐 Location,"Richmond, TX, US",,,,,,,,,,,,,,,,,,,2025-12-14T15:00:54.508000+00:00,👋 User Left Site,rich,0,,,false,,,,false,,,,,,,,,2025-12-14T15:01:00.538000+00:00,false,0,Animal Battle Stats,1446203750204047426
1449778208596820030,,,,,,true,,0000,0,,1446203750204047426,,0,Animal Battle Stats,,1446204139909550150,,,2025-12-14T15:01:00.506Z,,6710886,0,true,User,RamiNoodle733,true,🌐 Location,"Richmond, TX, US",,,,,,,,,,,,,,,,,,,2025-12-14T15:00:57.292000+00:00,👋 User Left Site,rich,0,,,false,,,,false,,,,,,,,,2025-12-14T15:01:00.506000+00:00,false,0,Animal Battle Stats,1446203750204047426
1449671064430055454,,,,,,true,,0000,0,,1446203750204047426,,0,Animal Battle Stats,,1446204139909550150,,,2025-12-14T07:55:15.346Z,,4491519,0,true,Visitor,Anonymous,true,🌐 Location,"Ashburn, VA, US",,,,,,,,,,,,,,,,,,,2025-12-14T07:55:14.997000+00:00,👀 Site Visit,rich,0,,,false,,,,false,,,,,,,,,2025-12-14T07:55:15.346000+00:00,false,0,Animal Battle Stats,1446203750204047426
1449670344116801556,,,,,,true,,0000,0,,1446203750204047426,,0,Animal Battle Stats,,1446204139909550150,,,2025-12-14T07:52:23.610Z,,4491519,0,true,Visitor,Anonymous,true,🌐 Location,"Ashburn, VA, US",,,,,,,,,,,,,,,,,,,2025-12-14T07:52:23.356000+00:00,👀 Site Visit,rich,0,,,false,,,,false,,,,,,,,,2025-12-14T07:52:23.610000+00:00,false,0,Animal Battle Stats,1446203750204047426
1449670311607009332,,,,,,true,,0000,0,,1446203750204047426,,0,Animal Battle Stats,,1446204139909550150,,,2025-12-14T07:52:15.859Z,,4491519,0,true,Visitor,Anonymous,true,🌐 Location,"Ashburn, VA, US",,,,,,,,,,,,,,,,,,,2025-12-14T07:52:15.480000+00:00,👀 Site Visit,rich,0,,,false,,,,false,,,,,,,,,2025-12-14T07:52:15.859000+00:00,false,0,Animal Battle Stats,1446203750204047426
1449669588446089236,,,,,,true,,0000,0,,1446203750204047426,,0,Animal Battle Stats,,1446204139909550150,,,2025-12-14T07:49:23.444Z,,4491519,0,true,Visitor,Anonymous,true,🌐 Location,"Ashburn, VA, US",,,,,,,,,,,,,,,,,,,2025-12-14T07:49:23.039000+00:00,👀 Site Visit,rich,0,,,false,,,,false,,,,,,,,,2025-12-14T07:49:23.444000+00:00,false,0,Animal Battle Stats,1446203750204047426
1449669586646728734,,,,,,true,,0000,0,,1446203750204047426,,0,Animal Battle Stats,,1446204139909550150,,,2025-12-14T07:49:23.015Z,,4491519,0,true,Visitor,Anonymous,true,🌐 Location,"Ashburn, VA, US",,,,,,,,,,,,,,,,,,,2025-12-14T07:49:15.581000+00:00,👀 Site Visit,rich,0,,,false,,,,false,,,,,,,,,2025-12-14T07:49:23.015000+00:00,false,0,Animal Battle Stats,1446203750204047426
1449625034397188247,,,,,,true,,0000,0,,1446203750204047426,,0,Animal Battle Stats,,1446204139909550150,,,2025-12-14T04:52:20.931Z,,4491519,0,true,Visitor,Anonymous,true,🌐 Location,"Council Bluffs, IA, US",,,,,,,,,,,,,,,,,,,2025-12-14T04:52:20.640000+00:00,👀 Site Visit,rich,0,,,false,,,,false,,,,,,,,,2025-12-14T04:52:20.931000+00:00,false,0,Animal Battle Stats,1446203750204047426
1449625032547500106,,,,,,true,,0000,0,,1446203750204047426,,0,Animal Battle Stats,,1446204139909550150,,,2025-12-14T04:52:20.490Z,,4491519,0,true,Visitor,Anonymous,true,🌐 Location,"Council Bluffs, IA, US",,,,,,,,,,,,,,,,,,,2025-12-14T04:51:29.565000+00:00,👀 Site Visit,rich,0,,,false,,,,false,,,,,,,,,2025-12-14T04:52:20.490000+00:00,false,0,Animal Battle Stats,1446203750204047426
1449432820748521698,,,,,,true,,0000,0,,1446203750204047426,,0,Animal Battle Stats,,1446204139909550150,,,2025-12-13T16:08:33.626Z,,4491519,0,true,Visitor,RamiNoodle733,true,🌐 Location,"Richmond, TX, US",,,,,,,,,,,,,,,,,,,2025-12-13T16:08:33.371000+00:00,👀 Site Visit,rich,0,,,false,,,,false,,,,,,,,,2025-12-13T16:08:33.626000+00:00,false,0,Animal Battle Stats,1446203750204047426
1449432816747286610,,,,,,true,,0000,0,,1446203750204047426,,0,Animal Battle Stats,,1446204139909550150,,,2025-12-13T16:08:32.672Z,,6710886,0,true,User,RamiNoodle733,true,🌐 Location,"Richmond, TX, US",,,,,,,,,,,,,,,,,,,2025-12-13T16:08:31.843000+00:00,👋 User Left Site,rich,0,,,false,,,,false,,,,,,,,,2025-12-13T16:08:32.672000+00:00,false,0,Animal Battle Stats,1446203750204047426
1449432719753875487,,,,,,true,,0000,0,,1446203750204047426,,0,Animal Battle Stats,,1446204139909550150,,,2025-12-13T16:08:09.547Z,,4491519,0,true,Visitor,RamiNoodle733,true,🌐 Location,"Richmond, TX, US",,,,,,,,,,,,,,,,,,,2025-12-13T16:08:09.330000+00:00,👀 Site Visit,rich,0,,,false,,,,false,,,,,,,,,2025-12-13T16:08:09.547000+00:00,false,0,Animal Battle Stats,1446203750204047426
1449432709700124833,,,,,,true,,0000,0,,1446203750204047426,,0,Animal Battle Stats,,1446204139909550150,,,2025-12-13T16:08:07.150Z,,6710886,0,true,User,RamiNoodle733,true,🌐 Location,"Richmond, TX, US",,,,,,,,,,,,,,,,,,,2025-12-13T16:08:06.808000+00:00,👋 User Left Site,rich,0,,,false,,,,false,,,,,,,,,2025-12-13T16:08:07.150000+00:00,false,0,Animal Battle Stats,1446203750204047426
1449431786814701740,,,,,,true,,0000,0,,1446203750204047426,,0,Animal Battle Stats,,1446204139909550150,,,2025-12-13T16:04:27.117Z,,4491519,0,true,Visitor,RamiNoodle733,true,🌐 Location,"Richmond, TX, US",,,,,,,,,,,,,,,,,,,2025-12-13T16:04:26.765000+00:00,👀 Site Visit,rich,0,,,false,,,,false,,,,,,,,,2025-12-13T16:04:27.117000+00:00,false,0,Animal Battle Stats,1446203750204047426
1449431782943490240,,,,,,true,,0000,0,,1446203750204047426,,0,Animal Battle Stats,,1446204139909550150,,,2025-12-13T16:04:26.194Z,,6710886,0,true,User,RamiNoodle733,true,🌐 Location,"Richmond, TX, US",,,,,,,,,,,,,,,,,,,2025-12-13T16:04:25.185000+00:00,👋 User Left Site,rich,0,,,false,,,,false,,,,,,,,,2025-12-13T16:04:26.194000+00:00,false,0,Animal Battle Stats,1446203750204047426
1449430445027496079,,,,,,true,,0000,0,,1446203750204047426,,0,Animal Battle Stats,,1446204139909550150,,,2025-12-13T15:59:07.210Z,,4491519,0,true,Visitor,RamiNoodle733,true,🌐 Location,"Richmond, TX, US",,,,,,,,,,,,,,,,,,,2025-12-13T15:59:06.931000+00:00,👀 Site Visit,rich,0,,,false,,,,false,,,,,,,,,2025-12-13T15:59:07.210000+00:00,false,0,Animal Battle Stats,1446203750204047426
1449430441030451252,,,,,,true,,0000,0,,1446203750204047426,,0,Animal Battle Stats,,1446204139909550150,,,2025-12-13T15:59:06.257Z,,6710886,0,true,User,RamiNoodle733,true,🌐 Location,"Richmond, TX, US",,,,,,,,,,,,,,,,,,,2025-12-13T15:59:04.956000+00:00,👋 User Left Site,rich,0,,,false,,,,false,,,,,,,,,2025-12-13T15:59:06.257000+00:00,false,0,Animal Battle Stats,1446203750204047426
1449425598555361342,,,,,,true,,0000,0,,1446203750204047426,,0,Animal Battle Stats,,1446204139909550150,,,2025-12-13T15:39:51.721Z,,4491519,0,true,Visitor,RamiNoodle733,true,🌐 Location,"Richmond, TX, US",,,,,,,,,,,,,,,,,,,2025-12-13T15:39:51.390000+00:00,👀 Site Visit,rich,0,,,false,,,,false,,,,,,,,,2025-12-13T15:39:51.721000+00:00,false,0,Animal Battle Stats,1446203750204047426
1449425592633131009,,,,,,true,,0000,0,,1446203750204047426,,0,Animal Battle Stats,,1446204139909550150,,,2025-12-13T15:39:50.309Z,,6710886,0,true,User,RamiNoodle733,true,🌐 Location,"Richmond, TX, US",,,,,,,,,,,,,,,,,,,2025-12-13T15:39:50.017000+00:00,👋 User Left Site,rich,0,,,false,,,,false,,,,,,,,,2025-12-13T15:39:50.309000+00:00,false,0,Animal Battle Stats,1446203750204047426
1449425529559318568,,,,,,true,,0000,0,,1446203750204047426,,0,Animal Battle Stats,,1446204139909550150,,,2025-12-13T15:39:35.271Z,,4491519,0,true,Visitor,RamiNoodle733,true,🌐 Location,"Richmond, TX, US",,,,,,,,,,,,,,,,,,,2025-12-13T15:39:34.932000+00:00,👀 Site Visit,rich,0,,,false,,,,false,,,,,,,,,2025-12-13T15:39:35.271000+00:00,false,0,Animal Battle Stats,1446203750204047426
1449425526010675261,,,,,,true,,0000,0,,1446203750204047426,,0,Animal Battle Stats,,1446204139909550150,,,2025-12-13T15:39:34.425Z,,6710886,0,true,User,RamiNoodle733,true,🌐 Location,"Richmond, TX, US",,,,,,,,,,,,,,,,,,,2025-12-13T15:39:31.217000+00:00,👋 User Left Site,rich,0,,,false,,,,false,,,,,,,,,2025-12-13T15:39:34.425000+00:00,false,0,Animal Battle Stats,1446203750204047426
1449424030988767375,,,,,,true,,0000,0,,1446203750204047426,,0,Animal Battle Stats,,1446204139909550150,,,2025-12-13T15:33:37.984Z,,4491519,0,true,Visitor,RamiNoodle733,true,🌐 Location,"Richmond, TX, US",,,,,,,,,,,,,,,,,,,2025-12-13T15:33:37.683000+00:00,👀 Site Visit,rich,0,,,false,,,,false,,,,,,,,,2025-12-13T15:33:37.984000+00:00,false,0,Animal Battle Stats,1446203750204047426
1449424022902276238,,,,,,true,,0000,0,,1446203750204047426,,0,Animal Battle Stats,,1446204139909550150,,,2025-12-13T15:33:36.056Z,,6710886,0,true,User,RamiNoodle733,true,🌐 Location,"Richmond, TX, US",,,,,,,,,,,,,,,,,,,2025-12-13T15:33:35.673000+00:00,👋 User Left Site,rich,0,,,false,,,,false,,,,,,,,,2025-12-13T15:33:36.056000+00:00,false,0,Animal Battle Stats,1446203750204047426
1449423816119025696,,,,,,true,,0000,0,,1446203750204047426,,0,Animal Battle Stats,,1446204139909550150,,,2025-12-13T15:32:46.755Z,,4491519,0,true,Visitor,RamiNoodle733,true,🌐 Location,"Richmond, TX, US",,,,,,,,,,,,,,,,,,,2025-12-13T15:32:46.415000+00:00,👀 Site Visit,rich,0,,,false,,,,false,,,,,,,,,2025-12-13T15:32:46.755000+00:00,false,0,Animal Battle Stats,1446203750204047426
1449423812255809647,,,,,,true,,0000,0,,1446203750204047426,,0,Animal Battle Stats,,1446204139909550150,,,2025-12-13T15:32:45.834Z,,6710886,0,true,User,RamiNoodle733,true,🌐 Location,"Richmond, TX, US",,,,,,,,,,,,,,,,,,,2025-12-13T15:32:44.890000+00:00,👋 User Left Site,rich,0,,,false,,,,false,,,,,,,,,2025-12-13T15:32:45.834000+00:00,false,0,Animal Battle Stats,1446203750204047426
1449422591667470337,,,,,,true,,0000,0,,1446203750204047426,,0,Animal Battle Stats,,1446204139909550150,,,2025-12-13T15:27:54.823Z,,4491519,0,true,Visitor,RamiNoodle733,true,🌐 Location,"Richmond, TX, US",,,,,,,,,,,,,,,,,,,2025-12-13T15:27:54.479000+00:00,👀 Site Visit,rich,0,,,false,,,,false,,,,,,,,,2025-12-13T15:27:54.823000+00:00,false,0,Animal Battle Stats,1446203750204047426
1449422587800191038,,,,,,true,,0000,0,,1446203750204047426,,0,Animal Battle Stats,,1446204139909550150,,,2025-12-13T15:27:53.901Z,,6710886,0,true,User,RamiNoodle733,true,🌐 Location,"Richmond, TX, US",,,,,,,,,,,,,,,,,,,2025-12-13T15:27:52.826000+00:00,👋 User Left Site,rich,0,,,false,,,,false,,,,,,,,,2025-12-13T15:27:53.901000+00:00,false,0,Animal Battle Stats,1446203750204047426
1449420911202799830,,,,,,true,,0000,0,,1446203750204047426,,0,Animal Battle Stats,,1446204139909550150,,,2025-12-13T15:21:14.169Z,,4491519,0,true,Visitor,Anonymous,true,🌐 Location,"Warsaw, 14, PL",,,,,,,,,,,,,,,,,,,2025-12-13T15:21:13.844000+00:00,👀 Site Visit,rich,0,,,false,,,,false,,,,,,,,,2025-12-13T15:21:14.169000+00:00,false,0,Animal Battle Stats,1446203750204047426
1449420496931389480,,,,,,true,,0000,0,,1446203750204047426,,0,Animal Battle Stats,,1446204139909550150,,,2025-12-13T15:19:35.399Z,,4491519,0,true,Visitor,Anonymous,true,🌐 Location,"Warsaw, 14, PL",,,,,,,,,,,,,,,,,,,2025-12-13T15:19:35.046000+00:00,👀 Site Visit,rich,0,,,false,,,,false,,,,,,,,,2025-12-13T15:19:35.399000+00:00,false,0,Animal Battle Stats,1446203750204047426
1449420375053307956,,,,,,true,,0000,0,,1446203750204047426,,0,Animal Battle Stats,,1446204139909550150,,,2025-12-13T15:19:06.341Z,,4491519,0,true,Visitor,RamiNoodle733,true,🌐 Location,"Richmond, TX, US",,,,,,,,,,,,,,,,,,,2025-12-13T15:19:06.033000+00:00,👀 Site Visit,rich,0,,,false,,,,false,,,,,,,,,2025-12-13T15:19:06.341000+00:00,false,0,Animal Battle Stats,1446203750204047426
1449420371974684966,,,,,,true,,0000,0,,1446203750204047426,,0,Animal Battle Stats,,1446204139909550150,,,2025-12-13T15:19:05.607Z,,6710886,0,true,User,RamiNoodle733,true,🌐 Location,"Richmond, TX, US",,,,,,,,,,,,,,,,,,,2025-12-13T15:19:03.415000+00:00,👋 User Left Site,rich,0,,,false,,,,false,,,,,,,,,2025-12-13T15:19:05.607000+00:00,false,0,Animal Battle Stats,1446203750204047426
1449420250784202774,,,,,,true,,0000,0,,1446203750204047426,,0,Animal Battle Stats,,1446204139909550150,,,2025-12-13T15:18:36.713Z,,4491519,0,true,Visitor,Anonymous,true,🌐 Location,"Council Bluffs, IA, US",,,,,,,,,,,,,,,,,,,2025-12-13T15:18:36.524000+00:00,👀 Site Visit,rich,0,,,false,,,,false,,,,,,,,,2025-12-13T15:18:36.713000+00:00,false,0,Animal Battle Stats,1446203750204047426
1449420009876226180,,,,,,true,,0000,0,,1446203750204047426,,0,Animal Battle Stats,,1446204139909550150,,,2025-12-13T15:17:39.276Z,,4491519,0,true,Visitor,Anonymous,true,🌐 Location,"Council Bluffs, IA, US",,,,,,,,,,,,,,,,,,,2025-12-13T15:17:38.956000+00:00,👀 Site Visit,rich,0,,,false,,,,false,,,,,,,,,2025-12-13T15:17:39.276000+00:00,false,0,Animal Battle Stats,1446203750204047426
1449419913897705543,,,,,,true,,0000,0,,1446203750204047426,,0,Animal Battle Stats,,1446204139909550150,,,2025-12-13T15:17:16.393Z,,4491519,0,true,Visitor,Anonymous,true,🌐 Location,"Warsaw, 14, PL",,,,,,,,,,,,,,,,,,,2025-12-13T15:17:16.093000+00:00,👀 Site Visit,rich,0,,,false,,,,false,,,,,,,,,2025-12-13T15:17:16.393000+00:00,false,0,Animal Battle Stats,1446203750204047426
1449419829651046574,,,,,,true,,0000,0,,1446203750204047426,,0,Animal Battle Stats,,1446204139909550150,,,2025-12-13T15:16:56.307Z,,4491519,0,true,Visitor,RamiNoodle733,true,🌐 Location,"Richmond, TX, US",,,,,,,,,,,,,,,,,,,2025-12-13T15:16:56.064000+00:00,👀 Site Visit,rich,0,,,false,,,,false,,,,,,,,,2025-12-13T15:16:56.307000+00:00,false,0,Animal Battle Stats,1446203750204047426
1449419824903225526,,,,,,true,,0000,0,,1446203750204047426,,0,Animal Battle Stats,,1446204139909550150,,,2025-12-13T15:16:55.175Z,,6710886,0,true,User,RamiNoodle733,true,🌐 Location,"Richmond, TX, US",,,,,,,,,,,,,,,,,,,2025-12-13T15:16:54.886000+00:00,👋 User Left Site,rich,0,,,false,,,,false,,,,,,,,,2025-12-13T15:16:55.175000+00:00,false,0,Animal Battle Stats,1446203750204047426
1449419677980688434,,,,,,true,,0000,0,,1446203750204047426,,0,Animal Battle Stats,,1446204139909550150,,,2025-12-13T15:16:20.146Z,,4491519,0,true,Visitor,Anonymous,true,🌐 Location,"Council Bluffs, IA, US",,,,,,,,,,,,,,,,,,,2025-12-13T15:16:19.855000+00:00,👀 Site Visit,rich,0,,,false,,,,false,,,,,,,,,2025-12-13T15:16:20.146000+00:00,false,0,Animal Battle Stats,1446203750204047426
1449419471612809278,,,,,,true,,0000,0,,1446203750204047426,,0,Animal Battle Stats,,1446204139909550150,,,2025-12-13T15:15:30.944Z,,4491519,0,true,Visitor,Anonymous,true,🌐 Location,"Council Bluffs, IA, US",,,,,,,,,,,,,,,,,,,2025-12-13T15:15:26.825000+00:00,👀 Site Visit,rich,0,,,false,,,,false,,,,,,,,,2025-12-13T15:15:30.944000+00:00,false,0,Animal Battle Stats,1446203750204047426
1449419165709631566,,,,,,true,,0000,0,,1446203750204047426,,0,Animal Battle Stats,,1446204139909550150,,,2025-12-13T15:14:18.011Z,,4491519,0,true,Visitor,RamiNoodle733,true,🌐 Location,"Richmond, TX, US",,,,,,,,,,,,,,,,,,,2025-12-13T15:14:17.802000+00:00,👀 Site Visit,rich,0,,,false,,,,false,,,,,,,,,2025-12-13T15:14:18.011000+00:00,false,0,Animal Battle Stats,1446203750204047426
1449419161259343974,,,,,,true,,0000,0,,1446203750204047426,,0,Animal Battle Stats,,1446204139909550150,,,2025-12-13T15:14:16.950Z,,6710886,0,true,User,RamiNoodle733,true,🌐 Location,"Richmond, TX, US",,,,,,,,,,,,,,,,,,,2025-12-13T15:14:16.667000+00:00,👋 User Left Site,rich,0,,,false,,,,false,,,,,,,,,2025-12-13T15:14:16.950000+00:00,false,0,Animal Battle Stats,1446203750204047426
1449417743433728194,,,,,,true,,0000,0,,1446203750204047426,,0,Animal Battle Stats,,1446204139909550150,,,2025-12-13T15:08:38.914Z,,4491519,0,true,Visitor,RamiNoodle733,true,🌐 Location,"Richmond, TX, US",,,,,,,,,,,,,,,,,,,2025-12-13T15:08:38.688000+00:00,👀 Site Visit,rich,0,,,false,,,,false,,,,,,,,,2025-12-13T15:08:38.914000+00:00,false,0,Animal Battle Stats,1446203750204047426
1449417736315863203,,,,,,true,,0000,0,,1446203750204047426,,0,Animal Battle Stats,,1446204139909550150,,,2025-12-13T15:08:37.217Z,,6710886,0,true,User,RamiNoodle733,true,🌐 Location,"Richmond, TX, US",,,,,,,,,,,,,,,,,,,2025-12-13T15:08:36.959000+00:00,👋 User Left Site,rich,0,,,false,,,,false,,,,,,,,,2025-12-13T15:08:37.217000+00:00,false,0,Animal Battle Stats,1446203750204047426
1449417642556391434,,,,,,true,,0000,0,,1446203750204047426,,0,Animal Battle Stats,,1446204139909550150,,,2025-12-13T15:08:14.863Z,,4491519,0,true,Visitor,RamiNoodle733,true,🌐 Location,"Richmond, TX, US",,,,,,,,,,,,,,,,,,,2025-12-13T15:08:14.607000+00:00,👀 Site Visit,rich,0,,,false,,,,false,,,,,,,,,2025-12-13T15:08:14.863000+00:00,false,0,Animal Battle Stats,1446203750204047426
1449417638160634037,,,,,,true,,0000,0,,1446203750204047426,,0,Animal Battle Stats,,1446204139909550150,,,2025-12-13T15:08:13.815Z,,6710886,0,true,User,RamiNoodle733,true,🌐 Location,"Richmond, TX, US",,,,,,,,,,,,,,,,,,,2025-12-13T15:08:13.535000+00:00,👋 User Left Site,rich,0,,,false,,,,false,,,,,,,,,2025-12-13T15:08:13.815000+00:00,false,0,Animal Battle Stats,1446203750204047426
1449417608326811811,,,,,,true,,0000,0,,1446203750204047426,,0,Animal Battle Stats,,1446204139909550150,,,2025-12-13T15:08:06.702Z,,6710886,0,true,User,RamiNoodle733,true,🌐 Location,"Richmond, TX, US",,,,,,,,,,,,,,,,,,,2025-12-13T15:08:05.136000+00:00,👋 User Left Site,rich,0,,,false,,,,false,,,,,,,,,2025-12-13T15:08:06.702000+00:00,false,0,Animal Battle Stats,1446203750204047426
1449417608288796853,,,,,,true,,0000,0,,1446203750204047426,,0,Animal Battle Stats,,1446204139909550150,,,2025-12-13T15:08:06.693Z,,4491519,0,true,Visitor,RamiNoodle733,true,🌐 Location,"Richmond, TX, US",,,,,,,,,,,,,,,,,,,2025-12-13T15:08:06.391000+00:00,👀 Site Visit,rich,0,,,false,,,,false,,,,,,,,,2025-12-13T15:08:06.693000+00:00,false,0,Animal Battle Stats,1446203750204047426
1449417606095441940,,,,,,true,,0000,0,,1446203750204047426,,0,Animal Battle Stats,,1446204139909550150,,,2025-12-13T15:08:06.170Z,,4491519,0,true,Visitor,RamiNoodle733,true,🌐 Location,"Richmond, TX, US",,,,,,,,,,,,,,,,,,,2025-12-13T15:04:30.131000+00:00,👀 Site Visit,rich,0,,,false,,,,false,,,,,,,,,2025-12-13T15:08:06.170000+00:00,false,0,Animal Battle Stats,1446203750204047426
1449415371676319979,,,,,,true,,0000,0,,1446203750204047426,,0,Animal Battle Stats,,1446204139909550150,,,2025-12-13T14:59:13.443Z,,4491519,0,true,Visitor,RamiNoodle733,true,🌐 Location,"Richmond, TX, US",,,,,,,,,,,,,,,,,,,2025-12-13T14:59:13.155000+00:00,👀 Site Visit,rich,0,,,false,,,,false,,,,,,,,,2025-12-13T14:59:13.443000+00:00,false,0,Animal Battle Stats,1446203750204047426
1449415363933638786,,,,,,true,,0000,0,,1446203750204047426,,0,Animal Battle Stats,,1446204139909550150,,,2025-12-13T14:59:11.597Z,,6710886,0,true,User,RamiNoodle733,true,🌐 Location,"Richmond, TX, US",,,,,,,,,,,,,,,,,,,2025-12-13T14:59:11.189000+00:00,👋 User Left Site,rich,0,,,false,,,,false,,,,,,,,,2025-12-13T14:59:11.597000+00:00,false,0,Animal Battle Stats,1446203750204047426
1449415307729830051,,,,,,true,,0000,0,,1446203750204047426,,0,Animal Battle Stats,,1446204139909550150,,,2025-12-13T14:58:58.197Z,,4491519,0,true,Visitor,RamiNoodle733,true,🌐 Location,"Richmond, TX, US",,,,,,,,,,,,,,,,,,,2025-12-13T14:58:57.873000+00:00,👀 Site Visit,rich,0,,,false,,,,false,,,,,,,,,2025-12-13T14:58:58.197000+00:00,false,0,Animal Battle Stats,1446203750204047426
1449415302486950038,,,,,,true,,0000,0,,1446203750204047426,,0,Animal Battle Stats,,1446204139909550150,,,2025-12-13T14:58:56.947Z,,6710886,0,true,User,RamiNoodle733,true,🌐 Location,"Richmond, TX, US",,,,,,,,,,,,,,,,,,,2025-12-13T14:58:54.852000+00:00,👋 User Left Site,rich,0,,,false,,,,false,,,,,,,,,2025-12-13T14:58:56.947000+00:00,false,0,Animal Battle Stats,1446203750204047426
1449412597970632826,,,,,,true,,0000,0,,1446203750204047426,,0,Animal Battle Stats,,1446204139909550150,,,2025-12-13T14:48:12.140Z,,4491519,0,true,Visitor,RamiNoodle733,true,🌐 Location,"Richmond, TX, US",,,,,,,,,,,,,,,,,,,2025-12-13T14:48:11.838000+00:00,👀 Site Visit,rich,0,,,false,,,,false,,,,,,,,,2025-12-13T14:48:12.140000+00:00,false,0,Animal Battle Stats,1446203750204047426
1449412592803254375,,,,,,true,,0000,0,,1446203750204047426,,0,Animal Battle Stats,,1446204139909550150,,,2025-12-13T14:48:10.908Z,,6710886,0,true,User,RamiNoodle733,true,🌐 Location,"Richmond, TX, US",,,,,,,,,,,,,,,,,,,2025-12-13T14:48:07.450000+00:00,👋 User Left Site,rich,0,,,false,,,,false,,,,,,,,,2025-12-13T14:48:10.908000+00:00,false,0,Animal Battle Stats,1446203750204047426
1449412408903991449,,,,,,true,,0000,0,,1446203750204047426,,0,Animal Battle Stats,,1446204139909550150,,,2025-12-13T14:47:27.063Z,,4491519,0,true,Visitor,RamiNoodle733,true,🌐 Location,"Richmond, TX, US",,,,,,,,,,,,,,,,,,,2025-12-13T14:47:26.831000+00:00,👀 Site Visit,rich,0,,,false,,,,false,,,,,,,,,2025-12-13T14:47:27.063000+00:00,false,0,Animal Battle Stats,1446203750204047426
1449412391443108003,,,,,,true,,0000,0,,1446203750204047426,,0,Animal Battle Stats,,1446204139909550150,,,2025-12-13T14:47:22.900Z,,6710886,0,true,User,RamiNoodle733,true,🌐 Location,"Richmond, TX, US",,,,,,,,,,,,,,,,,,,2025-12-13T14:47:22.451000+00:00,👋 User Left Site,rich,0,,,false,,,,false,,,,,,,,,2025-12-13T14:47:22.900000+00:00,false,0,Animal Battle Stats,1446203750204047426
1449411689694105742,,,,,,true,,0000,0,,1446203750204047426,,0,Animal Battle Stats,,1446204139909550150,,,2025-12-13T14:44:35.590Z,,4491519,0,true,Visitor,RamiNoodle733,true,🌐 Location,"Richmond, TX, US",,,,,,,,,,,,,,,,,,,2025-12-13T14:44:35.354000+00:00,👀 Site Visit,rich,0,,,false,,,,false,,,,,,,,,2025-12-13T14:44:35.590000+00:00,false,0,Animal Battle Stats,1446203750204047426
1449411685965365399,,,,,,true,,0000,0,,1446203750204047426,,0,Animal Battle Stats,,1446204139909550150,,,2025-12-13T14:44:34.701Z,,6710886,0,true,User,RamiNoodle733,true,🌐 Location,"Richmond, TX, US",,,,,,,,,,,,,,,,,,,2025-12-13T14:44:33.062000+00:00,👋 User Left Site,rich,0,,,false,,,,false,,,,,,,,,2025-12-13T14:44:34.701000+00:00,false,0,Animal Battle Stats,1446203750204047426
1449411483724419235,,,,,,true,,0000,0,,1446203750204047426,,0,Animal Battle Stats,,1446204139909550150,,,2025-12-13T14:43:46.483Z,,4491519,0,true,Visitor,RamiNoodle733,true,🌐 Location,"Richmond, TX, US",,,,,,,,,,,,,,,,,,,2025-12-13T14:43:46.116000+00:00,👀 Site Visit,rich,0,,,false,,,,false,,,,,,,,,2025-12-13T14:43:46.483000+00:00,false,0,Animal Battle Stats,1446203750204047426
1449411483493732403,,,,,,true,,0000,0,,1446203750204047426,,0,Animal Battle Stats,,1446204139909550150,,,2025-12-13T14:43:46.428Z,,6710886,0,true,User,RamiNoodle733,true,🌐 Location,"Richmond, TX, US",,,,,,,,,,,,,,,,,,,2025-12-13T14:43:44.901000+00:00,👋 User Left Site,rich,0,,,false,,,,false,,,,,,,,,2025-12-13T14:43:46.428000+00:00,false,0,Animal Battle Stats,1446203750204047426
1449410776237609063,,,,,,true,,0000,0,,1446203750204047426,,0,Animal Battle Stats,,1446204139909550150,,,2025-12-13T14:40:57.805Z,,4491519,0,true,Visitor,RamiNoodle733,true,🌐 Location,"Richmond, TX, US",,,,,,,,,,,,,,,,,,,2025-12-13T14:40:57.515000+00:00,👀 Site Visit,rich,0,,,false,,,,false,,,,,,,,,2025-12-13T14:40:57.805000+00:00,false,0,Animal Battle Stats,1446203750204047426
1449410772307284189,,,,,,true,,0000,0,,1446203750204047426,,0,Animal Battle Stats,,1446204139909550150,,,2025-12-13T14:40:56.868Z,,6710886,0,true,User,RamiNoodle733,true,🌐 Location,"Richmond, TX, US",,,,,,,,,,,,,,,,,,,2025-12-13T14:40:55.738000+00:00,👋 User Left Site,rich,0,,,false,,,,false,,,,,,,,,2025-12-13T14:40:56.868000+00:00,false,0,Animal Battle Stats,1446203750204047426
1449387129804292177,,,,,,true,,0000,0,,1446203750204047426,,0,Animal Battle Stats,,1446204139909550150,,,2025-12-13T13:07:00.056Z,,4491519,0,true,Visitor,RamiNoodle733,true,🌐 Location,"Richmond, TX, US",,,,,,,,,,,,,,,,,,,2025-12-13T13:06:59.705000+00:00,👀 Site Visit,rich,0,,,false,,,,false,,,,,,,,,2025-12-13T13:07:00.056000+00:00,false,0,Animal Battle Stats,1446203750204047426
1449387125374980098,,,,,,true,,0000,0,,1446203750204047426,,0,Animal Battle Stats,,1446204139909550150,,,2025-12-13T13:06:59.000Z,,6710886,0,true,User,RamiNoodle733,true,🌐 Location,"Richmond, TX, US",,,,,,,,,,,,,,,,,,,2025-12-13T13:06:58.721000+00:00,👋 User Left Site,rich,0,,,false,,,,false,,,,,,,,,2025-12-13T13:06:59+00:00,false,0,Animal Battle Stats,1446203750204047426
1449386351140016299,,,,,,true,,0000,0,,1446203750204047426,,0,Animal Battle Stats,,1446204139909550150,,,2025-12-13T13:03:54.408Z,,4491519,0,true,Visitor,RamiNoodle733,true,🌐 Location,"Richmond, TX, US",,,,,,,,,,,,,,,,,,,2025-12-13T13:03:54.109000+00:00,👀 Site Visit,rich,0,,,false,,,,false,,,,,,,,,2025-12-13T13:03:54.408000+00:00,false,0,Animal Battle Stats,1446203750204047426
1449386343951237273,,,,,,true,,0000,0,,1446203750204047426,,0,Animal Battle Stats,,1446204139909550150,,,2025-12-13T13:03:52.694Z,,6710886,0,true,User,RamiNoodle733,true,🌐 Location,"Richmond, TX, US",,,,,,,,,,,,,,,,,,,2025-12-13T13:03:51.813000+00:00,👋 User Left Site,rich,0,,,false,,,,false,,,,,,,,,2025-12-13T13:03:52.694000+00:00,false,0,Animal Battle Stats,1446203750204047426
1449355085783109692,,,,,,true,,0000,0,,1446203750204047426,,0,Animal Battle Stats,,1446204139909550150,,,2025-12-13T10:59:40.166Z,,16724838,0,true,User,RamiNoodle733,true,Animal,Bull Shark,true,Vote,👎 Downvote,true,🌐 Location,"Richmond, TX, US",,,,,,,,,,,,,2025-12-13T10:59:39.902000+00:00,👎 New Vote,rich,0,,,false,,,,false,,,,,,,,,2025-12-13T10:59:40.166000+00:00,false,0,Animal Battle Stats,1446203750204047426
1449355076215902341,,,,,,true,,0000,0,,1446203750204047426,,0,Animal Battle Stats,,1446204139909550150,,,2025-12-13T10:59:37.885Z,,65416,0,true,User,RamiNoodle733,true,Animal,Orca,true,Vote,👍 Upvote,true,🌐 Location,"Richmond, TX, US",,,,,,,,,,,,,2025-12-13T10:59:29.082000+00:00,👍 New Vote,rich,0,,,false,,,,false,,,,,,,,,2025-12-13T10:59:37.885000+00:00,false,0,Animal Battle Stats,1446203750204047426
1449355076094132386,,,,,,true,,0000,0,,1446203750204047426,,0,Animal Battle Stats,,1446204139909550150,,,2025-12-13T10:59:37.856Z,,65416,0,true,User,RamiNoodle733,true,Animal,Hippopotamus,true,Vote,👍 Upvote,true,🌐 Location,"Richmond, TX, US",,,,,,,,,,,,,2025-12-13T10:59:37.470000+00:00,👍 New Vote,rich,0,,,false,,,,false,,,,,,,,,2025-12-13T10:59:37.856000+00:00,false,0,Animal Battle Stats,1446203750204047426
1449167980632998012,,,,,,true,,0000,0,,1446203750204047426,,0,Animal Battle Stats,,1446204139909550150,,,2025-12-12T22:36:10.822Z,,4491519,0,true,Visitor,Anonymous,true,🌐 Location,"Houston, TX, US",,,,,,,,,,,,,,,,,,,2025-12-12T22:35:34.122000+00:00,👀 Site Visit,rich,0,,,false,,,,false,,,,,,,,,2025-12-12T22:36:10.822000+00:00,false,0,Animal Battle Stats,1446203750204047426
1449142110497411092,,,,,,true,,0000,0,,1446203750204047426,,0,Animal Battle Stats,,1446204139909550150,,,2025-12-12T20:53:22.901Z,,4491519,0,true,Visitor,RamiNoodle733,true,🌐 Location,"Houston, TX, US",,,,,,,,,,,,,,,,,,,2025-12-12T20:53:22.595000+00:00,👀 Site Visit,rich,0,,,false,,,,false,,,,,,,,,2025-12-12T20:53:22.901000+00:00,false,0,Animal Battle Stats,1446203750204047426
1449142108932935721,,,,,,true,,0000,0,,1446203750204047426,,0,Animal Battle Stats,,1446204139909550150,,,2025-12-12T20:53:22.528Z,,4491519,0,true,Visitor,RamiNoodle733,true,🌐 Location,"Houston, TX, US",,,,,,,,,,,,,,,,,,,2025-12-12T20:53:19.545000+00:00,👀 Site Visit,rich,0,,,false,,,,false,,,,,,,,,2025-12-12T20:53:22.528000+00:00,false,0,Animal Battle Stats,1446203750204047426
1449133656047226950,,,,,,true,,0000,0,,1446203750204047426,,0,Animal Battle Stats,,1446204139909550150,,,2025-12-12T20:19:47.203Z,,4491519,0,true,Visitor,RamiNoodle733,true,🌐 Location,"Houston, TX, US",,,,,,,,,,,,,,,,,,,2025-12-12T20:19:46.931000+00:00,👀 Site Visit,rich,0,,,false,,,,false,,,,,,,,,2025-12-12T20:19:47.203000+00:00,false,0,Animal Battle Stats,1446203750204047426
1449132998115983564,,,,,,true,,0000,0,,1446203750204047426,,0,Animal Battle Stats,,1446204139909550150,,,2025-12-12T20:17:10.340Z,,4491519,0,true,Visitor,RamiNoodle733,true,🌐 Location,"Houston, TX, US",,,,,,,,,,,,,,,,,,,2025-12-12T20:17:10.026000+00:00,👀 Site Visit,rich,0,,,false,,,,false,,,,,,,,,2025-12-12T20:17:10.340000+00:00,false,0,Animal Battle Stats,1446203750204047426
1449132978805407879,,,,,,true,,0000,0,,1446203750204047426,,0,Animal Battle Stats,,1446204139909550150,,,2025-12-12T20:17:05.736Z,,4491519,0,true,Visitor,RamiNoodle733,true,🌐 Location,"Houston, TX, US",,,,,,,,,,,,,,,,,,,2025-12-12T20:17:05.556000+00:00,👀 Site Visit,rich,0,,,false,,,,false,,,,,,,,,2025-12-12T20:17:05.736000+00:00,false,0,Animal Battle Stats,1446203750204047426
1449131715078651943,,,,,,true,,0000,0,,1446203750204047426,,0,Animal Battle Stats,,1446204139909550150,,,2025-12-12T20:12:04.440Z,,4491519,0,true,Visitor,RamiNoodle733,true,🌐 Location,"Houston, TX, US",,,,,,,,,,,,,,,,,,,2025-12-12T20:12:03.785000+00:00,👀 Site Visit,rich,0,,,false,,,,false,,,,,,,,,2025-12-12T20:12:04.440000+00:00,false,0,Animal Battle Stats,1446203750204047426
1449131712054296598,,,,,,true,,0000,0,,1446203750204047426,,0,Animal Battle Stats,,1446204139909550150,,,2025-12-12T20:12:03.719Z,,4491519,0,true,Visitor,RamiNoodle733,true,🌐 Location,"Houston, TX, US",,,,,,,,,,,,,,,,,,,2025-12-12T20:11:55.252000+00:00,👀 Site Visit,rich,0,,,false,,,,false,,,,,,,,,2025-12-12T20:12:03.719000+00:00,false,0,Animal Battle Stats,1446203750204047426
1449077147984462056,,,,,,true,,0000,0,,1446203750204047426,,0,Animal Battle Stats,,1446204139909550150,,,2025-12-12T16:35:14.631Z,,4491519,0,true,Visitor,RamiNoodle733,true,🌐 Location,"Richmond, TX, US",,,,,,,,,,,,,,,,,,,2025-12-12T16:35:14.324000+00:00,👀 Site Visit,rich,0,,,false,,,,false,,,,,,,,,2025-12-12T16:35:14.631000+00:00,false,0,Animal Battle Stats,1446203750204047426
1449077144201465867,,,,,,true,,0000,0,,1446203750204047426,,0,Animal Battle Stats,,1446204139909550150,,,2025-12-12T16:35:13.729Z,,6710886,0,true,User,RamiNoodle733,true,🌐 Location,"Richmond, TX, US",,,,,,,,,,,,,,,,,,,2025-12-12T16:35:11.712000+00:00,👋 User Left Site,rich,0,,,false,,,,false,,,,,,,,,2025-12-12T16:35:13.729000+00:00,false,0,Animal Battle Stats,1446203750204047426
1449075966042181808,,,,,,true,,0000,0,,1446203750204047426,,0,Animal Battle Stats,,1446204139909550150,,,2025-12-12T16:30:32.834Z,,6710886,0,true,User,Anonymous,true,🌐 Location,"Boardman, OR, US",,,,,,,,,,,,,,,,,,,2025-12-12T16:30:32.497000+00:00,👋 User Left Site,rich,0,,,false,,,,false,,,,,,,,,2025-12-12T16:30:32.834000+00:00,false,0,Animal Battle Stats,1446203750204047426
1449075918026051779,,,,,,true,,0000,0,,1446203750204047426,,0,Animal Battle Stats,,1446204139909550150,,,2025-12-12T16:30:21.386Z,,4491519,0,true,Visitor,Anonymous,true,🌐 Location,"Boardman, OR, US",,,,,,,,,,,,,,,,,,,2025-12-12T16:30:20.459000+00:00,👀 Site Visit,rich,0,,,false,,,,false,,,,,,,,,2025-12-12T16:30:21.386000+00:00,false,0,Animal Battle Stats,1446203750204047426
1449075912581583034,,,,,,true,,0000,0,,1446203750204047426,,0,Animal Battle Stats,,1446204139909550150,,,2025-12-12T16:30:20.088Z,,6710886,0,true,User,Anonymous,true,🌐 Location,"Boardman, OR, US",,,,,,,,,,,,,,,,,,,2025-12-12T16:30:15.978000+00:00,👋 User Left Site,rich,0,,,false,,,,false,,,,,,,,,2025-12-12T16:30:20.088000+00:00,false,0,Animal Battle Stats,1446203750204047426
1449074269068984330,,,,,,true,,0000,0,,1446203750204047426,,0,Animal Battle Stats,,1446204139909550150,,,2025-12-12T16:23:48.244Z,,4491519,0,true,Visitor,RamiNoodle733,true,🌐 Location,"Richmond, TX, US",,,,,,,,,,,,,,,,,,,2025-12-12T16:23:47.919000+00:00,👀 Site Visit,rich,0,,,false,,,,false,,,,,,,,,2025-12-12T16:23:48.244000+00:00,false,0,Animal Battle Stats,1446203750204047426
1449074265445105697,,,,,,true,,0000,0,,1446203750204047426,,0,Animal Battle Stats,,1446204139909550150,,,2025-12-12T16:23:47.380Z,,6710886,0,true,User,RamiNoodle733,true,🌐 Location,"Richmond, TX, US",,,,,,,,,,,,,,,,,,,2025-12-12T16:23:46.781000+00:00,👋 User Left Site,rich,0,,,false,,,,false,,,,,,,,,2025-12-12T16:23:47.380000+00:00,false,0,Animal Battle Stats,1446203750204047426
1449074055897419937,,,,,,true,,0000,0,,1446203750204047426,,0,Animal Battle Stats,,1446204139909550150,,,2025-12-12T16:22:57.420Z,,6710886,0,true,User,RamiNoodle733,true,🌐 Location,"Richmond, TX, US",,,,,,,,,,,,,,,,,,,2025-12-12T16:22:55.254000+00:00,👋 User Left Site,rich,0,,,false,,,,false,,,,,,,,,2025-12-12T16:22:57.420000+00:00,false,0,Animal Battle Stats,1446203750204047426
1449071085017370856,,,,,,true,,0000,0,,1446203750204047426,,0,Animal Battle Stats,,1446204139909550150,,,2025-12-12T16:11:09.107Z,,6710886,0,true,User,Anonymous,true,🌐 Location,"Boardman, OR, US",,,,,,,,,,,,,,,,,,,2025-12-12T16:11:08.622000+00:00,👋 User Left Site,rich,0,,,false,,,,false,,,,,,,,,2025-12-12T16:11:09.107000+00:00,false,0,Animal Battle Stats,1446203750204047426
1449071068349206711,,,,,,true,,0000,0,,1446203750204047426,,0,Animal Battle Stats,,1446204139909550150,,,2025-12-12T16:11:05.133Z,,4491519,0,true,Visitor,RamiNoodle733,true,🌐 Location,"Richmond, TX, US",,,,,,,,,,,,,,,,,,,2025-12-12T16:11:04.621000+00:00,👀 Site Visit,rich,0,,,false,,,,false,,,,,,,,,2025-12-12T16:11:05.133000+00:00,false,0,Animal Battle Stats,1446203750204047426
1449071060195741796,,,,,,true,,0000,0,,1446203750204047426,,0,Animal Battle Stats,,1446204139909550150,,,2025-12-12T16:11:03.189Z,,4491519,0,true,Visitor,RamiNoodle733,true,🌐 Location,"Richmond, TX, US",,,,,,,,,,,,,,,,,,,2025-12-12T16:11:02.940000+00:00,👀 Site Visit,rich,0,,,false,,,,false,,,,,,,,,2025-12-12T16:11:03.189000+00:00,false,0,Animal Battle Stats,1446203750204047426
1449071017464168530,,,,,,true,,0000,0,,1446203750204047426,,0,Animal Battle Stats,,1446204139909550150,,,2025-12-12T16:10:53.001Z,,4491519,0,true,Visitor,Anonymous,true,🌐 Location,"Boardman, OR, US",,,,,,,,,,,,,,,,,,,2025-12-12T16:10:50.712000+00:00,👀 Site Visit,rich,0,,,false,,,,false,,,,,,,,,2025-12-12T16:10:53.001000+00:00,false,0,Animal Battle Stats,1446203750204047426
1449070993455714385,,,,,,true,,0000,0,,1446203750204047426,,0,Animal Battle Stats,,1446204139909550150,,,2025-12-12T16:10:47.277Z,,6710886,0,true,User,Anonymous,true,🌐 Location,"Boardman, OR, US",,,,,,,,,,,,,,,,,,,2025-12-12T16:10:46.982000+00:00,👋 User Left Site,rich,0,,,false,,,,false,,,,,,,,,2025-12-12T16:10:47.277000+00:00,false,0,Animal Battle Stats,1446203750204047426
1449070943375720521,,,,,,true,,0000,0,,1446203750204047426,,0,Animal Battle Stats,,1446204139909550150,,,2025-12-12T16:10:35.337Z,,4491519,0,true,Visitor,Anonymous,true,🌐 Location,"Boardman, OR, US",,,,,,,,,,,,,,,,,,,2025-12-12T16:10:35.058000+00:00,👀 Site Visit,rich,0,,,false,,,,false,,,,,,,,,2025-12-12T16:10:35.337000+00:00,false,0,Animal Battle Stats,1446203750204047426
1449070942146789378,,,,,,true,,0000,0,,1446203750204047426,,0,Animal Battle Stats,,1446204139909550150,,,2025-12-12T16:10:35.044Z,,4491519,0,true,Visitor,Anonymous,true,🌐 Location,"Paris, IDF, FR",,,,,,,,,,,,,,,,,,,2025-12-12T16:08:02.636000+00:00,👀 Site Visit,rich,0,,,false,,,,false,,,,,,,,,2025-12-12T16:10:35.044000+00:00,false,0,Animal Battle Stats,1446203750204047426
1449066521786585188,,,,,,true,,0000,0,,1446203750204047426,,0,Animal Battle Stats,,1446204139909550150,,,2025-12-12T15:53:01.148Z,,4491519,0,true,Visitor,RamiNoodle733,true,🌐 Location,"Richmond, TX, US",,,,,,,,,,,,,,,,,,,2025-12-12T15:53:00.806000+00:00,👀 Site Visit,rich,0,,,false,,,,false,,,,,,,,,2025-12-12T15:53:01.148000+00:00,false,0,Animal Battle Stats,1446203750204047426
1449066517487423648,,,,,,true,,0000,0,,1446203750204047426,,0,Animal Battle Stats,,1446204139909550150,,,2025-12-12T15:53:00.123Z,,6710886,0,true,User,RamiNoodle733,true,🌐 Location,"Richmond, TX, US",,,,,,,,,,,,,,,,,,,2025-12-12T15:52:57.250000+00:00,👋 User Left Site,rich,0,,,false,,,,false,,,,,,,,,2025-12-12T15:53:00.123000+00:00,false,0,Animal Battle Stats,1446203750204047426
1449062395459797123,,,,,,true,,0000,0,,1446203750204047426,,0,Animal Battle Stats,,1446204139909550150,,,2025-12-12T15:36:37.355Z,,4491519,0,true,Visitor,RamiNoodle733,true,🌐 Location,"Richmond, TX, US",,,,,,,,,,,,,,,,,,,2025-12-12T15:36:36.699000+00:00,👀 Site Visit,rich,0,,,false,,,,false,,,,,,,,,2025-12-12T15:36:37.355000+00:00,false,0,Animal Battle Stats,1446203750204047426
1449062375310495766,,,,,,true,,0000,0,,1446203750204047426,,0,Animal Battle Stats,,1446204139909550150,,,2025-12-12T15:36:32.551Z,,52326,0,true,Username,RamiNoodle733,true,🌐 Location,"Richmond, TX, US",,,,,,,,,,,,,,,,,,,2025-12-12T15:33:28.389000+00:00,🔓 User Login,rich,0,,,false,,,,false,,,,,,,,,2025-12-12T15:36:32.551000+00:00,false,0,Animal Battle Stats,1446203750204047426
1449061500143665164,,,,,,true,,0000,0,,1446203750204047426,,0,Animal Battle Stats,,1446204139909550150,,,2025-12-12T15:33:03.895Z,,4491519,0,true,Visitor,Anonymous,true,🌐 Location,"Richmond, TX, US",,,,,,,,,,,,,,,,,,,2025-12-12T15:33:03.571000+00:00,👀 Site Visit,rich,0,,,false,,,,false,,,,,,,,,2025-12-12T15:33:03.895000+00:00,false,0,Animal Battle Stats,1446203750204047426
1449061461405204606,,,,,,true,,0000,0,,1446203750204047426,,0,Animal Battle Stats,,1446204139909550150,,,2025-12-12T15:32:54.659Z,,4491519,0,true,Visitor,RamiNoodle733,true,🌐 Location,"Richmond, TX, US",,,,,,,,,,,,,,,,,,,2025-12-12T15:32:54.231000+00:00,👀 Site Visit,rich,0,,,false,,,,false,,,,,,,,,2025-12-12T15:32:54.659000+00:00,false,0,Animal Battle Stats,1446203750204047426
1449061422943305858,,,,,,true,,0000,0,,1446203750204047426,,0,Animal Battle Stats,,1446204139909550150,,,2025-12-12T15:32:45.489Z,,4491519,0,true,Visitor,RamiNoodle733,true,🌐 Location,"Richmond, TX, US",,,,,,,,,,,,,,,,,,,2025-12-12T15:32:45.222000+00:00,👀 Site Visit,rich,0,,,false,,,,false,,,,,,,,,2025-12-12T15:32:45.489000+00:00,false,0,Animal Battle Stats,1446203750204047426
1449061343528489031,,,,,,true,,0000,0,,1446203750204047426,,0,Animal Battle Stats,,1446204139909550150,,,2025-12-12T15:32:26.555Z,,4491519,0,true,Visitor,Anonymous,true,🌐 Location,"Richmond, TX, US",,,,,,,,,,,,,,,,,,,2025-12-12T15:32:26.260000+00:00,👀 Site Visit,rich,0,,,false,,,,false,,,,,,,,,2025-12-12T15:32:26.555000+00:00,false,0,Animal Battle Stats,1446203750204047426
1449061299911917668,,,,,,true,,0000,0,,1446203750204047426,,0,Animal Battle Stats,,1446204139909550150,,,2025-12-12T15:32:16.156Z,,4491519,0,true,Visitor,RamiNoodle733,true,🌐 Location,"Richmond, TX, US",,,,,,,,,,,,,,,,,,,2025-12-12T15:32:15.844000+00:00,👀 Site Visit,rich,0,,,false,,,,false,,,,,,,,,2025-12-12T15:32:16.156000+00:00,false,0,Animal Battle Stats,1446203750204047426
1449061298116759694,,,,,,true,,0000,0,,1446203750204047426,,0,Animal Battle Stats,,1446204139909550150,,,2025-12-12T15:32:15.728Z,,4491519,0,true,Visitor,RamiNoodle733,true,🌐 Location,"Richmond, TX, US",,,,,,,,,,,,,,,,,,,2025-12-12T15:32:12.363000+00:00,👀 Site Visit,rich,0,,,false,,,,false,,,,,,,,,2025-12-12T15:32:15.728000+00:00,false,0,Animal Battle Stats,1446203750204047426
1449054879778734175,,,,,,true,,0000,0,,1446203750204047426,,0,Animal Battle Stats,,1446204139909550150,,,2025-12-12T15:06:45.477Z,,4491519,0,true,Visitor,RamiNoodle733,true,🌐 Location,"Richmond, TX, US",,,,,,,,,,,,,,,,,,,2025-12-12T15:06:45.210000+00:00,👀 Site Visit,rich,0,,,false,,,,false,,,,,,,,,2025-12-12T15:06:45.477000+00:00,false,0,Animal Battle Stats,1446203750204047426
1449054873839734816,,,,,,true,,0000,0,,1446203750204047426,,0,Animal Battle Stats,,1446204139909550150,,,2025-12-12T15:06:44.061Z,,6710886,0,true,User,RamiNoodle733,true,🌐 Location,"Richmond, TX, US",,,,,,,,,,,,,,,,,,,2025-12-12T15:06:43.787000+00:00,👋 User Left Site,rich,0,,,false,,,,false,,,,,,,,,2025-12-12T15:06:44.061000+00:00,false,0,Animal Battle Stats,1446203750204047426
1449054838120779851,,,,,,true,,0000,0,,1446203750204047426,,0,Animal Battle Stats,,1446204139909550150,,,2025-12-12T15:06:35.545Z,,4491519,0,true,Visitor,Anonymous,true,🌐 Location,"Colorado Springs, CO, US",,,,,,,,,,,,,,,,,,,2025-12-12T15:06:35.280000+00:00,👀 Site Visit,rich,0,,,false,,,,false,,,,,,,,,2025-12-12T15:06:35.545000+00:00,false,0,Animal Battle Stats,1446203750204047426
1449054805237694616,,,,,,true,,0000,0,,1446203750204047426,,0,Animal Battle Stats,,1446204139909550150,,,2025-12-12T15:06:27.705Z,,4491519,0,true,Visitor,Anonymous,true,🌐 Location,"Colorado Springs, CO, US",,,,,,,,,,,,,,,,,,,2025-12-12T15:06:27.308000+00:00,👀 Site Visit,rich,0,,,false,,,,false,,,,,,,,,2025-12-12T15:06:27.705000+00:00,false,0,Animal Battle Stats,1446203750204047426
1449054791895486546,,,,,,true,,0000,0,,1446203750204047426,,0,Animal Battle Stats,,1446204139909550150,,,2025-12-12T15:06:24.524Z,,4491519,0,true,Visitor,Anonymous,true,🌐 Location,"Colorado Springs, CO, US",,,,,,,,,,,,,,,,,,,2025-12-12T15:06:24.233000+00:00,👀 Site Visit,rich,0,,,false,,,,false,,,,,,,,,2025-12-12T15:06:24.524000+00:00,false,0,Animal Battle Stats,1446203750204047426
1449054791358742709,,,,,,true,,0000,0,,1446203750204047426,,0,Animal Battle Stats,,1446204139909550150,,,2025-12-12T15:06:24.396Z,,4491519,0,true,Visitor,Anonymous,true,🌐 Location,"Colorado Springs, CO, US",,,,,,,,,,,,,,,,,,,2025-12-12T15:06:24.090000+00:00,👀 Site Visit,rich,0,,,false,,,,false,,,,,,,,,2025-12-12T15:06:24.396000+00:00,false,0,Animal Battle Stats,1446203750204047426
1449054716591079555,,,,,,true,,0000,0,,1446203750204047426,,0,Animal Battle Stats,,1446204139909550150,,,2025-12-12T15:06:06.570Z,,4491519,0,true,Visitor,Anonymous,true,🌐 Location,"Colorado Springs, CO, US",,,,,,,,,,,,,,,,,,,2025-12-12T15:06:06.219000+00:00,👀 Site Visit,rich,0,,,false,,,,false,,,,,,,,,2025-12-12T15:06:06.570000+00:00,false,0,Animal Battle Stats,1446203750204047426
1449054440052232316,,,,,,true,,0000,0,,1446203750204047426,,0,Animal Battle Stats,,1446204139909550150,,,2025-12-12T15:05:00.638Z,,16766720,0,true,User,RamiNoodle733,true,Bracket Size,16 animals,true,Total Matches,15,true,🏆 Champion,Megalodon,true,2nd Place,Blue Whale,true,3rd/4th Place,"Manta Ray, Cape Buffalo",false,Recent Matches,"Reticulated Python beat Macaw
Blue Whale beat Anteater
Cape Buffalo beat Komodo Dragon
Megalodon beat Anglerfish
Manta Ray beat Reticulated Python
Blue Whale beat Cape Buffalo
Megalodon beat Manta Ray
Megalodon beat Blue Whale",true,🌐 Location,"Richmond, TX, US",2025-12-12T15:03:33.104000+00:00,🏆 Tournament Completed,rich,0,,,false,,,,false,,,,,,,,,2025-12-12T15:05:00.638000+00:00,false,0,Animal Battle Stats,1446203750204047426
1449054265623449742,,,,,,true,,0000,0,,1446203750204047426,,0,Animal Battle Stats,,1446204139909550150,,,2025-12-12T15:04:19.051Z,,52360,0,true,By,RamiNoodle733,true,Comment Author,RamiNoodle733,true,On,Megalodon,true,🌐 Location,"Richmond, TX, US",,,,,,,,,,,,,2025-12-12T15:04:18.753000+00:00,👍 Comment Upvoted,rich,0,,,false,,,,false,,,,,,,,,2025-12-12T15:04:19.051000+00:00,false,0,Animal Battle Stats,1446203750204047426
1449054239648387165,,,,,,true,,0000,0,,1446203750204047426,,0,Animal Battle Stats,,1446204139909550150,,,2025-12-12T15:04:12.858Z,,54527,0,true,User,RamiNoodle733,true,Target,Megalodon,false,Comment,Megalodon finally overtook the Great White in the Power Rankings!,true,🌐 Location,"Richmond, TX, US",,,,,,,,,,,,,2025-12-12T15:04:12.499000+00:00,💬 New Comment,rich,0,,,false,,,,false,,,,,,,,,2025-12-12T15:04:12.858000+00:00,false,0,Animal Battle Stats,1446203750204047426
1449054099030147193,,,,,,true,,0000,0,,1446203750204047426,,0,Animal Battle Stats,,1446204139909550150,,,2025-12-12T15:03:39.332Z,,4491519,0,true,Visitor,RamiNoodle733,true,🌐 Location,"Richmond, TX, US",,,,,,,,,,,,,,,,,,,2025-12-12T15:03:39.070000+00:00,👀 Site Visit,rich,0,,,false,,,,false,,,,,,,,,2025-12-12T15:03:39.332000+00:00,false,0,Animal Battle Stats,1446203750204047426
1449054094365823008,,,,,,true,,0000,0,,1446203750204047426,,0,Animal Battle Stats,,1446204139909550150,,,2025-12-12T15:03:38.220Z,,6710886,0,true,User,RamiNoodle733,true,🌐 Location,"Richmond, TX, US",,,,,,,,,,,,,,,,,,,2025-12-12T15:03:37.925000+00:00,👋 User Left Site,rich,0,,,false,,,,false,,,,,,,,,2025-12-12T15:03:38.220000+00:00,false,0,Animal Battle Stats,1446203750204047426
1449053252317614272,,,,,,true,,0000,0,,1446203750204047426,,0,Animal Battle Stats,,1446204139909550150,,,2025-12-12T15:00:17.460Z,,4491519,0,true,Visitor,RamiNoodle733,true,🌐 Location,"Richmond, TX, US",,,,,,,,,,,,,,,,,,,2025-12-12T15:00:14.261000+00:00,👀 Site Visit,rich,0,,,false,,,,false,,,,,,,,,2025-12-12T15:00:17.460000+00:00,false,0,Animal Battle Stats,1446203750204047426
1449053246814421235,,,,,,true,,0000,0,,1446203750204047426,,0,Animal Battle Stats,,1446204139909550150,,,2025-12-12T15:00:16.148Z,,6710886,0,true,User,RamiNoodle733,true,🌐 Location,"Richmond, TX, US",,,,,,,,,,,,,,,,,,,2025-12-12T15:00:12.325000+00:00,👋 User Left Site,rich,0,,,false,,,,false,,,,,,,,,2025-12-12T15:00:16.148000+00:00,false,0,Animal Battle Stats,1446203750204047426
1449053165507969044,,,,,,true,,0000,0,,1446203750204047426,,0,Animal Battle Stats,,1446204139909550150,,,2025-12-12T14:59:56.763Z,,4491519,0,true,Visitor,RamiNoodle733,true,🌐 Location,"Richmond, TX, US",,,,,,,,,,,,,,,,,,,2025-12-12T14:59:56.461000+00:00,👀 Site Visit,rich,0,,,false,,,,false,,,,,,,,,2025-12-12T14:59:56.763000+00:00,false,0,Animal Battle Stats,1446203750204047426
1449053161523380364,,,,,,true,,0000,0,,1446203750204047426,,0,Animal Battle Stats,,1446204139909550150,,,2025-12-12T14:59:55.813Z,,4491519,0,true,Visitor,RamiNoodle733,true,🌐 Location,"Richmond, TX, US",,,,,,,,,,,,,,,,,,,2025-12-12T14:59:43.201000+00:00,👀 Site Visit,rich,0,,,false,,,,false,,,,,,,,,2025-12-12T14:59:55.813000+00:00,false,0,Animal Battle Stats,1446203750204047426
1449053161225719832,,,,,,true,,0000,0,,1446203750204047426,,0,Animal Battle Stats,,1446204139909550150,,,2025-12-12T14:59:55.742Z,,6710886,0,true,User,RamiNoodle733,true,🌐 Location,"Richmond, TX, US",,,,,,,,,,,,,,,,,,,2025-12-12T14:59:54.633000+00:00,👋 User Left Site,rich,0,,,false,,,,false,,,,,,,,,2025-12-12T14:59:55.742000+00:00,false,0,Animal Battle Stats,1446203750204047426
1449050224663203871,,,,,,true,,0000,0,,1446203750204047426,,0,Animal Battle Stats,,1446204139909550150,,,2025-12-12T14:48:15.611Z,,6710886,0,true,User,RamiNoodle733,true,🌐 Location,"Richmond, TX, US",,,,,,,,,,,,,,,,,,,2025-12-12T14:48:15.375000+00:00,👋 User Left Site,rich,0,,,false,,,,false,,,,,,,,,2025-12-12T14:48:15.611000+00:00,false,0,Animal Battle Stats,1446203750204047426
1449050219927961713,,,,,,true,,0000,0,,1446203750204047426,,0,Animal Battle Stats,,1446204139909550150,,,2025-12-12T14:48:14.482Z,,4491519,0,true,Visitor,RamiNoodle733,true,🌐 Location,"Richmond, TX, US",,,,,,,,,,,,,,,,,,,2025-12-12T14:48:14.276000+00:00,👀 Site Visit,rich,0,,,false,,,,false,,,,,,,,,2025-12-12T14:48:14.482000+00:00,false,0,Animal Battle Stats,1446203750204047426
1449050216694153296,,,,,,true,,0000,0,,1446203750204047426,,0,Animal Battle Stats,,1446204139909550150,,,2025-12-12T14:48:13.711Z,,6710886,0,true,User,RamiNoodle733,true,🌐 Location,"Richmond, TX, US",,,,,,,,,,,,,,,,,,,2025-12-12T14:48:13.326000+00:00,👋 User Left Site,rich,0,,,false,,,,false,,,,,,,,,2025-12-12T14:48:13.711000+00:00,false,0,Animal Battle Stats,1446203750204047426
1449049845967880327,,,,,,true,,0000,0,,1446203750204047426,,0,Animal Battle Stats,,1446204139909550150,,,2025-12-12T14:46:45.323Z,,4491519,0,true,Visitor,RamiNoodle733,true,🌐 Location,"Richmond, TX, US",,,,,,,,,,,,,,,,,,,2025-12-12T14:46:44.802000+00:00,👀 Site Visit,rich,0,,,false,,,,false,,,,,,,,,2025-12-12T14:46:45.323000+00:00,false,0,Animal Battle Stats,1446203750204047426
1449049839735144539,,,,,,true,,0000,0,,1446203750204047426,,0,Animal Battle Stats,,1446204139909550150,,,2025-12-12T14:46:43.837Z,,6710886,0,true,User,RamiNoodle733,true,🌐 Location,"Richmond, TX, US",,,,,,,,,,,,,,,,,,,2025-12-12T14:46:43.547000+00:00,👋 User Left Site,rich,0,,,false,,,,false,,,,,,,,,2025-12-12T14:46:43.837000+00:00,false,0,Animal Battle Stats,1446203750204047426
1449049710571553001,,,,,,true,,0000,0,,1446203750204047426,,0,Animal Battle Stats,,1446204139909550150,,,2025-12-12T14:46:13.042Z,,4491519,0,true,Visitor,Anonymous,true,🌐 Location,"Council Bluffs, IA, US",,,,,,,,,,,,,,,,,,,2025-12-12T14:46:12.587000+00:00,👀 Site Visit,rich,0,,,false,,,,false,,,,,,,,,2025-12-12T14:46:13.042000+00:00,false,0,Animal Battle Stats,1446203750204047426
1449049707396726875,,,,,,true,,0000,0,,1446203750204047426,,0,Animal Battle Stats,,1446204139909550150,,,2025-12-12T14:46:12.285Z,,4491519,0,true,Visitor,Anonymous,true,🌐 Location,"Council Bluffs, IA, US",,,,,,,,,,,,,,,,,,,2025-12-12T14:46:10.728000+00:00,👀 Site Visit,rich,0,,,false,,,,false,,,,,,,,,2025-12-12T14:46:12.285000+00:00,false,0,Animal Battle Stats,1446203750204047426
1449049667210969091,,,,,,true,,0000,0,,1446203750204047426,,0,Animal Battle Stats,,1446204139909550150,,,2025-12-12T14:46:02.704Z,,4491519,0,true,Visitor,RamiNoodle733,true,🌐 Location,"Richmond, TX, US",,,,,,,,,,,,,,,,,,,2025-12-12T14:46:02.444000+00:00,👀 Site Visit,rich,0,,,false,,,,false,,,,,,,,,2025-12-12T14:46:02.704000+00:00,false,0,Animal Battle Stats,1446203750204047426
1449049663566250145,,,,,,true,,0000,0,,1446203750204047426,,0,Animal Battle Stats,,1446204139909550150,,,2025-12-12T14:46:01.835Z,,6710886,0,true,User,RamiNoodle733,true,🌐 Location,"Richmond, TX, US",,,,,,,,,,,,,,,,,,,2025-12-12T14:46:01.482000+00:00,👋 User Left Site,rich,0,,,false,,,,false,,,,,,,,,2025-12-12T14:46:01.835000+00:00,false,0,Animal Battle Stats,1446203750204047426
1449049488143552635,,,,,,true,,0000,0,,1446203750204047426,,0,Animal Battle Stats,,1446204139909550150,,,2025-12-12T14:45:20.011Z,,4491519,0,true,Visitor,Anonymous,true,🌐 Location,"Council Bluffs, IA, US",,,,,,,,,,,,,,,,,,,2025-12-12T14:45:19.648000+00:00,👀 Site Visit,rich,0,,,false,,,,false,,,,,,,,,2025-12-12T14:45:20.011000+00:00,false,0,Animal Battle Stats,1446203750204047426
1449049481416015925,,,,,,true,,0000,0,,1446203750204047426,,0,Animal Battle Stats,,1446204139909550150,,,2025-12-12T14:45:18.407Z,,4491519,0,true,Visitor,Anonymous,true,🌐 Location,"Council Bluffs, IA, US",,,,,,,,,,,,,,,,,,,2025-12-12T14:45:17.958000+00:00,👀 Site Visit,rich,0,,,false,,,,false,,,,,,,,,2025-12-12T14:45:18.407000+00:00,false,0,Animal Battle Stats,1446203750204047426
1449049425384312914,,,,,,true,,0000,0,,1446203750204047426,,0,Animal Battle Stats,,1446204139909550150,,,2025-12-12T14:45:05.048Z,,4491519,0,true,Visitor,Anonymous,true,🌐 Location,"Colorado Springs, CO, US",,,,,,,,,,,,,,,,,,,2025-12-12T14:45:04.663000+00:00,👀 Site Visit,rich,0,,,false,,,,false,,,,,,,,,2025-12-12T14:45:05.048000+00:00,false,0,Animal Battle Stats,1446203750204047426
1449049100640059505,,,,,,true,,0000,0,,1446203750204047426,,0,Animal Battle Stats,,1446204139909550150,,,2025-12-12T14:43:47.623Z,,4491519,0,true,Visitor,Anonymous,true,🌐 Location,"Council Bluffs, IA, US",,,,,,,,,,,,,,,,,,,2025-12-12T14:43:47.313000+00:00,👀 Site Visit,rich,0,,,false,,,,false,,,,,,,,,2025-12-12T14:43:47.623000+00:00,false,0,Animal Battle Stats,1446203750204047426
1449048105063546962,,,,,,true,,0000,0,,1446203750204047426,,0,Animal Battle Stats,,1446204139909550150,,,2025-12-12T14:39:50.259Z,,4491519,0,true,Visitor,Anonymous,true,🌐 Location,"Council Bluffs, IA, US",,,,,,,,,,,,,,,,,,,2025-12-12T14:39:49.956000+00:00,👀 Site Visit,rich,0,,,false,,,,false,,,,,,,,,2025-12-12T14:39:50.259000+00:00,false,0,Animal Battle Stats,1446203750204047426
1449048103003881492,,,,,,true,,0000,0,,1446203750204047426,,0,Animal Battle Stats,,1446204139909550150,,,2025-12-12T14:39:49.768Z,,4491519,0,true,Visitor,Anonymous,true,🌐 Location,"Council Bluffs, IA, US",,,,,,,,,,,,,,,,,,,2025-12-12T14:39:48.297000+00:00,👀 Site Visit,rich,0,,,false,,,,false,,,,,,,,,2025-12-12T14:39:49.768000+00:00,false,0,Animal Battle Stats,1446203750204047426
1449048095492014212,,,,,,true,,0000,0,,1446203750204047426,,0,Animal Battle Stats,,1446204139909550150,,,2025-12-12T14:39:47.977Z,,4491519,0,true,Visitor,Anonymous,true,🌐 Location,"Council Bluffs, IA, US",,,,,,,,,,,,,,,,,,,2025-12-12T14:38:56.325000+00:00,👀 Site Visit,rich,0,,,false,,,,false,,,,,,,,,2025-12-12T14:39:47.977000+00:00,false,0,Animal Battle Stats,1446203750204047426
1449047789752549456,,,,,,true,,0000,0,,1446203750204047426,,0,Animal Battle Stats,,1446204139909550150,,,2025-12-12T14:38:35.083Z,,4491519,0,true,Visitor,Anonymous,true,🌐 Location,"Council Bluffs, IA, US",,,,,,,,,,,,,,,,,,,2025-12-12T14:38:34.803000+00:00,👀 Site Visit,rich,0,,,false,,,,false,,,,,,,,,2025-12-12T14:38:35.083000+00:00,false,0,Animal Battle Stats,1446203750204047426
1449047608323739810,,,,,,true,,0000,0,,1446203750204047426,,0,Animal Battle Stats,,1446204139909550150,,,2025-12-12T14:37:51.827Z,,4491519,0,true,Visitor,Anonymous,true,🌐 Location,"Boardman, OR, US",,,,,,,,,,,,,,,,,,,2025-12-12T14:37:51.527000+00:00,👀 Site Visit,rich,0,,,false,,,,false,,,,,,,,,2025-12-12T14:37:51.827000+00:00,false,0,Animal Battle Stats,1446203750204047426
1449047600849227837,,,,,,true,,0000,0,,1446203750204047426,,0,Animal Battle Stats,,1446204139909550150,,,2025-12-12T14:37:50.045Z,,4491519,0,true,Visitor,RamiNoodle733,true,🌐 Location,"Richmond, TX, US",,,,,,,,,,,,,,,,,,,2025-12-12T14:37:49.784000+00:00,👀 Site Visit,rich,0,,,false,,,,false,,,,,,,,,2025-12-12T14:37:50.045000+00:00,false,0,Animal Battle Stats,1446203750204047426
1449047593425436822,,,,,,true,,0000,0,,1446203750204047426,,0,Animal Battle Stats,,1446204139909550150,,,2025-12-12T14:37:48.275Z,,6710886,0,true,User,RamiNoodle733,true,🌐 Location,"Richmond, TX, US",,,,,,,,,,,,,,,,,,,2025-12-12T14:37:48.044000+00:00,👋 User Left Site,rich,0,,,false,,,,false,,,,,,,,,2025-12-12T14:37:48.275000+00:00,false,0,Animal Battle Stats,1446203750204047426
1449047414852817139,,,,,,true,,0000,0,,1446203750204047426,,0,Animal Battle Stats,,1446204139909550150,,,2025-12-12T14:37:05.700Z,,4491519,0,true,Visitor,RamiNoodle733,true,🌐 Location,"Richmond, TX, US",,,,,,,,,,,,,,,,,,,2025-12-12T14:37:05.457000+00:00,👀 Site Visit,rich,0,,,false,,,,false,,,,,,,,,2025-12-12T14:37:05.700000+00:00,false,0,Animal Battle Stats,1446203750204047426
1449047411828723914,,,,,,true,,0000,0,,1446203750204047426,,0,Animal Battle Stats,,1446204139909550150,,,2025-12-12T14:37:04.979Z,,6710886,0,true,User,RamiNoodle733,true,🌐 Location,"Richmond, TX, US",,,,,,,,,,,,,,,,,,,2025-12-12T14:37:04.560000+00:00,👋 User Left Site,rich,0,,,false,,,,false,,,,,,,,,2025-12-12T14:37:04.979000+00:00,false,0,Animal Battle Stats,1446203750204047426
1449047396763041874,,,,,,true,,0000,0,,1446203750204047426,,0,Animal Battle Stats,,1446204139909550150,,,2025-12-12T14:37:01.387Z,,4491519,0,true,Visitor,RamiNoodle733,true,🌐 Location,"Richmond, TX, US",,,,,,,,,,,,,,,,,,,2025-12-12T14:37:01.102000+00:00,👀 Site Visit,rich,0,,,false,,,,false,,,,,,,,,2025-12-12T14:37:01.387000+00:00,false,0,Animal Battle Stats,1446203750204047426
1449047391666962545,,,,,,true,,0000,0,,1446203750204047426,,0,Animal Battle Stats,,1446204139909550150,,,2025-12-12T14:37:00.172Z,,4491519,0,true,Visitor,RamiNoodle733,true,🌐 Location,"Richmond, TX, US",,,,,,,,,,,,,,,,,,,2025-12-12T14:36:50.335000+00:00,👀 Site Visit,rich,0,,,false,,,,false,,,,,,,,,2025-12-12T14:37:00.172000+00:00,false,0,Animal Battle Stats,1446203750204047426
1449047391570497768,,,,,,true,,0000,0,,1446203750204047426,,0,Animal Battle Stats,,1446204139909550150,,,2025-12-12T14:37:00.149Z,,6710886,0,true,User,RamiNoodle733,true,🌐 Location,"Richmond, TX, US",,,,,,,,,,,,,,,,,,,2025-12-12T14:36:59.775000+00:00,👋 User Left Site,rich,0,,,false,,,,false,,,,,,,,,2025-12-12T14:37:00.149000+00:00,false,0,Animal Battle Stats,1446203750204047426
1449047351296528578,,,,,,true,,0000,0,,1446203750204047426,,0,Animal Battle Stats,,1446204139909550150,,,2025-12-12T14:36:50.547Z,,6710886,0,true,User,RamiNoodle733,true,🌐 Location,"Richmond, TX, US",,,,,,,,,,,,,,,,,,,2025-12-12T14:36:49.617000+00:00,👋 User Left Site,rich,0,,,false,,,,false,,,,,,,,,2025-12-12T14:36:50.547000+00:00,false,0,Animal Battle Stats,1446203750204047426
1449045906673500325,,,,,,true,,0000,0,,1446203750204047426,,0,Animal Battle Stats,,1446204139909550150,,,2025-12-12T14:31:06.122Z,,4491519,0,true,Visitor,Anonymous,true,🌐 Location,"San Francisco, CA, US",,,,,,,,,,,,,,,,,,,2025-12-12T14:31:05.909000+00:00,👀 Site Visit,rich,0,,,false,,,,false,,,,,,,,,2025-12-12T14:31:06.122000+00:00,false,0,Animal Battle Stats,1446203750204047426
1449045847542333594,,,,,,true,,0000,0,,1446203750204047426,,0,Animal Battle Stats,,1446204139909550150,,,2025-12-12T14:30:52.024Z,,4491519,0,true,Visitor,Anonymous,true,🌐 Location,US,,,,,,,,,,,,,,,,,,,2025-12-12T14:30:51.514000+00:00,👀 Site Visit,rich,0,,,false,,,,false,,,,,,,,,2025-12-12T14:30:52.024000+00:00,false,0,Animal Battle Stats,1446203750204047426
1449045772300587180,,,,,,true,,0000,0,,1446203750204047426,,0,Animal Battle Stats,,1446204139909550150,,,2025-12-12T14:30:34.085Z,,4491519,0,true,Visitor,Anonymous,true,🌐 Location,"New York, NY, US",,,,,,,,,,,,,,,,,,,2025-12-12T14:30:33.832000+00:00,👀 Site Visit,rich,0,,,false,,,,false,,,,,,,,,2025-12-12T14:30:34.085000+00:00,false,0,Animal Battle Stats,1446203750204047426
1449045588871090302,,,,,,true,,0000,0,,1446203750204047426,,0,Animal Battle Stats,,1446204139909550150,,,2025-12-12T14:29:50.352Z,,4491519,0,true,Visitor,Anonymous,true,🌐 Location,US,,,,,,,,,,,,,,,,,,,2025-12-12T14:29:50.033000+00:00,👀 Site Visit,rich,0,,,false,,,,false,,,,,,,,,2025-12-12T14:29:50.352000+00:00,false,0,Animal Battle Stats,1446203750204047426
1449045576980365475,,,,,,true,,0000,0,,1446203750204047426,,0,Animal Battle Stats,,1446204139909550150,,,2025-12-12T14:29:47.517Z,,4491519,0,true,Visitor,Anonymous,true,🌐 Location,US,,,,,,,,,,,,,,,,,,,2025-12-12T14:29:47.277000+00:00,👀 Site Visit,rich,0,,,false,,,,false,,,,,,,,,2025-12-12T14:29:47.517000+00:00,false,0,Animal Battle Stats,1446203750204047426
1449045498550812844,,,,,,true,,0000,0,,1446203750204047426,,0,Animal Battle Stats,,1446204139909550150,,,2025-12-12T14:29:28.818Z,,4491519,0,true,Visitor,RamiNoodle733,true,🌐 Location,"Richmond, TX, US",,,,,,,,,,,,,,,,,,,2025-12-12T14:29:28.467000+00:00,👀 Site Visit,rich,0,,,false,,,,false,,,,,,,,,2025-12-12T14:29:28.818000+00:00,false,0,Animal Battle Stats,1446203750204047426
1449045496411721893,,,,,,true,,0000,0,,1446203750204047426,,0,Animal Battle Stats,,1446204139909550150,,,2025-12-12T14:29:28.308Z,,52326,0,true,Username,RamiNoodle733,true,🌐 Location,"Richmond, TX, US",,,,,,,,,,,,,,,,,,,2025-12-12T14:29:13.270000+00:00,🔓 User Login,rich,0,,,false,,,,false,,,,,,,,,2025-12-12T14:29:28.308000+00:00,false,0,Animal Battle Stats,1446203750204047426
1449045476967186584,,,,,,true,,0000,0,,1446203750204047426,,0,Animal Battle Stats,,1446204139909550150,,,2025-12-12T14:29:23.672Z,,6710886,0,true,User,Anonymous,true,🌐 Location,"Richmond, TX, US",,,,,,,,,,,,,,,,,,,2025-12-12T14:29:23.364000+00:00,👋 User Left Site,rich,0,,,false,,,,false,,,,,,,,,2025-12-12T14:29:23.672000+00:00,false,0,Animal Battle Stats,1446203750204047426
1449045440430608569,,,,,,true,,0000,0,,1446203750204047426,,0,Animal Battle Stats,,1446204139909550150,,,2025-12-12T14:29:14.961Z,,4491519,0,true,Visitor,Anonymous,true,🌐 Location,"Queens, NY, US",,,,,,,,,,,,,,,,,,,2025-12-12T14:29:14.693000+00:00,👀 Site Visit,rich,0,,,false,,,,false,,,,,,,,,2025-12-12T14:29:14.961000+00:00,false,0,Animal Battle Stats,1446203750204047426
1449045299078107368,,,,,,true,,0000,0,,1446203750204047426,,0,Animal Battle Stats,,1446204139909550150,,,2025-12-12T14:28:41.260Z,,4491519,0,true,Visitor,Anonymous,true,🌐 Location,"Richmond, TX, US",,,,,,,,,,,,,,,,,,,2025-12-12T14:28:40.993000+00:00,👀 Site Visit,rich,0,,,false,,,,false,,,,,,,,,2025-12-12T14:28:41.260000+00:00,false,0,Animal Battle Stats,1446203750204047426
1449045280660914208,,,,,,true,,0000,0,,1446203750204047426,,0,Animal Battle Stats,,1446204139909550150,,,2025-12-12T14:28:36.869Z,,4491519,0,true,Visitor,RamiNoodle733,true,🌐 Location,"Richmond, TX, US",,,,,,,,,,,,,,,,,,,2025-12-12T14:28:36.494000+00:00,👀 Site Visit,rich,0,,,false,,,,false,,,,,,,,,2025-12-12T14:28:36.869000+00:00,false,0,Animal Battle Stats,1446203750204047426
1449045270024163490,,,,,,true,,0000,0,,1446203750204047426,,0,Animal Battle Stats,,1446204139909550150,,,2025-12-12T14:28:34.333Z,,4491519,0,true,Visitor,Anonymous,true,🌐 Location,"Ashburn, VA, US",,,,,,,,,,,,,,,,,,,2025-12-12T14:28:34.061000+00:00,👀 Site Visit,rich,0,,,false,,,,false,,,,,,,,,2025-12-12T14:28:34.333000+00:00,false,0,Animal Battle Stats,1446203750204047426
1449045159185481883,,,,,,true,,0000,0,,1446203750204047426,,0,Animal Battle Stats,,1446204139909550150,,,2025-12-12T14:28:07.907Z,,4491519,0,true,Visitor,RamiNoodle733,true,🌐 Location,"Richmond, TX, US",,,,,,,,,,,,,,,,,,,2025-12-12T14:28:07.516000+00:00,👀 Site Visit,rich,0,,,false,,,,false,,,,,,,,,2025-12-12T14:28:07.907000+00:00,false,0,Animal Battle Stats,1446203750204047426
1449045150968975463,,,,,,true,,0000,0,,1446203750204047426,,0,Animal Battle Stats,,1446204139909550150,,,2025-12-12T14:28:05.948Z,,6710886,0,true,User,RamiNoodle733,true,🌐 Location,"Richmond, TX, US",,,,,,,,,,,,,,,,,,,2025-12-12T14:28:05.214000+00:00,👋 User Left Site,rich,0,,,false,,,,false,,,,,,,,,2025-12-12T14:28:05.948000+00:00,false,0,Animal Battle Stats,1446203750204047426
1449031759571325080,,,,,,true,,0000,0,,1446203750204047426,,0,Animal Battle Stats,,1446204139909550150,,,2025-12-12T13:34:53.190Z,,4491519,0,true,Visitor,RamiNoodle733,true,🌐 Location,"Richmond, TX, US",,,,,,,,,,,,,,,,,,,2025-12-12T13:34:52.837000+00:00,👀 Site Visit,rich,0,,,false,,,,false,,,,,,,,,2025-12-12T13:34:53.190000+00:00,false,0,Animal Battle Stats,1446203750204047426
1449031754215063605,,,,,,true,,0000,0,,1446203750204047426,,0,Animal Battle Stats,,1446204139909550150,,,2025-12-12T13:34:51.913Z,,6710886,0,true,User,RamiNoodle733,true,🌐 Location,"Richmond, TX, US",,,,,,,,,,,,,,,,,,,2025-12-12T13:34:51.270000+00:00,👋 User Left Site,rich,0,,,false,,,,false,,,,,,,,,2025-12-12T13:34:51.913000+00:00,false,0,Animal Battle Stats,1446203750204047426
1449031624812658868,,,,,,true,,0000,0,,1446203750204047426,,0,Animal Battle Stats,,1446204139909550150,,,2025-12-12T13:34:21.061Z,,4491519,0,true,Visitor,RamiNoodle733,true,🌐 Location,"Richmond, TX, US",,,,,,,,,,,,,,,,,,,2025-12-12T13:34:20.747000+00:00,👀 Site Visit,rich,0,,,false,,,,false,,,,,,,,,2025-12-12T13:34:21.061000+00:00,false,0,Animal Battle Stats,1446203750204047426
1449031621012623541,,,,,,true,,0000,0,,1446203750204047426,,0,Animal Battle Stats,,1446204139909550150,,,2025-12-12T13:34:20.155Z,,6710886,0,true,User,RamiNoodle733,true,🌐 Location,"Richmond, TX, US",,,,,,,,,,,,,,,,,,,2025-12-12T13:34:19.852000+00:00,👋 User Left Site,rich,0,,,false,,,,false,,,,,,,,,2025-12-12T13:34:20.155000+00:00,false,0,Animal Battle Stats,1446203750204047426
1449031483724398692,,,,,,true,,0000,0,,1446203750204047426,,0,Animal Battle Stats,,1446204139909550150,,,2025-12-12T13:33:47.423Z,,4491519,0,true,Visitor,RamiNoodle733,true,🌐 Location,"Richmond, TX, US",,,,,,,,,,,,,,,,,,,2025-12-12T13:33:47.085000+00:00,👀 Site Visit,rich,0,,,false,,,,false,,,,,,,,,2025-12-12T13:33:47.423000+00:00,false,0,Animal Battle Stats,1446203750204047426
1449031477294792714,,,,,,true,,0000,0,,1446203750204047426,,0,Animal Battle Stats,,1446204139909550150,,,2025-12-12T13:33:45.890Z,,6710886,0,true,User,RamiNoodle733,true,🌐 Location,"Richmond, TX, US",,,,,,,,,,,,,,,,,,,2025-12-12T13:33:45.591000+00:00,👋 User Left Site,rich,0,,,false,,,,false,,,,,,,,,2025-12-12T13:33:45.890000+00:00,false,0,Animal Battle Stats,1446203750204047426
1449031165695492260,,,,,,true,,0000,0,,1446203750204047426,,0,Animal Battle Stats,,1446204139909550150,,,2025-12-12T13:32:31.599Z,,4491519,0,true,Visitor,RamiNoodle733,true,🌐 Location,"Richmond, TX, US",,,,,,,,,,,,,,,,,,,2025-12-12T13:32:29.623000+00:00,👀 Site Visit,rich,0,,,false,,,,false,,,,,,,,,2025-12-12T13:32:31.599000+00:00,false,0,Animal Battle Stats,1446203750204047426
1449031154089853122,,,,,,true,,0000,0,,1446203750204047426,,0,Animal Battle Stats,,1446204139909550150,,,2025-12-12T13:32:28.832Z,,6710886,0,true,User,RamiNoodle733,true,🌐 Location,"Richmond, TX, US",,,,,,,,,,,,,,,,,,,2025-12-12T13:32:26.990000+00:00,👋 User Left Site,rich,0,,,false,,,,false,,,,,,,,,2025-12-12T13:32:28.832000+00:00,false,0,Animal Battle Stats,1446203750204047426
1449030437904191611,,,,,,true,,0000,0,,1446203750204047426,,0,Animal Battle Stats,,1446204139909550150,,,2025-12-12T13:29:38.080Z,,4491519,0,true,Visitor,RamiNoodle733,true,🌐 Location,"Richmond, TX, US",,,,,,,,,,,,,,,,,,,2025-12-12T13:29:37.733000+00:00,👀 Site Visit,rich,0,,,false,,,,false,,,,,,,,,2025-12-12T13:29:38.080000+00:00,false,0,Animal Battle Stats,1446203750204047426
1449030071523479593,,,,,,true,,0000,0,,1446203750204047426,,0,Animal Battle Stats,,1446204139909550150,,,2025-12-12T13:28:10.728Z,,16737095,0,true,User,RamiNoodle733,true,Bracket Size,8 animals,true,Matches Completed,3/7,true,Progress,43%,false,Votes Made,"Tiger Shark beat Flamingo
Black Mamba beat Axolotl
Moose beat Osprey",true,🌐 Location,"Richmond, TX, US",,,,,,,2025-12-12T13:26:11.717000+00:00,🚪 Tournament Quit,rich,0,,,false,,,,false,,,,,,,,,2025-12-12T13:28:10.728000+00:00,false,0,Animal Battle Stats,1446203750204047426
1449030034005299262,,,,,,true,,0000,0,,1446203750204047426,,0,Animal Battle Stats,,1446204139909550150,,,2025-12-12T13:28:01.783Z,,4491519,0,true,Visitor,RamiNoodle733,true,🌐 Location,"Richmond, TX, US",,,,,,,,,,,,,,,,,,,2025-12-12T13:28:01.459000+00:00,👀 Site Visit,rich,0,,,false,,,,false,,,,,,,,,2025-12-12T13:28:01.783000+00:00,false,0,Animal Battle Stats,1446203750204047426
1449030021711925412,,,,,,true,,0000,0,,1446203750204047426,,0,Animal Battle Stats,,1446204139909550150,,,2025-12-12T13:27:58.852Z,,4491519,0,true,Visitor,RamiNoodle733,true,🌐 Location,"Richmond, TX, US",,,,,,,,,,,,,,,,,,,2025-12-12T13:27:58.662000+00:00,👀 Site Visit,rich,0,,,false,,,,false,,,,,,,,,2025-12-12T13:27:58.852000+00:00,false,0,Animal Battle Stats,1446203750204047426
1449028937270165647,,,,,,true,,0000,0,,1446203750204047426,,0,Animal Battle Stats,,1446204139909550150,,,2025-12-12T13:23:40.301Z,,16737095,0,true,User,RamiNoodle733,true,Bracket Size,8 animals,true,Matches Completed,1/7,true,Progress,14%,false,Votes Made,African Lion beat Sawfish,true,🌐 Location,"Richmond, TX, US",,,,,,,2025-12-12T13:23:18.750000+00:00,🚪 Tournament Quit,rich,0,,,false,,,,false,,,,,,,,,2025-12-12T13:23:40.301000+00:00,false,0,Animal Battle Stats,1446203750204047426
1449028920518115378,,,,,,true,,0000,0,,1446203750204047426,,0,Animal Battle Stats,,1446204139909550150,,,2025-12-12T13:23:36.307Z,,4491519,0,true,Visitor,RamiNoodle733,true,🌐 Location,"Richmond, TX, US",,,,,,,,,,,,,,,,,,,2025-12-12T13:23:36.052000+00:00,👀 Site Visit,rich,0,,,false,,,,false,,,,,,,,,2025-12-12T13:23:36.307000+00:00,false,0,Animal Battle Stats,1446203750204047426
1449028916760019118,,,,,,true,,0000,0,,1446203750204047426,,0,Animal Battle Stats,,1446204139909550150,,,2025-12-12T13:23:35.411Z,,6710886,0,true,User,RamiNoodle733,true,🌐 Location,"Richmond, TX, US",,,,,,,,,,,,,,,,,,,2025-12-12T13:23:33.953000+00:00,👋 User Left Site,rich,0,,,false,,,,false,,,,,,,,,2025-12-12T13:23:35.411000+00:00,false,0,Animal Battle Stats,1446203750204047426
1449028740314169344,,,,,,true,,0000,0,,1446203750204047426,,0,Animal Battle Stats,,1446204139909550150,,,2025-12-12T13:22:53.343Z,,4491519,0,true,Visitor,RamiNoodle733,true,🌐 Location,"Richmond, TX, US",,,,,,,,,,,,,,,,,,,2025-12-12T13:22:52.985000+00:00,👀 Site Visit,rich,0,,,false,,,,false,,,,,,,,,2025-12-12T13:22:53.343000+00:00,false,0,Animal Battle Stats,1446203750204047426
1449028733947351141,,,,,,true,,0000,0,,1446203750204047426,,0,Animal Battle Stats,,1446204139909550150,,,2025-12-12T13:22:51.825Z,,6710886,0,true,User,RamiNoodle733,true,🌐 Location,"Richmond, TX, US",,,,,,,,,,,,,,,,,,,2025-12-12T13:22:51.495000+00:00,👋 User Left Site,rich,0,,,false,,,,false,,,,,,,,,2025-12-12T13:22:51.825000+00:00,false,0,Animal Battle Stats,1446203750204047426
1449028069078732925,,,,,,true,,0000,0,,1446203750204047426,,0,Animal Battle Stats,,1446204139909550150,,,2025-12-12T13:20:13.308Z,,4491519,0,true,Visitor,RamiNoodle733,true,🌐 Location,"Richmond, TX, US",,,,,,,,,,,,,,,,,,,2025-12-12T13:20:11.843000+00:00,👀 Site Visit,rich,0,,,false,,,,false,,,,,,,,,2025-12-12T13:20:13.308000+00:00,false,0,Animal Battle Stats,1446203750204047426
1449028060501377095,,,,,,true,,0000,0,,1446203750204047426,,0,Animal Battle Stats,,1446204139909550150,,,2025-12-12T13:20:11.263Z,,6710886,0,true,User,RamiNoodle733,true,🌐 Location,"Richmond, TX, US",,,,,,,,,,,,,,,,,,,2025-12-12T13:20:08.562000+00:00,👋 User Left Site,rich,0,,,false,,,,false,,,,,,,,,2025-12-12T13:20:11.263000+00:00,false,0,Animal Battle Stats,1446203750204047426
1449023901316284560,,,,,,true,,0000,0,,1446203750204047426,,0,Animal Battle Stats,,1446204139909550150,,,2025-12-12T13:03:39.636Z,,6710886,0,true,User,RamiNoodle733,true,🌐 Location,"Richmond, TX, US",,,,,,,,,,,,,,,,,,,2025-12-12T13:03:37.567000+00:00,👋 User Left Site,rich,0,,,false,,,,false,,,,,,,,,2025-12-12T13:03:39.636000+00:00,false,0,Animal Battle Stats,1446203750204047426
1449020094842933330,,,,,,true,,0000,0,,1446203750204047426,,0,Animal Battle Stats,,1446204139909550150,,,2025-12-12T12:48:32.102Z,,16766720,0,true,User,RamiNoodle733,true,Bracket Size,16 animals,true,Total Matches,15,true,🏆 Champion,Bull Shark,true,2nd Place,Spectacled Bear,true,3rd/4th Place,"Baboon, Red Fox",false,Recent Matches,"Baboon beat Llama
Spectacled Bear beat Quoll
Red Fox beat Condor
Bull Shark beat Bighorn Sheep
Baboon beat Gila Monster
Spectacled Bear beat Red Fox
Bull Shark beat Baboon
Bull Shark beat Spectacled Bear",true,🌐 Location,"Houston, TX, US",2025-12-12T12:42:45.167000+00:00,🏆 Tournament Completed,rich,0,,,false,,,,false,,,,,,,,,2025-12-12T12:48:32.102000+00:00,false,0,Animal Battle Stats,1446203750204047426
1449018077802135583,,,,,,true,,0000,0,,1446203750204047426,,0,Animal Battle Stats,,1446204139909550150,,,2025-12-12T12:40:31.202Z,,16766720,0,true,User,RamiNoodle733,true,Bracket Size,8 animals,true,Total Matches,7,true,🏆 Champion,Elk,true,2nd Place,Honey Badger,true,3rd/4th Place,"Ocelot, Wallaby",false,Recent Matches,"Honey Badger beat Coyote
Wallaby beat Hercules Beetle
Ocelot beat Huntsman Spider
Elk beat Reindeer
Honey Badger beat Wallaby
Elk beat Ocelot
Elk beat Honey Badger",true,🌐 Location,"Houston, TX, US",2025-12-12T12:39:37.255000+00:00,🏆 Tournament Completed,rich,0,,,false,,,,false,,,,,,,,,2025-12-12T12:40:31.202000+00:00,false,0,Animal Battle Stats,1446203750204047426
1449017466951962734,,,,,,true,,0000,0,,1446203750204047426,,0,Animal Battle Stats,,1446204139909550150,,,2025-12-12T12:38:05.564Z,,16766720,0,true,User,RamiNoodle733,true,Bracket Size,8 animals,true,Total Matches,7,true,🏆 Champion,Polar Bear,true,2nd Place,Sugar Glider,true,3rd/4th Place,"Sailfish, Cassowary",false,Recent Matches,"Cassowary beat Hercules Beetle
Polar Bear beat African Wild Dog
Sailfish beat Goose
Sugar Glider beat Toucan
Polar Bear beat Cassowary
Sugar Glider beat Sailfish
Polar Bear beat Sugar Glider",true,🌐 Location,"Houston, TX, US",2025-12-12T12:36:23.071000+00:00,🏆 Tournament Completed,rich,0,,,false,,,,false,,,,,,,,,2025-12-12T12:38:05.564000+00:00,false,0,Animal Battle Stats,1446203750204047426
1449016874812833823,,,,,,true,,0000,0,,1446203750204047426,,0,Animal Battle Stats,,1446204139909550150,,,2025-12-12T12:35:44.387Z,,16766720,0,true,User,RamiNoodle733,true,Bracket Size,32 animals,true,Total Matches,31,true,🏆 Champion,Grizzly Bear,true,2nd Place,Beluga Whale,true,3rd/4th Place,"Sloth Bear, African Lion",false,Recent Matches,"Beluga Whale beat Colossal Squid
African Lion beat Okapi
Grizzly Bear beat Narwhal
Sloth Bear beat Spectacled Bear
Beluga Whale beat Japanese Macaque
Grizzly Bear beat African Lion
Beluga Whale beat Sloth Bear
Grizzly Bear beat Beluga Whale",true,🌐 Location,"Houston, TX, US",2025-12-12T12:35:02.284000+00:00,🏆 Tournament Completed,rich,0,,,false,,,,false,,,,,,,,,2025-12-12T12:35:44.387000+00:00,false,0,Animal Battle Stats,1446203750204047426
1449014828093145118,,,,,,true,,0000,0,,1446203750204047426,,0,Animal Battle Stats,,1446204139909550150,,,2025-12-12T12:27:36.411Z,,4491519,0,true,Visitor,RamiNoodle733,true,🌐 Location,"Houston, TX, US",,,,,,,,,,,,,,,,,,,2025-12-12T12:27:33.619000+00:00,👀 Site Visit,rich,0,,,false,,,,false,,,,,,,,,2025-12-12T12:27:36.411000+00:00,false,0,Animal Battle Stats,1446203750204047426
1449000869961011233,,,,,,true,,0000,0,,1446203750204047426,,0,Animal Battle Stats,,1446204139909550150,,,2025-12-12T11:32:08.533Z,,4491519,0,true,Visitor,RamiNoodle733,true,🌐 Location,"Richmond, TX, US",,,,,,,,,,,,,,,,,,,2025-12-12T11:32:08.303000+00:00,👀 Site Visit,rich,0,,,false,,,,false,,,,,,,,,2025-12-12T11:32:08.533000+00:00,false,0,Animal Battle Stats,1446203750204047426
1449000865921761455,,,,,,true,,0000,0,,1446203750204047426,,0,Animal Battle Stats,,1446204139909550150,,,2025-12-12T11:32:07.570Z,,6710886,0,true,User,RamiNoodle733,true,🌐 Location,"Richmond, TX, US",,,,,,,,,,,,,,,,,,,2025-12-12T11:32:07.144000+00:00,👋 User Left Site,rich,0,,,false,,,,false,,,,,,,,,2025-12-12T11:32:07.570000+00:00,false,0,Animal Battle Stats,1446203750204047426
1448994578769383518,,,,,,true,,0000,0,,1446203750204047426,,0,Animal Battle Stats,,1446204139909550150,,,2025-12-12T11:07:08.596Z,,4491519,0,true,Visitor,RamiNoodle733,true,🌐 Location,"Richmond, TX, US",,,,,,,,,,,,,,,,,,,2025-12-12T11:07:08.288000+00:00,👀 Site Visit,rich,0,,,false,,,,false,,,,,,,,,2025-12-12T11:07:08.596000+00:00,false,0,Animal Battle Stats,1446203750204047426
1448994574709031035,,,,,,true,,0000,0,,1446203750204047426,,0,Animal Battle Stats,,1446204139909550150,,,2025-12-12T11:07:07.628Z,,6710886,0,true,User,RamiNoodle733,true,🌐 Location,"Richmond, TX, US",,,,,,,,,,,,,,,,,,,2025-12-12T11:07:06.533000+00:00,👋 User Left Site,rich,0,,,false,,,,false,,,,,,,,,2025-12-12T11:07:07.628000+00:00,false,0,Animal Battle Stats,1446203750204047426
1448992640816124084,,,,,,true,,0000,0,,1446203750204047426,,0,Animal Battle Stats,,1446204139909550150,,,2025-12-12T10:59:26.552Z,,4491519,0,true,Visitor,RamiNoodle733,true,🌐 Location,"Richmond, TX, US",,,,,,,,,,,,,,,,,,,2025-12-12T10:59:26.231000+00:00,👀 Site Visit,rich,0,,,false,,,,false,,,,,,,,,2025-12-12T10:59:26.552000+00:00,false,0,Animal Battle Stats,1446203750204047426
1448992633778343938,,,,,,true,,0000,0,,1446203750204047426,,0,Animal Battle Stats,,1446204139909550150,,,2025-12-12T10:59:24.874Z,,6710886,0,true,User,RamiNoodle733,true,🌐 Location,"Richmond, TX, US",,,,,,,,,,,,,,,,,,,2025-12-12T10:59:23.897000+00:00,👋 User Left Site,rich,0,,,false,,,,false,,,,,,,,,2025-12-12T10:59:24.874000+00:00,false,0,Animal Battle Stats,1446203750204047426
1448887005109817506,,,,,,true,,0000,0,,1446203750204047426,,0,Animal Battle Stats,,1446204139909550150,,,2025-12-12T03:59:41.037Z,,52360,0,true,By,RamiNoodle733,true,Comment Author,RamiNoodle733,true,On,Hippopotamus,true,🌐 Location,"Richmond, TX, US",,,,,,,,,,,,,2025-12-12T03:59:40.815000+00:00,👍 Comment Upvoted,rich,0,,,false,,,,false,,,,,,,,,2025-12-12T03:59:41.037000+00:00,false,0,Animal Battle Stats,1446203750204047426
1448886997157412874,,,,,,true,,0000,0,,1446203750204047426,,0,Animal Battle Stats,,1446204139909550150,,,2025-12-12T03:59:39.141Z,,54527,0,true,User,RamiNoodle733,true,Target,Hippopotamus,false,Comment,Underrated or Overhyped? what do yall think,true,🌐 Location,"Richmond, TX, US",,,,,,,,,,,,,2025-12-12T03:59:38.741000+00:00,💬 New Comment,rich,0,,,false,,,,false,,,,,,,,,2025-12-12T03:59:39.141000+00:00,false,0,Animal Battle Stats,1446203750204047426
1448886611206209568,,,,,,true,,0000,0,,1446203750204047426,,0,Animal Battle Stats,,1446204139909550150,,,2025-12-12T03:58:07.123Z,,16724838,0,true,User,RamiNoodle733,true,Animal,Moose,true,Vote,👎 Downvote,true,🌐 Location,"Richmond, TX, US",,,,,,,,,,,,,2025-12-12T03:58:06.386000+00:00,👎 New Vote,rich,0,,,false,,,,false,,,,,,,,,2025-12-12T03:58:07.123000+00:00,false,0,Animal Battle Stats,1446203750204047426
1448886379139301486,,,,,,true,,0000,0,,1446203750204047426,,0,Animal Battle Stats,,1446204139909550150,,,2025-12-12T03:57:11.794Z,,4491519,0,true,Visitor,RamiNoodle733,true,🌐 Location,"Richmond, TX, US",,,,,,,,,,,,,,,,,,,2025-12-12T03:57:11.543000+00:00,👀 Site Visit,rich,0,,,false,,,,false,,,,,,,,,2025-12-12T03:57:11.794000+00:00,false,0,Animal Battle Stats,1446203750204047426
1448886377499590747,,,,,,true,,0000,0,,1446203750204047426,,0,Animal Battle Stats,,1446204139909550150,,,2025-12-12T03:57:11.403Z,,6710886,0,true,User,RamiNoodle733,true,🌐 Location,"Richmond, TX, US",,,,,,,,,,,,,,,,,,,2025-12-12T03:57:10.788000+00:00,👋 User Left Site,rich,0,,,false,,,,false,,,,,,,,,2025-12-12T03:57:11.403000+00:00,false,0,Animal Battle Stats,1446203750204047426
1448885885645885491,,,,,,true,,0000,0,,1446203750204047426,,0,Animal Battle Stats,,1446204139909550150,,,2025-12-12T03:55:14.136Z,,16766720,0,true,User,RamiNoodle733,true,Bracket Size,8 animals,true,Total Matches,7,true,🏆 Champion,Hippopotamus,true,2nd Place,African Lion,true,3rd/4th Place,"Chimpanzee, Bald Eagle",false,Recent Matches,"Bald Eagle beat Wallaby
Hippopotamus beat Beluga Whale
Chimpanzee beat Snapping Turtle
African Lion beat Llama
Hippopotamus beat Bald Eagle
African Lion beat Chimpanzee
Hippopotamus beat African Lion",true,🌐 Location,"Richmond, TX, US",2025-12-12T03:55:06.283000+00:00,🏆 Tournament Completed,rich,0,,,false,,,,false,,,,,,,,,2025-12-12T03:55:14.136000+00:00,false,0,Animal Battle Stats,1446203750204047426
1448885785582633070,,,,,,true,,0000,0,,1446203750204047426,,0,Animal Battle Stats,,1446204139909550150,,,2025-12-12T03:54:50.279Z,,16766720,0,true,User,RamiNoodle733,true,Bracket Size,8 animals,true,Total Matches,7,true,🏆 Champion,Tiger Shark,true,2nd Place,Giraffe,true,3rd/4th Place,"Emu, Goliath Birdeater",false,Recent Matches,"Goliath Birdeater beat Tuna
Tiger Shark beat Naked Mole Rat
Giraffe beat Meerkat
Emu beat Sawfish
Tiger Shark beat Goliath Birdeater
Giraffe beat Emu
Tiger Shark beat Giraffe",true,🌐 Location,"Richmond, TX, US",2025-12-12T03:54:00.254000+00:00,🏆 Tournament Completed,rich,0,,,false,,,,false,,,,,,,,,2025-12-12T03:54:50.279000+00:00,false,0,Animal Battle Stats,1446203750204047426
1448884869131141160,,,,,,true,,0000,0,,1446203750204047426,,0,Animal Battle Stats,,1446204139909550150,,,2025-12-12T03:51:11.780Z,,16724838,0,true,User,RamiNoodle733,true,Animal,Bull Shark,true,Vote,👎 Downvote,true,🌐 Location,"Richmond, TX, US",,,,,,,,,,,,,2025-12-12T03:51:11.391000+00:00,👎 New Vote,rich,0,,,false,,,,false,,,,,,,,,2025-12-12T03:51:11.780000+00:00,false,0,Animal Battle Stats,1446203750204047426
1448884707881123860,,,,,,true,,0000,0,,1446203750204047426,,0,Animal Battle Stats,,1446204139909550150,,,2025-12-12T03:50:33.335Z,,4491519,0,true,Visitor,RamiNoodle733,true,🌐 Location,"Richmond, TX, US",,,,,,,,,,,,,,,,,,,2025-12-12T03:50:32.840000+00:00,👀 Site Visit,rich,0,,,false,,,,false,,,,,,,,,2025-12-12T03:50:33.335000+00:00,false,0,Animal Battle Stats,1446203750204047426
1448884705058619392,,,,,,true,,0000,0,,1446203750204047426,,0,Animal Battle Stats,,1446204139909550150,,,2025-12-12T03:50:32.662Z,,6710886,0,true,User,RamiNoodle733,true,🌐 Location,"Richmond, TX, US",,,,,,,,,,,,,,,,,,,2025-12-12T03:50:32.400000+00:00,👋 User Left Site,rich,0,,,false,,,,false,,,,,,,,,2025-12-12T03:50:32.662000+00:00,false,0,Animal Battle Stats,1446203750204047426
1448884267303047189,,,,,,true,,0000,0,,1446203750204047426,,0,Animal Battle Stats,,1446204139909550150,,,2025-12-12T03:48:48.293Z,,4491519,0,true,Visitor,RamiNoodle733,true,🌐 Location,"Richmond, TX, US",,,,,,,,,,,,,,,,,,,2025-12-12T03:48:47.967000+00:00,👀 Site Visit,rich,0,,,false,,,,false,,,,,,,,,2025-12-12T03:48:48.293000+00:00,false,0,Animal Battle Stats,1446203750204047426
1448884260030120057,,,,,,true,,0000,0,,1446203750204047426,,0,Animal Battle Stats,,1446204139909550150,,,2025-12-12T03:48:46.559Z,,6710886,0,true,User,RamiNoodle733,true,🌐 Location,"Richmond, TX, US",,,,,,,,,,,,,,,,,,,2025-12-12T03:48:46.300000+00:00,👋 User Left Site,rich,0,,,false,,,,false,,,,,,,,,2025-12-12T03:48:46.559000+00:00,false,0,Animal Battle Stats,1446203750204047426
1448884082682368030,,,,,,true,,0000,0,,1446203750204047426,,0,Animal Battle Stats,,1446204139909550150,,,2025-12-12T03:48:04.276Z,,4491519,0,true,Visitor,RamiNoodle733,true,🌐 Location,"Richmond, TX, US",,,,,,,,,,,,,,,,,,,2025-12-12T03:48:03.995000+00:00,👀 Site Visit,rich,0,,,false,,,,false,,,,,,,,,2025-12-12T03:48:04.276000+00:00,false,0,Animal Battle Stats,1446203750204047426
1448883704637161543,,,,,,true,,0000,0,,1446203750204047426,,0,Animal Battle Stats,,1446204139909550150,,,2025-12-12T03:46:34.143Z,,4491519,0,true,Visitor,RamiNoodle733,true,🌐 Location,"Richmond, TX, US",,,,,,,,,,,,,,,,,,,2025-12-12T03:46:33.762000+00:00,👀 Site Visit,rich,0,,,false,,,,false,,,,,,,,,2025-12-12T03:46:34.143000+00:00,false,0,Animal Battle Stats,1446203750204047426
1448883645384228974,,,,,,true,,0000,0,,1446203750204047426,,0,Animal Battle Stats,,1446204139909550150,,,2025-12-12T03:46:20.016Z,,6710886,0,true,User,RamiNoodle733,true,🌐 Location,"Richmond, TX, US",,,,,,,,,,,,,,,,,,,2025-12-12T03:46:19.700000+00:00,👋 User Left Site,rich,0,,,false,,,,false,,,,,,,,,2025-12-12T03:46:20.016000+00:00,false,0,Animal Battle Stats,1446203750204047426
1448883628938629301,,,,,,true,,0000,0,,1446203750204047426,,0,Animal Battle Stats,,1446204139909550150,,,2025-12-12T03:46:16.095Z,,6710886,0,true,User,RamiNoodle733,true,🌐 Location,"Richmond, TX, US",,,,,,,,,,,,,,,,,,,2025-12-12T03:46:15.845000+00:00,👋 User Left Site,rich,0,,,false,,,,false,,,,,,,,,2025-12-12T03:46:16.095000+00:00,false,0,Animal Battle Stats,1446203750204047426
1448883605945188503,,,,,,true,,0000,0,,1446203750204047426,,0,Animal Battle Stats,,1446204139909550150,,,2025-12-12T03:46:10.613Z,,6710886,0,true,User,RamiNoodle733,true,🌐 Location,"Richmond, TX, US",,,,,,,,,,,,,,,,,,,2025-12-12T03:46:10.306000+00:00,👋 User Left Site,rich,0,,,false,,,,false,,,,,,,,,2025-12-12T03:46:10.613000+00:00,false,0,Animal Battle Stats,1446203750204047426
1448883495421087865,,,,,,true,,0000,0,,1446203750204047426,,0,Animal Battle Stats,,1446204139909550150,,,2025-12-12T03:45:44.262Z,,4491519,0,true,Visitor,RamiNoodle733,true,🌐 Location,"Richmond, TX, US",,,,,,,,,,,,,,,,,,,2025-12-12T03:45:43.994000+00:00,👀 Site Visit,rich,0,,,false,,,,false,,,,,,,,,2025-12-12T03:45:44.262000+00:00,false,0,Animal Battle Stats,1446203750204047426
1448883491285766195,,,,,,true,,0000,0,,1446203750204047426,,0,Animal Battle Stats,,1446204139909550150,,,2025-12-12T03:45:43.276Z,,6710886,0,true,User,RamiNoodle733,true,🌐 Location,"Richmond, TX, US",,,,,,,,,,,,,,,,,,,2025-12-12T03:45:36.536000+00:00,👋 User Left Site,rich,0,,,false,,,,false,,,,,,,,,2025-12-12T03:45:43.276000+00:00,false,0,Animal Battle Stats,1446203750204047426
1448865919148228821,,,,,,true,,0000,0,,1446203750204047426,,0,Animal Battle Stats,,1446204139909550150,,,2025-12-12T02:35:53.752Z,,4491519,0,true,Visitor,RamiNoodle733,true,🌐 Location,"Richmond, TX, US",,,,,,,,,,,,,,,,,,,2025-12-12T02:35:53.316000+00:00,👀 Site Visit,rich,0,,,false,,,,false,,,,,,,,,2025-12-12T02:35:53.752000+00:00,false,0,Animal Battle Stats,1446203750204047426
1448865915306250262,,,,,,true,,0000,0,,1446203750204047426,,0,Animal Battle Stats,,1446204139909550150,,,2025-12-12T02:35:52.836Z,,6710886,0,true,User,RamiNoodle733,true,🌐 Location,"Richmond, TX, US",,,,,,,,,,,,,,,,,,,2025-12-12T02:35:52.572000+00:00,👋 User Left Site,rich,0,,,false,,,,false,,,,,,,,,2025-12-12T02:35:52.836000+00:00,false,0,Animal Battle Stats,1446203750204047426
1448865647558656002,,,,,,true,,0000,0,,1446203750204047426,,0,Animal Battle Stats,,1446204139909550150,,,2025-12-12T02:34:49.000Z,,16766720,0,true,User,RamiNoodle733,true,Bracket Size,8 animals,true,Total Matches,7,true,🏆 Champion,Great White Shark,true,2nd Place,Swordfish,true,3rd/4th Place,"Tiger Shark, Sawfish",false,Recent Matches,"Swordfish beat Tuna
Sawfish beat Piranha
Great White Shark beat Sailfish
Tiger Shark beat Moray Eel
Swordfish beat Sawfish
Great White Shark beat Tiger Shark
Great White Shark beat Swordfish",true,🌐 Location,"Richmond, TX, US",2025-12-12T02:34:37.631000+00:00,🏆 Tournament Completed,rich,0,,,false,,,,false,,,,,,,,,2025-12-12T02:34:49+00:00,false,0,Animal Battle Stats,1446203750204047426
1448865190815994011,,,,,,true,,0000,0,,1446203750204047426,,0,Animal Battle Stats,,1446204139909550150,,,2025-12-12T02:33:00.104Z,,16724838,0,true,User,RamiNoodle733,true,Animal,Rhinoceros,true,Vote,👎 Downvote,true,🌐 Location,"Richmond, TX, US",,,,,,,,,,,,,2025-12-12T02:32:59.803000+00:00,👎 New Vote,rich,0,,,false,,,,false,,,,,,,,,2025-12-12T02:33:00.104000+00:00,false,0,Animal Battle Stats,1446203750204047426
1448865142887415951,,,,,,true,,0000,0,,1446203750204047426,,0,Animal Battle Stats,,1446204139909550150,,,2025-12-12T02:32:48.677Z,,4491519,0,true,Visitor,RamiNoodle733,true,🌐 Location,"Richmond, TX, US",,,,,,,,,,,,,,,,,,,2025-12-12T02:32:48.430000+00:00,👀 Site Visit,rich,0,,,false,,,,false,,,,,,,,,2025-12-12T02:32:48.677000+00:00,false,0,Animal Battle Stats,1446203750204047426
1448865139452416231,,,,,,true,,0000,0,,1446203750204047426,,0,Animal Battle Stats,,1446204139909550150,,,2025-12-12T02:32:47.858Z,,6710886,0,true,User,RamiNoodle733,true,🌐 Location,"Richmond, TX, US",,,,,,,,,,,,,,,,,,,2025-12-12T02:32:47.549000+00:00,👋 User Left Site,rich,0,,,false,,,,false,,,,,,,,,2025-12-12T02:32:47.858000+00:00,false,0,Animal Battle Stats,1446203750204047426
1448865127309775002,,,,,,true,,0000,0,,1446203750204047426,,0,Animal Battle Stats,,1446204139909550150,,,2025-12-12T02:32:44.963Z,,16766720,0,true,User,RamiNoodle733,true,Bracket Size,8 animals,true,Total Matches,7,true,🏆 Champion,Tiger Shark,true,2nd Place,Anglerfish,true,3rd/4th Place,"Manta Ray, Stingray",false,Recent Matches,"Tiger Shark beat Lionfish
Stingray beat Swordfish
Anglerfish beat Tuna
Manta Ray beat Barracuda
Tiger Shark beat Stingray
Anglerfish beat Manta Ray
Tiger Shark beat Anglerfish",true,🌐 Location,"Richmond, TX, US",2025-12-12T02:32:44.637000+00:00,🏆 Tournament Completed,rich,0,,,false,,,,false,,,,,,,,,2025-12-12T02:32:44.963000+00:00,false,0,Animal Battle Stats,1446203750204047426
1448864935428882544,,,,,,true,,0000,0,,1446203750204047426,,0,Animal Battle Stats,,1446204139909550150,,,2025-12-12T02:31:59.215Z,,16766720,0,true,User,RamiNoodle733,true,Bracket Size,8 animals,true,Total Matches,7,true,🏆 Champion,Great White Shark,true,2nd Place,Hammerhead Shark,true,3rd/4th Place,"Moray Eel, Manta Ray",false,Recent Matches,"Manta Ray beat Barracuda
Great White Shark beat Stingray
Hammerhead Shark beat Piranha
Moray Eel beat Swordfish
Great White Shark beat Manta Ray
Hammerhead Shark beat Moray Eel
Great White Shark beat Hammerhead Shark",true,🌐 Location,"Richmond, TX, US",2025-12-12T02:31:51.141000+00:00,🏆 Tournament Completed,rich,0,,,false,,,,false,,,,,,,,,2025-12-12T02:31:59.215000+00:00,false,0,Animal Battle Stats,1446203750204047426
1448864799277580462,,,,,,true,,0000,0,,1446203750204047426,,0,Animal Battle Stats,,1446204139909550150,,,2025-12-12T02:31:26.754Z,,16766720,0,true,User,RamiNoodle733,true,Bracket Size,8 animals,true,Total Matches,7,true,🏆 Champion,Tiger Shark,true,2nd Place,Hammerhead Shark,true,3rd/4th Place,"Bull Shark, Electric Eel",false,Recent Matches,"Electric Eel beat Sailfish
Hammerhead Shark beat Piranha
Bull Shark beat Moray Eel
Tiger Shark beat Stingray
Hammerhead Shark beat Electric Eel
Tiger Shark beat Bull Shark
Tiger Shark beat Hammerhead Shark",true,🌐 Location,"Richmond, TX, US",2025-12-12T02:31:16.985000+00:00,🏆 Tournament Completed,rich,0,,,false,,,,false,,,,,,,,,2025-12-12T02:31:26.754000+00:00,false,0,Animal Battle Stats,1446203750204047426
1448864578929692792,,,,,,true,,0000,0,,1446203750204047426,,0,Animal Battle Stats,,1446204139909550150,,,2025-12-12T02:30:34.219Z,,4491519,0,true,Visitor,RamiNoodle733,true,🌐 Location,"Richmond, TX, US",,,,,,,,,,,,,,,,,,,2025-12-12T02:30:33.892000+00:00,👀 Site Visit,rich,0,,,false,,,,false,,,,,,,,,2025-12-12T02:30:34.219000+00:00,false,0,Animal Battle Stats,1446203750204047426
1448864574764744865,,,,,,true,,0000,0,,1446203750204047426,,0,Animal Battle Stats,,1446204139909550150,,,2025-12-12T02:30:33.226Z,,6710886,0,true,User,RamiNoodle733,true,🌐 Location,"Richmond, TX, US",,,,,,,,,,,,,,,,,,,2025-12-12T02:30:32.866000+00:00,👋 User Left Site,rich,0,,,false,,,,false,,,,,,,,,2025-12-12T02:30:33.226000+00:00,false,0,Animal Battle Stats,1446203750204047426
1448864412751499395,,,,,,true,,0000,0,,1446203750204047426,,0,Animal Battle Stats,,1446204139909550150,,,2025-12-12T02:29:54.599Z,,16766720,0,true,User,RamiNoodle733,true,Bracket Size,16 animals,true,Total Matches,15,true,🏆 Champion,Rhinoceros,true,2nd Place,Polar Bear,true,3rd/4th Place,"Musk Ox, Puffin",false,Recent Matches,"Musk Ox beat Hornet
Puffin beat Badger
Rhinoceros beat Beluga Whale
Polar Bear beat Barracuda
Musk Ox beat Japanese Macaque
Rhinoceros beat Puffin
Polar Bear beat Musk Ox
Rhinoceros beat Polar Bear",true,🌐 Location,"Richmond, TX, US",2025-12-12T02:29:45.917000+00:00,🏆 Tournament Completed,rich,0,,,false,,,,false,,,,,,,,,2025-12-12T02:29:54.599000+00:00,false,0,Animal Battle Stats,1446203750204047426
1448863530550820905,,,,,,true,,0000,0,,1446203750204047426,,0,Animal Battle Stats,,1446204139909550150,,,2025-12-12T02:26:24.266Z,,4491519,0,true,Visitor,RamiNoodle733,true,🌐 Location,"Richmond, TX, US",,,,,,,,,,,,,,,,,,,2025-12-12T02:26:23.996000+00:00,👀 Site Visit,rich,0,,,false,,,,false,,,,,,,,,2025-12-12T02:26:24.266000+00:00,false,0,Animal Battle Stats,1446203750204047426
1448863450125307988,,,,,,true,,0000,0,,1446203750204047426,,0,Animal Battle Stats,,1446204139909550150,,,2025-12-12T02:26:05.091Z,,6710886,0,true,User,RamiNoodle733,true,🌐 Location,"Richmond, TX, US",,,,,,,,,,,,,,,,,,,2025-12-12T02:26:04.886000+00:00,👋 User Left Site,rich,0,,,false,,,,false,,,,,,,,,2025-12-12T02:26:05.091000+00:00,false,0,Animal Battle Stats,1446203750204047426
1448863276611014668,,,,,,true,,0000,0,,1446203750204047426,,0,Animal Battle Stats,,1446204139909550150,,,2025-12-12T02:25:23.722Z,,4491519,0,true,Visitor,RamiNoodle733,true,🌐 Location,"Richmond, TX, US",,,,,,,,,,,,,,,,,,,2025-12-12T02:25:23.535000+00:00,👀 Site Visit,rich,0,,,false,,,,false,,,,,,,,,2025-12-12T02:25:23.722000+00:00,false,0,Animal Battle Stats,1446203750204047426
1448863271171129589,,,,,,true,,0000,0,,1446203750204047426,,0,Animal Battle Stats,,1446204139909550150,,,2025-12-12T02:25:22.425Z,,6710886,0,true,User,RamiNoodle733,true,🌐 Location,"Richmond, TX, US",,,,,,,,,,,,,,,,,,,2025-12-12T02:25:11.734000+00:00,👋 User Left Site,rich,0,,,false,,,,false,,,,,,,,,2025-12-12T02:25:22.425000+00:00,false,0,Animal Battle Stats,1446203750204047426
1448863158092697643,,,,,,true,,0000,0,,1446203750204047426,,0,Animal Battle Stats,,1446204139909550150,,,2025-12-12T02:24:55.465Z,,4491519,0,true,Visitor,RamiNoodle733,true,🌐 Location,"Richmond, TX, US",,,,,,,,,,,,,,,,,,,2025-12-12T02:24:55.207000+00:00,👀 Site Visit,rich,0,,,false,,,,false,,,,,,,,,2025-12-12T02:24:55.465000+00:00,false,0,Animal Battle Stats,1446203750204047426
1448863156486017035,,,,,,true,,0000,0,,1446203750204047426,,0,Animal Battle Stats,,1446204139909550150,,,2025-12-12T02:24:55.082Z,,6710886,0,true,User,RamiNoodle733,true,🌐 Location,"Richmond, TX, US",,,,,,,,,,,,,,,,,,,2025-12-12T02:24:52.172000+00:00,👋 User Left Site,rich,0,,,false,,,,false,,,,,,,,,2025-12-12T02:24:55.082000+00:00,false,0,Animal Battle Stats,1446203750204047426
1448862222838403073,,,,,,true,,0000,0,,1446203750204047426,,0,Animal Battle Stats,,1446204139909550150,,,2025-12-12T02:21:12.483Z,,16729156,0,true,User,RamiNoodle733,true,Target,Orca,false,Comment,ballo ballo,true,🌐 Location,"Richmond, TX, US",,,,,,,,,,,,,2025-12-12T02:21:12.157000+00:00,🗑️ Comment Deleted,rich,0,,,false,,,,false,,,,,,,,,2025-12-12T02:21:12.483000+00:00,false,0,Animal Battle Stats,1446203750204047426
1448862130802786488,,,,,,true,,0000,0,,1446203750204047426,,0,Animal Battle Stats,,1446204139909550150,,,2025-12-12T02:20:50.540Z,,16724838,0,true,User,RamiNoodle733,true,Animal,Great White Shark,true,Vote,👎 Downvote,true,🌐 Location,"Richmond, TX, US",,,,,,,,,,,,,2025-12-12T02:20:50.099000+00:00,👎 New Vote,rich,0,,,false,,,,false,,,,,,,,,2025-12-12T02:20:50.540000+00:00,false,0,Animal Battle Stats,1446203750204047426
1448862127023456358,,,,,,true,,0000,0,,1446203750204047426,,0,Animal Battle Stats,,1446204139909550150,,,2025-12-12T02:20:49.639Z,,16763904,0,true,User,RamiNoodle733,true,Animal,Great White Shark,true,Changed,👎 -> 👍,true,🌐 Location,"Richmond, TX, US",,,,,,,,,,,,,2025-12-12T02:20:46.352000+00:00,🔄 Vote Changed,rich,0,,,false,,,,false,,,,,,,,,2025-12-12T02:20:49.639000+00:00,false,0,Animal Battle Stats,1446203750204047426
1448862126516211816,,,,,,true,,0000,0,,1446203750204047426,,0,Animal Battle Stats,,1446204139909550150,,,2025-12-12T02:20:49.518Z,,8947848,0,true,User,RamiNoodle733,true,Animal,Great White Shark,true,Removed,👍 Was Upvote,true,🌐 Location,"Richmond, TX, US",,,,,,,,,,,,,2025-12-12T02:20:49.347000+00:00,🗑️ Vote Removed,rich,0,,,false,,,,false,,,,,,,,,2025-12-12T02:20:49.518000+00:00,false,0,Animal Battle Stats,1446203750204047426
1448861920684675082,,,,,,true,,0000,0,,1446203750204047426,,0,Animal Battle Stats,,1446204139909550150,,,2025-12-12T02:20:00.444Z,,6710886,0,true,User,RamiNoodle733,true,🌐 Location,"Richmond, TX, US",,,,,,,,,,,,,,,,,,,2025-12-12T02:20:00.201000+00:00,👋 User Left Site,rich,0,,,false,,,,false,,,,,,,,,2025-12-12T02:20:00.444000+00:00,false,0,Animal Battle Stats,1446203750204047426
1448861895774699640,,,,,,true,,0000,0,,1446203750204047426,,0,Animal Battle Stats,,1446204139909550150,,,2025-12-12T02:19:54.505Z,,4491519,0,true,Visitor,RamiNoodle733,true,🌐 Location,"Richmond, TX, US",,,,,,,,,,,,,,,,,,,2025-12-12T02:19:54.167000+00:00,👀 Site Visit,rich,0,,,false,,,,false,,,,,,,,,2025-12-12T02:19:54.505000+00:00,false,0,Animal Battle Stats,1446203750204047426
1448861886195040326,,,,,,true,,0000,0,,1446203750204047426,,0,Animal Battle Stats,,1446204139909550150,,,2025-12-12T02:19:52.221Z,,6710886,0,true,User,RamiNoodle733,true,🌐 Location,"Richmond, TX, US",,,,,,,,,,,,,,,,,,,2025-12-12T02:19:51.186000+00:00,👋 User Left Site,rich,0,,,false,,,,false,,,,,,,,,2025-12-12T02:19:52.221000+00:00,false,0,Animal Battle Stats,1446203750204047426
1448859834387796068,,,,,,true,,0000,0,,1446203750204047426,,0,Animal Battle Stats,,1446204139909550150,,,2025-12-12T02:11:43.032Z,,54527,0,true,User,RamiNoodle733,true,Target,Orca,false,Comment,ballo ballo,true,🌐 Location,"Richmond, TX, US",,,,,,,,,,,,,2025-12-12T02:11:42.573000+00:00,💬 New Comment,rich,0,,,false,,,,false,,,,,,,,,2025-12-12T02:11:43.032000+00:00,false,0,Animal Battle Stats,1446203750204047426
1448854966663122954,,,,,,true,,0000,0,,1446203750204047426,,0,Animal Battle Stats,,1446204139909550150,,,2025-12-12T01:52:22.476Z,,16766720,0,true,User,RamiNoodle733,true,Bracket Size,8 animals,true,Total Matches,7,true,🏆 Champion,Hammerhead Shark,true,2nd Place,Moose,true,3rd/4th Place,"Gila Monster, Howler Monkey",false,Recent Matches,"Howler Monkey beat Monarch Butterfly
Hammerhead Shark beat Donkey
Moose beat Reindeer
Gila Monster beat King Crab
Hammerhead Shark beat Howler Monkey
Moose beat Gila Monster
Hammerhead Shark beat Moose",true,🌐 Location,"Houston, TX, US",2025-12-12T01:52:03.604000+00:00,🏆 Tournament Completed,rich,0,,,false,,,,false,,,,,,,,,2025-12-12T01:52:22.476000+00:00,false,0,Animal Battle Stats,1446203750204047426
1448854561057149001,,,,,,true,,0000,0,,1446203750204047426,,0,Animal Battle Stats,,1446204139909550150,,,2025-12-12T01:50:45.772Z,,4491519,0,true,Visitor,RamiNoodle733,true,🌐 Location,"Houston, TX, US",,,,,,,,,,,,,,,,,,,2025-12-12T01:50:45.545000+00:00,👀 Site Visit,rich,0,,,false,,,,false,,,,,,,,,2025-12-12T01:50:45.772000+00:00,false,0,Animal Battle Stats,1446203750204047426
1448854559446536292,,,,,,true,,0000,0,,1446203750204047426,,0,Animal Battle Stats,,1446204139909550150,,,2025-12-12T01:50:45.388Z,,4491519,0,true,Visitor,RamiNoodle733,true,🌐 Location,"Houston, TX, US",,,,,,,,,,,,,,,,,,,2025-12-12T01:45:37.803000+00:00,👀 Site Visit,rich,0,,,false,,,,false,,,,,,,,,2025-12-12T01:50:45.388000+00:00,false,0,Animal Battle Stats,1446203750204047426
1448854361441570889,,,,,,true,,0000,0,,1446203750204047426,,0,Animal Battle Stats,,1446204139909550150,,,2025-12-12T01:49:58.180Z,,16766720,0,true,User,RamiNoodle733,true,Bracket Size,8 animals,true,Total Matches,7,true,🏆 Champion,Yak,true,2nd Place,Platypus,true,3rd/4th Place,"Bullfrog, Reindeer",false,Recent Matches,"Reindeer beat Golden Eagle
Yak beat Tasmanian Devil
Bullfrog beat Swan
Platypus beat Albatross
Yak beat Reindeer
Platypus beat Bullfrog
Yak beat Platypus",true,🌐 Location,"Houston, TX, US",2025-12-12T01:49:49.005000+00:00,🏆 Tournament Completed,rich,0,,,false,,,,false,,,,,,,,,2025-12-12T01:49:58.180000+00:00,false,0,Animal Battle Stats,1446203750204047426
1448853924928032768,,,,,,true,,0000,0,,1446203750204047426,,0,Animal Battle Stats,,1446204139909550150,,,2025-12-12T01:48:14.107Z,,16766720,0,true,User,RamiNoodle733,true,Bracket Size,8 animals,true,Total Matches,7,true,🏆 Champion,Bull Shark,true,2nd Place,African Lion,true,3rd/4th Place,"Emu, Komodo Dragon",false,Recent Matches,"Komodo Dragon beat Flying Squirrel
African Lion beat Marlin
Bull Shark beat Snow Leopard
Emu beat Coconut Crab
African Lion beat Komodo Dragon
Bull Shark beat Emu
Bull Shark beat African Lion",true,🌐 Location,"Houston, TX, US",2025-12-12T01:47:28.698000+00:00,🏆 Tournament Completed,rich,0,,,false,,,,false,,,,,,,,,2025-12-12T01:48:14.107000+00:00,false,0,Animal Battle Stats,1446203750204047426
1448839397163139203,,,,,,true,,0000,0,,1446203750204047426,,0,Animal Battle Stats,,1446204139909550150,,,2025-12-12T00:50:30.418Z,,54527,0,true,User,RamiNoodle733,true,Target,Orca,false,Comment,Strong Animal,true,🌐 Location,"Richmond, TX, US",,,,,,,,,,,,,2025-12-12T00:50:30.061000+00:00,💬 New Comment,rich,0,,,false,,,,false,,,,,,,,,2025-12-12T00:50:30.418000+00:00,false,0,Animal Battle Stats,1446203750204047426
1448839328523485196,,,,,,true,,0000,0,,1446203750204047426,,0,Animal Battle Stats,,1446204139909550150,,,2025-12-12T00:50:14.053Z,,4491519,0,true,Visitor,RamiNoodle733,true,🌐 Location,"Richmond, TX, US",,,,,,,,,,,,,,,,,,,2025-12-12T00:50:13.657000+00:00,👀 Site Visit,rich,0,,,false,,,,false,,,,,,,,,2025-12-12T00:50:14.053000+00:00,false,0,Animal Battle Stats,1446203750204047426
1448839321200365760,,,,,,true,,0000,0,,1446203750204047426,,0,Animal Battle Stats,,1446204139909550150,,,2025-12-12T00:50:12.307Z,,6710886,0,true,User,RamiNoodle733,true,🌐 Location,"Richmond, TX, US",,,,,,,,,,,,,,,,,,,2025-12-12T00:50:11.959000+00:00,👋 User Left Site,rich,0,,,false,,,,false,,,,,,,,,2025-12-12T00:50:12.307000+00:00,false,0,Animal Battle Stats,1446203750204047426
1448839271372034088,,,,,,true,,0000,0,,1446203750204047426,,0,Animal Battle Stats,,1446204139909550150,,,2025-12-12T00:50:00.427Z,,4491519,0,true,Visitor,RamiNoodle733,true,🌐 Location,"Richmond, TX, US",,,,,,,,,,,,,,,,,,,2025-12-12T00:50:00.058000+00:00,👀 Site Visit,rich,0,,,false,,,,false,,,,,,,,,2025-12-12T00:50:00.427000+00:00,false,0,Animal Battle Stats,1446203750204047426
1448839267408154686,,,,,,true,,0000,0,,1446203750204047426,,0,Animal Battle Stats,,1446204139909550150,,,2025-12-12T00:49:59.482Z,,6710886,0,true,User,RamiNoodle733,true,🌐 Location,"Richmond, TX, US",,,,,,,,,,,,,,,,,,,2025-12-12T00:49:59.169000+00:00,👋 User Left Site,rich,0,,,false,,,,false,,,,,,,,,2025-12-12T00:49:59.482000+00:00,false,0,Animal Battle Stats,1446203750204047426
1448838504963379331,,,,,,true,,0000,0,,1446203750204047426,,0,Animal Battle Stats,,1446204139909550150,,,2025-12-12T00:46:57.701Z,,4491519,0,true,Visitor,RamiNoodle733,true,🌐 Location,"Richmond, TX, US",,,,,,,,,,,,,,,,,,,2025-12-12T00:46:57.443000+00:00,👀 Site Visit,rich,0,,,false,,,,false,,,,,,,,,2025-12-12T00:46:57.701000+00:00,false,0,Animal Battle Stats,1446203750204047426
1448838498370060338,,,,,,true,,0000,0,,1446203750204047426,,0,Animal Battle Stats,,1446204139909550150,,,2025-12-12T00:46:56.129Z,,6710886,0,true,User,RamiNoodle733,true,🌐 Location,"Richmond, TX, US",,,,,,,,,,,,,,,,,,,2025-12-12T00:46:55.818000+00:00,👋 User Left Site,rich,0,,,false,,,,false,,,,,,,,,2025-12-12T00:46:56.129000+00:00,false,0,Animal Battle Stats,1446203750204047426
1448838433907937314,,,,,,true,,0000,0,,1446203750204047426,,0,Animal Battle Stats,,1446204139909550150,,,2025-12-12T00:46:40.760Z,,4491519,0,true,Visitor,RamiNoodle733,true,🌐 Location,"Richmond, TX, US",,,,,,,,,,,,,,,,,,,2025-12-12T00:46:40.367000+00:00,👀 Site Visit,rich,0,,,false,,,,false,,,,,,,,,2025-12-12T00:46:40.760000+00:00,false,0,Animal Battle Stats,1446203750204047426
1448838427519746109,,,,,,true,,0000,0,,1446203750204047426,,0,Animal Battle Stats,,1446204139909550150,,,2025-12-12T00:46:39.237Z,,6710886,0,true,User,RamiNoodle733,true,🌐 Location,"Richmond, TX, US",,,,,,,,,,,,,,,,,,,2025-12-12T00:46:36.345000+00:00,👋 User Left Site,rich,0,,,false,,,,false,,,,,,,,,2025-12-12T00:46:39.237000+00:00,false,0,Animal Battle Stats,1446203750204047426
1448836640872337409,,,,,,true,,0000,0,,1446203750204047426,,0,Animal Battle Stats,,1446204139909550150,,,2025-12-12T00:39:33.267Z,,4491519,0,true,Visitor,RamiNoodle733,true,🌐 Location,"Richmond, TX, US",,,,,,,,,,,,,,,,,,,2025-12-12T00:39:32.918000+00:00,👀 Site Visit,rich,0,,,false,,,,false,,,,,,,,,2025-12-12T00:39:33.267000+00:00,false,0,Animal Battle Stats,1446203750204047426
1448836635012894720,,,,,,true,,0000,0,,1446203750204047426,,0,Animal Battle Stats,,1446204139909550150,,,2025-12-12T00:39:31.870Z,,6710886,0,true,User,RamiNoodle733,true,🌐 Location,"Richmond, TX, US",,,,,,,,,,,,,,,,,,,2025-12-12T00:39:31.482000+00:00,👋 User Left Site,rich,0,,,false,,,,false,,,,,,,,,2025-12-12T00:39:31.870000+00:00,false,0,Animal Battle Stats,1446203750204047426
1448836562019287225,,,,,,true,,0000,0,,1446203750204047426,,0,Animal Battle Stats,,1446204139909550150,,,2025-12-12T00:39:14.467Z,,4491519,0,true,Visitor,RamiNoodle733,true,🌐 Location,"Richmond, TX, US",,,,,,,,,,,,,,,,,,,2025-12-12T00:39:14.243000+00:00,👀 Site Visit,rich,0,,,false,,,,false,,,,,,,,,2025-12-12T00:39:14.467000+00:00,false,0,Animal Battle Stats,1446203750204047426
1448836557992624149,,,,,,true,,0000,0,,1446203750204047426,,0,Animal Battle Stats,,1446204139909550150,,,2025-12-12T00:39:13.507Z,,6710886,0,true,User,RamiNoodle733,true,🌐 Location,"Richmond, TX, US",,,,,,,,,,,,,,,,,,,2025-12-12T00:39:12.711000+00:00,👋 User Left Site,rich,0,,,false,,,,false,,,,,,,,,2025-12-12T00:39:13.507000+00:00,false,0,Animal Battle Stats,1446203750204047426
1448835620536582277,,,,,,true,,0000,0,,1446203750204047426,,0,Animal Battle Stats,,1446204139909550150,,,2025-12-12T00:35:30.000Z,,4491519,0,true,Visitor,RamiNoodle733,true,🌐 Location,"Richmond, TX, US",,,,,,,,,,,,,,,,,,,2025-12-12T00:35:29.798000+00:00,👀 Site Visit,rich,0,,,false,,,,false,,,,,,,,,2025-12-12T00:35:30+00:00,false,0,Animal Battle Stats,1446203750204047426
1448835616832880682,,,,,,true,,0000,0,,1446203750204047426,,0,Animal Battle Stats,,1446204139909550150,,,2025-12-12T00:35:29.117Z,,6710886,0,true,User,RamiNoodle733,true,🌐 Location,"Richmond, TX, US",,,,,,,,,,,,,,,,,,,2025-12-12T00:35:28.190000+00:00,👋 User Left Site,rich,0,,,false,,,,false,,,,,,,,,2025-12-12T00:35:29.117000+00:00,false,0,Animal Battle Stats,1446203750204047426
1448834006249504838,,,,,,true,,0000,0,,1446203750204047426,,0,Animal Battle Stats,,1446204139909550150,,,2025-12-12T00:29:05.124Z,,4491519,0,true,Visitor,RamiNoodle733,true,🌐 Location,"Richmond, TX, US",,,,,,,,,,,,,,,,,,,2025-12-12T00:29:04.769000+00:00,👀 Site Visit,rich,0,,,false,,,,false,,,,,,,,,2025-12-12T00:29:05.124000+00:00,false,0,Animal Battle Stats,1446203750204047426
1448834001690300679,,,,,,true,,0000,0,,1446203750204047426,,0,Animal Battle Stats,,1446204139909550150,,,2025-12-12T00:29:04.037Z,,6710886,0,true,User,RamiNoodle733,true,🌐 Location,"Richmond, TX, US",,,,,,,,,,,,,,,,,,,2025-12-12T00:29:03.715000+00:00,👋 User Left Site,rich,0,,,false,,,,false,,,,,,,,,2025-12-12T00:29:04.037000+00:00,false,0,Animal Battle Stats,1446203750204047426
1448833909394636831,,,,,,true,,0000,0,,1446203750204047426,,0,Animal Battle Stats,,1446204139909550150,,,2025-12-12T00:28:42.032Z,,4491519,0,true,Visitor,RamiNoodle733,true,🌐 Location,"Richmond, TX, US",,,,,,,,,,,,,,,,,,,2025-12-12T00:28:41.776000+00:00,👀 Site Visit,rich,0,,,false,,,,false,,,,,,,,,2025-12-12T00:28:42.032000+00:00,false,0,Animal Battle Stats,1446203750204047426
1448833906089394299,,,,,,true,,0000,0,,1446203750204047426,,0,Animal Battle Stats,,1446204139909550150,,,2025-12-12T00:28:41.244Z,,6710886,0,true,User,RamiNoodle733,true,🌐 Location,"Richmond, TX, US",,,,,,,,,,,,,,,,,,,2025-12-12T00:28:40.434000+00:00,👋 User Left Site,rich,0,,,false,,,,false,,,,,,,,,2025-12-12T00:28:41.244000+00:00,false,0,Animal Battle Stats,1446203750204047426
1448833791031377923,,,,,,true,,0000,0,,1446203750204047426,,0,Animal Battle Stats,,1446204139909550150,,,2025-12-12T00:28:13.812Z,,4491519,0,true,Visitor,RamiNoodle733,true,🌐 Location,"Richmond, TX, US",,,,,,,,,,,,,,,,,,,2025-12-12T00:28:13.535000+00:00,👀 Site Visit,rich,0,,,false,,,,false,,,,,,,,,2025-12-12T00:28:13.812000+00:00,false,0,Animal Battle Stats,1446203750204047426
1448833783548739594,,,,,,true,,0000,0,,1446203750204047426,,0,Animal Battle Stats,,1446204139909550150,,,2025-12-12T00:28:12.028Z,,6710886,0,true,User,RamiNoodle733,true,🌐 Location,"Richmond, TX, US",,,,,,,,,,,,,,,,,,,2025-12-12T00:28:11.006000+00:00,👋 User Left Site,rich,0,,,false,,,,false,,,,,,,,,2025-12-12T00:28:12.028000+00:00,false,0,Animal Battle Stats,1446203750204047426
1448826183167901828,,,,,,true,,0000,0,,1446203750204047426,,0,Animal Battle Stats,,1446204139909550150,,,2025-12-11T23:57:59.956Z,,4491519,0,true,Visitor,RamiNoodle733,true,🌐 Location,"Richmond, TX, US",,,,,,,,,,,,,,,,,,,2025-12-11T23:57:59.635000+00:00,👀 Site Visit,rich,0,,,false,,,,false,,,,,,,,,2025-12-11T23:57:59.956000+00:00,false,0,Animal Battle Stats,1446203750204047426
1448826177564311685,,,,,,true,,0000,0,,1446203750204047426,,0,Animal Battle Stats,,1446204139909550150,,,2025-12-11T23:57:58.620Z,,6710886,0,true,User,RamiNoodle733,true,🌐 Location,"Richmond, TX, US",,,,,,,,,,,,,,,,,,,2025-12-11T23:57:58.264000+00:00,👋 User Left Site,rich,0,,,false,,,,false,,,,,,,,,2025-12-11T23:57:58.620000+00:00,false,0,Animal Battle Stats,1446203750204047426
1448826167259037858,,,,,,true,,0000,0,,1446203750204047426,,0,Animal Battle Stats,,1446204139909550150,,,2025-12-11T23:57:56.163Z,,4491519,0,true,Visitor,RamiNoodle733,true,🌐 Location,"Richmond, TX, US",,,,,,,,,,,,,,,,,,,2025-12-11T23:57:55.872000+00:00,👀 Site Visit,rich,0,,,false,,,,false,,,,,,,,,2025-12-11T23:57:56.163000+00:00,false,0,Animal Battle Stats,1446203750204047426
1448826162812944525,,,,,,true,,0000,0,,1446203750204047426,,0,Animal Battle Stats,,1446204139909550150,,,2025-12-11T23:57:55.103Z,,6710886,0,true,User,RamiNoodle733,true,🌐 Location,"Richmond, TX, US",,,,,,,,,,,,,,,,,,,2025-12-11T23:57:54.344000+00:00,👋 User Left Site,rich,0,,,false,,,,false,,,,,,,,,2025-12-11T23:57:55.103000+00:00,false,0,Animal Battle Stats,1446203750204047426
1448825680753328159,,,,,,true,,0000,0,,1446203750204047426,,0,Animal Battle Stats,,1446204139909550150,,,2025-12-11T23:56:00.171Z,,4491519,0,true,Visitor,RamiNoodle733,true,🌐 Location,"Richmond, TX, US",,,,,,,,,,,,,,,,,,,2025-12-11T23:55:59.831000+00:00,👀 Site Visit,rich,0,,,false,,,,false,,,,,,,,,2025-12-11T23:56:00.171000+00:00,false,0,Animal Battle Stats,1446203750204047426
1448825676302909611,,,,,,true,,0000,0,,1446203750204047426,,0,Animal Battle Stats,,1446204139909550150,,,2025-12-11T23:55:59.110Z,,6710886,0,true,User,RamiNoodle733,true,🌐 Location,"Richmond, TX, US",,,,,,,,,,,,,,,,,,,2025-12-11T23:55:58.853000+00:00,👋 User Left Site,rich,0,,,false,,,,false,,,,,,,,,2025-12-11T23:55:59.110000+00:00,false,0,Animal Battle Stats,1446203750204047426
1448825595315359804,,,,,,true,,0000,0,,1446203750204047426,,0,Animal Battle Stats,,1446204139909550150,,,2025-12-11T23:55:39.801Z,,4491519,0,true,Visitor,RamiNoodle733,true,🌐 Location,"Richmond, TX, US",,,,,,,,,,,,,,,,,,,2025-12-11T23:55:39.543000+00:00,👀 Site Visit,rich,0,,,false,,,,false,,,,,,,,,2025-12-11T23:55:39.801000+00:00,false,0,Animal Battle Stats,1446203750204047426
1448825592496525362,,,,,,true,,0000,0,,1446203750204047426,,0,Animal Battle Stats,,1446204139909550150,,,2025-12-11T23:55:39.129Z,,6710886,0,true,User,RamiNoodle733,true,🌐 Location,"Richmond, TX, US",,,,,,,,,,,,,,,,,,,2025-12-11T23:55:38.788000+00:00,👋 User Left Site,rich,0,,,false,,,,false,,,,,,,,,2025-12-11T23:55:39.129000+00:00,false,0,Animal Battle Stats,1446203750204047426
1448825517854691359,,,,,,true,,0000,0,,1446203750204047426,,0,Animal Battle Stats,,1446204139909550150,,,2025-12-11T23:55:21.333Z,,4491519,0,true,Visitor,RamiNoodle733,true,🌐 Location,"Richmond, TX, US",,,,,,,,,,,,,,,,,,,2025-12-11T23:55:21.044000+00:00,👀 Site Visit,rich,0,,,false,,,,false,,,,,,,,,2025-12-11T23:55:21.333000+00:00,false,0,Animal Battle Stats,1446203750204047426
1448825505288556566,,,,,,true,,0000,0,,1446203750204047426,,0,Animal Battle Stats,,1446204139909550150,,,2025-12-11T23:55:18.337Z,,6710886,0,true,User,RamiNoodle733,true,🌐 Location,"Richmond, TX, US",,,,,,,,,,,,,,,,,,,2025-12-11T23:55:17.866000+00:00,👋 User Left Site,rich,0,,,false,,,,false,,,,,,,,,2025-12-11T23:55:18.337000+00:00,false,0,Animal Battle Stats,1446203750204047426
1448816261629874297,,,,,,true,,0000,0,,1446203750204047426,,0,Animal Battle Stats,,1446204139909550150,,,2025-12-11T23:18:34.477Z,,8947848,0,true,User,RamiNoodle733,true,Animal,Snapping Turtle,true,Removed,👍 Was Upvote,true,🌐 Location,"Richmond, TX, US",,,,,,,,,,,,,2025-12-11T23:18:34.251000+00:00,🗑️ Vote Removed,rich,0,,,false,,,,false,,,,,,,,,2025-12-11T23:18:34.477000+00:00,false,0,Animal Battle Stats,1446203750204047426
1448816257703870620,,,,,,true,,0000,0,,1446203750204047426,,0,Animal Battle Stats,,1446204139909550150,,,2025-12-11T23:18:33.541Z,,65416,0,true,User,RamiNoodle733,true,Animal,Snapping Turtle,true,Vote,👍 Upvote,true,🌐 Location,"Richmond, TX, US",,,,,,,,,,,,,2025-12-11T23:18:33.276000+00:00,👍 New Vote,rich,0,,,false,,,,false,,,,,,,,,2025-12-11T23:18:33.541000+00:00,false,0,Animal Battle Stats,1446203750204047426
1448816257649610853,,,,,,true,,0000,0,,1446203750204047426,,0,Animal Battle Stats,,1446204139909550150,,,2025-12-11T23:18:33.528Z,,8947848,0,true,User,RamiNoodle733,true,Animal,Snapping Turtle,true,Removed,👍 Was Upvote,true,🌐 Location,"Richmond, TX, US",,,,,,,,,,,,,2025-12-11T23:18:31.832000+00:00,🗑️ Vote Removed,rich,0,,,false,,,,false,,,,,,,,,2025-12-11T23:18:33.528000+00:00,false,0,Animal Battle Stats,1446203750204047426
1448816251991494677,,,,,,true,,0000,0,,1446203750204047426,,0,Animal Battle Stats,,1446204139909550150,,,2025-12-11T23:18:32.179Z,,65416,0,true,User,RamiNoodle733,true,Animal,Snapping Turtle,true,Vote,👍 Upvote,true,🌐 Location,"Richmond, TX, US",,,,,,,,,,,,,2025-12-11T23:18:28.293000+00:00,👍 New Vote,rich,0,,,false,,,,false,,,,,,,,,2025-12-11T23:18:32.179000+00:00,false,0,Animal Battle Stats,1446203750204047426
1448815742672830588,,,,,,true,,0000,0,,1446203750204047426,,0,Animal Battle Stats,,1446204139909550150,,,2025-12-11T23:16:30.748Z,,4491519,0,true,Visitor,RamiNoodle733,true,🌐 Location,"Richmond, TX, US",,,,,,,,,,,,,,,,,,,2025-12-11T23:16:30.474000+00:00,👀 Site Visit,rich,0,,,false,,,,false,,,,,,,,,2025-12-11T23:16:30.748000+00:00,false,0,Animal Battle Stats,1446203750204047426
1448815738352697445,,,,,,true,,0000,0,,1446203750204047426,,0,Animal Battle Stats,,1446204139909550150,,,2025-12-11T23:16:29.718Z,,6710886,0,true,User,RamiNoodle733,true,🌐 Location,"Richmond, TX, US",,,,,,,,,,,,,,,,,,,2025-12-11T23:16:29.411000+00:00,👋 User Left Site,rich,0,,,false,,,,false,,,,,,,,,2025-12-11T23:16:29.718000+00:00,false,0,Animal Battle Stats,1446203750204047426
1448815529887404153,,,,,,true,,0000,0,,1446203750204047426,,0,Animal Battle Stats,,1446204139909550150,,,2025-12-11T23:15:40.016Z,,4491519,0,true,Visitor,RamiNoodle733,true,🌐 Location,"Richmond, TX, US",,,,,,,,,,,,,,,,,,,2025-12-11T23:15:39.758000+00:00,👀 Site Visit,rich,0,,,false,,,,false,,,,,,,,,2025-12-11T23:15:40.016000+00:00,false,0,Animal Battle Stats,1446203750204047426
1448815524766023814,,,,,,true,,0000,0,,1446203750204047426,,0,Animal Battle Stats,,1446204139909550150,,,2025-12-11T23:15:38.795Z,,6710886,0,true,User,RamiNoodle733,true,🌐 Location,"Richmond, TX, US",,,,,,,,,,,,,,,,,,,2025-12-11T23:15:38.559000+00:00,👋 User Left Site,rich,0,,,false,,,,false,,,,,,,,,2025-12-11T23:15:38.795000+00:00,false,0,Animal Battle Stats,1446203750204047426
1448815397016047680,,,,,,true,,0000,0,,1446203750204047426,,0,Animal Battle Stats,,1446204139909550150,,,2025-12-11T23:15:08.337Z,,4491519,0,true,Visitor,RamiNoodle733,true,🌐 Location,"Richmond, TX, US",,,,,,,,,,,,,,,,,,,2025-12-11T23:15:08.222000+00:00,👀 Site Visit,rich,0,,,false,,,,false,,,,,,,,,2025-12-11T23:15:08.337000+00:00,false,0,Animal Battle Stats,1446203750204047426
1448815394860040253,,,,,,true,,0000,0,,1446203750204047426,,0,Animal Battle Stats,,1446204139909550150,,,2025-12-11T23:15:07.823Z,,6710886,0,true,User,RamiNoodle733,true,🌐 Location,"Richmond, TX, US",,,,,,,,,,,,,,,,,,,2025-12-11T23:15:07.270000+00:00,👋 User Left Site,rich,0,,,false,,,,false,,,,,,,,,2025-12-11T23:15:07.823000+00:00,false,0,Animal Battle Stats,1446203750204047426
1448815366393303090,,,,,,true,,0000,0,,1446203750204047426,,0,Animal Battle Stats,,1446204139909550150,,,2025-12-11T23:15:01.036Z,,46296,0,true,User,RamiNoodle733,true,Replying To,RamiNoodle733,true,Target,Orca,false,Reply,12345,true,🌐 Location,"Richmond, TX, US",,,,,,,,,,2025-12-11T23:15:00.709000+00:00,↩️ Comment Reply,rich,0,,,false,,,,false,,,,,,,,,2025-12-11T23:15:01.036000+00:00,false,0,Animal Battle Stats,1446203750204047426
1448815273904701553,,,,,,true,,0000,0,,1446203750204047426,,0,Animal Battle Stats,,1446204139909550150,,,2025-12-11T23:14:38.985Z,,4491519,0,true,Visitor,RamiNoodle733,true,🌐 Location,"Richmond, TX, US",,,,,,,,,,,,,,,,,,,2025-12-11T23:14:38.253000+00:00,👀 Site Visit,rich,0,,,false,,,,false,,,,,,,,,2025-12-11T23:14:38.985000+00:00,false,0,Animal Battle Stats,1446203750204047426
1448815259191087226,,,,,,true,,0000,0,,1446203750204047426,,0,Animal Battle Stats,,1446204139909550150,,,2025-12-11T23:14:35.477Z,,6710886,0,true,User,RamiNoodle733,true,🌐 Location,"Richmond, TX, US",,,,,,,,,,,,,,,,,,,2025-12-11T23:14:35.132000+00:00,👋 User Left Site,rich,0,,,false,,,,false,,,,,,,,,2025-12-11T23:14:35.477000+00:00,false,0,Animal Battle Stats,1446203750204047426
1448814844844310718,,,,,,true,,0000,0,,1446203750204047426,,0,Animal Battle Stats,,1446204139909550150,,,2025-12-11T23:12:56.689Z,,4491519,0,true,Visitor,RamiNoodle733,true,🌐 Location,"Richmond, TX, US",,,,,,,,,,,,,,,,,,,2025-12-11T23:12:56.362000+00:00,👀 Site Visit,rich,0,,,false,,,,false,,,,,,,,,2025-12-11T23:12:56.689000+00:00,false,0,Animal Battle Stats,1446203750204047426
1448814839026679999,,,,,,true,,0000,0,,1446203750204047426,,0,Animal Battle Stats,,1446204139909550150,,,2025-12-11T23:12:55.302Z,,6710886,0,true,User,RamiNoodle733,true,🌐 Location,"Richmond, TX, US",,,,,,,,,,,,,,,,,,,2025-12-11T23:12:55.017000+00:00,👋 User Left Site,rich,0,,,false,,,,false,,,,,,,,,2025-12-11T23:12:55.302000+00:00,false,0,Animal Battle Stats,1446203750204047426
1448814765987201148,,,,,,true,,0000,0,,1446203750204047426,,0,Animal Battle Stats,,1446204139909550150,,,2025-12-11T23:12:37.888Z,,4491519,0,true,Visitor,RamiNoodle733,true,🌐 Location,"Richmond, TX, US",,,,,,,,,,,,,,,,,,,2025-12-11T23:12:37.611000+00:00,👀 Site Visit,rich,0,,,false,,,,false,,,,,,,,,2025-12-11T23:12:37.888000+00:00,false,0,Animal Battle Stats,1446203750204047426
1448814760870023458,,,,,,true,,0000,0,,1446203750204047426,,0,Animal Battle Stats,,1446204139909550150,,,2025-12-11T23:12:36.668Z,,6710886,0,true,User,RamiNoodle733,true,🌐 Location,"Richmond, TX, US",,,,,,,,,,,,,,,,,,,2025-12-11T23:12:36.400000+00:00,👋 User Left Site,rich,0,,,false,,,,false,,,,,,,,,2025-12-11T23:12:36.668000+00:00,false,0,Animal Battle Stats,1446203750204047426
1448814716473311324,,,,,,true,,0000,0,,1446203750204047426,,0,Animal Battle Stats,,1446204139909550150,,,2025-12-11T23:12:26.083Z,,4491519,0,true,Visitor,RamiNoodle733,true,🌐 Location,"Richmond, TX, US",,,,,,,,,,,,,,,,,,,2025-12-11T23:12:25.183000+00:00,👀 Site Visit,rich,0,,,false,,,,false,,,,,,,,,2025-12-11T23:12:26.083000+00:00,false,0,Animal Battle Stats,1446203750204047426
1448814709565554719,,,,,,true,,0000,0,,1446203750204047426,,0,Animal Battle Stats,,1446204139909550150,,,2025-12-11T23:12:24.436Z,,6710886,0,true,User,RamiNoodle733,true,🌐 Location,"Richmond, TX, US",,,,,,,,,,,,,,,,,,,2025-12-11T23:12:24.170000+00:00,👋 User Left Site,rich,0,,,false,,,,false,,,,,,,,,2025-12-11T23:12:24.436000+00:00,false,0,Animal Battle Stats,1446203750204047426
1448814645841235978,,,,,,true,,0000,0,,1446203750204047426,,0,Animal Battle Stats,,1446204139909550150,,,2025-12-11T23:12:09.243Z,,4491519,0,true,Visitor,RamiNoodle733,true,🌐 Location,"Richmond, TX, US",,,,,,,,,,,,,,,,,,,2025-12-11T23:12:08.873000+00:00,👀 Site Visit,rich,0,,,false,,,,false,,,,,,,,,2025-12-11T23:12:09.243000+00:00,false,0,Animal Battle Stats,1446203750204047426
1448814645220741296,,,,,,true,,0000,0,,1446203750204047426,,0,Animal Battle Stats,,1446204139909550150,,,2025-12-11T23:12:09.095Z,,6710886,0,true,User,RamiNoodle733,true,🌐 Location,"Richmond, TX, US",,,,,,,,,,,,,,,,,,,2025-12-11T23:12:07.409000+00:00,👋 User Left Site,rich,0,,,false,,,,false,,,,,,,,,2025-12-11T23:12:09.095000+00:00,false,0,Animal Battle Stats,1446203750204047426
1448806286128054315,,,,,,true,,0000,0,,1446203750204047426,,0,Animal Battle Stats,,1446204139909550150,,,2025-12-11T22:38:56.132Z,,4491519,0,true,Visitor,RamiNoodle733,true,🌐 Location,"Richmond, TX, US",,,,,,,,,,,,,,,,,,,2025-12-11T22:38:55.897000+00:00,👀 Site Visit,rich,0,,,false,,,,false,,,,,,,,,2025-12-11T22:38:56.132000+00:00,false,0,Animal Battle Stats,1446203750204047426
1448806279958102016,,,,,,true,,0000,0,,1446203750204047426,,0,Animal Battle Stats,,1446204139909550150,,,2025-12-11T22:38:54.661Z,,6710886,0,true,User,RamiNoodle733,true,🌐 Location,"Richmond, TX, US",,,,,,,,,,,,,,,,,,,2025-12-11T22:38:54.292000+00:00,👋 User Left Site,rich,0,,,false,,,,false,,,,,,,,,2025-12-11T22:38:54.661000+00:00,false,0,Animal Battle Stats,1446203750204047426
1448805724355297341,,,,,,true,,0000,0,,1446203750204047426,,0,Animal Battle Stats,,1446204139909550150,,,2025-12-11T22:36:42.195Z,,4491519,0,true,Visitor,RamiNoodle733,true,🌐 Location,"Richmond, TX, US",,,,,,,,,,,,,,,,,,,2025-12-11T22:36:41.906000+00:00,👀 Site Visit,rich,0,,,false,,,,false,,,,,,,,,2025-12-11T22:36:42.195000+00:00,false,0,Animal Battle Stats,1446203750204047426
1448805718068301826,,,,,,true,,0000,0,,1446203750204047426,,0,Animal Battle Stats,,1446204139909550150,,,2025-12-11T22:36:40.696Z,,6710886,0,true,User,RamiNoodle733,true,🌐 Location,"Richmond, TX, US",,,,,,,,,,,,,,,,,,,2025-12-11T22:36:40.044000+00:00,👋 User Left Site,rich,0,,,false,,,,false,,,,,,,,,2025-12-11T22:36:40.696000+00:00,false,0,Animal Battle Stats,1446203750204047426
1448800151673110558,,,,,,true,,0000,0,,1446203750204047426,,0,Animal Battle Stats,,1446204139909550150,,,2025-12-11T22:14:33.564Z,,4491519,0,true,Visitor,RamiNoodle733,true,🌐 Location,"Richmond, TX, US",,,,,,,,,,,,,,,,,,,2025-12-11T22:14:33.245000+00:00,👀 Site Visit,rich,0,,,false,,,,false,,,,,,,,,2025-12-11T22:14:33.564000+00:00,false,0,Animal Battle Stats,1446203750204047426
1448800145528590488,,,,,,true,,0000,0,,1446203750204047426,,0,Animal Battle Stats,,1446204139909550150,,,2025-12-11T22:14:32.099Z,,6710886,0,true,User,RamiNoodle733,true,🌐 Location,"Richmond, TX, US",,,,,,,,,,,,,,,,,,,2025-12-11T22:14:31.842000+00:00,👋 User Left Site,rich,0,,,false,,,,false,,,,,,,,,2025-12-11T22:14:32.099000+00:00,false,0,Animal Battle Stats,1446203750204047426
1448800054327640267,,,,,,true,,0000,0,,1446203750204047426,,0,Animal Battle Stats,,1446204139909550150,,,2025-12-11T22:14:10.355Z,,4491519,0,true,Visitor,RamiNoodle733,true,🌐 Location,"Richmond, TX, US",,,,,,,,,,,,,,,,,,,2025-12-11T22:14:09.916000+00:00,👀 Site Visit,rich,0,,,false,,,,false,,,,,,,,,2025-12-11T22:14:10.355000+00:00,false,0,Animal Battle Stats,1446203750204047426
1448800050611355648,,,,,,true,,0000,0,,1446203750204047426,,0,Animal Battle Stats,,1446204139909550150,,,2025-12-11T22:14:09.469Z,,6710886,0,true,User,RamiNoodle733,true,🌐 Location,"Richmond, TX, US",,,,,,,,,,,,,,,,,,,2025-12-11T22:14:09.132000+00:00,👋 User Left Site,rich,0,,,false,,,,false,,,,,,,,,2025-12-11T22:14:09.469000+00:00,false,0,Animal Battle Stats,1446203750204047426
1448799901172502640,,,,,,true,,0000,0,,1446203750204047426,,0,Animal Battle Stats,,1446204139909550150,,,2025-12-11T22:13:33.840Z,,4491519,0,true,Visitor,RamiNoodle733,true,🌐 Location,"Richmond, TX, US",,,,,,,,,,,,,,,,,,,2025-12-11T22:13:33.495000+00:00,👀 Site Visit,rich,0,,,false,,,,false,,,,,,,,,2025-12-11T22:13:33.840000+00:00,false,0,Animal Battle Stats,1446203750204047426
1448799894113353871,,,,,,true,,0000,0,,1446203750204047426,,0,Animal Battle Stats,,1446204139909550150,,,2025-12-11T22:13:32.157Z,,6710886,0,true,User,RamiNoodle733,true,🌐 Location,"Richmond, TX, US",,,,,,,,,,,,,,,,,,,2025-12-11T22:13:31.784000+00:00,👋 User Left Site,rich,0,,,false,,,,false,,,,,,,,,2025-12-11T22:13:32.157000+00:00,false,0,Animal Battle Stats,1446203750204047426
1448799700647022695,,,,,,true,,0000,0,,1446203750204047426,,0,Animal Battle Stats,,1446204139909550150,,,2025-12-11T22:12:46.031Z,,4491519,0,true,Visitor,RamiNoodle733,true,🌐 Location,"Richmond, TX, US",,,,,,,,,,,,,,,,,,,2025-12-11T22:12:45.700000+00:00,👀 Site Visit,rich,0,,,false,,,,false,,,,,,,,,2025-12-11T22:12:46.031000+00:00,false,0,Animal Battle Stats,1446203750204047426
1448799692925435975,,,,,,true,,0000,0,,1446203750204047426,,0,Animal Battle Stats,,1446204139909550150,,,2025-12-11T22:12:44.190Z,,6710886,0,true,User,RamiNoodle733,true,🌐 Location,"Richmond, TX, US",,,,,,,,,,,,,,,,,,,2025-12-11T22:12:43.258000+00:00,👋 User Left Site,rich,0,,,false,,,,false,,,,,,,,,2025-12-11T22:12:44.190000+00:00,false,0,Animal Battle Stats,1446203750204047426
1448799692887687272,,,,,,true,,0000,0,,1446203750204047426,,0,Animal Battle Stats,,1446204139909550150,,,2025-12-11T22:12:44.181Z,,4491519,0,true,Visitor,RamiNoodle733,true,🌐 Location,"Richmond, TX, US",,,,,,,,,,,,,,,,,,,2025-12-11T22:12:09.510000+00:00,👀 Site Visit,rich,0,,,false,,,,false,,,,,,,,,2025-12-11T22:12:44.181000+00:00,false,0,Animal Battle Stats,1446203750204047426
1448797872295514194,,,,,,true,,0000,0,,1446203750204047426,,0,Animal Battle Stats,,1446204139909550150,,,2025-12-11T22:05:30.118Z,,4491519,0,true,Visitor,RamiNoodle733,true,🌐 Location,"Richmond, TX, US",,,,,,,,,,,,,,,,,,,2025-12-11T22:05:29.839000+00:00,👀 Site Visit,rich,0,,,false,,,,false,,,,,,,,,2025-12-11T22:05:30.118000+00:00,false,0,Animal Battle Stats,1446203750204047426
1448797869719945350,,,,,,true,,0000,0,,1446203750204047426,,0,Animal Battle Stats,,1446204139909550150,,,2025-12-11T22:05:29.504Z,,4491519,0,true,Visitor,Anonymous,true,🌐 Location,"Richmond, TX, US",,,,,,,,,,,,,,,,,,,2025-12-11T22:02:05.515000+00:00,👀 Site Visit,rich,0,,,false,,,,false,,,,,,,,,2025-12-11T22:05:29.504000+00:00,false,0,Animal Battle Stats,1446203750204047426
1448797844998983871,,,,,,true,,0000,0,,1446203750204047426,,0,Animal Battle Stats,,1446204139909550150,,,2025-12-11T22:05:23.610Z,,16724838,0,true,User,RamiNoodle733,true,Animal,Great White Shark,true,Vote,👎 Downvote,true,🌐 Location,"Richmond, TX, US",,,,,,,,,,,,,2025-12-11T22:05:23.328000+00:00,👎 New Vote,rich,0,,,false,,,,false,,,,,,,,,2025-12-11T22:05:23.610000+00:00,false,0,Animal Battle Stats,1446203750204047426
1448797739214442497,,,,,,true,,0000,0,,1446203750204047426,,0,Animal Battle Stats,,1446204139909550150,,,2025-12-11T22:04:58.389Z,,16766720,0,true,User,RamiNoodle733,true,Bracket Size,16 animals,true,Total Matches,15,true,🏆 Champion,Clouded Leopard,true,2nd Place,African Wild Dog,true,3rd/4th Place,"Monitor Lizard, Leatherback Sea Turtle",false,Recent Matches,"Howler Monkey beat Jackal
African Wild Dog beat Sawfish
Leatherback Sea Turtle beat Gecko
Monitor Lizard beat Reticulated Python
Clouded Leopard beat Howler Monkey
African Wild Dog beat Leatherback Sea Turtle
Clouded Leopard beat Monitor Lizard
Clouded Leopard beat African Wild Dog",true,🌐 Location,"Richmond, TX, US",2025-12-11T22:03:51.059000+00:00,🏆 Tournament Completed,rich,0,,,false,,,,false,,,,,,,,,2025-12-11T22:04:58.389000+00:00,false,0,Animal Battle Stats,1446203750204047426
1448797680884252722,,,,,,true,,0000,0,,1446203750204047426,,0,Animal Battle Stats,,1446204139909550150,,,2025-12-11T22:04:44.482Z,,8947848,0,true,User,RamiNoodle733,true,Animal,Clouded Leopard,true,Removed,👍 Was Upvote,true,🌐 Location,"Richmond, TX, US",,,,,,,,,,,,,2025-12-11T22:04:44.117000+00:00,🗑️ Vote Removed,rich,0,,,false,,,,false,,,,,,,,,2025-12-11T22:04:44.482000+00:00,false,0,Animal Battle Stats,1446203750204047426
1448797677574951044,,,,,,true,,0000,0,,1446203750204047426,,0,Animal Battle Stats,,1446204139909550150,,,2025-12-11T22:04:43.693Z,,16763904,0,true,User,RamiNoodle733,true,Animal,Clouded Leopard,true,Changed,👎 -> 👍,true,🌐 Location,"Richmond, TX, US",,,,,,,,,,,,,2025-12-11T22:04:43.160000+00:00,🔄 Vote Changed,rich,0,,,false,,,,false,,,,,,,,,2025-12-11T22:04:43.693000+00:00,false,0,Animal Battle Stats,1446203750204047426
1448797671673565194,,,,,,true,,0000,0,,1446203750204047426,,0,Animal Battle Stats,,1446204139909550150,,,2025-12-11T22:04:42.286Z,,16724838,0,true,User,RamiNoodle733,true,Animal,Clouded Leopard,true,Vote,👎 Downvote,true,🌐 Location,"Richmond, TX, US",,,,,,,,,,,,,2025-12-11T22:04:41.867000+00:00,👎 New Vote,rich,0,,,false,,,,false,,,,,,,,,2025-12-11T22:04:42.286000+00:00,false,0,Animal Battle Stats,1446203750204047426
1448797669115039836,,,,,,true,,0000,0,,1446203750204047426,,0,Animal Battle Stats,,1446204139909550150,,,2025-12-11T22:04:41.676Z,,16724838,0,true,User,RamiNoodle733,true,Animal,Siberian Tiger,true,Vote,👎 Downvote,true,🌐 Location,"Richmond, TX, US",,,,,,,,,,,,,2025-12-11T22:04:41.186000+00:00,👎 New Vote,rich,0,,,false,,,,false,,,,,,,,,2025-12-11T22:04:41.676000+00:00,false,0,Animal Battle Stats,1446203750204047426
1448795046639042681,,,,,,true,,0000,0,,1446203750204047426,,0,Animal Battle Stats,,1446204139909550150,,,2025-12-11T21:54:16.429Z,,4491519,0,true,Visitor,RamiNoodle733,true,🌐 Location,"Richmond, TX, US",,,,,,,,,,,,,,,,,,,2025-12-11T21:54:16.017000+00:00,👀 Site Visit,rich,0,,,false,,,,false,,,,,,,,,2025-12-11T21:54:16.429000+00:00,false,0,Animal Battle Stats,1446203750204047426
1448795042587218061,,,,,,true,,0000,0,,1446203750204047426,,0,Animal Battle Stats,,1446204139909550150,,,2025-12-11T21:54:15.463Z,,6710886,0,true,User,RamiNoodle733,true,🌐 Location,"Richmond, TX, US",,,,,,,,,,,,,,,,,,,2025-12-11T21:54:14.542000+00:00,👋 User Left Site,rich,0,,,false,,,,false,,,,,,,,,2025-12-11T21:54:15.463000+00:00,false,0,Animal Battle Stats,1446203750204047426
1448792815894134845,,,,,,true,,0000,0,,1446203750204047426,,0,Animal Battle Stats,,1446204139909550150,,,2025-12-11T21:45:24.578Z,,4491519,0,true,Visitor,RamiNoodle733,true,🌐 Location,"Richmond, TX, US",,,,,,,,,,,,,,,,,,,2025-12-11T21:45:24.121000+00:00,👀 Site Visit,rich,0,,,false,,,,false,,,,,,,,,2025-12-11T21:45:24.578000+00:00,false,0,Animal Battle Stats,1446203750204047426
1448792811507028019,,,,,,true,,0000,0,,1446203750204047426,,0,Animal Battle Stats,,1446204139909550150,,,2025-12-11T21:45:23.532Z,,6710886,0,true,User,RamiNoodle733,true,🌐 Location,"Richmond, TX, US",,,,,,,,,,,,,,,,,,,2025-12-11T21:45:22.648000+00:00,👋 User Left Site,rich,0,,,false,,,,false,,,,,,,,,2025-12-11T21:45:23.532000+00:00,false,0,Animal Battle Stats,1446203750204047426
1448791605736902760,,,,,,true,,0000,0,,1446203750204047426,,0,Animal Battle Stats,,1446204139909550150,,,2025-12-11T21:40:36.054Z,,4491519,0,true,Visitor,RamiNoodle733,true,🌐 Location,"Richmond, TX, US",,,,,,,,,,,,,,,,,,,2025-12-11T21:40:35.846000+00:00,👀 Site Visit,rich,0,,,false,,,,false,,,,,,,,,2025-12-11T21:40:36.054000+00:00,false,0,Animal Battle Stats,1446203750204047426
1448791600296755353,,,,,,true,,0000,0,,1446203750204047426,,0,Animal Battle Stats,,1446204139909550150,,,2025-12-11T21:40:34.757Z,,6710886,0,true,User,RamiNoodle733,true,🌐 Location,"Richmond, TX, US",,,,,,,,,,,,,,,,,,,2025-12-11T21:40:33.638000+00:00,👋 User Left Site,rich,0,,,false,,,,false,,,,,,,,,2025-12-11T21:40:34.757000+00:00,false,0,Animal Battle Stats,1446203750204047426
1448791596647710926,,,,,,true,,0000,0,,1446203750204047426,,0,Animal Battle Stats,,1446204139909550150,,,2025-12-11T21:40:33.887Z,,4491519,0,true,Visitor,RamiNoodle733,true,🌐 Location,"Richmond, TX, US",,,,,,,,,,,,,,,,,,,2025-12-11T21:40:33.558000+00:00,👀 Site Visit,rich,0,,,false,,,,false,,,,,,,,,2025-12-11T21:40:33.887000+00:00,false,0,Animal Battle Stats,1446203750204047426
1448791594043048117,,,,,,true,,0000,0,,1446203750204047426,,0,Animal Battle Stats,,1446204139909550150,,,2025-12-11T21:40:33.266Z,,6710886,0,true,User,RamiNoodle733,true,🌐 Location,"Richmond, TX, US",,,,,,,,,,,,,,,,,,,2025-12-11T21:40:33.014000+00:00,👋 User Left Site,rich,0,,,false,,,,false,,,,,,,,,2025-12-11T21:40:33.266000+00:00,false,0,Animal Battle Stats,1446203750204047426
1448791589362204823,,,,,,true,,0000,0,,1446203750204047426,,0,Animal Battle Stats,,1446204139909550150,,,2025-12-11T21:40:32.150Z,,4491519,0,true,Visitor,RamiNoodle733,true,🌐 Location,"Richmond, TX, US",,,,,,,,,,,,,,,,,,,2025-12-11T21:40:31.912000+00:00,👀 Site Visit,rich,0,,,false,,,,false,,,,,,,,,2025-12-11T21:40:32.150000+00:00,false,0,Animal Battle Stats,1446203750204047426
1448791586258555002,,,,,,true,,0000,0,,1446203750204047426,,0,Animal Battle Stats,,1446204139909550150,,,2025-12-11T21:40:31.410Z,,6710886,0,true,User,RamiNoodle733,true,🌐 Location,"Richmond, TX, US",,,,,,,,,,,,,,,,,,,2025-12-11T21:40:31.125000+00:00,👋 User Left Site,rich,0,,,false,,,,false,,,,,,,,,2025-12-11T21:40:31.410000+00:00,false,0,Animal Battle Stats,1446203750204047426
1448791526888050779,,,,,,true,,0000,0,,1446203750204047426,,0,Animal Battle Stats,,1446204139909550150,,,2025-12-11T21:40:17.255Z,,4491519,0,true,Visitor,RamiNoodle733,true,🌐 Location,"Richmond, TX, US",,,,,,,,,,,,,,,,,,,2025-12-11T21:40:16.868000+00:00,👀 Site Visit,rich,0,,,false,,,,false,,,,,,,,,2025-12-11T21:40:17.255000+00:00,false,0,Animal Battle Stats,1446203750204047426
1448791509603324104,,,,,,true,,0000,0,,1446203750204047426,,0,Animal Battle Stats,,1446204139909550150,,,2025-12-11T21:40:13.134Z,,6710886,0,true,User,RamiNoodle733,true,🌐 Location,"Richmond, TX, US",,,,,,,,,,,,,,,,,,,2025-12-11T21:40:12.905000+00:00,👋 User Left Site,rich,0,,,false,,,,false,,,,,,,,,2025-12-11T21:40:13.134000+00:00,false,0,Animal Battle Stats,1446203750204047426
1448791499511824506,,,,,,true,,0000,0,,1446203750204047426,,0,Animal Battle Stats,,1446204139909550150,,,2025-12-11T21:40:10.728Z,,4491519,0,true,Visitor,RamiNoodle733,true,🌐 Location,"Richmond, TX, US",,,,,,,,,,,,,,,,,,,2025-12-11T21:40:10.489000+00:00,👀 Site Visit,rich,0,,,false,,,,false,,,,,,,,,2025-12-11T21:40:10.728000+00:00,false,0,Animal Battle Stats,1446203750204047426
1448791481778180117,,,,,,true,,0000,0,,1446203750204047426,,0,Animal Battle Stats,,1446204139909550150,,,2025-12-11T21:40:06.500Z,,6710886,0,true,User,RamiNoodle733,true,🌐 Location,"Richmond, TX, US",,,,,,,,,,,,,,,,,,,2025-12-11T21:40:06.194000+00:00,👋 User Left Site,rich,0,,,false,,,,false,,,,,,,,,2025-12-11T21:40:06.500000+00:00,false,0,Animal Battle Stats,1446203750204047426
1448791477256847494,,,,,,true,,0000,0,,1446203750204047426,,0,Animal Battle Stats,,1446204139909550150,,,2025-12-11T21:40:05.422Z,,4491519,0,true,Visitor,RamiNoodle733,true,🌐 Location,"Richmond, TX, US",,,,,,,,,,,,,,,,,,,2025-12-11T21:40:05.134000+00:00,👀 Site Visit,rich,0,,,false,,,,false,,,,,,,,,2025-12-11T21:40:05.422000+00:00,false,0,Animal Battle Stats,1446203750204047426
1448791467526066237,,,,,,true,,0000,0,,1446203750204047426,,0,Animal Battle Stats,,1446204139909550150,,,2025-12-11T21:40:03.102Z,,6710886,0,true,User,RamiNoodle733,true,🌐 Location,"Richmond, TX, US",,,,,,,,,,,,,,,,,,,2025-12-11T21:40:02.775000+00:00,👋 User Left Site,rich,0,,,false,,,,false,,,,,,,,,2025-12-11T21:40:03.102000+00:00,false,0,Animal Battle Stats,1446203750204047426
1448791463990132856,,,,,,true,,0000,0,,1446203750204047426,,0,Animal Battle Stats,,1446204139909550150,,,2025-12-11T21:40:02.259Z,,4491519,0,true,Visitor,RamiNoodle733,true,🌐 Location,"Richmond, TX, US",,,,,,,,,,,,,,,,,,,2025-12-11T21:40:01.879000+00:00,👀 Site Visit,rich,0,,,false,,,,false,,,,,,,,,2025-12-11T21:40:02.259000+00:00,false,0,Animal Battle Stats,1446203750204047426
1448791459191980202,,,,,,true,,0000,0,,1446203750204047426,,0,Animal Battle Stats,,1446204139909550150,,,2025-12-11T21:40:01.115Z,,6710886,0,true,User,RamiNoodle733,true,🌐 Location,"Richmond, TX, US",,,,,,,,,,,,,,,,,,,2025-12-11T21:39:59.875000+00:00,👋 User Left Site,rich,0,,,false,,,,false,,,,,,,,,2025-12-11T21:40:01.115000+00:00,false,0,Animal Battle Stats,1446203750204047426
1448791395237232692,,,,,,true,,0000,0,,1446203750204047426,,0,Animal Battle Stats,,1446204139909550150,,,2025-12-11T21:39:45.867Z,,4491519,0,true,Visitor,RamiNoodle733,true,🌐 Location,"Richmond, TX, US",,,,,,,,,,,,,,,,,,,2025-12-11T21:39:45.525000+00:00,👀 Site Visit,rich,0,,,false,,,,false,,,,,,,,,2025-12-11T21:39:45.867000+00:00,false,0,Animal Battle Stats,1446203750204047426
1448791389172273161,,,,,,true,,0000,0,,1446203750204047426,,0,Animal Battle Stats,,1446204139909550150,,,2025-12-11T21:39:44.421Z,,6710886,0,true,User,RamiNoodle733,true,🌐 Location,"Richmond, TX, US",,,,,,,,,,,,,,,,,,,2025-12-11T21:39:43.741000+00:00,👋 User Left Site,rich,0,,,false,,,,false,,,,,,,,,2025-12-11T21:39:44.421000+00:00,false,0,Animal Battle Stats,1446203750204047426
1448791388639723713,,,,,,true,,0000,0,,1446203750204047426,,0,Animal Battle Stats,,1446204139909550150,,,2025-12-11T21:39:44.294Z,,4491519,0,true,Visitor,RamiNoodle733,true,🌐 Location,"Richmond, TX, US",,,,,,,,,,,,,,,,,,,2025-12-11T21:31:56.372000+00:00,👀 Site Visit,rich,0,,,false,,,,false,,,,,,,,,2025-12-11T21:39:44.294000+00:00,false,0,Animal Battle Stats,1446203750204047426
1448791281060024381,,,,,,true,,0000,0,,1446203750204047426,,0,Animal Battle Stats,,1446204139909550150,,,2025-12-11T21:39:18.645Z,,16766720,0,true,User,RamiNoodle733,true,Bracket Size,8 animals,true,Total Matches,7,true,🏆 Champion,Gorilla,true,2nd Place,Emu,true,3rd/4th Place,"Gaboon Viper, Beluga Whale",false,Recent Matches,"Beluga Whale beat Jackal
Gorilla beat Hummingbird
Gaboon Viper beat Deathstalker Scorpion
Emu beat Swordfish
Gorilla beat Beluga Whale
Emu beat Gaboon Viper
Gorilla beat Emu",true,🌐 Location,"Richmond, TX, US",2025-12-11T21:39:13.143000+00:00,🏆 Tournament Completed,rich,0,,,false,,,,false,,,,,,,,,2025-12-11T21:39:18.645000+00:00,false,0,Animal Battle Stats,1446203750204047426
1448789072633139210,,,,,,true,,0000,0,,1446203750204047426,,0,Animal Battle Stats,,1446204139909550150,,,2025-12-11T21:30:32.115Z,,16766720,0,true,User,RamiNoodle733,true,Bracket Size,8 animals,true,Total Matches,7,true,🏆 Champion,African Wild Dog,true,2nd Place,Howler Monkey,true,3rd/4th Place,"Manatee, Chimpanzee",false,Recent Matches,"African Wild Dog beat Bactrian Camel
Chimpanzee beat Seal
Howler Monkey beat Fennec Fox
Manatee beat Praying Mantis
African Wild Dog beat Chimpanzee
Howler Monkey beat Manatee
African Wild Dog beat Howler Monkey",true,🌐 Location,"Richmond, TX, US",2025-12-11T21:28:26.004000+00:00,🏆 Tournament Completed,rich,0,,,false,,,,false,,,,,,,,,2025-12-11T21:30:32.115000+00:00,false,0,Animal Battle Stats,1446203750204047426