id,activity,application,application_id,attachments,author.avatar,author.bot,author.clan,author.discriminator,author.flags,author.global_name,author.id,author.primary_guild,author.public_flags,author.username,call,channel_id,components,content,date,edited_timestamp,embeds.0.color,embeds.0.content_scan_version,embeds.0.fields.0.inline,embeds.0.fields.0.name,embeds.0.fields.0.value,embeds.0.fields.1.inline,embeds.0.fields.1.name,embeds.0.fields.1.value,embeds.0.fields.2.inline,embeds.0.fields.2.name,embeds.0.fields.2.value,embeds.0.fields.3.inline,embeds.0.fields.3.name,embeds.0.fields.3.value,embeds.0.fields.4.inline,embeds.0.fields.4.name,embeds.0.fields.4.value,embeds.0.fields.5.inline,embeds.0.fields.5.name,embeds.0.fields.5.value,embeds.0.fields.6.inline,embeds.0.fields.6.name,embeds.0.fields.6.value,embeds.0.fields.7.inline,embeds.0.fields.7.name,embeds.0.fields.7.value,embeds.0.fields.8.inline,embeds.0.fields.8.name,embeds.0.fields.8.value,embeds.0.thumbnail.content_type,embeds.0.thumbnail.flags,embeds.0.thumbnail.height,embeds.0.thumbnail.placeholder,embeds.0.thumbnail.placeholder_version,embeds.0.thumbnail.proxy_url,embeds.0.thumbnail.url,embeds.0.thumbnail.width,embeds.0.timestamp,embeds.0.title,embeds.0.type,flags,interaction,mention_channels,mention_everyone,mentions,message_reference,nonce,pinned,position,reactions,referenced_message,resolved,role_subscription_data,sticker_items,stickers,thread,timestamp,tts,type,userName,webhook_id
1488572988063219773,,,,,,true,,0000,0,,1446203750204047426,,0,Animal Battle Stats,,1446204139909550150,,,2026-03-31T16:17:36.703Z,,4491519,4,true,Visitor,Anonymous,true,🔗 Page,/stats/flying-squirrel,true,🌐 Location,US,true,📱 Device,Chrome on Linux,true,📐 Screen,412x732,true,🌐 Language,en-US,,,,,,,,,,image/png,0,630,8/cRBID3eEeJd4eKdnf4cnoJhw==,1,https://images-ext-1.discordapp.net/external/JNVOwhfRcEFw8VgKDMB9KwuZ8MKiLYwmegb7iAnEsqQ/https/animalbattlestats.com/images/icons/icon-192.png,https://animalbattlestats.com/images/icons/icon-192.png,1200,2026-03-31T16:12:35.252000+00:00,👀 Site Visit,rich,0,,,false,,,,false,,,,,,,,,2026-03-31T16:17:36.703000+00:00,false,0,Animal Battle Stats,1446203750204047426
1488142275883040820,,,,,,true,,0000,0,,1446203750204047426,,0,Animal Battle Stats,,1446204139909550150,,,2026-03-30T11:46:06.917Z,,4491519,4,true,Visitor,Anonymous,true,🔗 Page,/about,true,🌐 Location,"Singapore, SG",true,🖥️ Device,Chrome on Windows,true,📐 Screen,1280x1200,true,🌐 Language,en-US,,,,,,,,,,image/png,0,630,8/cRBID3eEeJd4eKdnf4cnoJhw==,1,https://images-ext-1.discordapp.net/external/JNVOwhfRcEFw8VgKDMB9KwuZ8MKiLYwmegb7iAnEsqQ/https/animalbattlestats.com/images/icons/icon-192.png,https://animalbattlestats.com/images/icons/icon-192.png,1200,2026-03-30T11:46:06.546000+00:00,👀 Site Visit,rich,0,,,false,,,,false,,,,,,,,,2026-03-30T11:46:06.917000+00:00,false,0,Animal Battle Stats,1446203750204047426
1488142183013023787,,,,,,true,,0000,0,,1446203750204047426,,0,Animal Battle Stats,,1446204139909550150,,,2026-03-30T11:45:44.775Z,,4491519,4,true,Visitor,Anonymous,true,🔗 Page,/about,true,🌐 Location,SG,true,🖥️ Device,Chrome on Windows,true,📐 Screen,1280x1200,true,🌐 Language,en-US,,,,,,,,,,image/png,0,630,8/cRBID3eEeJd4eKdnf4cnoJhw==,1,https://images-ext-1.discordapp.net/external/JNVOwhfRcEFw8VgKDMB9KwuZ8MKiLYwmegb7iAnEsqQ/https/animalbattlestats.com/images/icons/icon-192.png,https://animalbattlestats.com/images/icons/icon-192.png,1200,2026-03-30T11:45:44.052000+00:00,👀 Site Visit,rich,0,,,false,,,,false,,,,,,,,,2026-03-30T11:45:44.775000+00:00,false,0,Animal Battle Stats,1446203750204047426
1488142175136124989,,,,,,true,,0000,0,,1446203750204047426,,0,Animal Battle Stats,,1446204139909550150,,,2026-03-30T11:45:42.897Z,,4491519,4,true,Visitor,Anonymous,true,🔗 Page,/about,true,🌐 Location,"Singapore, SG",true,🖥️ Device,Chrome on Windows,true,📐 Screen,1280x1200,true,🌐 Language,en-US,,,,,,,,,,image/png,0,630,8/cRBID3eEeJd4eKdnf4cnoJhw==,1,https://images-ext-1.discordapp.net/external/JNVOwhfRcEFw8VgKDMB9KwuZ8MKiLYwmegb7iAnEsqQ/https/animalbattlestats.com/images/icons/icon-192.png,https://animalbattlestats.com/images/icons/icon-192.png,1200,2026-03-30T11:45:26.123000+00:00,👀 Site Visit,rich,0,,,false,,,,false,,,,,,,,,2026-03-30T11:45:42.897000+00:00,false,0,Animal Battle Stats,1446203750204047426
1487773536247615558,,,,,,true,,0000,0,,1446203750204047426,,0,Animal Battle Stats,,1446204139909550150,,,2026-03-29T11:20:52.537Z,,4491519,4,true,Visitor,Anonymous,true,🔗 Page,/tournament,true,🌐 Location,"Singapore, SG",true,🖥️ Device,Chrome on Windows,true,📐 Screen,1280x1200,true,🌐 Language,en-US,,,,,,,,,,image/png,0,630,8/cRBID3eEeJd4eKdnf4cnoJhw==,1,https://images-ext-1.discordapp.net/external/JNVOwhfRcEFw8VgKDMB9KwuZ8MKiLYwmegb7iAnEsqQ/https/animalbattlestats.com/images/icons/icon-192.png,https://animalbattlestats.com/images/icons/icon-192.png,1200,2026-03-29T11:20:52.175000+00:00,👀 Site Visit,rich,0,,,false,,,,false,,,,,,,,,2026-03-29T11:20:52.537000+00:00,false,0,Animal Battle Stats,1446203750204047426
1487773529796640788,,,,,,true,,0000,0,,1446203750204047426,,0,Animal Battle Stats,,1446204139909550150,,,2026-03-29T11:20:50.999Z,,4491519,4,true,Visitor,Anonymous,true,🔗 Page,/tournament,true,🌐 Location,"Singapore, SG",true,🖥️ Device,Chrome on Windows,true,📐 Screen,1280x1200,true,🌐 Language,en-US,,,,,,,,,,image/png,0,630,8/cRBID3eEeJd4eKdnf4cnoJhw==,1,https://images-ext-1.discordapp.net/external/JNVOwhfRcEFw8VgKDMB9KwuZ8MKiLYwmegb7iAnEsqQ/https/animalbattlestats.com/images/icons/icon-192.png,https://animalbattlestats.com/images/icons/icon-192.png,1200,2026-03-29T11:20:30.738000+00:00,👀 Site Visit,rich,0,,,false,,,,false,,,,,,,,,2026-03-29T11:20:50.999000+00:00,false,0,Animal Battle Stats,1446203750204047426
1487577058589802506,,,,,,true,,0000,0,,1446203750204047426,,0,Animal Battle Stats,,1446204139909550150,,,2026-03-28T22:20:08.613Z,,6710886,4,true,User,Anonymous,true,🔗 Page,/compare,true,🌐 Location,"Katy, TX, US",true,🕐 Session Duration,1m 6s,,,,,,,,,,,,,,,,image/png,0,630,8/cRBID3eEeJd4eKdnf4cnoJhw==,1,https://images-ext-1.discordapp.net/external/JNVOwhfRcEFw8VgKDMB9KwuZ8MKiLYwmegb7iAnEsqQ/https/animalbattlestats.com/images/icons/icon-192.png,https://animalbattlestats.com/images/icons/icon-192.png,1200,2026-03-28T22:20:08.302000+00:00,👋 User Left Site,rich,0,,,false,,,,false,,,,,,,,,2026-03-28T22:20:08.613000+00:00,false,0,Animal Battle Stats,1446203750204047426
1487576784772792522,,,,,,true,,0000,0,,1446203750204047426,,0,Animal Battle Stats,,1446204139909550150,,,2026-03-28T22:19:03.330Z,,6710886,4,true,User,Anonymous,true,🔗 Page,/about,true,🌐 Location,"Katy, TX, US",true,🕐 Session Duration,34s,,,,,,,,,,,,,,,,image/png,0,630,8/cRBID3eEeJd4eKdnf4cnoJhw==,1,https://images-ext-1.discordapp.net/external/JNVOwhfRcEFw8VgKDMB9KwuZ8MKiLYwmegb7iAnEsqQ/https/animalbattlestats.com/images/icons/icon-192.png,https://animalbattlestats.com/images/icons/icon-192.png,1200,2026-03-28T22:19:01.513000+00:00,👋 User Left Site,rich,0,,,false,,,,false,,,,,,,,,2026-03-28T22:19:03.330000+00:00,false,0,Animal Battle Stats,1446203750204047426
1487576779672785062,,,,,,true,,0000,0,,1446203750204047426,,0,Animal Battle Stats,,1446204139909550150,,,2026-03-28T22:19:02.114Z,,4491519,4,true,Visitor,Anonymous,true,🔗 Page,/,true,🌐 Location,"Katy, TX, US",true,🖥️ Device,Chrome on Windows,true,📐 Screen,1366x768,true,🌐 Language,en-US,,,,,,,,,,image/png,0,630,8/cRBID3eEeJd4eKdnf4cnoJhw==,1,https://images-ext-1.discordapp.net/external/JNVOwhfRcEFw8VgKDMB9KwuZ8MKiLYwmegb7iAnEsqQ/https/animalbattlestats.com/images/icons/icon-192.png,https://animalbattlestats.com/images/icons/icon-192.png,1200,2026-03-28T22:18:27.057000+00:00,👀 Site Visit,rich,0,,,false,,,,false,,,,,,,,,2026-03-28T22:19:02.114000+00:00,false,0,Animal Battle Stats,1446203750204047426
1487576634096615537,,,,,,true,,0000,0,,1446203750204047426,,0,Animal Battle Stats,,1446204139909550150,,,2026-03-28T22:18:27.406Z,,4491519,4,true,Visitor,Anonymous,true,🔗 Page,/,true,🌐 Location,"San Jose, CA, US",true,🖥️ Device,Chrome on Linux,true,📐 Screen,800x600,true,🌐 Language,en-US,false,🔗 Came From,https://animal-battle-stats-dk1mvpqkc-raminoodle733s-projects.vercel.app/,,,,,,,image/png,0,630,8/cRBID3eEeJd4eKdnf4cnoJhw==,1,https://images-ext-1.discordapp.net/external/JNVOwhfRcEFw8VgKDMB9KwuZ8MKiLYwmegb7iAnEsqQ/https/animalbattlestats.com/images/icons/icon-192.png,https://animalbattlestats.com/images/icons/icon-192.png,1200,2026-03-28T22:16:55.930000+00:00,👀 Site Visit,rich,0,,,false,,,,false,,,,,,,,,2026-03-28T22:18:27.406000+00:00,false,0,Animal Battle Stats,1446203750204047426
1487574034521784372,,,,,,true,,0000,0,,1446203750204047426,,0,Animal Battle Stats,,1446204139909550150,,,2026-03-28T22:08:07.619Z,,6710886,4,true,User,Anonymous,true,🔗 Page,/,true,🌐 Location,"Katy, TX, US",true,🕐 Session Duration,35s,,,,,,,,,,,,,,,,image/png,0,630,8/cRBID3eEeJd4eKdnf4cnoJhw==,1,https://images-ext-1.discordapp.net/external/JNVOwhfRcEFw8VgKDMB9KwuZ8MKiLYwmegb7iAnEsqQ/https/animalbattlestats.com/images/icons/icon-192.png,https://animalbattlestats.com/images/icons/icon-192.png,1200,2026-03-28T22:08:07.279000+00:00,👋 User Left Site,rich,0,,,false,,,,false,,,,,,,,,2026-03-28T22:08:07.619000+00:00,false,0,Animal Battle Stats,1446203750204047426
1487573891848077456,,,,,,true,,0000,0,,1446203750204047426,,0,Animal Battle Stats,,1446204139909550150,,,2026-03-28T22:07:33.603Z,,6710886,4,true,User,Anonymous,true,🔗 Page,/about,true,🌐 Location,"Katy, TX, US",true,🕐 Session Duration,53s,,,,,,,,,,,,,,,,image/png,0,630,8/cRBID3eEeJd4eKdnf4cnoJhw==,1,https://images-ext-1.discordapp.net/external/JNVOwhfRcEFw8VgKDMB9KwuZ8MKiLYwmegb7iAnEsqQ/https/animalbattlestats.com/images/icons/icon-192.png,https://animalbattlestats.com/images/icons/icon-192.png,1200,2026-03-28T22:07:32.393000+00:00,👋 User Left Site,rich,0,,,false,,,,false,,,,,,,,,2026-03-28T22:07:33.603000+00:00,false,0,Animal Battle Stats,1446203750204047426
1487573888861737184,,,,,,true,,0000,0,,1446203750204047426,,0,Animal Battle Stats,,1446204139909550150,,,2026-03-28T22:07:32.891Z,,4491519,4,true,Visitor,Anonymous,true,🔗 Page,/,true,🌐 Location,"Katy, TX, US",true,🖥️ Device,Chrome on Windows,true,📐 Screen,1366x768,true,🌐 Language,en-US,,,,,,,,,,image/png,0,630,8/cRBID3eEeJd4eKdnf4cnoJhw==,1,https://images-ext-1.discordapp.net/external/JNVOwhfRcEFw8VgKDMB9KwuZ8MKiLYwmegb7iAnEsqQ/https/animalbattlestats.com/images/icons/icon-192.png,https://animalbattlestats.com/images/icons/icon-192.png,1200,2026-03-28T22:07:32.547000+00:00,👀 Site Visit,rich,0,,,false,,,,false,,,,,,,,,2026-03-28T22:07:32.891000+00:00,false,0,Animal Battle Stats,1446203750204047426
1487573670678237287,,,,,,true,,0000,0,,1446203750204047426,,0,Animal Battle Stats,,1446204139909550150,,,2026-03-28T22:06:40.872Z,,6710886,4,true,User,Anonymous,true,🔗 Page,/,true,🌐 Location,"Katy, TX, US",true,🕐 Session Duration,27m 34s,,,,,,,,,,,,,,,,image/png,0,630,8/cRBID3eEeJd4eKdnf4cnoJhw==,1,https://images-ext-1.discordapp.net/external/JNVOwhfRcEFw8VgKDMB9KwuZ8MKiLYwmegb7iAnEsqQ/https/animalbattlestats.com/images/icons/icon-192.png,https://animalbattlestats.com/images/icons/icon-192.png,1200,2026-03-28T22:06:36.759000+00:00,👋 User Left Site,rich,0,,,false,,,,false,,,,,,,,,2026-03-28T22:06:40.872000+00:00,false,0,Animal Battle Stats,1446203750204047426
1487573665406128198,,,,,,true,,0000,0,,1446203750204047426,,0,Animal Battle Stats,,1446204139909550150,,,2026-03-28T22:06:39.615Z,,4491519,4,true,Visitor,Anonymous,true,🔗 Page,/,true,🌐 Location,"San Jose, CA, US",true,🖥️ Device,Chrome on Linux,true,📐 Screen,600x800,true,🌐 Language,en-US,false,🔗 Came From,https://animal-battle-stats-1s8laot8p-raminoodle733s-projects.vercel.app/,,,,,,,image/png,0,630,8/cRBID3eEeJd4eKdnf4cnoJhw==,1,https://images-ext-1.discordapp.net/external/JNVOwhfRcEFw8VgKDMB9KwuZ8MKiLYwmegb7iAnEsqQ/https/animalbattlestats.com/images/icons/icon-192.png,https://animalbattlestats.com/images/icons/icon-192.png,1200,2026-03-28T22:04:45.765000+00:00,👀 Site Visit,rich,0,,,false,,,,false,,,,,,,,,2026-03-28T22:06:39.615000+00:00,false,0,Animal Battle Stats,1446203750204047426
1487517380044132534,,,,,,true,,0000,0,,1446203750204047426,,0,Animal Battle Stats,,1446204139909550150,,,2026-03-28T18:23:00.139Z,,4491519,4,true,Visitor,Anonymous,true,🔗 Page,/,true,🌐 Location,"San Jose, CA, US",true,🖥️ Device,Chrome on Windows,true,📐 Screen,1366x768,true,🌐 Language,en-US,,,,,,,,,,image/png,0,630,8/cRBID3eEeJd4eKdnf4cnoJhw==,1,https://images-ext-1.discordapp.net/external/JNVOwhfRcEFw8VgKDMB9KwuZ8MKiLYwmegb7iAnEsqQ/https/animalbattlestats.com/images/icons/icon-192.png,https://animalbattlestats.com/images/icons/icon-192.png,1200,2026-03-28T18:19:40.202000+00:00,👀 Site Visit,rich,0,,,false,,,,false,,,,,,,,,2026-03-28T18:23:00.139000+00:00,false,0,Animal Battle Stats,1446203750204047426
1487035947110502531,,,,,,true,,0000,0,,1446203750204047426,,0,Animal Battle Stats,,1446204139909550150,,,2026-03-27T10:29:57.583Z,,4491519,4,true,Visitor,Anonymous,true,🔗 Page,/,true,🌐 Location,"Washington, VA, US",true,🖥️ Device,Chrome on Windows,true,📐 Screen,1366x768,true,🌐 Language,en-US,,,,,,,,,,image/png,0,630,8/cRBID3eEeJd4eKdnf4cnoJhw==,1,https://images-ext-1.discordapp.net/external/JNVOwhfRcEFw8VgKDMB9KwuZ8MKiLYwmegb7iAnEsqQ/https/animalbattlestats.com/images/icons/icon-192.png,https://animalbattlestats.com/images/icons/icon-192.png,1200,2026-03-27T10:25:56.473000+00:00,👀 Site Visit,rich,0,,,false,,,,false,,,,,,,,,2026-03-27T10:29:57.583000+00:00,false,0,Animal Battle Stats,1446203750204047426
1486855206988681228,,,,,,true,,0000,0,,1446203750204047426,,0,Animal Battle Stats,,1446204139909550150,,,2026-03-26T22:31:45.780Z,,16739072,4,false,Matchup,**Cape Buffalo** vs **Orca**,true,User,Anonymous,true,🌐 Location,"Wayne, NJ, US",true,🖥️ Device,Safari on macOS,,,,,,,,,,,,,,,,image/png,0,630,8/cRBID3eEeJd4eKdnf4cnoJhw==,1,https://images-ext-1.discordapp.net/external/JNVOwhfRcEFw8VgKDMB9KwuZ8MKiLYwmegb7iAnEsqQ/https/animalbattlestats.com/images/icons/icon-192.png,https://animalbattlestats.com/images/icons/icon-192.png,1200,2026-03-26T22:31:45.468000+00:00,⚔️ Battle Comparison,rich,0,,,false,,,,false,,,,,,,,,2026-03-26T22:31:45.780000+00:00,false,0,Animal Battle Stats,1446203750204047426
1486853619805589666,,,,,,true,,0000,0,,1446203750204047426,,0,Animal Battle Stats,,1446204139909550150,,,2026-03-26T22:25:27.366Z,,4491519,4,true,Visitor,Anonymous,true,🔗 Page,/rankings,true,🌐 Location,"Wayne, NJ, US",true,🖥️ Device,Safari on macOS,true,📐 Screen,820x1180,true,🌐 Language,en-US,,,,,,,,,,image/png,0,630,8/cRBID3eEeJd4eKdnf4cnoJhw==,1,https://images-ext-1.discordapp.net/external/JNVOwhfRcEFw8VgKDMB9KwuZ8MKiLYwmegb7iAnEsqQ/https/animalbattlestats.com/images/icons/icon-192.png,https://animalbattlestats.com/images/icons/icon-192.png,1200,2026-03-26T22:25:27.051000+00:00,👀 Site Visit,rich,0,,,false,,,,false,,,,,,,,,2026-03-26T22:25:27.366000+00:00,false,0,Animal Battle Stats,1446203750204047426
1486853460266844214,,,,,,true,,0000,0,,1446203750204047426,,0,Animal Battle Stats,,1446204139909550150,,,2026-03-26T22:24:49.329Z,,4491519,4,true,Visitor,Anonymous,true,🔗 Page,/,true,🌐 Location,"Wayne, NJ, US",true,🖥️ Device,Safari on macOS,true,📐 Screen,820x1180,true,🌐 Language,en-US,,,,,,,,,,image/png,0,630,8/cRBID3eEeJd4eKdnf4cnoJhw==,1,https://images-ext-1.discordapp.net/external/JNVOwhfRcEFw8VgKDMB9KwuZ8MKiLYwmegb7iAnEsqQ/https/animalbattlestats.com/images/icons/icon-192.png,https://animalbattlestats.com/images/icons/icon-192.png,1200,2026-03-26T22:24:48.659000+00:00,👀 Site Visit,rich,0,,,false,,,,false,,,,,,,,,2026-03-26T22:24:49.329000+00:00,false,0,Animal Battle Stats,1446203750204047426
1486853459595497762,,,,,,true,,0000,0,,1446203750204047426,,0,Animal Battle Stats,,1446204139909550150,,,2026-03-26T22:24:49.169Z,,4491519,4,true,Visitor,Anonymous,true,🔗 Page,/,true,🌐 Location,"Wayne, NJ, US",true,🖥️ Device,Safari on macOS,true,📐 Screen,820x1180,true,🌐 Language,en-US,,,,,,,,,,image/png,0,630,8/cRBID3eEeJd4eKdnf4cnoJhw==,1,https://images-ext-1.discordapp.net/external/JNVOwhfRcEFw8VgKDMB9KwuZ8MKiLYwmegb7iAnEsqQ/https/animalbattlestats.com/images/icons/icon-192.png,https://animalbattlestats.com/images/icons/icon-192.png,1200,2026-03-26T22:23:17.397000+00:00,👀 Site Visit,rich,0,,,false,,,,false,,,,,,,,,2026-03-26T22:24:49.169000+00:00,false,0,Animal Battle Stats,1446203750204047426
1485429559955427338,,,,,,true,,0000,0,,1446203750204047426,,0,Animal Battle Stats,,1446204139909550150,,,2026-03-23T00:06:45.040Z,,4491519,4,true,Visitor,Anonymous,true,🔗 Page,/,true,🌐 Location,"San Jose, CA, US",true,🖥️ Device,Chrome on Linux,true,📐 Screen,800x600,true,🌐 Language,en-US,false,🔗 Came From,https://animal-battle-stats-ku79x4bhv-raminoodle733s-projects.vercel.app/,,,,,,,image/png,0,630,8/cRBID3eEeJd4eKdnf4cnoJhw==,1,https://images-ext-1.discordapp.net/external/JNVOwhfRcEFw8VgKDMB9KwuZ8MKiLYwmegb7iAnEsqQ/https/animalbattlestats.com/images/icons/icon-192.png,https://animalbattlestats.com/images/icons/icon-192.png,1200,2026-03-23T00:06:44.256000+00:00,👀 Site Visit,rich,0,,,false,,,,false,,,,,,,,,2026-03-23T00:06:45.040000+00:00,false,0,Animal Battle Stats,1446203750204047426
1485429559355506698,,,,,,true,,0000,0,,1446203750204047426,,0,Animal Battle Stats,,1446204139909550150,,,2026-03-23T00:06:44.897Z,,4491519,4,true,Visitor,Anonymous,true,🔗 Page,/,true,🌐 Location,"San Jose, CA, US",true,🖥️ Device,Chrome on Linux,true,📐 Screen,800x600,true,🌐 Language,en-US,false,🔗 Came From,https://animal-battle-stats-ku79x4bhv-raminoodle733s-projects.vercel.app/,,,,,,,image/png,0,630,8/cRBID3eEeJd4eKdnf4cnoJhw==,1,https://images-ext-1.discordapp.net/external/JNVOwhfRcEFw8VgKDMB9KwuZ8MKiLYwmegb7iAnEsqQ/https/animalbattlestats.com/images/icons/icon-192.png,https://animalbattlestats.com/images/icons/icon-192.png,1200,2026-03-23T00:06:42.997000+00:00,👀 Site Visit,rich,0,,,false,,,,false,,,,,,,,,2026-03-23T00:06:44.897000+00:00,false,0,Animal Battle Stats,1446203750204047426
1485316448380391454,,,,,,true,,0000,0,,1446203750204047426,,0,Animal Battle Stats,,1446204139909550150,,,2026-03-22T16:37:17.139Z,,4491519,4,true,Visitor,Anonymous,true,🔗 Page,/,true,🌐 Location,"Wayne, NJ, US",true,🖥️ Device,Safari on macOS,true,📐 Screen,820x1180,true,🌐 Language,en-US,,,,,,,,,,,0,0,,,https://images-ext-1.discordapp.net/external/JNVOwhfRcEFw8VgKDMB9KwuZ8MKiLYwmegb7iAnEsqQ/https/animalbattlestats.com/images/icons/icon-192.png,https://animalbattlestats.com/images/icons/icon-192.png,0,2026-03-22T16:37:16.827000+00:00,👀 Site Visit,rich,0,,,false,,,,false,,,,,,,,,2026-03-22T16:37:17.139000+00:00,false,0,Animal Battle Stats,1446203750204047426
1485316191605096532,,,,,,true,,0000,0,,1446203750204047426,,0,Animal Battle Stats,,1446204139909550150,,,2026-03-22T16:36:15.919Z,,4491519,4,true,Visitor,Anonymous,true,🔗 Page,/,true,🌐 Location,"Wayne, NJ, US",true,🖥️ Device,Safari on macOS,true,📐 Screen,820x1180,true,🌐 Language,en-US,,,,,,,,,,,0,0,,,https://images-ext-1.discordapp.net/external/JNVOwhfRcEFw8VgKDMB9KwuZ8MKiLYwmegb7iAnEsqQ/https/animalbattlestats.com/images/icons/icon-192.png,https://animalbattlestats.com/images/icons/icon-192.png,0,2026-03-22T16:36:15.560000+00:00,👀 Site Visit,rich,0,,,false,,,,false,,,,,,,,,2026-03-22T16:36:15.919000+00:00,false,0,Animal Battle Stats,1446203750204047426
1485316081597026539,,,,,,true,,0000,0,,1446203750204047426,,0,Animal Battle Stats,,1446204139909550150,,,2026-03-22T16:35:49.691Z,,4491519,4,true,Visitor,Anonymous,true,🔗 Page,/,true,🌐 Location,"Wayne, NJ, US",true,🖥️ Device,Safari on macOS,true,📐 Screen,820x1180,true,🌐 Language,en-US,,,,,,,,,,,0,0,,,https://images-ext-1.discordapp.net/external/JNVOwhfRcEFw8VgKDMB9KwuZ8MKiLYwmegb7iAnEsqQ/https/animalbattlestats.com/images/icons/icon-192.png,https://animalbattlestats.com/images/icons/icon-192.png,0,2026-03-22T16:35:49.319000+00:00,👀 Site Visit,rich,0,,,false,,,,false,,,,,,,,,2026-03-22T16:35:49.691000+00:00,false,0,Animal Battle Stats,1446203750204047426
1485315301586501692,,,,,,true,,0000,0,,1446203750204047426,,0,Animal Battle Stats,,1446204139909550150,,,2026-03-22T16:32:43.722Z,,4491519,4,true,Visitor,Anonymous,true,🔗 Page,/rankings,true,🌐 Location,"Wayne, NJ, US",true,🖥️ Device,Safari on macOS,true,📐 Screen,820x1180,true,🌐 Language,en-US,,,,,,,,,,,0,0,,,https://images-ext-1.discordapp.net/external/JNVOwhfRcEFw8VgKDMB9KwuZ8MKiLYwmegb7iAnEsqQ/https/animalbattlestats.com/images/icons/icon-192.png,https://animalbattlestats.com/images/icons/icon-192.png,0,2026-03-22T16:32:43.408000+00:00,👀 Site Visit,rich,0,,,false,,,,false,,,,,,,,,2026-03-22T16:32:43.722000+00:00,false,0,Animal Battle Stats,1446203750204047426
1485315283374837903,,,,,,true,,0000,0,,1446203750204047426,,0,Animal Battle Stats,,1446204139909550150,,,2026-03-22T16:32:39.380Z,,4491519,4,true,Visitor,Anonymous,true,🔗 Page,/rankings,true,🌐 Location,"Wayne, NJ, US",true,🖥️ Device,Safari on macOS,true,📐 Screen,820x1180,true,🌐 Language,en-US,,,,,,,,,,,0,0,,,https://images-ext-1.discordapp.net/external/JNVOwhfRcEFw8VgKDMB9KwuZ8MKiLYwmegb7iAnEsqQ/https/animalbattlestats.com/images/icons/icon-192.png,https://animalbattlestats.com/images/icons/icon-192.png,0,2026-03-22T16:32:39.051000+00:00,👀 Site Visit,rich,0,,,false,,,,false,,,,,,,,,2026-03-22T16:32:39.380000+00:00,false,0,Animal Battle Stats,1446203750204047426
1485315056328507596,,,,,,true,,0000,0,,1446203750204047426,,0,Animal Battle Stats,,1446204139909550150,,,2026-03-22T16:31:45.248Z,,4491519,4,true,Visitor,Anonymous,true,🔗 Page,/,true,🌐 Location,"Wayne, NJ, US",true,🖥️ Device,Safari on macOS,true,📐 Screen,820x1180,true,🌐 Language,en-US,,,,,,,,,,,0,0,,,https://images-ext-1.discordapp.net/external/JNVOwhfRcEFw8VgKDMB9KwuZ8MKiLYwmegb7iAnEsqQ/https/animalbattlestats.com/images/icons/icon-192.png,https://animalbattlestats.com/images/icons/icon-192.png,0,2026-03-22T16:31:44.945000+00:00,👀 Site Visit,rich,0,,,false,,,,false,,,,,,,,,2026-03-22T16:31:45.248000+00:00,false,0,Animal Battle Stats,1446203750204047426
1485314956172857434,,,,,,true,,0000,0,,1446203750204047426,,0,Animal Battle Stats,,1446204139909550150,,,2026-03-22T16:31:21.369Z,,4491519,4,true,Visitor,Anonymous,true,🔗 Page,/rankings,true,🌐 Location,"Wayne, NJ, US",true,🖥️ Device,Safari on macOS,true,📐 Screen,820x1180,true,🌐 Language,en-US,,,,,,,,,,,0,0,,,https://images-ext-1.discordapp.net/external/JNVOwhfRcEFw8VgKDMB9KwuZ8MKiLYwmegb7iAnEsqQ/https/animalbattlestats.com/images/icons/icon-192.png,https://animalbattlestats.com/images/icons/icon-192.png,0,2026-03-22T16:31:21.058000+00:00,👀 Site Visit,rich,0,,,false,,,,false,,,,,,,,,2026-03-22T16:31:21.369000+00:00,false,0,Animal Battle Stats,1446203750204047426
1485314825784528906,,,,,,true,,0000,0,,1446203750204047426,,0,Animal Battle Stats,,1446204139909550150,,,2026-03-22T16:30:50.282Z,,4491519,4,true,Visitor,Anonymous,true,🔗 Page,/rankings,true,🌐 Location,"Wayne, NJ, US",true,🖥️ Device,Safari on macOS,true,📐 Screen,820x1180,true,🌐 Language,en-US,,,,,,,,,,,0,0,,,https://images-ext-1.discordapp.net/external/JNVOwhfRcEFw8VgKDMB9KwuZ8MKiLYwmegb7iAnEsqQ/https/animalbattlestats.com/images/icons/icon-192.png,https://animalbattlestats.com/images/icons/icon-192.png,0,2026-03-22T16:30:50.018000+00:00,👀 Site Visit,rich,0,,,false,,,,false,,,,,,,,,2026-03-22T16:30:50.282000+00:00,false,0,Animal Battle Stats,1446203750204047426
1485314046851944668,,,,,,true,,0000,0,,1446203750204047426,,0,Animal Battle Stats,,1446204139909550150,,,2026-03-22T16:27:44.570Z,,16739072,4,false,Matchup,**Python** vs **Sea Lion**,true,User,Anonymous,true,🌐 Location,"Wayne, NJ, US",true,🖥️ Device,Safari on macOS,,,,,,,,,,,,,,,,,0,0,,,https://images-ext-1.discordapp.net/external/JNVOwhfRcEFw8VgKDMB9KwuZ8MKiLYwmegb7iAnEsqQ/https/animalbattlestats.com/images/icons/icon-192.png,https://animalbattlestats.com/images/icons/icon-192.png,0,2026-03-22T16:27:44.025000+00:00,⚔️ Battle Comparison,rich,0,,,false,,,,false,,,,,,,,,2026-03-22T16:27:44.570000+00:00,false,0,Animal Battle Stats,1446203750204047426
1485313389180879052,,,,,,true,,0000,0,,1446203750204047426,,0,Animal Battle Stats,,1446204139909550150,,,2026-03-22T16:25:07.769Z,,4491519,4,true,Visitor,Anonymous,true,🔗 Page,/tournament,true,🌐 Location,"Wayne, NJ, US",true,🖥️ Device,Safari on macOS,true,📐 Screen,820x1180,true,🌐 Language,en-US,,,,,,,,,,,0,0,,,https://images-ext-1.discordapp.net/external/JNVOwhfRcEFw8VgKDMB9KwuZ8MKiLYwmegb7iAnEsqQ/https/animalbattlestats.com/images/icons/icon-192.png,https://animalbattlestats.com/images/icons/icon-192.png,0,2026-03-22T16:25:07.391000+00:00,👀 Site Visit,rich,0,,,false,,,,false,,,,,,,,,2026-03-22T16:25:07.769000+00:00,false,0,Animal Battle Stats,1446203750204047426
1485313308432011347,,,,,,true,,0000,0,,1446203750204047426,,0,Animal Battle Stats,,1446204139909550150,,,2026-03-22T16:24:48.517Z,,4491519,4,true,Visitor,Anonymous,true,🔗 Page,/tournament,true,🌐 Location,"Wayne, NJ, US",true,🖥️ Device,Safari on macOS,true,📐 Screen,820x1180,true,🌐 Language,en-US,,,,,,,,,,,0,0,,,https://images-ext-1.discordapp.net/external/JNVOwhfRcEFw8VgKDMB9KwuZ8MKiLYwmegb7iAnEsqQ/https/animalbattlestats.com/images/icons/icon-192.png,https://animalbattlestats.com/images/icons/icon-192.png,0,2026-03-22T16:24:48.159000+00:00,👀 Site Visit,rich,0,,,false,,,,false,,,,,,,,,2026-03-22T16:24:48.517000+00:00,false,0,Animal Battle Stats,1446203750204047426
1485313304610996319,,,,,,true,,0000,0,,1446203750204047426,,0,Animal Battle Stats,,1446204139909550150,,,2026-03-22T16:24:47.606Z,,4491519,4,true,Visitor,Anonymous,true,🔗 Page,/,true,🌐 Location,"Wayne, NJ, US",true,🖥️ Device,Safari on macOS,true,📐 Screen,820x1180,true,🌐 Language,en-US,,,,,,,,,,,0,0,,,https://images-ext-1.discordapp.net/external/JNVOwhfRcEFw8VgKDMB9KwuZ8MKiLYwmegb7iAnEsqQ/https/animalbattlestats.com/images/icons/icon-192.png,https://animalbattlestats.com/images/icons/icon-192.png,0,2026-03-22T16:24:47.317000+00:00,👀 Site Visit,rich,0,,,false,,,,false,,,,,,,,,2026-03-22T16:24:47.606000+00:00,false,0,Animal Battle Stats,1446203750204047426
1485313149040066692,,,,,,true,,0000,0,,1446203750204047426,,0,Animal Battle Stats,,1446204139909550150,,,2026-03-22T16:24:10.515Z,,16737095,4,true,User,Anonymous,true,Bracket Size,64 animals,true,Progress,5/63 (8%),false,Last Votes,"Peregrine Falcon beat Donkey
Camel beat Giraffe
African Elephant beat Narwhal
Sailfish beat Gaboon Viper
Cheetah beat Hyena",true,🌐 Location,"Wayne, NJ, US",,,,,,,,,,,,,,0,0,,,https://images-ext-1.discordapp.net/external/JNVOwhfRcEFw8VgKDMB9KwuZ8MKiLYwmegb7iAnEsqQ/https/animalbattlestats.com/images/icons/icon-192.png,https://animalbattlestats.com/images/icons/icon-192.png,0,2026-03-22T16:21:40.949000+00:00,🚪 Tournament Quit,rich,0,,,false,,,,false,,,,,,,,,2026-03-22T16:24:10.515000+00:00,false,0,Animal Battle Stats,1446203750204047426
1485312898543653021,,,,,,true,,0000,0,,1446203750204047426,,0,Animal Battle Stats,,1446204139909550150,,,2026-03-22T16:23:10.792Z,,4491519,4,true,Visitor,Anonymous,true,🔗 Page,/stats/monarch-butterfly,true,🌐 Location,"Wayne, NJ, US",true,🖥️ Device,Safari on macOS,true,📐 Screen,820x1180,true,🌐 Language,en-US,,,,,,,,,,,0,0,,,https://images-ext-1.discordapp.net/external/JNVOwhfRcEFw8VgKDMB9KwuZ8MKiLYwmegb7iAnEsqQ/https/animalbattlestats.com/images/icons/icon-192.png,https://animalbattlestats.com/images/icons/icon-192.png,0,2026-03-22T16:23:10.587000+00:00,👀 Site Visit,rich,0,,,false,,,,false,,,,,,,,,2026-03-22T16:23:10.792000+00:00,false,0,Animal Battle Stats,1446203750204047426
1485312790422880427,,,,,,true,,0000,0,,1446203750204047426,,0,Animal Battle Stats,,1446204139909550150,,,2026-03-22T16:22:45.014Z,,16739072,4,false,Matchup,**Blue Whale** vs **Moray Eel**,true,User,Anonymous,true,🌐 Location,"Wayne, NJ, US",true,🖥️ Device,Safari on macOS,,,,,,,,,,,,,,,,,0,0,,,https://images-ext-1.discordapp.net/external/JNVOwhfRcEFw8VgKDMB9KwuZ8MKiLYwmegb7iAnEsqQ/https/animalbattlestats.com/images/icons/icon-192.png,https://animalbattlestats.com/images/icons/icon-192.png,0,2026-03-22T16:22:44.565000+00:00,⚔️ Battle Comparison,rich,0,,,false,,,,false,,,,,,,,,2026-03-22T16:22:45.014000+00:00,false,0,Animal Battle Stats,1446203750204047426
1485312208765452309,,,,,,true,,0000,0,,1446203750204047426,,0,Animal Battle Stats,,1446204139909550150,,,2026-03-22T16:20:26.336Z,,4491519,4,true,Visitor,Anonymous,true,🔗 Page,/,true,🌐 Location,"Wayne, NJ, US",true,🖥️ Device,Safari on macOS,true,📐 Screen,820x1180,true,🌐 Language,en-US,,,,,,,,,,,0,0,,,https://images-ext-1.discordapp.net/external/JNVOwhfRcEFw8VgKDMB9KwuZ8MKiLYwmegb7iAnEsqQ/https/animalbattlestats.com/images/icons/icon-192.png,https://animalbattlestats.com/images/icons/icon-192.png,0,2026-03-22T16:19:28.512000+00:00,👀 Site Visit,rich,0,,,false,,,,false,,,,,,,,,2026-03-22T16:20:26.336000+00:00,false,0,Animal Battle Stats,1446203750204047426
1484935768324702239,,,,,,true,,0000,0,,1446203750204047426,,0,Animal Battle Stats,,1446204139909550150,,,2026-03-21T15:24:35.941Z,,4491519,4,true,Visitor,Anonymous,true,🔗 Page,/signup,true,🌐 Location,US,true,📱 Device,Chrome on Linux,true,📐 Screen,412x732,true,🌐 Language,en-US,,,,,,,,,,,0,0,,,https://images-ext-1.discordapp.net/external/JNVOwhfRcEFw8VgKDMB9KwuZ8MKiLYwmegb7iAnEsqQ/https/animalbattlestats.com/images/icons/icon-192.png,https://animalbattlestats.com/images/icons/icon-192.png,0,2026-03-21T15:23:30.946000+00:00,👀 Site Visit,rich,0,,,false,,,,false,,,,,,,,,2026-03-21T15:24:35.941000+00:00,false,0,Animal Battle Stats,1446203750204047426
1484878432516051004,,,,,,true,,0000,0,,1446203750204047426,,0,Animal Battle Stats,,1446204139909550150,,,2026-03-21T11:36:46.019Z,,4491519,4,true,Visitor,Anonymous,true,🔗 Page,/rankings,true,🌐 Location,"Katy, TX, US",true,📱 Device,Safari on macOS,true,📐 Screen,402x874,true,🌐 Language,en-US,,,,,,,,,,,0,0,,,https://images-ext-1.discordapp.net/external/JNVOwhfRcEFw8VgKDMB9KwuZ8MKiLYwmegb7iAnEsqQ/https/animalbattlestats.com/images/icons/icon-192.png,https://animalbattlestats.com/images/icons/icon-192.png,0,2026-03-21T11:36:45.742000+00:00,👀 Site Visit,rich,0,,,false,,,,false,,,,,,,,,2026-03-21T11:36:46.019000+00:00,false,0,Animal Battle Stats,1446203750204047426
1484878429554737244,,,,,,true,,0000,0,,1446203750204047426,,0,Animal Battle Stats,,1446204139909550150,,,2026-03-21T11:36:45.313Z,,4491519,4,true,Visitor,Anonymous,true,🔗 Page,/stats,true,🌐 Location,"Katy, TX, US",true,📱 Device,Safari on macOS,true,📐 Screen,402x874,true,🌐 Language,en-US,,,,,,,,,,,0,0,,,https://images-ext-1.discordapp.net/external/JNVOwhfRcEFw8VgKDMB9KwuZ8MKiLYwmegb7iAnEsqQ/https/animalbattlestats.com/images/icons/icon-192.png,https://animalbattlestats.com/images/icons/icon-192.png,0,2026-03-21T11:36:43.903000+00:00,👀 Site Visit,rich,0,,,false,,,,false,,,,,,,,,2026-03-21T11:36:45.313000+00:00,false,0,Animal Battle Stats,1446203750204047426
1484878424505057413,,,,,,true,,0000,0,,1446203750204047426,,0,Animal Battle Stats,,1446204139909550150,,,2026-03-21T11:36:44.109Z,,4491519,4,true,Visitor,Anonymous,true,🔗 Page,/,true,🌐 Location,"Katy, TX, US",true,📱 Device,Safari on macOS,true,📐 Screen,402x874,true,🌐 Language,en-US,,,,,,,,,,,0,0,,,https://images-ext-1.discordapp.net/external/JNVOwhfRcEFw8VgKDMB9KwuZ8MKiLYwmegb7iAnEsqQ/https/animalbattlestats.com/images/icons/icon-192.png,https://animalbattlestats.com/images/icons/icon-192.png,0,2026-03-21T11:36:37.204000+00:00,👀 Site Visit,rich,0,,,false,,,,false,,,,,,,,,2026-03-21T11:36:44.109000+00:00,false,0,Animal Battle Stats,1446203750204047426
1484820121208885359,,,,,,true,,0000,0,,1446203750204047426,,0,Animal Battle Stats,,1446204139909550150,,,2026-03-21T07:45:03.520Z,,6710886,4,true,User,Anonymous,true,🔗 Page,/compare,true,🌐 Location,"Sydney, NSW, AU",true,🕐 Session Duration,15s,,,,,,,,,,,,,,,,,0,0,,,https://images-ext-1.discordapp.net/external/JNVOwhfRcEFw8VgKDMB9KwuZ8MKiLYwmegb7iAnEsqQ/https/animalbattlestats.com/images/icons/icon-192.png,https://animalbattlestats.com/images/icons/icon-192.png,0,2026-03-21T07:45:03.188000+00:00,👋 User Left Site,rich,0,,,false,,,,false,,,,,,,,,2026-03-21T07:45:03.520000+00:00,false,0,Animal Battle Stats,1446203750204047426
1484820056784244818,,,,,,true,,0000,0,,1446203750204047426,,0,Animal Battle Stats,,1446204139909550150,,,2026-03-21T07:44:48.160Z,,4491519,4,true,Visitor,Anonymous,true,🔗 Page,/compare,true,🌐 Location,"Sydney, NSW, AU",true,📱 Device,Chrome on Linux,true,📐 Screen,1205x753,true,🌐 Language,en-AU,,,,,,,,,,,0,0,,,https://images-ext-1.discordapp.net/external/JNVOwhfRcEFw8VgKDMB9KwuZ8MKiLYwmegb7iAnEsqQ/https/animalbattlestats.com/images/icons/icon-192.png,https://animalbattlestats.com/images/icons/icon-192.png,0,2026-03-21T07:44:47.846000+00:00,👀 Site Visit,rich,0,,,false,,,,false,,,,,,,,,2026-03-21T07:44:48.160000+00:00,false,0,Animal Battle Stats,1446203750204047426
1484820054171455539,,,,,,true,,0000,0,,1446203750204047426,,0,Animal Battle Stats,,1446204139909550150,,,2026-03-21T07:44:47.537Z,,6710886,4,true,User,Anonymous,true,🔗 Page,/compare,true,🌐 Location,"Sydney, NSW, AU",true,🕐 Session Duration,32s,,,,,,,,,,,,,,,,,0,0,,,https://images-ext-1.discordapp.net/external/JNVOwhfRcEFw8VgKDMB9KwuZ8MKiLYwmegb7iAnEsqQ/https/animalbattlestats.com/images/icons/icon-192.png,https://animalbattlestats.com/images/icons/icon-192.png,0,2026-03-21T07:44:46.419000+00:00,👋 User Left Site,rich,0,,,false,,,,false,,,,,,,,,2026-03-21T07:44:47.537000+00:00,false,0,Animal Battle Stats,1446203750204047426
1484820054066462810,,,,,,true,,0000,0,,1446203750204047426,,0,Animal Battle Stats,,1446204139909550150,,,2026-03-21T07:44:47.512Z,,4491519,4,true,Visitor,Anonymous,true,🔗 Page,/compare,true,🌐 Location,"Sydney, NSW, AU",true,🖥️ Device,Chrome on Linux,true,📐 Screen,1205x753,true,🌐 Language,en-AU,,,,,,,,,,,0,0,,,https://images-ext-1.discordapp.net/external/JNVOwhfRcEFw8VgKDMB9KwuZ8MKiLYwmegb7iAnEsqQ/https/animalbattlestats.com/images/icons/icon-192.png,https://animalbattlestats.com/images/icons/icon-192.png,0,2026-03-21T07:44:14.245000+00:00,👀 Site Visit,rich,0,,,false,,,,false,,,,,,,,,2026-03-21T07:44:47.512000+00:00,false,0,Animal Battle Stats,1446203750204047426
1484567165687562270,,,,,,true,,0000,0,,1446203750204047426,,0,Animal Battle Stats,,1446204139909550150,,,2026-03-20T14:59:54.224Z,,16739072,4,false,Matchup,**Hippopotamus** vs **Bald Eagle**,true,User,Anonymous,true,🌐 Location,"Jakarta, JK, ID",true,📱 Device,Chrome on Linux,,,,,,,,,,,,,,,,,0,0,,,https://images-ext-1.discordapp.net/external/JNVOwhfRcEFw8VgKDMB9KwuZ8MKiLYwmegb7iAnEsqQ/https/animalbattlestats.com/images/icons/icon-192.png,https://animalbattlestats.com/images/icons/icon-192.png,0,2026-03-20T14:59:53.773000+00:00,⚔️ Battle Comparison,rich,0,,,false,,,,false,,,,,,,,,2026-03-20T14:59:54.224000+00:00,false,0,Animal Battle Stats,1446203750204047426
1484566980941053982,,,,,,true,,0000,0,,1446203750204047426,,0,Animal Battle Stats,,1446204139909550150,,,2026-03-20T14:59:10.177Z,,16739072,4,false,Matchup,**Hippopotamus** vs **African Elephant**,true,User,Anonymous,true,🌐 Location,"Jakarta, JK, ID",true,📱 Device,Chrome on Linux,,,,,,,,,,,,,,,,,0,0,,,https://images-ext-1.discordapp.net/external/JNVOwhfRcEFw8VgKDMB9KwuZ8MKiLYwmegb7iAnEsqQ/https/animalbattlestats.com/images/icons/icon-192.png,https://animalbattlestats.com/images/icons/icon-192.png,0,2026-03-20T14:59:09.515000+00:00,⚔️ Battle Comparison,rich,0,,,false,,,,false,,,,,,,,,2026-03-20T14:59:10.177000+00:00,false,0,Animal Battle Stats,1446203750204047426
1484564758068723772,,,,,,true,,0000,0,,1446203750204047426,,0,Animal Battle Stats,,1446204139909550150,,,2026-03-20T14:50:20.203Z,,16766720,4,true,User,Anonymous,true,Bracket Size,64 animals,true,Total Matches,63,true,🏆 Champion,**Blue Whale**,true,🥈 2nd Place,Walrus,true,🥉 3rd/4th,"Beluga Whale, Great White Shark",false,Final Matches,"✓ Tiger Shark beat Colossal Squid
✓ Walrus beat Kangaroo
✓ Great White Shark beat Impala
✓ Blue Whale beat Giraffe
✓ Beluga Whale beat Tiger Shark
✓ Walrus beat Great White Shark
✓ Blue Whale beat Beluga Whale
✓ Blue Whale beat Walrus",true,🌐 Location,"Jakarta, JK, ID",true,📱 Device,Chrome on Linux,,0,0,,,https://images-ext-1.discordapp.net/external/JNVOwhfRcEFw8VgKDMB9KwuZ8MKiLYwmegb7iAnEsqQ/https/animalbattlestats.com/images/icons/icon-192.png,https://animalbattlestats.com/images/icons/icon-192.png,0,2026-03-20T14:50:02.098000+00:00,🏆 Tournament Completed!,rich,0,,,false,,,,false,,,,,,,,,2026-03-20T14:50:20.203000+00:00,false,0,Animal Battle Stats,1446203750204047426
1484562220992958644,,,,,,true,,0000,0,,1446203750204047426,,0,Animal Battle Stats,,1446204139909550150,,,2026-03-20T14:40:15.317Z,,16739072,4,false,Matchup,**Megalodon** vs **Saltwater Crocodile**,true,User,Anonymous,true,🌐 Location,"Jakarta, JK, ID",true,📱 Device,Chrome on Linux,,,,,,,,,,,,,,,,,0,0,,,https://images-ext-1.discordapp.net/external/JNVOwhfRcEFw8VgKDMB9KwuZ8MKiLYwmegb7iAnEsqQ/https/animalbattlestats.com/images/icons/icon-192.png,https://animalbattlestats.com/images/icons/icon-192.png,0,2026-03-20T14:40:14.665000+00:00,⚔️ Battle Comparison,rich,0,,,false,,,,false,,,,,,,,,2026-03-20T14:40:15.317000+00:00,false,0,Animal Battle Stats,1446203750204047426
1483933245530968258,,,,,,true,,0000,0,,1446203750204047426,,0,Animal Battle Stats,,1446204139909550150,,,2026-03-18T21:00:55.881Z,,16739072,4,false,Matchup,**Alligator** vs **Great White Shark**,true,User,Anonymous,true,🌐 Location,"Irvine, CA, US",true,🖥️ Device,Chrome on Windows,,,,,,,,,,,,,,,,,0,0,,,https://images-ext-1.discordapp.net/external/JNVOwhfRcEFw8VgKDMB9KwuZ8MKiLYwmegb7iAnEsqQ/https/animalbattlestats.com/images/icons/icon-192.png,https://animalbattlestats.com/images/icons/icon-192.png,0,2026-03-18T21:00:55.270000+00:00,⚔️ Battle Comparison,rich,0,,,false,,,,false,,,,,,,,,2026-03-18T21:00:55.881000+00:00,false,0,Animal Battle Stats,1446203750204047426
1483841576751861933,,,,,,true,,0000,0,,1446203750204047426,,0,Animal Battle Stats,,1446204139909550150,,,2026-03-18T14:56:40.341Z,,4491519,4,true,Visitor,Anonymous,true,🔗 Page,/,true,🌐 Location,"San Jose, CA, US",true,🖥️ Device,Chrome on Windows,true,📐 Screen,1366x768,true,🌐 Language,en-US,,,,,,,,,,,0,0,,,https://images-ext-1.discordapp.net/external/JNVOwhfRcEFw8VgKDMB9KwuZ8MKiLYwmegb7iAnEsqQ/https/animalbattlestats.com/images/icons/icon-192.png,https://animalbattlestats.com/images/icons/icon-192.png,0,2026-03-18T14:51:31.463000+00:00,👀 Site Visit,rich,0,,,false,,,,false,,,,,,,,,2026-03-18T14:56:40.341000+00:00,false,0,Animal Battle Stats,1446203750204047426
1483746713356468246,,,,,,true,,0000,0,,1446203750204047426,,0,Animal Battle Stats,,1446204139909550150,,,2026-03-18T08:39:43.145Z,,16766720,4,true,User,Anonymous,true,Bracket Size,8 animals,true,Total Matches,7,true,🏆 Champion,**Bongo**,true,🥈 2nd Place,Ibex,true,🥉 3rd/4th,"Peacock, Seal",false,Final Matches,"✓ Ibex beat Iguana
✓ Seal beat Beaver
✓ Bongo beat Swan
✓ Peacock beat Sloth
✓ Ibex beat Seal
✓ Bongo beat Peacock
✓ Bongo beat Ibex",true,🌐 Location,"Jakarta, JK, ID",true,🖥️ Device,Chrome on Windows,,0,0,,,https://images-ext-1.discordapp.net/external/JNVOwhfRcEFw8VgKDMB9KwuZ8MKiLYwmegb7iAnEsqQ/https/animalbattlestats.com/images/icons/icon-192.png,https://animalbattlestats.com/images/icons/icon-192.png,0,2026-03-18T08:39:30.321000+00:00,🏆 Tournament Completed!,rich,0,,,false,,,,false,,,,,,,,,2026-03-18T08:39:43.145000+00:00,false,0,Animal Battle Stats,1446203750204047426
1483746263303454823,,,,,,true,,0000,0,,1446203750204047426,,0,Animal Battle Stats,,1446204139909550150,,,2026-03-18T08:37:55.844Z,,16739072,4,false,Matchup,**Red-Eyed Tree Frog** vs **Red-Eyed Tree Frog**,true,User,Anonymous,true,🌐 Location,"Jakarta, JK, ID",true,🖥️ Device,Chrome on Windows,,,,,,,,,,,,,,,,,0,0,,,https://images-ext-1.discordapp.net/external/JNVOwhfRcEFw8VgKDMB9KwuZ8MKiLYwmegb7iAnEsqQ/https/animalbattlestats.com/images/icons/icon-192.png,https://animalbattlestats.com/images/icons/icon-192.png,0,2026-03-18T08:37:55.145000+00:00,⚔️ Battle Comparison,rich,0,,,false,,,,false,,,,,,,,,2026-03-18T08:37:55.844000+00:00,false,0,Animal Battle Stats,1446203750204047426
1483746228716961803,,,,,,true,,0000,0,,1446203750204047426,,0,Animal Battle Stats,,1446204139909550150,,,2026-03-18T08:37:47.598Z,,16739072,4,false,Matchup,**Salamander** vs **Red-Eyed Tree Frog**,true,User,Anonymous,true,🌐 Location,"Jakarta, JK, ID",true,🖥️ Device,Chrome on Windows,,,,,,,,,,,,,,,,,0,0,,,https://images-ext-1.discordapp.net/external/JNVOwhfRcEFw8VgKDMB9KwuZ8MKiLYwmegb7iAnEsqQ/https/animalbattlestats.com/images/icons/icon-192.png,https://animalbattlestats.com/images/icons/icon-192.png,0,2026-03-18T08:37:47.206000+00:00,⚔️ Battle Comparison,rich,0,,,false,,,,false,,,,,,,,,2026-03-18T08:37:47.598000+00:00,false,0,Animal Battle Stats,1446203750204047426
1483746187952521359,,,,,,true,,0000,0,,1446203750204047426,,0,Animal Battle Stats,,1446204139909550150,,,2026-03-18T08:37:37.879Z,,16739072,4,false,Matchup,**Salamander** vs **Saltwater Crocodile**,true,User,Anonymous,true,🌐 Location,"Jakarta, JK, ID",true,🖥️ Device,Chrome on Windows,,,,,,,,,,,,,,,,,0,0,,,https://images-ext-1.discordapp.net/external/JNVOwhfRcEFw8VgKDMB9KwuZ8MKiLYwmegb7iAnEsqQ/https/animalbattlestats.com/images/icons/icon-192.png,https://animalbattlestats.com/images/icons/icon-192.png,0,2026-03-18T08:37:37.681000+00:00,⚔️ Battle Comparison,rich,0,,,false,,,,false,,,,,,,,,2026-03-18T08:37:37.879000+00:00,false,0,Animal Battle Stats,1446203750204047426
1483746093769429062,,,,,,true,,0000,0,,1446203750204047426,,0,Animal Battle Stats,,1446204139909550150,,,2026-03-18T08:37:15.424Z,,16739072,4,false,Matchup,**Megalodon** vs **Saltwater Crocodile**,true,User,Anonymous,true,🌐 Location,"Jakarta, JK, ID",true,🖥️ Device,Chrome on Windows,,,,,,,,,,,,,,,,,0,0,,,https://images-ext-1.discordapp.net/external/JNVOwhfRcEFw8VgKDMB9KwuZ8MKiLYwmegb7iAnEsqQ/https/animalbattlestats.com/images/icons/icon-192.png,https://animalbattlestats.com/images/icons/icon-192.png,0,2026-03-18T08:37:15.118000+00:00,⚔️ Battle Comparison,rich,0,,,false,,,,false,,,,,,,,,2026-03-18T08:37:15.424000+00:00,false,0,Animal Battle Stats,1446203750204047426
1483746049846935603,,,,,,true,,0000,0,,1446203750204047426,,0,Animal Battle Stats,,1446204139909550150,,,2026-03-18T08:37:04.952Z,,16739072,4,false,Matchup,**African Elephant** vs **Hippopotamus**,true,User,Anonymous,true,🌐 Location,"Jakarta, JK, ID",true,🖥️ Device,Chrome on Windows,,,,,,,,,,,,,,,,,0,0,,,https://images-ext-1.discordapp.net/external/JNVOwhfRcEFw8VgKDMB9KwuZ8MKiLYwmegb7iAnEsqQ/https/animalbattlestats.com/images/icons/icon-192.png,https://animalbattlestats.com/images/icons/icon-192.png,0,2026-03-18T08:37:04.645000+00:00,⚔️ Battle Comparison,rich,0,,,false,,,,false,,,,,,,,,2026-03-18T08:37:04.952000+00:00,false,0,Animal Battle Stats,1446203750204047426
1483746017676623896,,,,,,true,,0000,0,,1446203750204047426,,0,Animal Battle Stats,,1446204139909550150,,,2026-03-18T08:36:57.282Z,,16739072,4,false,Matchup,**African Elephant** vs **Alligator**,true,User,Anonymous,true,🌐 Location,"Jakarta, JK, ID",true,🖥️ Device,Chrome on Windows,,,,,,,,,,,,,,,,,0,0,,,https://images-ext-1.discordapp.net/external/JNVOwhfRcEFw8VgKDMB9KwuZ8MKiLYwmegb7iAnEsqQ/https/animalbattlestats.com/images/icons/icon-192.png,https://animalbattlestats.com/images/icons/icon-192.png,0,2026-03-18T08:36:56.987000+00:00,⚔️ Battle Comparison,rich,0,,,false,,,,false,,,,,,,,,2026-03-18T08:36:57.282000+00:00,false,0,Animal Battle Stats,1446203750204047426
1483745941033979955,,,,,,true,,0000,0,,1446203750204047426,,0,Animal Battle Stats,,1446204139909550150,,,2026-03-18T08:36:39.009Z,,16739072,4,false,Matchup,**Cape Buffalo** vs **Alligator**,true,User,Anonymous,true,🌐 Location,"Jakarta, JK, ID",true,🖥️ Device,Chrome on Windows,,,,,,,,,,,,,,,,,0,0,,,https://images-ext-1.discordapp.net/external/JNVOwhfRcEFw8VgKDMB9KwuZ8MKiLYwmegb7iAnEsqQ/https/animalbattlestats.com/images/icons/icon-192.png,https://animalbattlestats.com/images/icons/icon-192.png,0,2026-03-18T08:36:38.749000+00:00,⚔️ Battle Comparison,rich,0,,,false,,,,false,,,,,,,,,2026-03-18T08:36:39.009000+00:00,false,0,Animal Battle Stats,1446203750204047426
1483745892350689420,,,,,,true,,0000,0,,1446203750204047426,,0,Animal Battle Stats,,1446204139909550150,,,2026-03-18T08:36:27.402Z,,16739072,4,false,Matchup,**Black Rhinoceros** vs **Rhinoceros**,true,User,Anonymous,true,🌐 Location,"Jakarta, JK, ID",true,🖥️ Device,Chrome on Windows,,,,,,,,,,,,,,,,,0,0,,,https://images-ext-1.discordapp.net/external/JNVOwhfRcEFw8VgKDMB9KwuZ8MKiLYwmegb7iAnEsqQ/https/animalbattlestats.com/images/icons/icon-192.png,https://animalbattlestats.com/images/icons/icon-192.png,0,2026-03-18T08:36:27.055000+00:00,⚔️ Battle Comparison,rich,0,,,false,,,,false,,,,,,,,,2026-03-18T08:36:27.402000+00:00,false,0,Animal Battle Stats,1446203750204047426
1483745780450856990,,,,,,true,,0000,0,,1446203750204047426,,0,Animal Battle Stats,,1446204139909550150,,,2026-03-18T08:36:00.723Z,,16739072,4,false,Matchup,**Hippopotamus** vs **African Elephant**,true,User,Anonymous,true,🌐 Location,"Jakarta, JK, ID",true,🖥️ Device,Chrome on Windows,,,,,,,,,,,,,,,,,0,0,,,https://images-ext-1.discordapp.net/external/JNVOwhfRcEFw8VgKDMB9KwuZ8MKiLYwmegb7iAnEsqQ/https/animalbattlestats.com/images/icons/icon-192.png,https://animalbattlestats.com/images/icons/icon-192.png,0,2026-03-18T08:36:00.386000+00:00,⚔️ Battle Comparison,rich,0,,,false,,,,false,,,,,,,,,2026-03-18T08:36:00.723000+00:00,false,0,Animal Battle Stats,1446203750204047426
1483745724838445056,,,,,,true,,0000,0,,1446203750204047426,,0,Animal Battle Stats,,1446204139909550150,,,2026-03-18T08:35:47.464Z,,16739072,4,false,Matchup,**Hippopotamus** vs **Saltwater Crocodile**,true,User,Anonymous,true,🌐 Location,"Jakarta, JK, ID",true,🖥️ Device,Chrome on Windows,,,,,,,,,,,,,,,,,0,0,,,https://images-ext-1.discordapp.net/external/JNVOwhfRcEFw8VgKDMB9KwuZ8MKiLYwmegb7iAnEsqQ/https/animalbattlestats.com/images/icons/icon-192.png,https://animalbattlestats.com/images/icons/icon-192.png,0,2026-03-18T08:35:47.109000+00:00,⚔️ Battle Comparison,rich,0,,,false,,,,false,,,,,,,,,2026-03-18T08:35:47.464000+00:00,false,0,Animal Battle Stats,1446203750204047426
1483745124780478515,,,,,,true,,0000,0,,1446203750204047426,,0,Animal Battle Stats,,1446204139909550150,,,2026-03-18T08:33:24.399Z,,16739072,4,false,Matchup,**Megalodon** vs **Saltwater Crocodile**,true,User,Anonymous,true,🌐 Location,"Jakarta, JK, ID",true,🖥️ Device,Chrome on Windows,,,,,,,,,,,,,,,,,0,0,,,https://images-ext-1.discordapp.net/external/JNVOwhfRcEFw8VgKDMB9KwuZ8MKiLYwmegb7iAnEsqQ/https/animalbattlestats.com/images/icons/icon-192.png,https://animalbattlestats.com/images/icons/icon-192.png,0,2026-03-18T08:33:23.890000+00:00,⚔️ Battle Comparison,rich,0,,,false,,,,false,,,,,,,,,2026-03-18T08:33:24.399000+00:00,false,0,Animal Battle Stats,1446203750204047426
1483742693082402817,,,,,,true,,0000,0,,1446203750204047426,,0,Animal Battle Stats,,1446204139909550150,,,2026-03-18T08:23:44.637Z,,16766720,4,true,User,Anonymous,true,Bracket Size,8 animals,true,Total Matches,7,true,🏆 Champion,**Saltwater Crocodile**,true,🥈 2nd Place,Leatherback Sea Turtle,true,🥉 3rd/4th,"Boa Constrictor, Komodo Dragon",false,Final Matches,"✓ Komodo Dragon beat King Cobra
✓ Saltwater Crocodile beat Gila Monster
✓ Boa Constrictor beat Rattlesnake
✓ Leatherback Sea Turtle beat Gecko
✓ Saltwater Crocodile beat Komodo Dragon
✓ Leatherback Sea Turtle beat Boa Constrictor
✓ Saltwater Crocodile beat Leatherback Sea Turtle",true,🌐 Location,"Jakarta, JK, ID",true,🖥️ Device,Chrome on Windows,,0,0,,,https://images-ext-1.discordapp.net/external/JNVOwhfRcEFw8VgKDMB9KwuZ8MKiLYwmegb7iAnEsqQ/https/animalbattlestats.com/images/icons/icon-192.png,https://animalbattlestats.com/images/icons/icon-192.png,0,2026-03-18T08:23:28.725000+00:00,🏆 Tournament Completed!,rich,0,,,false,,,,false,,,,,,,,,2026-03-18T08:23:44.637000+00:00,false,0,Animal Battle Stats,1446203750204047426
1483741815873081488,,,,,,true,,0000,0,,1446203750204047426,,0,Animal Battle Stats,,1446204139909550150,,,2026-03-18T08:20:15.494Z,,16766720,4,true,User,Anonymous,true,Bracket Size,64 animals,true,Total Matches,63,true,🏆 Champion,**Blue Whale**,true,🥈 2nd Place,African Elephant,true,🥉 3rd/4th,"Beluga Whale, Giraffe",false,Final Matches,"✓ Bison beat Musk Ox
✓ Giraffe beat Polar Bear
✓ Blue Whale beat Bactrian Camel
✓ Beluga Whale beat Camel
✓ African Elephant beat Bison
✓ Blue Whale beat Giraffe
✓ African Elephant beat Beluga Whale
✓ Blue Whale beat African Elephant",true,🌐 Location,"Jakarta, JK, ID",true,🖥️ Device,Chrome on Windows,,0,0,,,https://images-ext-1.discordapp.net/external/JNVOwhfRcEFw8VgKDMB9KwuZ8MKiLYwmegb7iAnEsqQ/https/animalbattlestats.com/images/icons/icon-192.png,https://animalbattlestats.com/images/icons/icon-192.png,0,2026-03-18T08:19:56.988000+00:00,🏆 Tournament Completed!,rich,0,,,false,,,,false,,,,,,,,,2026-03-18T08:20:15.494000+00:00,false,0,Animal Battle Stats,1446203750204047426
1483739889920114768,,,,,,true,,0000,0,,1446203750204047426,,0,Animal Battle Stats,,1446204139909550150,,,2026-03-18T08:12:36.311Z,,16766720,4,true,User,Anonymous,true,Bracket Size,8 animals,true,Total Matches,7,true,🏆 Champion,**Hornet**,true,🥈 2nd Place,Praying Mantis,true,🥉 3rd/4th,"Dragonfly, Hercules Beetle",false,Final Matches,"✓ Hercules Beetle beat Monarch Butterfly
✓ Hornet beat Stag Beetle
✓ Praying Mantis beat Army Ant
✓ Dragonfly beat Bullet Ant
✓ Hornet beat Hercules Beetle
✓ Praying Mantis beat Dragonfly
✓ Hornet beat Praying Mantis",true,🌐 Location,"Jakarta, JK, ID",true,🖥️ Device,Chrome on Windows,,0,0,,,https://images-ext-1.discordapp.net/external/JNVOwhfRcEFw8VgKDMB9KwuZ8MKiLYwmegb7iAnEsqQ/https/animalbattlestats.com/images/icons/icon-192.png,https://animalbattlestats.com/images/icons/icon-192.png,0,2026-03-18T08:12:11.259000+00:00,🏆 Tournament Completed!,rich,0,,,false,,,,false,,,,,,,,,2026-03-18T08:12:36.311000+00:00,false,0,Animal Battle Stats,1446203750204047426
1483738978803912715,,,,,,true,,0000,0,,1446203750204047426,,0,Animal Battle Stats,,1446204139909550150,,,2026-03-18T08:08:59.084Z,,16766720,4,true,User,Anonymous,true,Bracket Size,32 animals,true,Total Matches,31,true,🏆 Champion,**Ostrich**,true,🥈 2nd Place,Cassowary,true,🥉 3rd/4th,"Albatross, Emu",false,Final Matches,"✓ Goose beat Red-tailed Hawk
✓ Emu beat Harpy Eagle
✓ Ostrich beat Emperor Penguin
✓ Albatross beat Pelican
✓ Cassowary beat Goose
✓ Ostrich beat Emu
✓ Cassowary beat Albatross
✓ Ostrich beat Cassowary",true,🌐 Location,"Jakarta, JK, ID",true,🖥️ Device,Chrome on Windows,,0,0,,,https://images-ext-1.discordapp.net/external/JNVOwhfRcEFw8VgKDMB9KwuZ8MKiLYwmegb7iAnEsqQ/https/animalbattlestats.com/images/icons/icon-192.png,https://animalbattlestats.com/images/icons/icon-192.png,0,2026-03-18T08:07:27.356000+00:00,🏆 Tournament Completed!,rich,0,,,false,,,,false,,,,,,,,,2026-03-18T08:08:59.084000+00:00,false,0,Animal Battle Stats,1446203750204047426
1483735866764431431,,,,,,true,,0000,0,,1446203750204047426,,0,Animal Battle Stats,,1446204139909550150,,,2026-03-18T07:56:37.116Z,,16766720,4,true,User,Anonymous,true,Bracket Size,64 animals,true,Total Matches,63,true,🏆 Champion,**Orca**,true,🥈 2nd Place,Manta Ray,true,🥉 3rd/4th,"Leatherback Sea Turtle, Yak",false,Final Matches,"✓ Cape Buffalo beat Manatee
✓ Manta Ray beat Bison
✓ Yak beat Hammerhead Shark
✓ Leatherback Sea Turtle beat Elk
✓ Orca beat Cape Buffalo
✓ Manta Ray beat Yak
✓ Orca beat Leatherback Sea Turtle
✓ Orca beat Manta Ray",true,🌐 Location,"Jakarta, JK, ID",true,🖥️ Device,Chrome on Windows,,0,0,,,https://images-ext-1.discordapp.net/external/JNVOwhfRcEFw8VgKDMB9KwuZ8MKiLYwmegb7iAnEsqQ/https/animalbattlestats.com/images/icons/icon-192.png,https://animalbattlestats.com/images/icons/icon-192.png,0,2026-03-18T07:55:49.105000+00:00,🏆 Tournament Completed!,rich,0,,,false,,,,false,,,,,,,,,2026-03-18T07:56:37.116000+00:00,false,0,Animal Battle Stats,1446203750204047426
1483735799802626178,,,,,,true,,0000,0,,1446203750204047426,,0,Animal Battle Stats,,1446204139909550150,,,2026-03-18T07:56:21.151Z,,16739072,4,false,Matchup,**Megalodon** vs **Saltwater Crocodile**,true,User,Anonymous,true,🌐 Location,"Jakarta, JK, ID",true,🖥️ Device,Chrome on Windows,,,,,,,,,,,,,,,,,0,0,,,https://images-ext-1.discordapp.net/external/JNVOwhfRcEFw8VgKDMB9KwuZ8MKiLYwmegb7iAnEsqQ/https/animalbattlestats.com/images/icons/icon-192.png,https://animalbattlestats.com/images/icons/icon-192.png,0,2026-03-18T07:56:20.753000+00:00,⚔️ Battle Comparison,rich,0,,,false,,,,false,,,,,,,,,2026-03-18T07:56:21.151000+00:00,false,0,Animal Battle Stats,1446203750204047426
1483735760480768031,,,,,,true,,0000,0,,1446203750204047426,,0,Animal Battle Stats,,1446204139909550150,,,2026-03-18T07:56:11.776Z,,16739072,4,false,Matchup,**African Elephant** vs **Saltwater Crocodile**,true,User,Anonymous,true,🌐 Location,"Jakarta, JK, ID",true,🖥️ Device,Chrome on Windows,,,,,,,,,,,,,,,,,0,0,,,https://images-ext-1.discordapp.net/external/JNVOwhfRcEFw8VgKDMB9KwuZ8MKiLYwmegb7iAnEsqQ/https/animalbattlestats.com/images/icons/icon-192.png,https://animalbattlestats.com/images/icons/icon-192.png,0,2026-03-18T07:56:11.474000+00:00,⚔️ Battle Comparison,rich,0,,,false,,,,false,,,,,,,,,2026-03-18T07:56:11.776000+00:00,false,0,Animal Battle Stats,1446203750204047426
1483735731502583879,,,,,,true,,0000,0,,1446203750204047426,,0,Animal Battle Stats,,1446204139909550150,,,2026-03-18T07:56:04.867Z,,16739072,4,false,Matchup,**Megalodon** vs **Saltwater Crocodile**,true,User,Anonymous,true,🌐 Location,"Jakarta, JK, ID",true,🖥️ Device,Chrome on Windows,,,,,,,,,,,,,,,,,0,0,,,https://images-ext-1.discordapp.net/external/JNVOwhfRcEFw8VgKDMB9KwuZ8MKiLYwmegb7iAnEsqQ/https/animalbattlestats.com/images/icons/icon-192.png,https://animalbattlestats.com/images/icons/icon-192.png,0,2026-03-18T07:56:04.334000+00:00,⚔️ Battle Comparison,rich,0,,,false,,,,false,,,,,,,,,2026-03-18T07:56:04.867000+00:00,false,0,Animal Battle Stats,1446203750204047426
1483734044473688094,,,,,,true,,0000,0,,1446203750204047426,,0,Animal Battle Stats,,1446204139909550150,,,2026-03-18T07:49:22.648Z,,16766720,4,true,User,Anonymous,true,Bracket Size,64 animals,true,Total Matches,63,true,🏆 Champion,**Megalodon**,true,🥈 2nd Place,Orca,true,🥉 3rd/4th,"Manta Ray, Giraffe",false,Final Matches,"✓ Manta Ray beat Tiger Shark
✓ Megalodon beat Electric Eel
✓ Giraffe beat Narwhal
✓ Orca beat Moose
✓ Manta Ray beat Black Rhinoceros
✓ Megalodon beat Giraffe
✓ Orca beat Manta Ray
✓ Megalodon beat Orca",true,🌐 Location,"Jakarta, JK, ID",true,🖥️ Device,Chrome on Windows,,0,0,,,https://images-ext-1.discordapp.net/external/JNVOwhfRcEFw8VgKDMB9KwuZ8MKiLYwmegb7iAnEsqQ/https/animalbattlestats.com/images/icons/icon-192.png,https://animalbattlestats.com/images/icons/icon-192.png,0,2026-03-18T07:47:41.193000+00:00,🏆 Tournament Completed!,rich,0,,,false,,,,false,,,,,,,,,2026-03-18T07:49:22.648000+00:00,false,0,Animal Battle Stats,1446203750204047426
1483733930850128032,,,,,,true,,0000,0,,1446203750204047426,,0,Animal Battle Stats,,1446204139909550150,,,2026-03-18T07:48:55.558Z,,16739072,4,false,Matchup,**African Elephant** vs **Hippopotamus**,true,User,Anonymous,true,🌐 Location,"Jakarta, JK, ID",true,🖥️ Device,Chrome on Windows,,,,,,,,,,,,,,,,,0,0,,,https://images-ext-1.discordapp.net/external/JNVOwhfRcEFw8VgKDMB9KwuZ8MKiLYwmegb7iAnEsqQ/https/animalbattlestats.com/images/icons/icon-192.png,https://animalbattlestats.com/images/icons/icon-192.png,0,2026-03-18T07:48:55.191000+00:00,⚔️ Battle Comparison,rich,0,,,false,,,,false,,,,,,,,,2026-03-18T07:48:55.558000+00:00,false,0,Animal Battle Stats,1446203750204047426
1483733888437194812,,,,,,true,,0000,0,,1446203750204047426,,0,Animal Battle Stats,,1446204139909550150,,,2026-03-18T07:48:45.446Z,,16739072,4,false,Matchup,**African Elephant** vs **Hippopotamus**,true,User,Anonymous,true,🌐 Location,"Jakarta, JK, ID",true,🖥️ Device,Chrome on Windows,,,,,,,,,,,,,,,,,0,0,,,https://images-ext-1.discordapp.net/external/JNVOwhfRcEFw8VgKDMB9KwuZ8MKiLYwmegb7iAnEsqQ/https/animalbattlestats.com/images/icons/icon-192.png,https://animalbattlestats.com/images/icons/icon-192.png,0,2026-03-18T07:48:45.133000+00:00,⚔️ Battle Comparison,rich,0,,,false,,,,false,,,,,,,,,2026-03-18T07:48:45.446000+00:00,false,0,Animal Battle Stats,1446203750204047426
1483733835245027388,,,,,,true,,0000,0,,1446203750204047426,,0,Animal Battle Stats,,1446204139909550150,,,2026-03-18T07:48:32.764Z,,16739072,4,false,Matchup,**African Elephant** vs **Hippopotamus**,true,User,Anonymous,true,🌐 Location,"Jakarta, JK, ID",true,🖥️ Device,Chrome on Windows,,,,,,,,,,,,,,,,,0,0,,,https://images-ext-1.discordapp.net/external/JNVOwhfRcEFw8VgKDMB9KwuZ8MKiLYwmegb7iAnEsqQ/https/animalbattlestats.com/images/icons/icon-192.png,https://animalbattlestats.com/images/icons/icon-192.png,0,2026-03-18T07:48:32.159000+00:00,⚔️ Battle Comparison,rich,0,,,false,,,,false,,,,,,,,,2026-03-18T07:48:32.764000+00:00,false,0,Animal Battle Stats,1446203750204047426
1483731793797713980,,,,,,true,,0000,0,,1446203750204047426,,0,Animal Battle Stats,,1446204139909550150,,,2026-03-18T07:40:26.045Z,,16739072,4,false,Matchup,**Megalodon** vs **Saltwater Crocodile**,true,User,Anonymous,true,🌐 Location,"Jakarta, JK, ID",true,🖥️ Device,Chrome on Windows,,,,,,,,,,,,,,,,,0,0,,,https://images-ext-1.discordapp.net/external/JNVOwhfRcEFw8VgKDMB9KwuZ8MKiLYwmegb7iAnEsqQ/https/animalbattlestats.com/images/icons/icon-192.png,https://animalbattlestats.com/images/icons/icon-192.png,0,2026-03-18T07:40:25.357000+00:00,⚔️ Battle Comparison,rich,0,,,false,,,,false,,,,,,,,,2026-03-18T07:40:26.045000+00:00,false,0,Animal Battle Stats,1446203750204047426
1483467326455025734,,,,,,true,,0000,0,,1446203750204047426,,0,Animal Battle Stats,,1446204139909550150,,,2026-03-17T14:09:32.117Z,,16739072,4,false,Matchup,**Black Rhinoceros** vs **Gorilla**,true,User,Anonymous,true,🌐 Location,"Liverpool, ENG, GB",true,🖥️ Device,Safari on macOS,,,,,,,,,,,,,,,,,0,0,,,https://images-ext-1.discordapp.net/external/JNVOwhfRcEFw8VgKDMB9KwuZ8MKiLYwmegb7iAnEsqQ/https/animalbattlestats.com/images/icons/icon-192.png,https://animalbattlestats.com/images/icons/icon-192.png,0,2026-03-17T14:09:31.776000+00:00,⚔️ Battle Comparison,rich,0,,,false,,,,false,,,,,,,,,2026-03-17T14:09:32.117000+00:00,false,0,Animal Battle Stats,1446203750204047426
1483467177494577152,,,,,,true,,0000,0,,1446203750204047426,,0,Animal Battle Stats,,1446204139909550150,,,2026-03-17T14:08:56.602Z,,16739072,4,false,Matchup,**African Lion** vs **Gorilla**,true,User,Anonymous,true,🌐 Location,"Liverpool, ENG, GB",true,🖥️ Device,Safari on macOS,,,,,,,,,,,,,,,,,0,0,,,https://images-ext-1.discordapp.net/external/JNVOwhfRcEFw8VgKDMB9KwuZ8MKiLYwmegb7iAnEsqQ/https/animalbattlestats.com/images/icons/icon-192.png,https://animalbattlestats.com/images/icons/icon-192.png,0,2026-03-17T14:08:56.315000+00:00,⚔️ Battle Comparison,rich,0,,,false,,,,false,,,,,,,,,2026-03-17T14:08:56.602000+00:00,false,0,Animal Battle Stats,1446203750204047426
1483467095030239403,,,,,,true,,0000,0,,1446203750204047426,,0,Animal Battle Stats,,1446204139909550150,,,2026-03-17T14:08:36.941Z,,16739072,4,false,Matchup,**Cheetah** vs **Gorilla**,true,User,Anonymous,true,🌐 Location,"Liverpool, ENG, GB",true,🖥️ Device,Safari on macOS,,,,,,,,,,,,,,,,,0,0,,,https://images-ext-1.discordapp.net/external/JNVOwhfRcEFw8VgKDMB9KwuZ8MKiLYwmegb7iAnEsqQ/https/animalbattlestats.com/images/icons/icon-192.png,https://animalbattlestats.com/images/icons/icon-192.png,0,2026-03-17T14:08:36.659000+00:00,⚔️ Battle Comparison,rich,0,,,false,,,,false,,,,,,,,,2026-03-17T14:08:36.941000+00:00,false,0,Animal Battle Stats,1446203750204047426
1483466978457944114,,,,,,true,,0000,0,,1446203750204047426,,0,Animal Battle Stats,,1446204139909550150,,,2026-03-17T14:08:09.148Z,,16739072,4,false,Matchup,**Cheetah** vs **Gorilla**,true,User,Anonymous,true,🌐 Location,"Liverpool, ENG, GB",true,🖥️ Device,Safari on macOS,,,,,,,,,,,,,,,,,0,0,,,https://images-ext-1.discordapp.net/external/JNVOwhfRcEFw8VgKDMB9KwuZ8MKiLYwmegb7iAnEsqQ/https/animalbattlestats.com/images/icons/icon-192.png,https://animalbattlestats.com/images/icons/icon-192.png,0,2026-03-17T14:08:08.816000+00:00,⚔️ Battle Comparison,rich,0,,,false,,,,false,,,,,,,,,2026-03-17T14:08:09.148000+00:00,false,0,Animal Battle Stats,1446203750204047426
1483466977505841185,,,,,,true,,0000,0,,1446203750204047426,,0,Animal Battle Stats,,1446204139909550150,,,2026-03-17T14:08:08.921Z,,16739072,4,false,Matchup,**Cheetah** vs **Gorilla**,true,User,Anonymous,true,🌐 Location,"Liverpool, ENG, GB",true,🖥️ Device,Safari on macOS,,,,,,,,,,,,,,,,,0,0,,,https://images-ext-1.discordapp.net/external/JNVOwhfRcEFw8VgKDMB9KwuZ8MKiLYwmegb7iAnEsqQ/https/animalbattlestats.com/images/icons/icon-192.png,https://animalbattlestats.com/images/icons/icon-192.png,0,2026-03-17T14:08:08.544000+00:00,⚔️ Battle Comparison,rich,0,,,false,,,,false,,,,,,,,,2026-03-17T14:08:08.921000+00:00,false,0,Animal Battle Stats,1446203750204047426
1483466864813277264,,,,,,true,,0000,0,,1446203750204047426,,0,Animal Battle Stats,,1446204139909550150,,,2026-03-17T14:07:42.053Z,,16739072,4,false,Matchup,**Cheetah** vs **Bottlenose Dolphin**,true,User,Anonymous,true,🌐 Location,"Liverpool, ENG, GB",true,🖥️ Device,Safari on macOS,,,,,,,,,,,,,,,,,0,0,,,https://images-ext-1.discordapp.net/external/JNVOwhfRcEFw8VgKDMB9KwuZ8MKiLYwmegb7iAnEsqQ/https/animalbattlestats.com/images/icons/icon-192.png,https://animalbattlestats.com/images/icons/icon-192.png,0,2026-03-17T14:07:41.595000+00:00,⚔️ Battle Comparison,rich,0,,,false,,,,false,,,,,,,,,2026-03-17T14:07:42.053000+00:00,false,0,Animal Battle Stats,1446203750204047426
1483466698928554127,,,,,,true,,0000,0,,1446203750204047426,,0,Animal Battle Stats,,1446204139909550150,,,2026-03-17T14:07:02.503Z,,16739072,4,false,Matchup,**Goliath Birdeater** vs **Bullfrog**,true,User,Anonymous,true,🌐 Location,"Liverpool, ENG, GB",true,🖥️ Device,Safari on macOS,,,,,,,,,,,,,,,,,0,0,,,https://images-ext-1.discordapp.net/external/JNVOwhfRcEFw8VgKDMB9KwuZ8MKiLYwmegb7iAnEsqQ/https/animalbattlestats.com/images/icons/icon-192.png,https://animalbattlestats.com/images/icons/icon-192.png,0,2026-03-17T14:07:01.642000+00:00,⚔️ Battle Comparison,rich,0,,,false,,,,false,,,,,,,,,2026-03-17T14:07:02.503000+00:00,false,0,Animal Battle Stats,1446203750204047426
1483170629745119244,,,,,,true,,0000,0,,1446203750204047426,,0,Animal Battle Stats,,1446204139909550150,,,2026-03-16T18:30:34.109Z,,16739072,4,false,Matchup,**Sloth Bear** vs **Spectacled Bear**,true,User,Anonymous,true,🌐 Location,"Wayne, NJ, US",true,🖥️ Device,Safari on macOS,,,,,,,,,,,,,,,,,0,0,,,https://images-ext-1.discordapp.net/external/JNVOwhfRcEFw8VgKDMB9KwuZ8MKiLYwmegb7iAnEsqQ/https/animalbattlestats.com/images/icons/icon-192.png,https://animalbattlestats.com/images/icons/icon-192.png,0,2026-03-16T18:30:33.550000+00:00,⚔️ Battle Comparison,rich,0,,,false,,,,false,,,,,,,,,2026-03-16T18:30:34.109000+00:00,false,0,Animal Battle Stats,1446203750204047426
1483048367788527727,,,,,,true,,0000,0,,1446203750204047426,,0,Animal Battle Stats,,1446204139909550150,,,2026-03-16T10:24:44.587Z,,4491519,4,true,Visitor,Anonymous,true,🔗 Page,/,true,🌐 Location,US,true,📱 Device,Chrome on Linux,true,📐 Screen,412x732,true,🌐 Language,en-US,,,,,,,,,,,0,0,,,https://images-ext-1.discordapp.net/external/JNVOwhfRcEFw8VgKDMB9KwuZ8MKiLYwmegb7iAnEsqQ/https/animalbattlestats.com/images/icons/icon-192.png,https://animalbattlestats.com/images/icons/icon-192.png,0,2026-03-16T10:24:23.616000+00:00,👀 Site Visit,rich,0,,,false,,,,false,,,,,,,,,2026-03-16T10:24:44.587000+00:00,false,0,Animal Battle Stats,1446203750204047426
1483048367759163464,,,,,,true,,0000,0,,1446203750204047426,,0,Animal Battle Stats,,1446204139909550150,,,2026-03-16T10:24:44.580Z,,4491519,4,true,Visitor,Anonymous,true,🔗 Page,/,true,🌐 Location,US,true,📱 Device,Chrome on Linux,true,📐 Screen,412x732,true,🌐 Language,en-US,,,,,,,,,,,0,0,,,https://images-ext-1.discordapp.net/external/JNVOwhfRcEFw8VgKDMB9KwuZ8MKiLYwmegb7iAnEsqQ/https/animalbattlestats.com/images/icons/icon-192.png,https://animalbattlestats.com/images/icons/icon-192.png,0,2026-03-16T10:24:44.011000+00:00,👀 Site Visit,rich,0,,,false,,,,false,,,,,,,,,2026-03-16T10:24:44.580000+00:00,false,0,Animal Battle Stats,1446203750204047426
1482446532492918875,,,,,,true,,0000,0,,1446203750204047426,,0,Animal Battle Stats,,1446204139909550150,,,2026-03-14T18:33:15.871Z,,16739072,4,false,Matchup,**Siberian Tiger** vs **Saltwater Crocodile**,true,User,Jo1234,true,🌐 Location,"Cairo, C, EG",true,📱 Device,Chrome on Linux,,,,,,,,,,,,,,,,,0,0,,,https://images-ext-1.discordapp.net/external/JNVOwhfRcEFw8VgKDMB9KwuZ8MKiLYwmegb7iAnEsqQ/https/animalbattlestats.com/images/icons/icon-192.png,https://animalbattlestats.com/images/icons/icon-192.png,0,2026-03-14T18:33:15.462000+00:00,⚔️ Battle Comparison,rich,0,,,false,,,,false,,,,,,,,,2026-03-14T18:33:15.871000+00:00,false,0,Animal Battle Stats,1446203750204047426
1482446062458241125,,,,,,true,,0000,0,,1446203750204047426,,0,Animal Battle Stats,,1446204139909550150,,,2026-03-14T18:31:23.806Z,,4491519,4,true,Visitor,Jo1234,true,🔗 Page,/compare,true,🌐 Location,"Cairo, C, EG",true,📱 Device,Chrome on Linux,true,📐 Screen,360x804,true,🌐 Language,en-US,,,,,,,,,,,0,0,,,https://images-ext-1.discordapp.net/external/JNVOwhfRcEFw8VgKDMB9KwuZ8MKiLYwmegb7iAnEsqQ/https/animalbattlestats.com/images/icons/icon-192.png,https://animalbattlestats.com/images/icons/icon-192.png,0,2026-03-14T18:31:23.443000+00:00,👀 Site Visit,rich,0,,,false,,,,false,,,,,,,,,2026-03-14T18:31:23.806000+00:00,false,0,Animal Battle Stats,1446203750204047426
1482446058838823033,,,,,,true,,0000,0,,1446203750204047426,,0,Animal Battle Stats,,1446204139909550150,,,2026-03-14T18:31:22.943Z,,6710886,4,true,User,Jo1234,true,🔗 Page,/stats/siberian-tiger,true,🌐 Location,"Cairo, C, EG",true,🕐 Session Duration,1m 37s,,,,,,,,,,,,,,,,,0,0,,,https://images-ext-1.discordapp.net/external/JNVOwhfRcEFw8VgKDMB9KwuZ8MKiLYwmegb7iAnEsqQ/https/animalbattlestats.com/images/icons/icon-192.png,https://animalbattlestats.com/images/icons/icon-192.png,0,2026-03-14T18:31:22.573000+00:00,👋 User Left Site,rich,0,,,false,,,,false,,,,,,,,,2026-03-14T18:31:22.943000+00:00,false,0,Animal Battle Stats,1446203750204047426
1482445807025131615,,,,,,true,,0000,0,,1446203750204047426,,0,Animal Battle Stats,,1446204139909550150,,,2026-03-14T18:30:22.906Z,,16739072,4,false,Matchup,**Siberian Tiger** vs **Cape Buffalo**,true,User,Jo1234,true,🌐 Location,"Cairo, C, EG",true,📱 Device,Chrome on Linux,,,,,,,,,,,,,,,,,0,0,,,https://images-ext-1.discordapp.net/external/JNVOwhfRcEFw8VgKDMB9KwuZ8MKiLYwmegb7iAnEsqQ/https/animalbattlestats.com/images/icons/icon-192.png,https://animalbattlestats.com/images/icons/icon-192.png,0,2026-03-14T18:30:22.606000+00:00,⚔️ Battle Comparison,rich,0,,,false,,,,false,,,,,,,,,2026-03-14T18:30:22.906000+00:00,false,0,Animal Battle Stats,1446203750204047426
1482445653056684123,,,,,,true,,0000,0,,1446203750204047426,,0,Animal Battle Stats,,1446204139909550150,,,2026-03-14T18:29:46.197Z,,4491519,4,true,Visitor,Jo1234,true,🔗 Page,/compare,true,🌐 Location,"Cairo, C, EG",true,📱 Device,Chrome on Linux,true,📐 Screen,360x804,true,🌐 Language,en-US,,,,,,,,,,,0,0,,,https://images-ext-1.discordapp.net/external/JNVOwhfRcEFw8VgKDMB9KwuZ8MKiLYwmegb7iAnEsqQ/https/animalbattlestats.com/images/icons/icon-192.png,https://animalbattlestats.com/images/icons/icon-192.png,0,2026-03-14T18:29:45.929000+00:00,👀 Site Visit,rich,0,,,false,,,,false,,,,,,,,,2026-03-14T18:29:46.197000+00:00,false,0,Animal Battle Stats,1446203750204047426
1482445651303333988,,,,,,true,,0000,0,,1446203750204047426,,0,Animal Battle Stats,,1446204139909550150,,,2026-03-14T18:29:45.779Z,,10053375,4,true,Username,Jo1234,true,🌐 Location,"Cairo, C, EG",true,📱 Device,Chrome on Linux,true,🔗 Referrer,https://animalbattlestats.com/signup,,,,,,,,,,,,,,,,,0,0,,,https://images-ext-1.discordapp.net/external/JNVOwhfRcEFw8VgKDMB9KwuZ8MKiLYwmegb7iAnEsqQ/https/animalbattlestats.com/images/icons/icon-192.png,https://animalbattlestats.com/images/icons/icon-192.png,0,2026-03-14T18:29:30.539000+00:00,🎉 New User Signup!,rich,0,,,false,,,,false,,,,,,,,,2026-03-14T18:29:45.779000+00:00,false,0,Animal Battle Stats,1446203750204047426
1482445648065466496,,,,,,true,,0000,0,,1446203750204047426,,0,Animal Battle Stats,,1446204139909550150,,,2026-03-14T18:29:45.007Z,,6710886,4,true,User,Anonymous,true,🔗 Page,/rankings,true,🌐 Location,"Cairo, C, EG",true,🕐 Session Duration,1m 27s,,,,,,,,,,,,,,,,,0,0,,,https://images-ext-1.discordapp.net/external/JNVOwhfRcEFw8VgKDMB9KwuZ8MKiLYwmegb7iAnEsqQ/https/animalbattlestats.com/images/icons/icon-192.png,https://animalbattlestats.com/images/icons/icon-192.png,0,2026-03-14T18:29:44.812000+00:00,👋 User Left Site,rich,0,,,false,,,,false,,,,,,,,,2026-03-14T18:29:45.007000+00:00,false,0,Animal Battle Stats,1446203750204047426
1482445282414432347,,,,,,true,,0000,0,,1446203750204047426,,0,Animal Battle Stats,,1446204139909550150,,,2026-03-14T18:28:17.829Z,,4491519,4,true,Visitor,Anonymous,true,🔗 Page,/rankings,true,🌐 Location,"Cairo, C, EG",true,📱 Device,Chrome on Linux,true,📐 Screen,360x804,true,🌐 Language,en-US,,,,,,,,,,,0,0,,,https://images-ext-1.discordapp.net/external/JNVOwhfRcEFw8VgKDMB9KwuZ8MKiLYwmegb7iAnEsqQ/https/animalbattlestats.com/images/icons/icon-192.png,https://animalbattlestats.com/images/icons/icon-192.png,0,2026-03-14T18:28:17.299000+00:00,👀 Site Visit,rich,0,,,false,,,,false,,,,,,,,,2026-03-14T18:28:17.829000+00:00,false,0,Animal Battle Stats,1446203750204047426
1482445279297802464,,,,,,true,,0000,0,,1446203750204047426,,0,Animal Battle Stats,,1446204139909550150,,,2026-03-14T18:28:17.086Z,,6710886,4,true,User,Anonymous,true,🔗 Page,/stats/polar-bear,true,🌐 Location,"Cairo, C, EG",true,🕐 Session Duration,1m 11s,,,,,,,,,,,,,,,,,0,0,,,https://images-ext-1.discordapp.net/external/JNVOwhfRcEFw8VgKDMB9KwuZ8MKiLYwmegb7iAnEsqQ/https/animalbattlestats.com/images/icons/icon-192.png,https://animalbattlestats.com/images/icons/icon-192.png,0,2026-03-14T18:28:16.068000+00:00,👋 User Left Site,rich,0,,,false,,,,false,,,,,,,,,2026-03-14T18:28:17.086000+00:00,false,0,Animal Battle Stats,1446203750204047426
1482445279226757303,,,,,,true,,0000,0,,1446203750204047426,,0,Animal Battle Stats,,1446204139909550150,,,2026-03-14T18:28:17.069Z,,4491519,4,true,Visitor,Anonymous,true,🔗 Page,/,true,🌐 Location,"Cairo, C, EG",true,📱 Device,Chrome on Linux,true,📐 Screen,360x804,true,🌐 Language,en-US,,,,,,,,,,,0,0,,,https://images-ext-1.discordapp.net/external/JNVOwhfRcEFw8VgKDMB9KwuZ8MKiLYwmegb7iAnEsqQ/https/animalbattlestats.com/images/icons/icon-192.png,https://animalbattlestats.com/images/icons/icon-192.png,0,2026-03-14T18:27:05.015000+00:00,👀 Site Visit,rich,0,,,false,,,,false,,,,,,,,,2026-03-14T18:28:17.069000+00:00,false,0,Animal Battle Stats,1446203750204047426
1481498720091766927,,,,,,true,,0000,0,,1446203750204047426,,0,Animal Battle Stats,,1446204139909550150,,,2026-03-12T03:46:59.785Z,,4491519,4,true,Visitor,Anonymous,true,🔗 Page,/,true,🌐 Location,US,true,📱 Device,Chrome on Linux,true,📐 Screen,412x732,true,🌐 Language,en-US,,,,,,,,,,,0,0,,,https://images-ext-1.discordapp.net/external/JNVOwhfRcEFw8VgKDMB9KwuZ8MKiLYwmegb7iAnEsqQ/https/animalbattlestats.com/images/icons/icon-192.png,https://animalbattlestats.com/images/icons/icon-192.png,0,2026-03-12T03:46:59.525000+00:00,👀 Site Visit,rich,0,,,false,,,,false,,,,,,,,,2026-03-12T03:46:59.785000+00:00,false,0,Animal Battle Stats,1446203750204047426
1481498693365530784,,,,,,true,,0000,0,,1446203750204047426,,0,Animal Battle Stats,,1446204139909550150,,,2026-03-12T03:46:53.413Z,,4491519,4,true,Visitor,Anonymous,true,🔗 Page,/,true,🌐 Location,US,true,🖥️ Device,Chrome on Unknown,true,📐 Screen,1024x1024,true,🌐 Language,en-US,,,,,,,,,,,0,0,,,https://images-ext-1.discordapp.net/external/JNVOwhfRcEFw8VgKDMB9KwuZ8MKiLYwmegb7iAnEsqQ/https/animalbattlestats.com/images/icons/icon-192.png,https://animalbattlestats.com/images/icons/icon-192.png,0,2026-03-12T03:46:51.659000+00:00,👀 Site Visit,rich,0,,,false,,,,false,,,,,,,,,2026-03-12T03:46:53.413000+00:00,false,0,Animal Battle Stats,1446203750204047426
1481498691679293582,,,,,,true,,0000,0,,1446203750204047426,,0,Animal Battle Stats,,1446204139909550150,,,2026-03-12T03:46:53.011Z,,4491519,4,true,Visitor,Anonymous,true,🔗 Page,/,true,🌐 Location,US,true,🖥️ Device,Chrome on Unknown,true,📐 Screen,1024x1024,true,🌐 Language,en-US,,,,,,,,,,,0,0,,,https://images-ext-1.discordapp.net/external/JNVOwhfRcEFw8VgKDMB9KwuZ8MKiLYwmegb7iAnEsqQ/https/animalbattlestats.com/images/icons/icon-192.png,https://animalbattlestats.com/images/icons/icon-192.png,0,2026-03-12T03:46:50.911000+00:00,👀 Site Visit,rich,0,,,false,,,,false,,,,,,,,,2026-03-12T03:46:53.011000+00:00,false,0,Animal Battle Stats,1446203750204047426
1481498684788183041,,,,,,true,,0000,0,,1446203750204047426,,0,Animal Battle Stats,,1446204139909550150,,,2026-03-12T03:46:51.368Z,,4491519,4,true,Visitor,Anonymous,true,🔗 Page,/,true,🌐 Location,US,true,📱 Device,Chrome on Linux,true,📐 Screen,412x732,true,🌐 Language,en-US,,,,,,,,,,,0,0,,,https://images-ext-1.discordapp.net/external/JNVOwhfRcEFw8VgKDMB9KwuZ8MKiLYwmegb7iAnEsqQ/https/animalbattlestats.com/images/icons/icon-192.png,https://animalbattlestats.com/images/icons/icon-192.png,0,2026-03-12T03:46:25.479000+00:00,👀 Site Visit,rich,0,,,false,,,,false,,,,,,,,,2026-03-12T03:46:51.368000+00:00,false,0,Animal Battle Stats,1446203750204047426
1480105300911591549,,,,,,true,,0000,0,,1446203750204047426,,0,Animal Battle Stats,,1446204139909550150,,,2026-03-08T07:30:02.764Z,,6710886,4,true,User,Anonymous,true,🔗 Page,/,true,🌐 Location,"Houston, TX, US",true,🕐 Session Duration,49s,,,,,,,,,,,,,,,,,0,0,,,https://images-ext-1.discordapp.net/external/JNVOwhfRcEFw8VgKDMB9KwuZ8MKiLYwmegb7iAnEsqQ/https/animalbattlestats.com/images/icons/icon-192.png,https://animalbattlestats.com/images/icons/icon-192.png,0,2026-03-08T07:30:02.454000+00:00,👋 User Left Site,rich,0,,,false,,,,false,,,,,,,,,2026-03-08T07:30:02.764000+00:00,false,0,Animal Battle Stats,1446203750204047426
1480105158729007165,,,,,,true,,0000,0,,1446203750204047426,,0,Animal Battle Stats,,1446204139909550150,,,2026-03-08T07:29:28.865Z,,4491519,4,true,Visitor,Anonymous,true,🔗 Page,/,true,🌐 Location,US,true,🖥️ Device,Chrome on Linux,true,📐 Screen,800x600,true,🌐 Language,en-US,,,,,,,,,,,0,0,,,https://images-ext-1.discordapp.net/external/JNVOwhfRcEFw8VgKDMB9KwuZ8MKiLYwmegb7iAnEsqQ/https/animalbattlestats.com/images/icons/icon-192.png,https://animalbattlestats.com/images/icons/icon-192.png,0,2026-03-08T07:29:28.594000+00:00,👀 Site Visit,rich,0,,,false,,,,false,,,,,,,,,2026-03-08T07:29:28.865000+00:00,false,0,Animal Battle Stats,1446203750204047426
1480105156904484927,,,,,,true,,0000,0,,1446203750204047426,,0,Animal Battle Stats,,1446204139909550150,,,2026-03-08T07:29:28.430Z,,4491519,4,true,Visitor,Anonymous,true,🔗 Page,/,true,🌐 Location,"Houston, TX, US",true,🖥️ Device,Chrome on Windows,true,📐 Screen,1366x768,true,🌐 Language,en-US,,,,,,,,,,,0,0,,,https://images-ext-1.discordapp.net/external/JNVOwhfRcEFw8VgKDMB9KwuZ8MKiLYwmegb7iAnEsqQ/https/animalbattlestats.com/images/icons/icon-192.png,https://animalbattlestats.com/images/icons/icon-192.png,0,2026-03-08T07:29:13.554000+00:00,👀 Site Visit,rich,0,,,false,,,,false,,,,,,,,,2026-03-08T07:29:28.430000+00:00,false,0,Animal Battle Stats,1446203750204047426
1479308056402858045,,,,,,true,,0000,0,,1446203750204047426,,0,Animal Battle Stats,,1446204139909550150,,,2026-03-06T02:42:04.861Z,,4491519,4,true,Visitor,Anonymous,true,🔗 Page,/about,true,🌐 Location,FR,true,🖥️ Device,Chrome on Windows,true,📐 Screen,1280x720,true,🌐 Language,en-US@posix,,,,,,,,,,,0,0,,,https://images-ext-1.discordapp.net/external/JNVOwhfRcEFw8VgKDMB9KwuZ8MKiLYwmegb7iAnEsqQ/https/animalbattlestats.com/images/icons/icon-192.png,https://animalbattlestats.com/images/icons/icon-192.png,0,2026-03-06T02:42:04.589000+00:00,👀 Site Visit,rich,0,,,false,,,,false,,,,,,,,,2026-03-06T02:42:04.861000+00:00,false,0,Animal Battle Stats,1446203750204047426
1479308044755271690,,,,,,true,,0000,0,,1446203750204047426,,0,Animal Battle Stats,,1446204139909550150,,,2026-03-06T02:42:02.084Z,,4491519,4,true,Visitor,Anonymous,true,🔗 Page,/compare,true,🌐 Location,FR,true,🖥️ Device,Chrome on Windows,true,📐 Screen,1280x720,true,🌐 Language,en-US@posix,,,,,,,,,,,0,0,,,https://images-ext-1.discordapp.net/external/JNVOwhfRcEFw8VgKDMB9KwuZ8MKiLYwmegb7iAnEsqQ/https/animalbattlestats.com/images/icons/icon-192.png,https://animalbattlestats.com/images/icons/icon-192.png,0,2026-03-06T02:42:01.789000+00:00,👀 Site Visit,rich,0,,,false,,,,false,,,,,,,,,2026-03-06T02:42:02.084000+00:00,false,0,Animal Battle Stats,1446203750204047426
1479308033216741581,,,,,,true,,0000,0,,1446203750204047426,,0,Animal Battle Stats,,1446204139909550150,,,2026-03-06T02:41:59.333Z,,4491519,4,true,Visitor,Anonymous,true,🔗 Page,/login,true,🌐 Location,"Frankfurt am Main, HE, DE",true,🖥️ Device,Chrome on Windows,true,📐 Screen,1280x720,true,🌐 Language,en-US@posix,,,,,,,,,,,0,0,,,https://images-ext-1.discordapp.net/external/JNVOwhfRcEFw8VgKDMB9KwuZ8MKiLYwmegb7iAnEsqQ/https/animalbattlestats.com/images/icons/icon-192.png,https://animalbattlestats.com/images/icons/icon-192.png,0,2026-03-06T02:41:59.070000+00:00,👀 Site Visit,rich,0,,,false,,,,false,,,,,,,,,2026-03-06T02:41:59.333000+00:00,false,0,Animal Battle Stats,1446203750204047426
1479307989109444678,,,,,,true,,0000,0,,1446203750204047426,,0,Animal Battle Stats,,1446204139909550150,,,2026-03-06T02:41:48.817Z,,4491519,4,true,Visitor,Anonymous,true,🔗 Page,/rankings,true,🌐 Location,"Frankfurt am Main, HE, DE",true,🖥️ Device,Chrome on Windows,true,📐 Screen,1280x720,true,🌐 Language,en-US@posix,,,,,,,,,,,0,0,,,https://images-ext-1.discordapp.net/external/JNVOwhfRcEFw8VgKDMB9KwuZ8MKiLYwmegb7iAnEsqQ/https/animalbattlestats.com/images/icons/icon-192.png,https://animalbattlestats.com/images/icons/icon-192.png,0,2026-03-06T02:41:48.415000+00:00,👀 Site Visit,rich,0,,,false,,,,false,,,,,,,,,2026-03-06T02:41:48.817000+00:00,false,0,Animal Battle Stats,1446203750204047426
1479307944603418684,,,,,,true,,0000,0,,1446203750204047426,,0,Animal Battle Stats,,1446204139909550150,,,2026-03-06T02:41:38.206Z,,4491519,4,true,Visitor,Anonymous,true,🔗 Page,/community,true,🌐 Location,FR,true,🖥️ Device,Chrome on Windows,true,📐 Screen,1280x720,true,🌐 Language,en-US@posix,,,,,,,,,,,0,0,,,https://images-ext-1.discordapp.net/external/JNVOwhfRcEFw8VgKDMB9KwuZ8MKiLYwmegb7iAnEsqQ/https/animalbattlestats.com/images/icons/icon-192.png,https://animalbattlestats.com/images/icons/icon-192.png,0,2026-03-06T02:41:37.878000+00:00,👀 Site Visit,rich,0,,,false,,,,false,,,,,,,,,2026-03-06T02:41:38.206000+00:00,false,0,Animal Battle Stats,1446203750204047426
1479307942049353759,,,,,,true,,0000,0,,1446203750204047426,,0,Animal Battle Stats,,1446204139909550150,,,2026-03-06T02:41:37.597Z,,4491519,4,true,Visitor,Anonymous,true,🔗 Page,/stats,true,🌐 Location,"Frankfurt am Main, HE, DE",true,🖥️ Device,Chrome on Windows,true,📐 Screen,1280x720,true,🌐 Language,en-US@posix,,,,,,,,,,,0,0,,,https://images-ext-1.discordapp.net/external/JNVOwhfRcEFw8VgKDMB9KwuZ8MKiLYwmegb7iAnEsqQ/https/animalbattlestats.com/images/icons/icon-192.png,https://animalbattlestats.com/images/icons/icon-192.png,0,2026-03-06T02:41:27.940000+00:00,👀 Site Visit,rich,0,,,false,,,,false,,,,,,,,,2026-03-06T02:41:37.597000+00:00,false,0,Animal Battle Stats,1446203750204047426
1478865343371022387,,,,,,true,,0000,0,,1446203750204047426,,0,Animal Battle Stats,,1446204139909550150,,,2026-03-04T21:22:53.849Z,,4491519,4,true,Visitor,Anonymous,true,🔗 Page,/,true,🌐 Location,"Houston, TX, US",true,📱 Device,Safari on macOS,true,📐 Screen,402x874,true,🌐 Language,en-US,,,,,,,,,,,0,0,,,https://images-ext-1.discordapp.net/external/JNVOwhfRcEFw8VgKDMB9KwuZ8MKiLYwmegb7iAnEsqQ/https/animalbattlestats.com/images/icons/icon-192.png,https://animalbattlestats.com/images/icons/icon-192.png,0,2026-03-04T21:22:53.389000+00:00,👀 Site Visit,rich,0,,,false,,,,false,,,,,,,,,2026-03-04T21:22:53.849000+00:00,false,0,Animal Battle Stats,1446203750204047426
1478865342859317248,,,,,,true,,0000,0,,1446203750204047426,,0,Animal Battle Stats,,1446204139909550150,,,2026-03-04T21:22:53.727Z,,4491519,4,true,Visitor,Anonymous,true,🔗 Page,/community,true,🌐 Location,"Houston, TX, US",true,📱 Device,Safari on macOS,true,📐 Screen,402x874,true,🌐 Language,en-US,,,,,,,,,,,0,0,,,https://images-ext-1.discordapp.net/external/JNVOwhfRcEFw8VgKDMB9KwuZ8MKiLYwmegb7iAnEsqQ/https/animalbattlestats.com/images/icons/icon-192.png,https://animalbattlestats.com/images/icons/icon-192.png,0,2026-03-04T21:22:52.160000+00:00,👀 Site Visit,rich,0,,,false,,,,false,,,,,,,,,2026-03-04T21:22:53.727000+00:00,false,0,Animal Battle Stats,1446203750204047426
1478848788616577206,,,,,,true,,0000,0,,1446203750204047426,,0,Animal Battle Stats,,1446204139909550150,,,2026-03-04T20:17:06.888Z,,4491519,4,true,Visitor,Anonymous,true,🔗 Page,/compare,true,🌐 Location,"Portland, OR, US",true,🖥️ Device,Chrome on Unknown,true,📐 Screen,1517x1012,true,🌐 Language,en-US,,,,,,,,,,,0,0,,,https://images-ext-1.discordapp.net/external/JNVOwhfRcEFw8VgKDMB9KwuZ8MKiLYwmegb7iAnEsqQ/https/animalbattlestats.com/images/icons/icon-192.png,https://animalbattlestats.com/images/icons/icon-192.png,0,2026-03-04T20:15:59.408000+00:00,👀 Site Visit,rich,0,,,false,,,,false,,,,,,,,,2026-03-04T20:17:06.888000+00:00,false,0,Animal Battle Stats,1446203750204047426
1478834825178775623,,,,,,true,,0000,0,,1446203750204047426,,0,Animal Battle Stats,,1446204139909550150,,,2026-03-04T19:21:37.745Z,,4491519,4,true,Visitor,Anonymous,true,🔗 Page,/community,true,🌐 Location,"Houston, TX, US",true,📱 Device,Safari on macOS,true,📐 Screen,402x874,true,🌐 Language,en-US,,,,,,,,,,,0,0,,,https://images-ext-1.discordapp.net/external/JNVOwhfRcEFw8VgKDMB9KwuZ8MKiLYwmegb7iAnEsqQ/https/animalbattlestats.com/images/icons/icon-192.png,https://animalbattlestats.com/images/icons/icon-192.png,0,2026-03-04T19:21:37.541000+00:00,👀 Site Visit,rich,0,,,false,,,,false,,,,,,,,,2026-03-04T19:21:37.745000+00:00,false,0,Animal Battle Stats,1446203750204047426
1478834806002290851,,,,,,true,,0000,0,,1446203750204047426,,0,Animal Battle Stats,,1446204139909550150,,,2026-03-04T19:21:33.173Z,,4491519,4,true,Visitor,Anonymous,true,🔗 Page,/stats,true,🌐 Location,"Houston, TX, US",true,📱 Device,Safari on macOS,true,📐 Screen,402x874,true,🌐 Language,en-US,,,,,,,,,,,0,0,,,https://images-ext-1.discordapp.net/external/JNVOwhfRcEFw8VgKDMB9KwuZ8MKiLYwmegb7iAnEsqQ/https/animalbattlestats.com/images/icons/icon-192.png,https://animalbattlestats.com/images/icons/icon-192.png,0,2026-03-04T19:21:32.887000+00:00,👀 Site Visit,rich,0,,,false,,,,false,,,,,,,,,2026-03-04T19:21:33.173000+00:00,false,0,Animal Battle Stats,1446203750204047426
1478834798641545226,,,,,,true,,0000,0,,1446203750204047426,,0,Animal Battle Stats,,1446204139909550150,,,2026-03-04T19:21:31.418Z,,4491519,4,true,Visitor,Anonymous,true,🔗 Page,/rankings,true,🌐 Location,"Houston, TX, US",true,📱 Device,Safari on macOS,true,📐 Screen,402x874,true,🌐 Language,en-US,,,,,,,,,,,0,0,,,https://images-ext-1.discordapp.net/external/JNVOwhfRcEFw8VgKDMB9KwuZ8MKiLYwmegb7iAnEsqQ/https/animalbattlestats.com/images/icons/icon-192.png,https://animalbattlestats.com/images/icons/icon-192.png,0,2026-03-04T19:21:31.148000+00:00,👀 Site Visit,rich,0,,,false,,,,false,,,,,,,,,2026-03-04T19:21:31.418000+00:00,false,0,Animal Battle Stats,1446203750204047426
1478834791599046798,,,,,,true,,0000,0,,1446203750204047426,,0,Animal Battle Stats,,1446204139909550150,,,2026-03-04T19:21:29.739Z,,4491519,4,true,Visitor,Anonymous,true,🔗 Page,/compare,true,🌐 Location,"Houston, TX, US",true,📱 Device,Safari on macOS,true,📐 Screen,402x874,true,🌐 Language,en-US,,,,,,,,,,,0,0,,,https://images-ext-1.discordapp.net/external/JNVOwhfRcEFw8VgKDMB9KwuZ8MKiLYwmegb7iAnEsqQ/https/animalbattlestats.com/images/icons/icon-192.png,https://animalbattlestats.com/images/icons/icon-192.png,0,2026-03-04T19:21:29.406000+00:00,👀 Site Visit,rich,0,,,false,,,,false,,,,,,,,,2026-03-04T19:21:29.739000+00:00,false,0,Animal Battle Stats,1446203750204047426
1478834791175684277,,,,,,true,,0000,0,,1446203750204047426,,0,Animal Battle Stats,,1446204139909550150,,,2026-03-04T19:21:29.638Z,,4491519,4,true,Visitor,Anonymous,true,🔗 Page,/,true,🌐 Location,"Houston, TX, US",true,📱 Device,Safari on macOS,true,📐 Screen,402x874,true,🌐 Language,en-US,,,,,,,,,,,0,0,,,https://images-ext-1.discordapp.net/external/JNVOwhfRcEFw8VgKDMB9KwuZ8MKiLYwmegb7iAnEsqQ/https/animalbattlestats.com/images/icons/icon-192.png,https://animalbattlestats.com/images/icons/icon-192.png,0,2026-03-04T19:20:51.812000+00:00,👀 Site Visit,rich,0,,,false,,,,false,,,,,,,,,2026-03-04T19:21:29.638000+00:00,false,0,Animal Battle Stats,1446203750204047426
1478568335930036336,,,,,,true,,0000,0,,1446203750204047426,,0,Animal Battle Stats,,1446204139909550150,,,2026-03-04T01:42:41.757Z,,16739072,4,false,Matchup,**Gila Monster** vs **Salamander**,true,User,Anonymous,true,🌐 Location,"New Orleans, LA, US",true,📱 Device,Safari on macOS,,,,,,,,,,,,,,,,,0,0,,,https://images-ext-1.discordapp.net/external/JNVOwhfRcEFw8VgKDMB9KwuZ8MKiLYwmegb7iAnEsqQ/https/animalbattlestats.com/images/icons/icon-192.png,https://animalbattlestats.com/images/icons/icon-192.png,0,2026-03-04T01:42:41.093000+00:00,⚔️ Battle Comparison,rich,0,,,false,,,,false,,,,,,,,,2026-03-04T01:42:41.757000+00:00,false,0,Animal Battle Stats,1446203750204047426
1478496479097126922,,,,,,true,,0000,0,,1446203750204047426,,0,Animal Battle Stats,,1446204139909550150,,,2026-03-03T20:57:09.753Z,,16739072,4,false,Matchup,**Python** vs **Jaguar**,true,User,Anonymous,true,🌐 Location,"Bourges, CVL, FR",true,📱 Device,Chrome on Linux,,,,,,,,,,,,,,,,,0,0,,,https://images-ext-1.discordapp.net/external/JNVOwhfRcEFw8VgKDMB9KwuZ8MKiLYwmegb7iAnEsqQ/https/animalbattlestats.com/images/icons/icon-192.png,https://animalbattlestats.com/images/icons/icon-192.png,0,2026-03-03T20:57:09.284000+00:00,⚔️ Battle Comparison,rich,0,,,false,,,,false,,,,,,,,,2026-03-03T20:57:09.753000+00:00,false,0,Animal Battle Stats,1446203750204047426
1478495760977891450,,,,,,true,,0000,0,,1446203750204047426,,0,Animal Battle Stats,,1446204139909550150,,,2026-03-03T20:54:18.540Z,,16739072,4,false,Matchup,**Alligator** vs **Jaguar**,true,User,Anonymous,true,🌐 Location,"Bourges, CVL, FR",true,📱 Device,Chrome on Linux,,,,,,,,,,,,,,,,,0,0,,,https://images-ext-1.discordapp.net/external/JNVOwhfRcEFw8VgKDMB9KwuZ8MKiLYwmegb7iAnEsqQ/https/animalbattlestats.com/images/icons/icon-192.png,https://animalbattlestats.com/images/icons/icon-192.png,0,2026-03-03T20:54:17.907000+00:00,⚔️ Battle Comparison,rich,0,,,false,,,,false,,,,,,,,,2026-03-03T20:54:18.540000+00:00,false,0,Animal Battle Stats,1446203750204047426
1477860987901313047,,,,,,true,,0000,0,,1446203750204047426,,0,Animal Battle Stats,,1446204139909550150,,,2026-03-02T02:51:56.845Z,,4491519,4,true,Visitor,Anonymous,true,🔗 Page,/login,true,🌐 Location,US,true,📱 Device,Chrome on Linux,true,📐 Screen,412x732,true,🌐 Language,en-US,,,,,,,,,,,0,0,,,https://images-ext-1.discordapp.net/external/JNVOwhfRcEFw8VgKDMB9KwuZ8MKiLYwmegb7iAnEsqQ/https/animalbattlestats.com/images/icons/icon-192.png,https://animalbattlestats.com/images/icons/icon-192.png,0,2026-03-02T02:51:31.789000+00:00,👀 Site Visit,rich,0,,,false,,,,false,,,,,,,,,2026-03-02T02:51:56.845000+00:00,false,0,Animal Battle Stats,1446203750204047426
1477856367233728543,,,,,,true,,0000,0,,1446203750204047426,,0,Animal Battle Stats,,1446204139909550150,,,2026-03-02T02:33:35.192Z,,16739072,4,false,Matchup,**Rhinoceros** vs **African Elephant**,true,User,Anonymous,true,🌐 Location,"Torrance, CA, US",true,📱 Device,Safari on macOS,,,,,,,,,,,,,,,,,0,0,,,https://images-ext-1.discordapp.net/external/JNVOwhfRcEFw8VgKDMB9KwuZ8MKiLYwmegb7iAnEsqQ/https/animalbattlestats.com/images/icons/icon-192.png,https://animalbattlestats.com/images/icons/icon-192.png,0,2026-03-02T02:33:34.901000+00:00,⚔️ Battle Comparison,rich,0,,,false,,,,false,,,,,,,,,2026-03-02T02:33:35.192000+00:00,false,0,Animal Battle Stats,1446203750204047426
1477856283079213238,,,,,,true,,0000,0,,1446203750204047426,,0,Animal Battle Stats,,1446204139909550150,,,2026-03-02T02:33:15.128Z,,16739072,4,false,Matchup,**Rhinoceros** vs **Rhinoceros**,true,User,Anonymous,true,🌐 Location,"Torrance, CA, US",true,📱 Device,Safari on macOS,,,,,,,,,,,,,,,,,0,0,,,https://images-ext-1.discordapp.net/external/JNVOwhfRcEFw8VgKDMB9KwuZ8MKiLYwmegb7iAnEsqQ/https/animalbattlestats.com/images/icons/icon-192.png,https://animalbattlestats.com/images/icons/icon-192.png,0,2026-03-02T02:33:14.818000+00:00,⚔️ Battle Comparison,rich,0,,,false,,,,false,,,,,,,,,2026-03-02T02:33:15.128000+00:00,false,0,Animal Battle Stats,1446203750204047426
1477856195216675022,,,,,,true,,0000,0,,1446203750204047426,,0,Animal Battle Stats,,1446204139909550150,,,2026-03-02T02:32:54.180Z,,16739072,4,false,Matchup,**Rhinoceros** vs **Giraffe**,true,User,Anonymous,true,🌐 Location,"Torrance, CA, US",true,📱 Device,Safari on macOS,,,,,,,,,,,,,,,,,0,0,,,https://images-ext-1.discordapp.net/external/JNVOwhfRcEFw8VgKDMB9KwuZ8MKiLYwmegb7iAnEsqQ/https/animalbattlestats.com/images/icons/icon-192.png,https://animalbattlestats.com/images/icons/icon-192.png,0,2026-03-02T02:32:53.637000+00:00,⚔️ Battle Comparison,rich,0,,,false,,,,false,,,,,,,,,2026-03-02T02:32:54.180000+00:00,false,0,Animal Battle Stats,1446203750204047426
1477852376902668441,,,,,,true,,0000,0,,1446203750204047426,,0,Animal Battle Stats,,1446204139909550150,,,2026-03-02T02:17:43.823Z,,16739072,4,false,Matchup,**Anteater** vs **Giraffe**,true,User,Anonymous,true,🌐 Location,"Torrance, CA, US",true,📱 Device,Safari on macOS,,,,,,,,,,,,,,,,,0,0,,,https://images-ext-1.discordapp.net/external/JNVOwhfRcEFw8VgKDMB9KwuZ8MKiLYwmegb7iAnEsqQ/https/animalbattlestats.com/images/icons/icon-192.png,https://animalbattlestats.com/images/icons/icon-192.png,0,2026-03-02T02:17:43.230000+00:00,⚔️ Battle Comparison,rich,0,,,false,,,,false,,,,,,,,,2026-03-02T02:17:43.823000+00:00,false,0,Animal Battle Stats,1446203750204047426
1477852075411898400,,,,,,true,,0000,0,,1446203750204047426,,0,Animal Battle Stats,,1446204139909550150,,,2026-03-02T02:16:31.942Z,,16739072,4,false,Matchup,**Spectacled Bear** vs **Gorilla**,true,User,Anonymous,true,🌐 Location,"Torrance, CA, US",true,📱 Device,Safari on macOS,,,,,,,,,,,,,,,,,0,0,,,https://images-ext-1.discordapp.net/external/JNVOwhfRcEFw8VgKDMB9KwuZ8MKiLYwmegb7iAnEsqQ/https/animalbattlestats.com/images/icons/icon-192.png,https://animalbattlestats.com/images/icons/icon-192.png,0,2026-03-02T02:16:31.594000+00:00,⚔️ Battle Comparison,rich,0,,,false,,,,false,,,,,,,,,2026-03-02T02:16:31.942000+00:00,false,0,Animal Battle Stats,1446203750204047426
1477851465300312165,,,,,,true,,0000,0,,1446203750204047426,,0,Animal Battle Stats,,1446204139909550150,,,2026-03-02T02:14:06.480Z,,16739072,4,false,Matchup,**Gila Monster** vs **Honey Badger**,true,User,Anonymous,true,🌐 Location,"Torrance, CA, US",true,📱 Device,Safari on macOS,,,,,,,,,,,,,,,,,0,0,,,https://images-ext-1.discordapp.net/external/JNVOwhfRcEFw8VgKDMB9KwuZ8MKiLYwmegb7iAnEsqQ/https/animalbattlestats.com/images/icons/icon-192.png,https://animalbattlestats.com/images/icons/icon-192.png,0,2026-03-02T02:14:04.860000+00:00,⚔️ Battle Comparison,rich,0,,,false,,,,false,,,,,,,,,2026-03-02T02:14:06.480000+00:00,false,0,Animal Battle Stats,1446203750204047426
1477370764393971815,,,,,,true,,0000,0,,1446203750204047426,,0,Animal Battle Stats,,1446204139909550150,,,2026-02-28T18:23:58.453Z,,6710886,4,true,User,Anonymous,true,🔗 Page,/compare,true,🌐 Location,"Courbevoie, IDF, FR",true,🕐 Session Duration,36m 28s,,,,,,,,,,,,,,,,,0,0,,,https://images-ext-1.discordapp.net/external/JNVOwhfRcEFw8VgKDMB9KwuZ8MKiLYwmegb7iAnEsqQ/https/animalbattlestats.com/images/icons/icon-192.png,https://animalbattlestats.com/images/icons/icon-192.png,0,2026-02-28T18:23:24.045000+00:00,👋 User Left Site,rich,0,,,false,,,,false,,,,,,,,,2026-02-28T18:23:58.453000+00:00,false,0,Animal Battle Stats,1446203750204047426
1477363166223794399,,,,,,true,,0000,0,,1446203750204047426,,0,Animal Battle Stats,,1446204139909550150,,,2026-02-28T17:53:46.908Z,,16739072,4,false,Matchup,**Hippopotamus** vs **Rhinoceros**,true,User,Anonymous,true,🌐 Location,"Courbevoie, IDF, FR",true,🖥️ Device,Chrome on Windows,,,,,,,,,,,,,,,,,0,0,,,https://images-ext-1.discordapp.net/external/JNVOwhfRcEFw8VgKDMB9KwuZ8MKiLYwmegb7iAnEsqQ/https/animalbattlestats.com/images/icons/icon-192.png,https://animalbattlestats.com/images/icons/icon-192.png,0,2026-02-28T17:53:46.634000+00:00,⚔️ Battle Comparison,rich,0,,,false,,,,false,,,,,,,,,2026-02-28T17:53:46.908000+00:00,false,0,Animal Battle Stats,1446203750204047426
1477363113270579311,,,,,,true,,0000,0,,1446203750204047426,,0,Animal Battle Stats,,1446204139909550150,,,2026-02-28T17:53:34.283Z,,16739072,4,false,Matchup,**Alligator** vs **Rhinoceros**,true,User,Anonymous,true,🌐 Location,"Courbevoie, IDF, FR",true,🖥️ Device,Chrome on Windows,,,,,,,,,,,,,,,,,0,0,,,https://images-ext-1.discordapp.net/external/JNVOwhfRcEFw8VgKDMB9KwuZ8MKiLYwmegb7iAnEsqQ/https/animalbattlestats.com/images/icons/icon-192.png,https://animalbattlestats.com/images/icons/icon-192.png,0,2026-02-28T17:53:33.964000+00:00,⚔️ Battle Comparison,rich,0,,,false,,,,false,,,,,,,,,2026-02-28T17:53:34.283000+00:00,false,0,Animal Battle Stats,1446203750204047426
1477363047298498571,,,,,,true,,0000,0,,1446203750204047426,,0,Animal Battle Stats,,1446204139909550150,,,2026-02-28T17:53:18.554Z,,16739072,4,false,Matchup,**Hippopotamus** vs **African Elephant**,true,User,Anonymous,true,🌐 Location,"Courbevoie, IDF, FR",true,🖥️ Device,Chrome on Windows,,,,,,,,,,,,,,,,,0,0,,,https://images-ext-1.discordapp.net/external/JNVOwhfRcEFw8VgKDMB9KwuZ8MKiLYwmegb7iAnEsqQ/https/animalbattlestats.com/images/icons/icon-192.png,https://animalbattlestats.com/images/icons/icon-192.png,0,2026-02-28T17:53:18.160000+00:00,⚔️ Battle Comparison,rich,0,,,false,,,,false,,,,,,,,,2026-02-28T17:53:18.554000+00:00,false,0,Animal Battle Stats,1446203750204047426
1477363006685053163,,,,,,true,,0000,0,,1446203750204047426,,0,Animal Battle Stats,,1446204139909550150,,,2026-02-28T17:53:08.871Z,,16739072,4,false,Matchup,**Hippopotamus** vs **Polar Bear**,true,User,Anonymous,true,🌐 Location,"Courbevoie, IDF, FR",true,🖥️ Device,Chrome on Windows,,,,,,,,,,,,,,,,,0,0,,,https://images-ext-1.discordapp.net/external/JNVOwhfRcEFw8VgKDMB9KwuZ8MKiLYwmegb7iAnEsqQ/https/animalbattlestats.com/images/icons/icon-192.png,https://animalbattlestats.com/images/icons/icon-192.png,0,2026-02-28T17:53:08.551000+00:00,⚔️ Battle Comparison,rich,0,,,false,,,,false,,,,,,,,,2026-02-28T17:53:08.871000+00:00,false,0,Animal Battle Stats,1446203750204047426
1477362962544201832,,,,,,true,,0000,0,,1446203750204047426,,0,Animal Battle Stats,,1446204139909550150,,,2026-02-28T17:52:58.347Z,,16739072,4,false,Matchup,**Grizzly Bear** vs **Polar Bear**,true,User,Anonymous,true,🌐 Location,"Courbevoie, IDF, FR",true,🖥️ Device,Chrome on Windows,,,,,,,,,,,,,,,,,0,0,,,https://images-ext-1.discordapp.net/external/JNVOwhfRcEFw8VgKDMB9KwuZ8MKiLYwmegb7iAnEsqQ/https/animalbattlestats.com/images/icons/icon-192.png,https://animalbattlestats.com/images/icons/icon-192.png,0,2026-02-28T17:52:57.807000+00:00,⚔️ Battle Comparison,rich,0,,,false,,,,false,,,,,,,,,2026-02-28T17:52:58.347000+00:00,false,0,Animal Battle Stats,1446203750204047426
1477362658004041842,,,,,,true,,0000,0,,1446203750204047426,,0,Animal Battle Stats,,1446204139909550150,,,2026-02-28T17:51:45.739Z,,16739072,4,false,Matchup,**Komodo Dragon** vs **Saltwater Crocodile**,true,User,Anonymous,true,🌐 Location,"Courbevoie, IDF, FR",true,🖥️ Device,Chrome on Windows,,,,,,,,,,,,,,,,,0,0,,,https://images-ext-1.discordapp.net/external/JNVOwhfRcEFw8VgKDMB9KwuZ8MKiLYwmegb7iAnEsqQ/https/animalbattlestats.com/images/icons/icon-192.png,https://animalbattlestats.com/images/icons/icon-192.png,0,2026-02-28T17:51:45.359000+00:00,⚔️ Battle Comparison,rich,0,,,false,,,,false,,,,,,,,,2026-02-28T17:51:45.739000+00:00,false,0,Animal Battle Stats,1446203750204047426
1477362575959396522,,,,,,true,,0000,0,,1446203750204047426,,0,Animal Battle Stats,,1446204139909550150,,,2026-02-28T17:51:26.178Z,,16739072,4,false,Matchup,**Bald Eagle** vs **Saltwater Crocodile**,true,User,Anonymous,true,🌐 Location,"Courbevoie, IDF, FR",true,🖥️ Device,Chrome on Windows,,,,,,,,,,,,,,,,,0,0,,,https://images-ext-1.discordapp.net/external/JNVOwhfRcEFw8VgKDMB9KwuZ8MKiLYwmegb7iAnEsqQ/https/animalbattlestats.com/images/icons/icon-192.png,https://animalbattlestats.com/images/icons/icon-192.png,0,2026-02-28T17:51:25.777000+00:00,⚔️ Battle Comparison,rich,0,,,false,,,,false,,,,,,,,,2026-02-28T17:51:26.178000+00:00,false,0,Animal Battle Stats,1446203750204047426
1477362488835309821,,,,,,true,,0000,0,,1446203750204047426,,0,Animal Battle Stats,,1446204139909550150,,,2026-02-28T17:51:05.406Z,,16739072,4,false,Matchup,**Black Mamba** vs **Saltwater Crocodile**,true,User,Anonymous,true,🌐 Location,"Courbevoie, IDF, FR",true,🖥️ Device,Chrome on Windows,,,,,,,,,,,,,,,,,0,0,,,https://images-ext-1.discordapp.net/external/JNVOwhfRcEFw8VgKDMB9KwuZ8MKiLYwmegb7iAnEsqQ/https/animalbattlestats.com/images/icons/icon-192.png,https://animalbattlestats.com/images/icons/icon-192.png,0,2026-02-28T17:51:05.179000+00:00,⚔️ Battle Comparison,rich,0,,,false,,,,false,,,,,,,,,2026-02-28T17:51:05.406000+00:00,false,0,Animal Battle Stats,1446203750204047426
1477362373714252004,,,,,,true,,0000,0,,1446203750204047426,,0,Animal Battle Stats,,1446204139909550150,,,2026-02-28T17:50:37.959Z,,16739072,4,false,Matchup,**Sea Lion** vs **Saltwater Crocodile**,true,User,Anonymous,true,🌐 Location,"Courbevoie, IDF, FR",true,🖥️ Device,Chrome on Windows,,,,,,,,,,,,,,,,,0,0,,,https://images-ext-1.discordapp.net/external/JNVOwhfRcEFw8VgKDMB9KwuZ8MKiLYwmegb7iAnEsqQ/https/animalbattlestats.com/images/icons/icon-192.png,https://animalbattlestats.com/images/icons/icon-192.png,0,2026-02-28T17:50:37.539000+00:00,⚔️ Battle Comparison,rich,0,,,false,,,,false,,,,,,,,,2026-02-28T17:50:37.959000+00:00,false,0,Animal Battle Stats,1446203750204047426
1477362316453613668,,,,,,true,,0000,0,,1446203750204047426,,0,Animal Battle Stats,,1446204139909550150,,,2026-02-28T17:50:24.307Z,,16739072,4,false,Matchup,**Anaconda** vs **Saltwater Crocodile**,true,User,Anonymous,true,🌐 Location,"Courbevoie, IDF, FR",true,🖥️ Device,Chrome on Windows,,,,,,,,,,,,,,,,,0,0,,,https://images-ext-1.discordapp.net/external/JNVOwhfRcEFw8VgKDMB9KwuZ8MKiLYwmegb7iAnEsqQ/https/animalbattlestats.com/images/icons/icon-192.png,https://animalbattlestats.com/images/icons/icon-192.png,0,2026-02-28T17:50:23.995000+00:00,⚔️ Battle Comparison,rich,0,,,false,,,,false,,,,,,,,,2026-02-28T17:50:24.307000+00:00,false,0,Animal Battle Stats,1446203750204047426
1477362260782612500,,,,,,true,,0000,0,,1446203750204047426,,0,Animal Battle Stats,,1446204139909550150,,,2026-02-28T17:50:11.034Z,,16739072,4,false,Matchup,**Gorilla** vs **Saltwater Crocodile**,true,User,Anonymous,true,🌐 Location,"Courbevoie, IDF, FR",true,🖥️ Device,Chrome on Windows,,,,,,,,,,,,,,,,,0,0,,,https://images-ext-1.discordapp.net/external/JNVOwhfRcEFw8VgKDMB9KwuZ8MKiLYwmegb7iAnEsqQ/https/animalbattlestats.com/images/icons/icon-192.png,https://animalbattlestats.com/images/icons/icon-192.png,0,2026-02-28T17:50:10.679000+00:00,⚔️ Battle Comparison,rich,0,,,false,,,,false,,,,,,,,,2026-02-28T17:50:11.034000+00:00,false,0,Animal Battle Stats,1446203750204047426
1477362255866630277,,,,,,true,,0000,0,,1446203750204047426,,0,Animal Battle Stats,,1446204139909550150,,,2026-02-28T17:50:09.862Z,,16739072,4,false,Matchup,**Gorilla** vs **Saltwater Crocodile**,true,User,Anonymous,true,🌐 Location,"Courbevoie, IDF, FR",true,🖥️ Device,Chrome on Windows,,,,,,,,,,,,,,,,,0,0,,,https://images-ext-1.discordapp.net/external/JNVOwhfRcEFw8VgKDMB9KwuZ8MKiLYwmegb7iAnEsqQ/https/animalbattlestats.com/images/icons/icon-192.png,https://animalbattlestats.com/images/icons/icon-192.png,0,2026-02-28T17:50:09.642000+00:00,⚔️ Battle Comparison,rich,0,,,false,,,,false,,,,,,,,,2026-02-28T17:50:09.862000+00:00,false,0,Animal Battle Stats,1446203750204047426
1477362145632059427,,,,,,true,,0000,0,,1446203750204047426,,0,Animal Battle Stats,,1446204139909550150,,,2026-02-28T17:49:43.580Z,,16739072,4,false,Matchup,**African Lion** vs **Saltwater Crocodile**,true,User,Anonymous,true,🌐 Location,"Courbevoie, IDF, FR",true,🖥️ Device,Chrome on Windows,,,,,,,,,,,,,,,,,0,0,,,https://images-ext-1.discordapp.net/external/JNVOwhfRcEFw8VgKDMB9KwuZ8MKiLYwmegb7iAnEsqQ/https/animalbattlestats.com/images/icons/icon-192.png,https://animalbattlestats.com/images/icons/icon-192.png,0,2026-02-28T17:49:43.298000+00:00,⚔️ Battle Comparison,rich,0,,,false,,,,false,,,,,,,,,2026-02-28T17:49:43.580000+00:00,false,0,Animal Battle Stats,1446203750204047426
1477362093647724740,,,,,,true,,0000,0,,1446203750204047426,,0,Animal Battle Stats,,1446204139909550150,,,2026-02-28T17:49:31.186Z,,16739072,4,false,Matchup,**Megalodon** vs **Saltwater Crocodile**,true,User,Anonymous,true,🌐 Location,"Courbevoie, IDF, FR",true,🖥️ Device,Chrome on Windows,,,,,,,,,,,,,,,,,0,0,,,https://images-ext-1.discordapp.net/external/JNVOwhfRcEFw8VgKDMB9KwuZ8MKiLYwmegb7iAnEsqQ/https/animalbattlestats.com/images/icons/icon-192.png,https://animalbattlestats.com/images/icons/icon-192.png,0,2026-02-28T17:49:30.888000+00:00,⚔️ Battle Comparison,rich,0,,,false,,,,false,,,,,,,,,2026-02-28T17:49:31.186000+00:00,false,0,Animal Battle Stats,1446203750204047426
1477362048525668617,,,,,,true,,0000,0,,1446203750204047426,,0,Animal Battle Stats,,1446204139909550150,,,2026-02-28T17:49:20.428Z,,16739072,4,false,Matchup,**Orca** vs **Saltwater Crocodile**,true,User,Anonymous,true,🌐 Location,"Courbevoie, IDF, FR",true,🖥️ Device,Chrome on Windows,,,,,,,,,,,,,,,,,0,0,,,https://images-ext-1.discordapp.net/external/JNVOwhfRcEFw8VgKDMB9KwuZ8MKiLYwmegb7iAnEsqQ/https/animalbattlestats.com/images/icons/icon-192.png,https://animalbattlestats.com/images/icons/icon-192.png,0,2026-02-28T17:49:20.215000+00:00,⚔️ Battle Comparison,rich,0,,,false,,,,false,,,,,,,,,2026-02-28T17:49:20.428000+00:00,false,0,Animal Battle Stats,1446203750204047426
1477362006213525504,,,,,,true,,0000,0,,1446203750204047426,,0,Animal Battle Stats,,1446204139909550150,,,2026-02-28T17:49:10.340Z,,16739072,4,false,Matchup,**Siberian Tiger** vs **Saltwater Crocodile**,true,User,Anonymous,true,🌐 Location,"Courbevoie, IDF, FR",true,🖥️ Device,Chrome on Windows,,,,,,,,,,,,,,,,,0,0,,,https://images-ext-1.discordapp.net/external/JNVOwhfRcEFw8VgKDMB9KwuZ8MKiLYwmegb7iAnEsqQ/https/animalbattlestats.com/images/icons/icon-192.png,https://animalbattlestats.com/images/icons/icon-192.png,0,2026-02-28T17:49:08.464000+00:00,⚔️ Battle Comparison,rich,0,,,false,,,,false,,,,,,,,,2026-02-28T17:49:10.340000+00:00,false,0,Animal Battle Stats,1446203750204047426
1477361950890655805,,,,,,true,,0000,0,,1446203750204047426,,0,Animal Battle Stats,,1446204139909550150,,,2026-02-28T17:48:57.150Z,,16739072,4,false,Matchup,**Grizzly Bear** vs **Saltwater Crocodile**,true,User,Anonymous,true,🌐 Location,"Courbevoie, IDF, FR",true,🖥️ Device,Chrome on Windows,,,,,,,,,,,,,,,,,0,0,,,https://images-ext-1.discordapp.net/external/JNVOwhfRcEFw8VgKDMB9KwuZ8MKiLYwmegb7iAnEsqQ/https/animalbattlestats.com/images/icons/icon-192.png,https://animalbattlestats.com/images/icons/icon-192.png,0,2026-02-28T17:48:56.863000+00:00,⚔️ Battle Comparison,rich,0,,,false,,,,false,,,,,,,,,2026-02-28T17:48:57.150000+00:00,false,0,Animal Battle Stats,1446203750204047426
1477361913792036886,,,,,,true,,0000,0,,1446203750204047426,,0,Animal Battle Stats,,1446204139909550150,,,2026-02-28T17:48:48.305Z,,16739072,4,false,Matchup,**African Elephant** vs **Saltwater Crocodile**,true,User,Anonymous,true,🌐 Location,"Courbevoie, IDF, FR",true,🖥️ Device,Chrome on Windows,,,,,,,,,,,,,,,,,0,0,,,https://images-ext-1.discordapp.net/external/JNVOwhfRcEFw8VgKDMB9KwuZ8MKiLYwmegb7iAnEsqQ/https/animalbattlestats.com/images/icons/icon-192.png,https://animalbattlestats.com/images/icons/icon-192.png,0,2026-02-28T17:48:47.931000+00:00,⚔️ Battle Comparison,rich,0,,,false,,,,false,,,,,,,,,2026-02-28T17:48:48.305000+00:00,false,0,Animal Battle Stats,1446203750204047426
1477361860713123971,,,,,,true,,0000,0,,1446203750204047426,,0,Animal Battle Stats,,1446204139909550150,,,2026-02-28T17:48:35.650Z,,16739072,4,false,Matchup,**Polar Bear** vs **Saltwater Crocodile**,true,User,Anonymous,true,🌐 Location,"Courbevoie, IDF, FR",true,🖥️ Device,Chrome on Windows,,,,,,,,,,,,,,,,,0,0,,,https://images-ext-1.discordapp.net/external/JNVOwhfRcEFw8VgKDMB9KwuZ8MKiLYwmegb7iAnEsqQ/https/animalbattlestats.com/images/icons/icon-192.png,https://animalbattlestats.com/images/icons/icon-192.png,0,2026-02-28T17:48:35.294000+00:00,⚔️ Battle Comparison,rich,0,,,false,,,,false,,,,,,,,,2026-02-28T17:48:35.650000+00:00,false,0,Animal Battle Stats,1446203750204047426
1477361804421107912,,,,,,true,,0000,0,,1446203750204047426,,0,Animal Battle Stats,,1446204139909550150,,,2026-02-28T17:48:22.229Z,,16739072,4,false,Matchup,**Polar Bear** vs **Hippopotamus**,true,User,Anonymous,true,🌐 Location,"Courbevoie, IDF, FR",true,🖥️ Device,Chrome on Windows,,,,,,,,,,,,,,,,,0,0,,,https://images-ext-1.discordapp.net/external/JNVOwhfRcEFw8VgKDMB9KwuZ8MKiLYwmegb7iAnEsqQ/https/animalbattlestats.com/images/icons/icon-192.png,https://animalbattlestats.com/images/icons/icon-192.png,0,2026-02-28T17:48:21.954000+00:00,⚔️ Battle Comparison,rich,0,,,false,,,,false,,,,,,,,,2026-02-28T17:48:22.229000+00:00,false,0,Animal Battle Stats,1446203750204047426
1477361636733095997,,,,,,true,,0000,0,,1446203750204047426,,0,Animal Battle Stats,,1446204139909550150,,,2026-02-28T17:47:42.249Z,,16739072,4,false,Matchup,**Saltwater Crocodile** vs **Hippopotamus**,true,User,Anonymous,true,🌐 Location,"Courbevoie, IDF, FR",true,🖥️ Device,Chrome on Windows,,,,,,,,,,,,,,,,,0,0,,,https://images-ext-1.discordapp.net/external/JNVOwhfRcEFw8VgKDMB9KwuZ8MKiLYwmegb7iAnEsqQ/https/animalbattlestats.com/images/icons/icon-192.png,https://animalbattlestats.com/images/icons/icon-192.png,0,2026-02-28T17:47:41.719000+00:00,⚔️ Battle Comparison,rich,0,,,false,,,,false,,,,,,,,,2026-02-28T17:47:42.249000+00:00,false,0,Animal Battle Stats,1446203750204047426
1477358007661629450,,,,,,true,,0000,0,,1446203750204047426,,0,Animal Battle Stats,,1446204139909550150,,,2026-02-28T17:33:17.011Z,,4491519,4,true,Visitor,Anonymous,true,🔗 Page,/stats/vulture,true,🌐 Location,"WA, US",true,🖥️ Device,Chrome on Unknown,true,📐 Screen,800x600,true,🌐 Language,en-US,,,,,,,,,,,0,0,,,https://images-ext-1.discordapp.net/external/JNVOwhfRcEFw8VgKDMB9KwuZ8MKiLYwmegb7iAnEsqQ/https/animalbattlestats.com/images/icons/icon-192.png,https://animalbattlestats.com/images/icons/icon-192.png,0,2026-02-28T17:33:16.731000+00:00,👀 Site Visit,rich,0,,,false,,,,false,,,,,,,,,2026-02-28T17:33:17.011000+00:00,false,0,Animal Battle Stats,1446203750204047426
1477357983095853090,,,,,,true,,0000,0,,1446203750204047426,,0,Animal Battle Stats,,1446204139909550150,,,2026-02-28T17:33:11.154Z,,4491519,4,true,Visitor,Anonymous,true,🔗 Page,/stats/manta-ray,true,🌐 Location,"WA, US",true,🖥️ Device,Chrome on Unknown,true,📐 Screen,800x600,true,🌐 Language,en-US,,,,,,,,,,,0,0,,,https://images-ext-1.discordapp.net/external/JNVOwhfRcEFw8VgKDMB9KwuZ8MKiLYwmegb7iAnEsqQ/https/animalbattlestats.com/images/icons/icon-192.png,https://animalbattlestats.com/images/icons/icon-192.png,0,2026-02-28T17:33:10.948000+00:00,👀 Site Visit,rich,0,,,false,,,,false,,,,,,,,,2026-02-28T17:33:11.154000+00:00,false,0,Animal Battle Stats,1446203750204047426
1477357974610513982,,,,,,true,,0000,0,,1446203750204047426,,0,Animal Battle Stats,,1446204139909550150,,,2026-02-28T17:33:09.131Z,,4491519,4,true,Visitor,Anonymous,true,🔗 Page,/stats/toucan,true,🌐 Location,"WA, US",true,🖥️ Device,Chrome on Unknown,true,📐 Screen,800x600,true,🌐 Language,en-US,,,,,,,,,,,0,0,,,https://images-ext-1.discordapp.net/external/JNVOwhfRcEFw8VgKDMB9KwuZ8MKiLYwmegb7iAnEsqQ/https/animalbattlestats.com/images/icons/icon-192.png,https://animalbattlestats.com/images/icons/icon-192.png,0,2026-02-28T17:33:08.895000+00:00,👀 Site Visit,rich,0,,,false,,,,false,,,,,,,,,2026-02-28T17:33:09.131000+00:00,false,0,Animal Battle Stats,1446203750204047426
1477357959599095889,,,,,,true,,0000,0,,1446203750204047426,,0,Animal Battle Stats,,1446204139909550150,,,2026-02-28T17:33:05.552Z,,4491519,4,true,Visitor,Anonymous,true,🔗 Page,/stats/magpie,true,🌐 Location,"WA, US",true,🖥️ Device,Chrome on Unknown,true,📐 Screen,800x600,true,🌐 Language,en-US,,,,,,,,,,,0,0,,,https://images-ext-1.discordapp.net/external/JNVOwhfRcEFw8VgKDMB9KwuZ8MKiLYwmegb7iAnEsqQ/https/animalbattlestats.com/images/icons/icon-192.png,https://animalbattlestats.com/images/icons/icon-192.png,0,2026-02-28T17:33:05.242000+00:00,👀 Site Visit,rich,0,,,false,,,,false,,,,,,,,,2026-02-28T17:33:05.552000+00:00,false,0,Animal Battle Stats,1446203750204047426
1477357913612751024,,,,,,true,,0000,0,,1446203750204047426,,0,Animal Battle Stats,,1446204139909550150,,,2026-02-28T17:32:54.588Z,,4491519,4,true,Visitor,Anonymous,true,🔗 Page,/stats/secretary-bird,true,🌐 Location,"WA, US",true,🖥️ Device,Chrome on Unknown,true,📐 Screen,800x600,true,🌐 Language,en-US,,,,,,,,,,,0,0,,,https://images-ext-1.discordapp.net/external/JNVOwhfRcEFw8VgKDMB9KwuZ8MKiLYwmegb7iAnEsqQ/https/animalbattlestats.com/images/icons/icon-192.png,https://animalbattlestats.com/images/icons/icon-192.png,0,2026-02-28T17:32:54.401000+00:00,👀 Site Visit,rich,0,,,false,,,,false,,,,,,,,,2026-02-28T17:32:54.588000+00:00,false,0,Animal Battle Stats,1446203750204047426
1477357897405956227,,,,,,true,,0000,0,,1446203750204047426,,0,Animal Battle Stats,,1446204139909550150,,,2026-02-28T17:32:50.724Z,,4491519,4,true,Visitor,Anonymous,true,🔗 Page,/stats/quoll,true,🌐 Location,"WA, US",true,🖥️ Device,Chrome on Unknown,true,📐 Screen,800x600,true,🌐 Language,en-US,,,,,,,,,,,0,0,,,https://images-ext-1.discordapp.net/external/JNVOwhfRcEFw8VgKDMB9KwuZ8MKiLYwmegb7iAnEsqQ/https/animalbattlestats.com/images/icons/icon-192.png,https://animalbattlestats.com/images/icons/icon-192.png,0,2026-02-28T17:32:50.369000+00:00,👀 Site Visit,rich,0,,,false,,,,false,,,,,,,,,2026-02-28T17:32:50.724000+00:00,false,0,Animal Battle Stats,1446203750204047426
1477357896273625213,,,,,,true,,0000,0,,1446203750204047426,,0,Animal Battle Stats,,1446204139909550150,,,2026-02-28T17:32:50.454Z,,4491519,4,true,Visitor,Anonymous,true,🔗 Page,/stats/hummingbird,true,🌐 Location,"WA, US",true,🖥️ Device,Chrome on Unknown,true,📐 Screen,800x600,true,🌐 Language,en-US,,,,,,,,,,,0,0,,,https://images-ext-1.discordapp.net/external/JNVOwhfRcEFw8VgKDMB9KwuZ8MKiLYwmegb7iAnEsqQ/https/animalbattlestats.com/images/icons/icon-192.png,https://animalbattlestats.com/images/icons/icon-192.png,0,2026-02-28T17:32:48.718000+00:00,👀 Site Visit,rich,0,,,false,,,,false,,,,,,,,,2026-02-28T17:32:50.454000+00:00,false,0,Animal Battle Stats,1446203750204047426
1477357896034422966,,,,,,true,,0000,0,,1446203750204047426,,0,Animal Battle Stats,,1446204139909550150,,,2026-02-28T17:32:50.397Z,,4491519,4,true,Visitor,Anonymous,true,🔗 Page,/stats/emu,true,🌐 Location,"WA, US",true,🖥️ Device,Chrome on Unknown,true,📐 Screen,800x600,true,🌐 Language,en-US,,,,,,,,,,,0,0,,,https://images-ext-1.discordapp.net/external/JNVOwhfRcEFw8VgKDMB9KwuZ8MKiLYwmegb7iAnEsqQ/https/animalbattlestats.com/images/icons/icon-192.png,https://animalbattlestats.com/images/icons/icon-192.png,0,2026-02-28T17:32:48.954000+00:00,👀 Site Visit,rich,0,,,false,,,,false,,,,,,,,,2026-02-28T17:32:50.397000+00:00,false,0,Animal Battle Stats,1446203750204047426
1475393630482206722,,,,,,true,,0000,0,,1446203750204047426,,0,Animal Battle Stats,,1446204139909550150,,,2026-02-23T07:27:32.995Z,,4491519,4,true,Visitor,Anonymous,true,🔗 Page,/,true,🌐 Location,"34, TR",true,🖥️ Device,Chrome on macOS,true,📐 Screen,1728x1117,true,🌐 Language,tr,,,,,,,,,,,0,0,,,https://images-ext-1.discordapp.net/external/JNVOwhfRcEFw8VgKDMB9KwuZ8MKiLYwmegb7iAnEsqQ/https/animalbattlestats.com/images/icons/icon-192.png,https://animalbattlestats.com/images/icons/icon-192.png,0,2026-02-23T07:27:29.440000+00:00,👀 Site Visit,rich,0,,,false,,,,false,,,,,,,,,2026-02-23T07:27:32.995000+00:00,false,0,Animal Battle Stats,1446203750204047426
1475145504919654617,,,,,,true,,0000,0,,1446203750204047426,,0,Animal Battle Stats,,1446204139909550150,,,2026-02-22T15:01:35.251Z,,4491519,4,true,Visitor,Anonymous,true,🔗 Page,/,true,🌐 Location,US,true,📱 Device,Safari on macOS,true,📐 Screen,390x844,true,🌐 Language,en-US,,,,,,,,,,,0,0,,,https://images-ext-1.discordapp.net/external/JNVOwhfRcEFw8VgKDMB9KwuZ8MKiLYwmegb7iAnEsqQ/https/animalbattlestats.com/images/icons/icon-192.png,https://animalbattlestats.com/images/icons/icon-192.png,0,2026-02-22T15:01:34.829000+00:00,👀 Site Visit,rich,0,,,false,,,,false,,,,,,,,,2026-02-22T15:01:35.251000+00:00,false,0,Animal Battle Stats,1446203750204047426
1475145504382910607,,,,,,true,,0000,0,,1446203750204047426,,0,Animal Battle Stats,,1446204139909550150,,,2026-02-22T15:01:35.123Z,,4491519,4,true,Visitor,Anonymous,true,🔗 Page,/,true,🌐 Location,US,true,📱 Device,Safari on macOS,true,📐 Screen,390x844,true,🌐 Language,en-US,,,,,,,,,,,0,0,,,https://images-ext-1.discordapp.net/external/JNVOwhfRcEFw8VgKDMB9KwuZ8MKiLYwmegb7iAnEsqQ/https/animalbattlestats.com/images/icons/icon-192.png,https://animalbattlestats.com/images/icons/icon-192.png,0,2026-02-22T15:00:37.426000+00:00,👀 Site Visit,rich,0,,,false,,,,false,,,,,,,,,2026-02-22T15:01:35.123000+00:00,false,0,Animal Battle Stats,1446203750204047426
1474863103249354816,,,,,,true,,0000,0,,1446203750204047426,,0,Animal Battle Stats,,1446204139909550150,,,2026-02-21T20:19:25.446Z,,16739072,4,false,Matchup,**Giraffe** vs **Grizzly Bear**,true,User,Anonymous,true,🌐 Location,"Bexhill-on-Sea, ENG, GB",true,📱 Device,Chrome on Linux,,,,,,,,,,,,,,,,,0,0,,,https://images-ext-1.discordapp.net/external/JNVOwhfRcEFw8VgKDMB9KwuZ8MKiLYwmegb7iAnEsqQ/https/animalbattlestats.com/images/icons/icon-192.png,https://animalbattlestats.com/images/icons/icon-192.png,0,2026-02-21T20:19:25.147000+00:00,⚔️ Battle Comparison,rich,0,,,false,,,,false,,,,,,,,,2026-02-21T20:19:25.446000+00:00,false,0,Animal Battle Stats,1446203750204047426
1474862710045933592,,,,,,true,,0000,0,,1446203750204047426,,0,Animal Battle Stats,,1446204139909550150,,,2026-02-21T20:17:51.699Z,,4491519,4,true,Visitor,Anonymous,true,🔗 Page,/compare,true,🌐 Location,US,true,📱 Device,Chrome on Linux,true,📐 Screen,400x400,true,🌐 Language,en-US,,,,,,,,,,,0,0,,,https://images-ext-1.discordapp.net/external/JNVOwhfRcEFw8VgKDMB9KwuZ8MKiLYwmegb7iAnEsqQ/https/animalbattlestats.com/images/icons/icon-192.png,https://animalbattlestats.com/images/icons/icon-192.png,0,2026-02-21T20:17:51.439000+00:00,👀 Site Visit,rich,0,,,false,,,,false,,,,,,,,,2026-02-21T20:17:51.699000+00:00,false,0,Animal Battle Stats,1446203750204047426
1474862709890875605,,,,,,true,,0000,0,,1446203750204047426,,0,Animal Battle Stats,,1446204139909550150,,,2026-02-21T20:17:51.662Z,,4491519,4,true,Visitor,Anonymous,true,🔗 Page,/compare,true,🌐 Location,"Bexhill-on-Sea, ENG, GB",true,📱 Device,Chrome on Linux,true,📐 Screen,412x919,true,🌐 Language,it-IT,,,,,,,,,,,0,0,,,https://images-ext-1.discordapp.net/external/JNVOwhfRcEFw8VgKDMB9KwuZ8MKiLYwmegb7iAnEsqQ/https/animalbattlestats.com/images/icons/icon-192.png,https://animalbattlestats.com/images/icons/icon-192.png,0,2026-02-21T20:17:50.873000+00:00,👀 Site Visit,rich,0,,,false,,,,false,,,,,,,,,2026-02-21T20:17:51.662000+00:00,false,0,Animal Battle Stats,1446203750204047426
1474273697933033543,,,,,,true,,0000,0,,1446203750204047426,,0,Animal Battle Stats,,1446204139909550150,,,2026-02-20T05:17:20.268Z,,16739072,4,false,Matchup,**Grizzly Bear** vs **Hippopotamus**,true,User,Anonymous,true,🌐 Location,"Fort Collins, CO, US",true,🖥️ Device,Chrome on macOS,,,,,,,,,,,,,,,,,0,0,,,https://images-ext-1.discordapp.net/external/JNVOwhfRcEFw8VgKDMB9KwuZ8MKiLYwmegb7iAnEsqQ/https/animalbattlestats.com/images/icons/icon-192.png,https://animalbattlestats.com/images/icons/icon-192.png,0,2026-02-20T05:17:19.928000+00:00,⚔️ Battle Comparison,rich,0,,,false,,,,false,,,,,,,,,2026-02-20T05:17:20.268000+00:00,false,0,Animal Battle Stats,1446203750204047426
1474273599241326713,,,,,,true,,0000,0,,1446203750204047426,,0,Animal Battle Stats,,1446204139909550150,,,2026-02-20T05:16:56.738Z,,16739072,4,false,Matchup,**Grizzly Bear** vs **Cape Buffalo**,true,User,Anonymous,true,🌐 Location,"Fort Collins, CO, US",true,🖥️ Device,Chrome on macOS,,,,,,,,,,,,,,,,,0,0,,,https://images-ext-1.discordapp.net/external/JNVOwhfRcEFw8VgKDMB9KwuZ8MKiLYwmegb7iAnEsqQ/https/animalbattlestats.com/images/icons/icon-192.png,https://animalbattlestats.com/images/icons/icon-192.png,0,2026-02-20T05:16:56.439000+00:00,⚔️ Battle Comparison,rich,0,,,false,,,,false,,,,,,,,,2026-02-20T05:16:56.738000+00:00,false,0,Animal Battle Stats,1446203750204047426
1474273429375942885,,,,,,true,,0000,0,,1446203750204047426,,0,Animal Battle Stats,,1446204139909550150,,,2026-02-20T05:16:16.239Z,,16739072,4,false,Matchup,**Grizzly Bear** vs **Giraffe**,true,User,Anonymous,true,🌐 Location,"Fort Collins, CO, US",true,🖥️ Device,Chrome on macOS,,,,,,,,,,,,,,,,,0,0,,,https://images-ext-1.discordapp.net/external/JNVOwhfRcEFw8VgKDMB9KwuZ8MKiLYwmegb7iAnEsqQ/https/animalbattlestats.com/images/icons/icon-192.png,https://animalbattlestats.com/images/icons/icon-192.png,0,2026-02-20T05:16:15.529000+00:00,⚔️ Battle Comparison,rich,0,,,false,,,,false,,,,,,,,,2026-02-20T05:16:16.239000+00:00,false,0,Animal Battle Stats,1446203750204047426
1474032227720495177,,,,,,true,,0000,0,,1446203750204047426,,0,Animal Battle Stats,,1446204139909550150,,,2026-02-19T13:17:49.283Z,,4491519,4,true,Visitor,Anonymous,true,🔗 Page,/compare,true,🌐 Location,"Houston, TX, US",true,📱 Device,Safari on macOS,true,📐 Screen,402x874,true,🌐 Language,en-US,,,,,,,,,,,0,0,,,https://images-ext-1.discordapp.net/external/JNVOwhfRcEFw8VgKDMB9KwuZ8MKiLYwmegb7iAnEsqQ/https/animalbattlestats.com/images/icons/icon-192.png,https://animalbattlestats.com/images/icons/icon-192.png,0,2026-02-19T13:17:48.908000+00:00,👀 Site Visit,rich,0,,,false,,,,false,,,,,,,,,2026-02-19T13:17:49.283000+00:00,false,0,Animal Battle Stats,1446203750204047426
1474031914196271175,,,,,,true,,0000,0,,1446203750204047426,,0,Animal Battle Stats,,1446204139909550150,,,2026-02-19T13:16:34.533Z,,4491519,4,true,Visitor,RamiNoodle733,true,🔗 Page,/compare,true,🌐 Location,"Houston, TX, US",true,📱 Device,Safari on macOS,true,📐 Screen,402x874,true,🌐 Language,en-US,,,,,,,,,,,0,0,,,https://images-ext-1.discordapp.net/external/JNVOwhfRcEFw8VgKDMB9KwuZ8MKiLYwmegb7iAnEsqQ/https/animalbattlestats.com/images/icons/icon-192.png,https://animalbattlestats.com/images/icons/icon-192.png,0,2026-02-19T13:16:34.004000+00:00,👀 Site Visit,rich,0,,,false,,,,false,,,,,,,,,2026-02-19T13:16:34.533000+00:00,false,0,Animal Battle Stats,1446203750204047426
1474031913244164148,,,,,,true,,0000,0,,1446203750204047426,,0,Animal Battle Stats,,1446204139909550150,,,2026-02-19T13:16:34.306Z,,4491519,4,true,Visitor,Anonymous,true,🔗 Page,/,true,🌐 Location,"Houston, TX, US",true,📱 Device,Safari on macOS,true,📐 Screen,402x874,true,🌐 Language,en-US,,,,,,,,,,,0,0,,,https://images-ext-1.discordapp.net/external/JNVOwhfRcEFw8VgKDMB9KwuZ8MKiLYwmegb7iAnEsqQ/https/animalbattlestats.com/images/icons/icon-192.png,https://animalbattlestats.com/images/icons/icon-192.png,0,2026-02-19T13:16:13.701000+00:00,👀 Site Visit,rich,0,,,false,,,,false,,,,,,,,,2026-02-19T13:16:34.306000+00:00,false,0,Animal Battle Stats,1446203750204047426
1474031913227391209,,,,,,true,,0000,0,,1446203750204047426,,0,Animal Battle Stats,,1446204139909550150,,,2026-02-19T13:16:34.302Z,,52326,4,true,Username,RamiNoodle733,true,🌐 Location,"Houston, TX, US",true,📱 Device,Safari on macOS,,,,,,,,,,,,,,,,,,,,0,0,,,https://images-ext-1.discordapp.net/external/JNVOwhfRcEFw8VgKDMB9KwuZ8MKiLYwmegb7iAnEsqQ/https/animalbattlestats.com/images/icons/icon-192.png,https://animalbattlestats.com/images/icons/icon-192.png,0,2026-02-19T13:16:22.302000+00:00,🔓 User Login,rich,0,,,false,,,,false,,,,,,,,,2026-02-19T13:16:34.302000+00:00,false,0,Animal Battle Stats,1446203750204047426
1473858952499433601,,,,,,true,,0000,0,,1446203750204047426,,0,Animal Battle Stats,,1446204139909550150,,,2026-02-19T01:49:17.251Z,,16766720,4,true,User,Anonymous,true,Bracket Size,64 animals,true,Total Matches,63,true,🏆 Champion,**African Elephant**,true,🥈 2nd Place,Hippopotamus,true,🥉 3rd/4th,"Green Anaconda, Bull Shark",false,Final Matches,"✓ Grizzly Bear beat Kudu
✓ Bull Shark beat Leopard
✓ African Elephant beat Gorilla
✓ Green Anaconda beat Python
✓ Hippopotamus beat Grizzly Bear
✓ African Elephant beat Bull Shark
✓ Hippopotamus beat Green Anaconda
✓ African Elephant beat Hippopotamus",true,🌐 Location,"Natal, RN, BR",true,🖥️ Device,Chrome on Windows,,0,0,,,https://images-ext-1.discordapp.net/external/JNVOwhfRcEFw8VgKDMB9KwuZ8MKiLYwmegb7iAnEsqQ/https/animalbattlestats.com/images/icons/icon-192.png,https://animalbattlestats.com/images/icons/icon-192.png,0,2026-02-19T01:49:00.831000+00:00,🏆 Tournament Completed!,rich,0,,,false,,,,false,,,,,,,,,2026-02-19T01:49:17.251000+00:00,false,0,Animal Battle Stats,1446203750204047426
1473849690784010354,,,,,,true,,0000,0,,1446203750204047426,,0,Animal Battle Stats,,1446204139909550150,,,2026-02-19T01:12:29.086Z,,4491519,4,true,Visitor,Anonymous,true,🔗 Page,/tournament,true,🌐 Location,"Natal, RN, BR",true,🖥️ Device,Chrome on Windows,true,📐 Screen,2560x1440,true,🌐 Language,pt-BR,,,,,,,,,,,0,0,,,https://images-ext-1.discordapp.net/external/JNVOwhfRcEFw8VgKDMB9KwuZ8MKiLYwmegb7iAnEsqQ/https/animalbattlestats.com/images/icons/icon-192.png,https://animalbattlestats.com/images/icons/icon-192.png,0,2026-02-19T01:12:28.799000+00:00,👀 Site Visit,rich,0,,,false,,,,false,,,,,,,,,2026-02-19T01:12:29.086000+00:00,false,0,Animal Battle Stats,1446203750204047426
1473849688993173615,,,,,,true,,0000,0,,1446203750204047426,,0,Animal Battle Stats,,1446204139909550150,,,2026-02-19T01:12:28.659Z,,4491519,4,true,Visitor,Anonymous,true,🔗 Page,/,true,🌐 Location,"Natal, RN, BR",true,🖥️ Device,Chrome on Windows,true,📐 Screen,1920x1080,true,🌐 Language,pt-BR,,,,,,,,,,,0,0,,,https://images-ext-1.discordapp.net/external/JNVOwhfRcEFw8VgKDMB9KwuZ8MKiLYwmegb7iAnEsqQ/https/animalbattlestats.com/images/icons/icon-192.png,https://animalbattlestats.com/images/icons/icon-192.png,0,2026-02-19T01:11:39.255000+00:00,👀 Site Visit,rich,0,,,false,,,,false,,,,,,,,,2026-02-19T01:12:28.659000+00:00,false,0,Animal Battle Stats,1446203750204047426
1473849688900899080,,,,,,true,,0000,0,,1446203750204047426,,0,Animal Battle Stats,,1446204139909550150,,,2026-02-19T01:12:28.637Z,,6710886,4,true,User,Anonymous,true,🔗 Page,/tournament,true,🌐 Location,"Natal, RN, BR",true,🕐 Session Duration,46s,,,,,,,,,,,,,,,,,0,0,,,https://images-ext-1.discordapp.net/external/JNVOwhfRcEFw8VgKDMB9KwuZ8MKiLYwmegb7iAnEsqQ/https/animalbattlestats.com/images/icons/icon-192.png,https://animalbattlestats.com/images/icons/icon-192.png,0,2026-02-19T01:12:25.777000+00:00,👋 User Left Site,rich,0,,,false,,,,false,,,,,,,,,2026-02-19T01:12:28.637000+00:00,false,0,Animal Battle Stats,1446203750204047426
1473816855419289660,,,,,,true,,0000,0,,1446203750204047426,,0,Animal Battle Stats,,1446204139909550150,,,2026-02-18T23:02:00.525Z,,16739072,4,false,Matchup,**Jaguar** vs **Bull Shark**,true,User,Anonymous,true,🌐 Location,"Auburn, AL, US",true,🖥️ Device,Chrome on Windows,,,,,,,,,,,,,,,,,0,0,,,https://images-ext-1.discordapp.net/external/JNVOwhfRcEFw8VgKDMB9KwuZ8MKiLYwmegb7iAnEsqQ/https/animalbattlestats.com/images/icons/icon-192.png,https://animalbattlestats.com/images/icons/icon-192.png,0,2026-02-18T23:02:00.257000+00:00,⚔️ Battle Comparison,rich,0,,,false,,,,false,,,,,,,,,2026-02-18T23:02:00.525000+00:00,false,0,Animal Battle Stats,1446203750204047426
1473816778709930014,,,,,,true,,0000,0,,1446203750204047426,,0,Animal Battle Stats,,1446204139909550150,,,2026-02-18T23:01:42.236Z,,16739072,4,false,Matchup,**Jaguar** vs **Alligator**,true,User,Anonymous,true,🌐 Location,"Auburn, AL, US",true,🖥️ Device,Chrome on Windows,,,,,,,,,,,,,,,,,0,0,,,https://images-ext-1.discordapp.net/external/JNVOwhfRcEFw8VgKDMB9KwuZ8MKiLYwmegb7iAnEsqQ/https/animalbattlestats.com/images/icons/icon-192.png,https://animalbattlestats.com/images/icons/icon-192.png,0,2026-02-18T23:01:41.899000+00:00,⚔️ Battle Comparison,rich,0,,,false,,,,false,,,,,,,,,2026-02-18T23:01:42.236000+00:00,false,0,Animal Battle Stats,1446203750204047426
1473816689669046314,,,,,,true,,0000,0,,1446203750204047426,,0,Animal Battle Stats,,1446204139909550150,,,2026-02-18T23:01:21.007Z,,16739072,4,false,Matchup,**Jaguar** vs **Saltwater Crocodile**,true,User,Anonymous,true,🌐 Location,"Auburn, AL, US",true,🖥️ Device,Chrome on Windows,,,,,,,,,,,,,,,,,0,0,,,https://images-ext-1.discordapp.net/external/JNVOwhfRcEFw8VgKDMB9KwuZ8MKiLYwmegb7iAnEsqQ/https/animalbattlestats.com/images/icons/icon-192.png,https://animalbattlestats.com/images/icons/icon-192.png,0,2026-02-18T23:01:20.504000+00:00,⚔️ Battle Comparison,rich,0,,,false,,,,false,,,,,,,,,2026-02-18T23:01:21.007000+00:00,false,0,Animal Battle Stats,1446203750204047426
1473744359622054034,,,,,,true,,0000,0,,1446203750204047426,,0,Animal Battle Stats,,1446204139909550150,,,2026-02-18T18:13:56.180Z,,16739072,4,false,Matchup,**Wolverine** vs **Honey Badger**,true,User,Anonymous,true,🌐 Location,"Cleveland, OH, US",true,📱 Device,Chrome on Linux,,,,,,,,,,,,,,,,,0,0,,,https://images-ext-1.discordapp.net/external/JNVOwhfRcEFw8VgKDMB9KwuZ8MKiLYwmegb7iAnEsqQ/https/animalbattlestats.com/images/icons/icon-192.png,https://animalbattlestats.com/images/icons/icon-192.png,0,2026-02-18T18:13:55.739000+00:00,⚔️ Battle Comparison,rich,0,,,false,,,,false,,,,,,,,,2026-02-18T18:13:56.180000+00:00,false,0,Animal Battle Stats,1446203750204047426
1473744049704800398,,,,,,true,,0000,0,,1446203750204047426,,0,Animal Battle Stats,,1446204139909550150,,,2026-02-18T18:12:42.290Z,,16739072,4,false,Matchup,**Grizzly Bear** vs **Polar Bear**,true,User,Anonymous,true,🌐 Location,"Cleveland, OH, US",true,📱 Device,Chrome on Linux,,,,,,,,,,,,,,,,,0,0,,,https://images-ext-1.discordapp.net/external/JNVOwhfRcEFw8VgKDMB9KwuZ8MKiLYwmegb7iAnEsqQ/https/animalbattlestats.com/images/icons/icon-192.png,https://animalbattlestats.com/images/icons/icon-192.png,0,2026-02-18T18:12:41.822000+00:00,⚔️ Battle Comparison,rich,0,,,false,,,,false,,,,,,,,,2026-02-18T18:12:42.290000+00:00,false,0,Animal Battle Stats,1446203750204047426
1473742601915076695,,,,,,true,,0000,0,,1446203750204047426,,0,Animal Battle Stats,,1446204139909550150,,,2026-02-18T18:06:57.110Z,,4491519,4,true,Visitor,Anonymous,true,🔗 Page,/compare,true,🌐 Location,"Cleveland, OH, US",true,📱 Device,Chrome on Linux,true,📐 Screen,412x915,true,🌐 Language,en-US,,,,,,,,,,,0,0,,,https://images-ext-1.discordapp.net/external/JNVOwhfRcEFw8VgKDMB9KwuZ8MKiLYwmegb7iAnEsqQ/https/animalbattlestats.com/images/icons/icon-192.png,https://animalbattlestats.com/images/icons/icon-192.png,0,2026-02-18T18:06:55.932000+00:00,👀 Site Visit,rich,0,,,false,,,,false,,,,,,,,,2026-02-18T18:06:57.110000+00:00,false,0,Animal Battle Stats,1446203750204047426
1473742587029622958,,,,,,true,,0000,0,,1446203750204047426,,0,Animal Battle Stats,,1446204139909550150,,,2026-02-18T18:06:53.561Z,,6710886,4,true,User,Anonymous,true,🔗 Page,/stats/grizzly-bear,true,🌐 Location,"Cleveland, OH, US",true,🕐 Session Duration,2m 22s,,,,,,,,,,,,,,,,,0,0,,,https://images-ext-1.discordapp.net/external/JNVOwhfRcEFw8VgKDMB9KwuZ8MKiLYwmegb7iAnEsqQ/https/animalbattlestats.com/images/icons/icon-192.png,https://animalbattlestats.com/images/icons/icon-192.png,0,2026-02-18T18:06:53.239000+00:00,👋 User Left Site,rich,0,,,false,,,,false,,,,,,,,,2026-02-18T18:06:53.561000+00:00,false,0,Animal Battle Stats,1446203750204047426
1473742315620270182,,,,,,true,,0000,0,,1446203750204047426,,0,Animal Battle Stats,,1446204139909550150,,,2026-02-18T18:05:48.852Z,,16739072,4,false,Matchup,**Grizzly Bear** vs **Musk Ox**,true,User,Anonymous,true,🌐 Location,"Cleveland, OH, US",true,📱 Device,Chrome on Linux,,,,,,,,,,,,,,,,,0,0,,,https://images-ext-1.discordapp.net/external/JNVOwhfRcEFw8VgKDMB9KwuZ8MKiLYwmegb7iAnEsqQ/https/animalbattlestats.com/images/icons/icon-192.png,https://animalbattlestats.com/images/icons/icon-192.png,0,2026-02-18T18:05:48.499000+00:00,⚔️ Battle Comparison,rich,0,,,false,,,,false,,,,,,,,,2026-02-18T18:05:48.852000+00:00,false,0,Animal Battle Stats,1446203750204047426
1473741990712836188,,,,,,true,,0000,0,,1446203750204047426,,0,Animal Battle Stats,,1446204139909550150,,,2026-02-18T18:04:31.388Z,,4491519,4,true,Visitor,Anonymous,true,🔗 Page,/compare,true,🌐 Location,"Cleveland, OH, US",true,📱 Device,Chrome on Linux,true,📐 Screen,412x915,true,🌐 Language,en-US,,,,,,,,,,,0,0,,,https://images-ext-1.discordapp.net/external/JNVOwhfRcEFw8VgKDMB9KwuZ8MKiLYwmegb7iAnEsqQ/https/animalbattlestats.com/images/icons/icon-192.png,https://animalbattlestats.com/images/icons/icon-192.png,0,2026-02-18T18:04:30.905000+00:00,👀 Site Visit,rich,0,,,false,,,,false,,,,,,,,,2026-02-18T18:04:31.388000+00:00,false,0,Animal Battle Stats,1446203750204047426
1473741989080993842,,,,,,true,,0000,0,,1446203750204047426,,0,Animal Battle Stats,,1446204139909550150,,,2026-02-18T18:04:30.999Z,,6710886,4,true,User,Anonymous,true,🔗 Page,/stats/grizzly-bear,true,🌐 Location,"Cleveland, OH, US",true,🕐 Session Duration,1m 42s,,,,,,,,,,,,,,,,,0,0,,,https://images-ext-1.discordapp.net/external/JNVOwhfRcEFw8VgKDMB9KwuZ8MKiLYwmegb7iAnEsqQ/https/animalbattlestats.com/images/icons/icon-192.png,https://animalbattlestats.com/images/icons/icon-192.png,0,2026-02-18T18:04:28.059000+00:00,👋 User Left Site,rich,0,,,false,,,,false,,,,,,,,,2026-02-18T18:04:30.999000+00:00,false,0,Animal Battle Stats,1446203750204047426
1473741987977887818,,,,,,true,,0000,0,,1446203750204047426,,0,Animal Battle Stats,,1446204139909550150,,,2026-02-18T18:04:30.736Z,,4491519,4,true,Visitor,Anonymous,true,🔗 Page,/,true,🌐 Location,"Cleveland, OH, US",true,📱 Device,Chrome on Linux,true,📐 Screen,412x915,true,🌐 Language,en-US,,,,,,,,,,,0,0,,,https://images-ext-1.discordapp.net/external/JNVOwhfRcEFw8VgKDMB9KwuZ8MKiLYwmegb7iAnEsqQ/https/animalbattlestats.com/images/icons/icon-192.png,https://animalbattlestats.com/images/icons/icon-192.png,0,2026-02-18T18:02:46.131000+00:00,👀 Site Visit,rich,0,,,false,,,,false,,,,,,,,,2026-02-18T18:04:30.736000+00:00,false,0,Animal Battle Stats,1446203750204047426
1473368278922690713,,,,,,true,,0000,0,,1446203750204047426,,0,Animal Battle Stats,,1446204139909550150,,,2026-02-17T17:19:31.554Z,,4491519,4,true,Visitor,Anonymous,true,🔗 Page,/,true,🌐 Location,US,true,📱 Device,Chrome on Linux,true,📐 Screen,412x732,true,🌐 Language,en-US,,,,,,,,,,,0,0,,,https://images-ext-1.discordapp.net/external/JNVOwhfRcEFw8VgKDMB9KwuZ8MKiLYwmegb7iAnEsqQ/https/animalbattlestats.com/images/icons/icon-192.png,https://animalbattlestats.com/images/icons/icon-192.png,0,2026-02-17T17:19:31.279000+00:00,👀 Site Visit,rich,0,,,false,,,,false,,,,,,,,,2026-02-17T17:19:31.554000+00:00,false,0,Animal Battle Stats,1446203750204047426
1473368276133482572,,,,,,true,,0000,0,,1446203750204047426,,0,Animal Battle Stats,,1446204139909550150,,,2026-02-17T17:19:30.889Z,,4491519,4,true,Visitor,Anonymous,true,🔗 Page,/,true,🌐 Location,US,true,🖥️ Device,Chrome on Unknown,true,📐 Screen,1024x1024,true,🌐 Language,en-US,,,,,,,,,,,0,0,,,https://images-ext-1.discordapp.net/external/JNVOwhfRcEFw8VgKDMB9KwuZ8MKiLYwmegb7iAnEsqQ/https/animalbattlestats.com/images/icons/icon-192.png,https://animalbattlestats.com/images/icons/icon-192.png,0,2026-02-17T17:19:29.951000+00:00,👀 Site Visit,rich,0,,,false,,,,false,,,,,,,,,2026-02-17T17:19:30.889000+00:00,false,0,Animal Battle Stats,1446203750204047426
1472965758211457076,,,,,,true,,0000,0,,1446203750204047426,,0,Animal Battle Stats,,1446204139909550150,,,2026-02-16T14:40:03.138Z,,6710886,4,true,User,RamiNoodle733,true,🔗 Page,/community,true,🌐 Location,"Houston, TX, US",true,🕐 Session Duration,1m 5s,,,,,,,,,,,,,,,,,0,0,,,https://images-ext-1.discordapp.net/external/JNVOwhfRcEFw8VgKDMB9KwuZ8MKiLYwmegb7iAnEsqQ/https/animalbattlestats.com/images/icons/icon-192.png,https://animalbattlestats.com/images/icons/icon-192.png,0,2026-02-16T14:40:02.500000+00:00,👋 User Left Site,rich,0,,,false,,,,false,,,,,,,,,2026-02-16T14:40:03.138000+00:00,false,0,Animal Battle Stats,1446203750204047426
1472965738225467578,,,,,,true,,0000,0,,1446203750204047426,,0,Animal Battle Stats,,1446204139909550150,,,2026-02-16T14:39:58.373Z,,46296,4,true,User,RamiNoodle733,true,Replying To,Cougar,true,Target,Cougar,false,Reply,The Cougar data has been updated.,true,🌐 Location,"Houston, TX, US",true,🖥️ Device,Chrome on Windows,,,,,,,,,,,0,0,,,https://images-ext-1.discordapp.net/external/JNVOwhfRcEFw8VgKDMB9KwuZ8MKiLYwmegb7iAnEsqQ/https/animalbattlestats.com/images/icons/icon-192.png,https://animalbattlestats.com/images/icons/icon-192.png,0,2026-02-16T14:39:57.955000+00:00,↩️ Comment Reply,rich,0,,,false,,,,false,,,,,,,,,2026-02-16T14:39:58.373000+00:00,false,0,Animal Battle Stats,1446203750204047426
1472965484180799610,,,,,,true,,0000,0,,1446203750204047426,,0,Animal Battle Stats,,1446204139909550150,,,2026-02-16T14:38:57.804Z,,4491519,4,true,Visitor,RamiNoodle733,true,🔗 Page,/stats/cougar,true,🌐 Location,"Houston, TX, US",true,🖥️ Device,Chrome on Windows,true,📐 Screen,1366x768,true,🌐 Language,en-US,,,,,,,,,,,0,0,,,https://images-ext-1.discordapp.net/external/JNVOwhfRcEFw8VgKDMB9KwuZ8MKiLYwmegb7iAnEsqQ/https/animalbattlestats.com/images/icons/icon-192.png,https://animalbattlestats.com/images/icons/icon-192.png,0,2026-02-16T14:38:57.455000+00:00,👀 Site Visit,rich,0,,,false,,,,false,,,,,,,,,2026-02-16T14:38:57.804000+00:00,false,0,Animal Battle Stats,1446203750204047426
1472965475565703334,,,,,,true,,0000,0,,1446203750204047426,,0,Animal Battle Stats,,1446204139909550150,,,2026-02-16T14:38:55.750Z,,6710886,4,true,User,RamiNoodle733,true,🔗 Page,/stats/cougar,true,🌐 Location,"Houston, TX, US",true,🕐 Session Duration,13s,,,,,,,,,,,,,,,,,0,0,,,https://images-ext-1.discordapp.net/external/JNVOwhfRcEFw8VgKDMB9KwuZ8MKiLYwmegb7iAnEsqQ/https/animalbattlestats.com/images/icons/icon-192.png,https://animalbattlestats.com/images/icons/icon-192.png,0,2026-02-16T14:38:55.504000+00:00,👋 User Left Site,rich,0,,,false,,,,false,,,,,,,,,2026-02-16T14:38:55.750000+00:00,false,0,Animal Battle Stats,1446203750204047426
1472965422344179944,,,,,,true,,0000,0,,1446203750204047426,,0,Animal Battle Stats,,1446204139909550150,,,2026-02-16T14:38:43.061Z,,4491519,4,true,Visitor,RamiNoodle733,true,🔗 Page,/stats/cougar,true,🌐 Location,"Houston, TX, US",true,🖥️ Device,Chrome on Windows,true,📐 Screen,1366x768,true,🌐 Language,en-US,,,,,,,,,,,0,0,,,https://images-ext-1.discordapp.net/external/JNVOwhfRcEFw8VgKDMB9KwuZ8MKiLYwmegb7iAnEsqQ/https/animalbattlestats.com/images/icons/icon-192.png,https://animalbattlestats.com/images/icons/icon-192.png,0,2026-02-16T14:38:42.787000+00:00,👀 Site Visit,rich,0,,,false,,,,false,,,,,,,,,2026-02-16T14:38:43.061000+00:00,false,0,Animal Battle Stats,1446203750204047426
1472965418867101892,,,,,,true,,0000,0,,1446203750204047426,,0,Animal Battle Stats,,1446204139909550150,,,2026-02-16T14:38:42.232Z,,6710886,4,true,User,RamiNoodle733,true,🔗 Page,/stats/cougar,true,🌐 Location,"Houston, TX, US",true,🕐 Session Duration,44s,,,,,,,,,,,,,,,,,0,0,,,https://images-ext-1.discordapp.net/external/JNVOwhfRcEFw8VgKDMB9KwuZ8MKiLYwmegb7iAnEsqQ/https/animalbattlestats.com/images/icons/icon-192.png,https://animalbattlestats.com/images/icons/icon-192.png,0,2026-02-16T14:38:41.952000+00:00,👋 User Left Site,rich,0,,,false,,,,false,,,,,,,,,2026-02-16T14:38:42.232000+00:00,false,0,Animal Battle Stats,1446203750204047426
1472965308024357109,,,,,,true,,0000,0,,1446203750204047426,,0,Animal Battle Stats,,1446204139909550150,,,2026-02-16T14:38:15.805Z,,4491519,4,true,Visitor,Anonymous,true,🔗 Page,/,true,🌐 Location,"San Jose, CA, US",true,🖥️ Device,Chrome on Linux,true,📐 Screen,800x600,true,🌐 Language,en-US,false,🔗 Came From,https://animal-battle-stats-pnpayn6nh-raminoodle733s-projects.vercel.app/,,,,,,,,0,0,,,https://images-ext-1.discordapp.net/external/JNVOwhfRcEFw8VgKDMB9KwuZ8MKiLYwmegb7iAnEsqQ/https/animalbattlestats.com/images/icons/icon-192.png,https://animalbattlestats.com/images/icons/icon-192.png,0,2026-02-16T14:38:14.593000+00:00,👀 Site Visit,rich,0,,,false,,,,false,,,,,,,,,2026-02-16T14:38:15.805000+00:00,false,0,Animal Battle Stats,1446203750204047426
1472965304488296553,,,,,,true,,0000,0,,1446203750204047426,,0,Animal Battle Stats,,1446204139909550150,,,2026-02-16T14:38:14.962Z,,4491519,4,true,Visitor,Anonymous,true,🔗 Page,/,true,🌐 Location,"San Jose, CA, US",true,🖥️ Device,Chrome on Linux,true,📐 Screen,800x600,true,🌐 Language,en-US,false,🔗 Came From,https://animal-battle-stats-pnpayn6nh-raminoodle733s-projects.vercel.app/,,,,,,,,0,0,,,https://images-ext-1.discordapp.net/external/JNVOwhfRcEFw8VgKDMB9KwuZ8MKiLYwmegb7iAnEsqQ/https/animalbattlestats.com/images/icons/icon-192.png,https://animalbattlestats.com/images/icons/icon-192.png,0,2026-02-16T14:38:14.708000+00:00,👀 Site Visit,rich,0,,,false,,,,false,,,,,,,,,2026-02-16T14:38:14.962000+00:00,false,0,Animal Battle Stats,1446203750204047426
1472965302848323647,,,,,,true,,0000,0,,1446203750204047426,,0,Animal Battle Stats,,1446204139909550150,,,2026-02-16T14:38:14.571Z,,4491519,4,true,Visitor,Anonymous,true,🔗 Page,/,true,🌐 Location,"San Jose, CA, US",true,🖥️ Device,Chrome on Linux,true,📐 Screen,800x600,true,🌐 Language,en-US,false,🔗 Came From,https://animal-battle-stats-pnpayn6nh-raminoodle733s-projects.vercel.app/,,,,,,,,0,0,,,https://images-ext-1.discordapp.net/external/JNVOwhfRcEFw8VgKDMB9KwuZ8MKiLYwmegb7iAnEsqQ/https/animalbattlestats.com/images/icons/icon-192.png,https://animalbattlestats.com/images/icons/icon-192.png,0,2026-02-16T14:38:03.972000+00:00,👀 Site Visit,rich,0,,,false,,,,false,,,,,,,,,2026-02-16T14:38:14.571000+00:00,false,0,Animal Battle Stats,1446203750204047426
1472965302802186292,,,,,,true,,0000,0,,1446203750204047426,,0,Animal Battle Stats,,1446204139909550150,,,2026-02-16T14:38:14.560Z,,4491519,4,true,Visitor,Anonymous,true,🔗 Page,/,true,🌐 Location,"San Jose, CA, US",true,🖥️ Device,Chrome on Linux,true,📐 Screen,800x600,true,🌐 Language,en-US,false,🔗 Came From,https://animal-battle-stats-pnpayn6nh-raminoodle733s-projects.vercel.app/,,,,,,,,0,0,,,https://images-ext-1.discordapp.net/external/JNVOwhfRcEFw8VgKDMB9KwuZ8MKiLYwmegb7iAnEsqQ/https/animalbattlestats.com/images/icons/icon-192.png,https://animalbattlestats.com/images/icons/icon-192.png,0,2026-02-16T14:38:03.590000+00:00,👀 Site Visit,rich,0,,,false,,,,false,,,,,,,,,2026-02-16T14:38:14.560000+00:00,false,0,Animal Battle Stats,1446203750204047426
1472963036397437052,,,,,,true,,0000,0,,1446203750204047426,,0,Animal Battle Stats,,1446204139909550150,,,2026-02-16T14:29:14.207Z,,4491519,4,true,Visitor,RamiNoodle733,true,🔗 Page,/,true,🌐 Location,"Houston, TX, US",true,🖥️ Device,Chrome on Windows,true,📐 Screen,1366x768,true,🌐 Language,en-US,,,,,,,,,,,0,0,,,https://images-ext-1.discordapp.net/external/JNVOwhfRcEFw8VgKDMB9KwuZ8MKiLYwmegb7iAnEsqQ/https/animalbattlestats.com/images/icons/icon-192.png,https://animalbattlestats.com/images/icons/icon-192.png,0,2026-02-16T14:29:13.867000+00:00,👀 Site Visit,rich,0,,,false,,,,false,,,,,,,,,2026-02-16T14:29:14.207000+00:00,false,0,Animal Battle Stats,1446203750204047426
1472963034942013571,,,,,,true,,0000,0,,1446203750204047426,,0,Animal Battle Stats,,1446204139909550150,,,2026-02-16T14:29:13.860Z,,6710886,4,true,User,Anonymous,true,🔗 Page,/stats/cougar,true,🌐 Location,"Houston, TX, US",true,🕐 Session Duration,9h 40m,,,,,,,,,,,,,,,,,0,0,,,https://images-ext-1.discordapp.net/external/JNVOwhfRcEFw8VgKDMB9KwuZ8MKiLYwmegb7iAnEsqQ/https/animalbattlestats.com/images/icons/icon-192.png,https://animalbattlestats.com/images/icons/icon-192.png,0,2026-02-16T14:23:52.047000+00:00,👋 User Left Site,rich,0,,,false,,,,false,,,,,,,,,2026-02-16T14:29:13.860000+00:00,false,0,Animal Battle Stats,1446203750204047426
1472833525236629605,,,,,,true,,0000,0,,1446203750204047426,,0,Animal Battle Stats,,1446204139909550150,,,2026-02-16T05:54:36.340Z,,4491519,4,true,Visitor,Anonymous,true,🔗 Page,/,true,🌐 Location,"Warsaw, 14, PL",true,📱 Device,Safari on macOS,true,📐 Screen,800x600,true,🌐 Language,en-US,,,,,,,,,,,0,0,,,https://images-ext-1.discordapp.net/external/JNVOwhfRcEFw8VgKDMB9KwuZ8MKiLYwmegb7iAnEsqQ/https/animalbattlestats.com/images/icons/icon-192.png,https://animalbattlestats.com/images/icons/icon-192.png,0,2026-02-16T05:54:36.017000+00:00,👀 Site Visit,rich,0,,,false,,,,false,,,,,,,,,2026-02-16T05:54:36.340000+00:00,false,0,Animal Battle Stats,1446203750204047426
1472833523034619986,,,,,,true,,0000,0,,1446203750204047426,,0,Animal Battle Stats,,1446204139909550150,,,2026-02-16T05:54:35.815Z,,4491519,4,true,Visitor,Anonymous,true,🔗 Page,/,true,🌐 Location,"Council Bluffs, IA, US",true,🖥️ Device,Chrome on Linux,true,📐 Screen,800x600,true,🌐 Language,en-US,,,,,,,,,,,0,0,,,https://images-ext-1.discordapp.net/external/JNVOwhfRcEFw8VgKDMB9KwuZ8MKiLYwmegb7iAnEsqQ/https/animalbattlestats.com/images/icons/icon-192.png,https://animalbattlestats.com/images/icons/icon-192.png,0,2026-02-16T05:53:34.247000+00:00,👀 Site Visit,rich,0,,,false,,,,false,,,,,,,,,2026-02-16T05:54:35.815000+00:00,false,0,Animal Battle Stats,1446203750204047426
1472818274717794438,,,,,,true,,0000,0,,1446203750204047426,,0,Animal Battle Stats,,1446204139909550150,,,2026-02-16T04:54:00.333Z,,4491519,4,true,Visitor,Anonymous,true,🔗 Page,/,true,🌐 Location,"San Jose, CA, US",true,🖥️ Device,Chrome on Linux,true,📐 Screen,800x600,true,🌐 Language,en-US,false,🔗 Came From,https://animal-battle-stats-r43ytrdeq-raminoodle733s-projects.vercel.app/,,,,,,,,0,0,,,https://images-ext-1.discordapp.net/external/JNVOwhfRcEFw8VgKDMB9KwuZ8MKiLYwmegb7iAnEsqQ/https/animalbattlestats.com/images/icons/icon-192.png,https://animalbattlestats.com/images/icons/icon-192.png,0,2026-02-16T04:54:00.027000+00:00,👀 Site Visit,rich,0,,,false,,,,false,,,,,,,,,2026-02-16T04:54:00.333000+00:00,false,0,Animal Battle Stats,1446203750204047426
1472818247098175600,,,,,,true,,0000,0,,1446203750204047426,,0,Animal Battle Stats,,1446204139909550150,,,2026-02-16T04:53:53.748Z,,4491519,4,true,Visitor,Anonymous,true,🔗 Page,/,true,🌐 Location,"San Jose, CA, US",true,🖥️ Device,Chrome on Linux,true,📐 Screen,800x600,true,🌐 Language,en-US,false,🔗 Came From,https://animal-battle-stats-r43ytrdeq-raminoodle733s-projects.vercel.app/,,,,,,,,0,0,,,https://images-ext-1.discordapp.net/external/JNVOwhfRcEFw8VgKDMB9KwuZ8MKiLYwmegb7iAnEsqQ/https/animalbattlestats.com/images/icons/icon-192.png,https://animalbattlestats.com/images/icons/icon-192.png,0,2026-02-16T04:53:53.428000+00:00,👀 Site Visit,rich,0,,,false,,,,false,,,,,,,,,2026-02-16T04:53:53.748000+00:00,false,0,Animal Battle Stats,1446203750204047426
1472818204899283055,,,,,,true,,0000,0,,1446203750204047426,,0,Animal Battle Stats,,1446204139909550150,,,2026-02-16T04:53:43.687Z,,4491519,4,true,Visitor,Anonymous,true,🔗 Page,/,true,🌐 Location,"San Jose, CA, US",true,🖥️ Device,Chrome on Linux,true,📐 Screen,800x600,true,🌐 Language,en-US,false,🔗 Came From,https://animal-battle-stats-r43ytrdeq-raminoodle733s-projects.vercel.app/,,,,,,,,0,0,,,https://images-ext-1.discordapp.net/external/JNVOwhfRcEFw8VgKDMB9KwuZ8MKiLYwmegb7iAnEsqQ/https/animalbattlestats.com/images/icons/icon-192.png,https://animalbattlestats.com/images/icons/icon-192.png,0,2026-02-16T04:53:43.279000+00:00,👀 Site Visit,rich,0,,,false,,,,false,,,,,,,,,2026-02-16T04:53:43.687000+00:00,false,0,Animal Battle Stats,1446203750204047426
1472818201074339951,,,,,,true,,0000,0,,1446203750204047426,,0,Animal Battle Stats,,1446204139909550150,,,2026-02-16T04:53:42.775Z,,4491519,4,true,Visitor,Anonymous,true,🔗 Page,/,true,🌐 Location,"Santa Clara, CA, US",true,🖥️ Device,Unknown on Unknown,true,📐 Screen,800x600,true,🌐 Language,en-US,false,🔗 Came From,https://animal-battle-stats-r43ytrdeq-raminoodle733s-projects.vercel.app/,,,,,,,,0,0,,,https://images-ext-1.discordapp.net/external/JNVOwhfRcEFw8VgKDMB9KwuZ8MKiLYwmegb7iAnEsqQ/https/animalbattlestats.com/images/icons/icon-192.png,https://animalbattlestats.com/images/icons/icon-192.png,0,2026-02-16T04:53:42.330000+00:00,👀 Site Visit,rich,0,,,false,,,,false,,,,,,,,,2026-02-16T04:53:42.775000+00:00,false,0,Animal Battle Stats,1446203750204047426
1472818200596058112,,,,,,true,,0000,0,,1446203750204047426,,0,Animal Battle Stats,,1446204139909550150,,,2026-02-16T04:53:42.661Z,,4491519,4,true,Visitor,Anonymous,true,🔗 Page,/,true,🌐 Location,"Santa Clara, CA, US",true,🖥️ Device,Unknown on Unknown,true,📐 Screen,800x600,true,🌐 Language,en-US,false,🔗 Came From,https://animal-battle-stats-r43ytrdeq-raminoodle733s-projects.vercel.app/,,,,,,,,0,0,,,https://images-ext-1.discordapp.net/external/JNVOwhfRcEFw8VgKDMB9KwuZ8MKiLYwmegb7iAnEsqQ/https/animalbattlestats.com/images/icons/icon-192.png,https://animalbattlestats.com/images/icons/icon-192.png,0,2026-02-16T04:53:42.224000+00:00,👀 Site Visit,rich,0,,,false,,,,false,,,,,,,,,2026-02-16T04:53:42.661000+00:00,false,0,Animal Battle Stats,1446203750204047426
1472818200260382844,,,,,,true,,0000,0,,1446203750204047426,,0,Animal Battle Stats,,1446204139909550150,,,2026-02-16T04:53:42.581Z,,4491519,4,true,Visitor,Anonymous,true,🔗 Page,/,true,🌐 Location,"San Jose, CA, US",true,🖥️ Device,Chrome on Linux,true,📐 Screen,800x600,true,🌐 Language,en-US,false,🔗 Came From,https://animal-battle-stats-r43ytrdeq-raminoodle733s-projects.vercel.app/,,,,,,,,0,0,,,https://images-ext-1.discordapp.net/external/JNVOwhfRcEFw8VgKDMB9KwuZ8MKiLYwmegb7iAnEsqQ/https/animalbattlestats.com/images/icons/icon-192.png,https://animalbattlestats.com/images/icons/icon-192.png,0,2026-02-16T04:53:42.299000+00:00,👀 Site Visit,rich,0,,,false,,,,false,,,,,,,,,2026-02-16T04:53:42.581000+00:00,false,0,Animal Battle Stats,1446203750204047426
1472818027933339752,,,,,,true,,0000,0,,1446203750204047426,,0,Animal Battle Stats,,1446204139909550150,,,2026-02-16T04:53:01.495Z,,4491519,4,true,Visitor,Anonymous,true,🔗 Page,/,true,🌐 Location,"San Jose, CA, US",true,🖥️ Device,Chrome on Linux,true,📐 Screen,800x600,true,🌐 Language,en-US,false,🔗 Came From,https://animal-battle-stats-3chsr305g-raminoodle733s-projects.vercel.app/,,,,,,,,0,0,,,https://images-ext-1.discordapp.net/external/JNVOwhfRcEFw8VgKDMB9KwuZ8MKiLYwmegb7iAnEsqQ/https/animalbattlestats.com/images/icons/icon-192.png,https://animalbattlestats.com/images/icons/icon-192.png,0,2026-02-16T04:53:01.200000+00:00,👀 Site Visit,rich,0,,,false,,,,false,,,,,,,,,2026-02-16T04:53:01.495000+00:00,false,0,Animal Battle Stats,1446203750204047426
1472818024145879082,,,,,,true,,0000,0,,1446203750204047426,,0,Animal Battle Stats,,1446204139909550150,,,2026-02-16T04:53:00.592Z,,4491519,4,true,Visitor,Anonymous,true,🔗 Page,/,true,🌐 Location,"San Jose, CA, US",true,🖥️ Device,Chrome on Linux,true,📐 Screen,800x600,true,🌐 Language,en-US,false,🔗 Came From,https://animal-battle-stats-3chsr305g-raminoodle733s-projects.vercel.app/,,,,,,,,0,0,,,https://images-ext-1.discordapp.net/external/JNVOwhfRcEFw8VgKDMB9KwuZ8MKiLYwmegb7iAnEsqQ/https/animalbattlestats.com/images/icons/icon-192.png,https://animalbattlestats.com/images/icons/icon-192.png,0,2026-02-16T04:53:00.352000+00:00,👀 Site Visit,rich,0,,,false,,,,false,,,,,,,,,2026-02-16T04:53:00.592000+00:00,false,0,Animal Battle Stats,1446203750204047426
1472817994269986852,,,,,,true,,0000,0,,1446203750204047426,,0,Animal Battle Stats,,1446204139909550150,,,2026-02-16T04:52:53.469Z,,4491519,4,true,Visitor,Anonymous,true,🔗 Page,/,true,🌐 Location,"Council Bluffs, IA, US",true,🖥️ Device,Firefox on Windows,true,📐 Screen,800x600,true,🌐 Language,en-US,,,,,,,,,,,0,0,,,https://images-ext-1.discordapp.net/external/JNVOwhfRcEFw8VgKDMB9KwuZ8MKiLYwmegb7iAnEsqQ/https/animalbattlestats.com/images/icons/icon-192.png,https://animalbattlestats.com/images/icons/icon-192.png,0,2026-02-16T04:52:53.161000+00:00,👀 Site Visit,rich,0,,,false,,,,false,,,,,,,,,2026-02-16T04:52:53.469000+00:00,false,0,Animal Battle Stats,1446203750204047426
1472817993569271851,,,,,,true,,0000,0,,1446203750204047426,,0,Animal Battle Stats,,1446204139909550150,,,2026-02-16T04:52:53.302Z,,4491519,4,true,Visitor,Anonymous,true,🔗 Page,/,true,🌐 Location,"San Jose, CA, US",true,🖥️ Device,Chrome on Linux,true,📐 Screen,800x600,true,🌐 Language,en-US,false,🔗 Came From,https://animal-battle-stats-3chsr305g-raminoodle733s-projects.vercel.app/,,,,,,,,0,0,,,https://images-ext-1.discordapp.net/external/JNVOwhfRcEFw8VgKDMB9KwuZ8MKiLYwmegb7iAnEsqQ/https/animalbattlestats.com/images/icons/icon-192.png,https://animalbattlestats.com/images/icons/icon-192.png,0,2026-02-16T04:52:50.047000+00:00,👀 Site Visit,rich,0,,,false,,,,false,,,,,,,,,2026-02-16T04:52:53.302000+00:00,false,0,Animal Battle Stats,1446203750204047426
1472702178232897784,,,,,,true,,0000,0,,1446203750204047426,,0,Animal Battle Stats,,1446204139909550150,,,2026-02-15T21:12:40.774Z,,4491519,4,true,Visitor,Cougar,true,🔗 Page,/rankings,true,🌐 Location,"Søreide, 46, NO",true,📱 Device,Chrome on Linux,true,📐 Screen,360x800,true,🌐 Language,en-US,,,,,,,,,,,0,0,,,https://images-ext-1.discordapp.net/external/JNVOwhfRcEFw8VgKDMB9KwuZ8MKiLYwmegb7iAnEsqQ/https/animalbattlestats.com/images/icons/icon-192.png,https://animalbattlestats.com/images/icons/icon-192.png,0,2026-02-15T21:12:40.499000+00:00,👀 Site Visit,rich,0,,,false,,,,false,,,,,,,,,2026-02-15T21:12:40.774000+00:00,false,0,Animal Battle Stats,1446203750204047426
1472702174881517650,,,,,,true,,0000,0,,1446203750204047426,,0,Animal Battle Stats,,1446204139909550150,,,2026-02-15T21:12:39.975Z,,6710886,4,true,User,Cougar,true,🔗 Page,/compare,true,🌐 Location,"Søreide, 46, NO",true,🕐 Session Duration,3m 56s,,,,,,,,,,,,,,,,,0,0,,,https://images-ext-1.discordapp.net/external/JNVOwhfRcEFw8VgKDMB9KwuZ8MKiLYwmegb7iAnEsqQ/https/animalbattlestats.com/images/icons/icon-192.png,https://animalbattlestats.com/images/icons/icon-192.png,0,2026-02-15T21:12:39.678000+00:00,👋 User Left Site,rich,0,,,false,,,,false,,,,,,,,,2026-02-15T21:12:39.975000+00:00,false,0,Animal Battle Stats,1446203750204047426
1472702111103062257,,,,,,true,,0000,0,,1446203750204047426,,0,Animal Battle Stats,,1446204139909550150,,,2026-02-15T21:12:24.769Z,,16739072,4,false,Matchup,**Cougar** vs **Sea Lion**,true,User,Cougar,true,🌐 Location,"Søreide, 46, NO",true,📱 Device,Chrome on Linux,,,,,,,,,,,,,,,,,0,0,,,https://images-ext-1.discordapp.net/external/JNVOwhfRcEFw8VgKDMB9KwuZ8MKiLYwmegb7iAnEsqQ/https/animalbattlestats.com/images/icons/icon-192.png,https://animalbattlestats.com/images/icons/icon-192.png,0,2026-02-15T21:12:24.398000+00:00,⚔️ Battle Comparison,rich,0,,,false,,,,false,,,,,,,,,2026-02-15T21:12:24.769000+00:00,false,0,Animal Battle Stats,1446203750204047426
1472701853983838391,,,,,,true,,0000,0,,1446203750204047426,,0,Animal Battle Stats,,1446204139909550150,,,2026-02-15T21:11:23.467Z,,16739072,4,false,Matchup,**Cougar** vs **Wild Horse**,true,User,Cougar,true,🌐 Location,"Søreide, 46, NO",true,📱 Device,Chrome on Linux,,,,,,,,,,,,,,,,,0,0,,,https://images-ext-1.discordapp.net/external/JNVOwhfRcEFw8VgKDMB9KwuZ8MKiLYwmegb7iAnEsqQ/https/animalbattlestats.com/images/icons/icon-192.png,https://animalbattlestats.com/images/icons/icon-192.png,0,2026-02-15T21:11:23.085000+00:00,⚔️ Battle Comparison,rich,0,,,false,,,,false,,,,,,,,,2026-02-15T21:11:23.467000+00:00,false,0,Animal Battle Stats,1446203750204047426
1472701783305355357,,,,,,true,,0000,0,,1446203750204047426,,0,Animal Battle Stats,,1446204139909550150,,,2026-02-15T21:11:06.616Z,,46296,4,true,User,RamiNoodle733,true,Replying To,Cougar,true,Target,Cougar,false,Reply,Thank you for using the site and bringing this to our attention! We will get it changed soon إن شاء ...,true,🌐 Location,"Houston, TX, US",true,📱 Device,Safari on macOS,,,,,,,,,,,0,0,,,https://images-ext-1.discordapp.net/external/JNVOwhfRcEFw8VgKDMB9KwuZ8MKiLYwmegb7iAnEsqQ/https/animalbattlestats.com/images/icons/icon-192.png,https://animalbattlestats.com/images/icons/icon-192.png,0,2026-02-15T21:11:06.102000+00:00,↩️ Comment Reply,rich,0,,,false,,,,false,,,,,,,,,2026-02-15T21:11:06.616000+00:00,false,0,Animal Battle Stats,1446203750204047426
1472701756608614565,,,,,,true,,0000,0,,1446203750204047426,,0,Animal Battle Stats,,1446204139909550150,,,2026-02-15T21:11:00.251Z,,16739072,4,false,Matchup,**Cougar** vs **Hippopotamus**,true,User,Cougar,true,🌐 Location,"Søreide, 46, NO",true,📱 Device,Chrome on Linux,,,,,,,,,,,,,,,,,0,0,,,https://images-ext-1.discordapp.net/external/JNVOwhfRcEFw8VgKDMB9KwuZ8MKiLYwmegb7iAnEsqQ/https/animalbattlestats.com/images/icons/icon-192.png,https://animalbattlestats.com/images/icons/icon-192.png,0,2026-02-15T21:10:59.878000+00:00,⚔️ Battle Comparison,rich,0,,,false,,,,false,,,,,,,,,2026-02-15T21:11:00.251000+00:00,false,0,Animal Battle Stats,1446203750204047426
1472701602514341928,,,,,,true,,0000,0,,1446203750204047426,,0,Animal Battle Stats,,1446204139909550150,,,2026-02-15T21:10:23.512Z,,16739072,4,false,Matchup,**Cougar** vs **Leopard**,true,User,Cougar,true,🌐 Location,"Søreide, 46, NO",true,📱 Device,Chrome on Linux,,,,,,,,,,,,,,,,,0,0,,,https://images-ext-1.discordapp.net/external/JNVOwhfRcEFw8VgKDMB9KwuZ8MKiLYwmegb7iAnEsqQ/https/animalbattlestats.com/images/icons/icon-192.png,https://animalbattlestats.com/images/icons/icon-192.png,0,2026-02-15T21:10:23.109000+00:00,⚔️ Battle Comparison,rich,0,,,false,,,,false,,,,,,,,,2026-02-15T21:10:23.512000+00:00,false,0,Animal Battle Stats,1446203750204047426
1472701439402049576,,,,,,true,,0000,0,,1446203750204047426,,0,Animal Battle Stats,,1446204139909550150,,,2026-02-15T21:09:44.623Z,,16739072,4,false,Matchup,**Cougar** vs **Snow Leopard**,true,User,Cougar,true,🌐 Location,"Søreide, 46, NO",true,📱 Device,Chrome on Linux,,,,,,,,,,,,,,,,,0,0,,,https://images-ext-1.discordapp.net/external/JNVOwhfRcEFw8VgKDMB9KwuZ8MKiLYwmegb7iAnEsqQ/https/animalbattlestats.com/images/icons/icon-192.png,https://animalbattlestats.com/images/icons/icon-192.png,0,2026-02-15T21:09:43.973000+00:00,⚔️ Battle Comparison,rich,0,,,false,,,,false,,,,,,,,,2026-02-15T21:09:44.623000+00:00,false,0,Animal Battle Stats,1446203750204047426
1472701289107296357,,,,,,true,,0000,0,,1446203750204047426,,0,Animal Battle Stats,,1446204139909550150,,,2026-02-15T21:09:08.790Z,,4491519,4,true,Visitor,RamiNoodle733,true,🔗 Page,/community,true,🌐 Location,"Houston, TX, US",true,📱 Device,Safari on macOS,true,📐 Screen,402x874,true,🌐 Language,en-US,,,,,,,,,,,0,0,,,https://images-ext-1.discordapp.net/external/JNVOwhfRcEFw8VgKDMB9KwuZ8MKiLYwmegb7iAnEsqQ/https/animalbattlestats.com/images/icons/icon-192.png,https://animalbattlestats.com/images/icons/icon-192.png,0,2026-02-15T21:09:08.454000+00:00,👀 Site Visit,rich,0,,,false,,,,false,,,,,,,,,2026-02-15T21:09:08.790000+00:00,false,0,Animal Battle Stats,1446203750204047426
1472701185885606126,,,,,,true,,0000,0,,1446203750204047426,,0,Animal Battle Stats,,1446204139909550150,,,2026-02-15T21:08:44.180Z,,4491519,4,true,Visitor,Cougar,true,🔗 Page,/compare,true,🌐 Location,"Søreide, 46, NO",true,📱 Device,Chrome on Linux,true,📐 Screen,360x800,true,🌐 Language,en-US,,,,,,,,,,,0,0,,,https://images-ext-1.discordapp.net/external/JNVOwhfRcEFw8VgKDMB9KwuZ8MKiLYwmegb7iAnEsqQ/https/animalbattlestats.com/images/icons/icon-192.png,https://animalbattlestats.com/images/icons/icon-192.png,0,2026-02-15T21:08:44.012000+00:00,👀 Site Visit,rich,0,,,false,,,,false,,,,,,,,,2026-02-15T21:08:44.180000+00:00,false,0,Animal Battle Stats,1446203750204047426
1472701181510811749,,,,,,true,,0000,0,,1446203750204047426,,0,Animal Battle Stats,,1446204139909550150,,,2026-02-15T21:08:43.137Z,,6710886,4,true,User,Cougar,true,🔗 Page,/stats/seal,true,🌐 Location,"Søreide, 46, NO",true,🕐 Session Duration,2m 39s,,,,,,,,,,,,,,,,,0,0,,,https://images-ext-1.discordapp.net/external/JNVOwhfRcEFw8VgKDMB9KwuZ8MKiLYwmegb7iAnEsqQ/https/animalbattlestats.com/images/icons/icon-192.png,https://animalbattlestats.com/images/icons/icon-192.png,0,2026-02-15T21:08:42.899000+00:00,👋 User Left Site,rich,0,,,false,,,,false,,,,,,,,,2026-02-15T21:08:43.137000+00:00,false,0,Animal Battle Stats,1446203750204047426
1472701170727387258,,,,,,true,,0000,0,,1446203750204047426,,0,Animal Battle Stats,,1446204139909550150,,,2026-02-15T21:08:40.566Z,,4491519,4,true,Visitor,RamiNoodle733,true,🔗 Page,/stats,true,🌐 Location,"Houston, TX, US",true,📱 Device,Safari on macOS,true,📐 Screen,402x874,true,🌐 Language,en-US,,,,,,,,,,,0,0,,,https://images-ext-1.discordapp.net/external/JNVOwhfRcEFw8VgKDMB9KwuZ8MKiLYwmegb7iAnEsqQ/https/animalbattlestats.com/images/icons/icon-192.png,https://animalbattlestats.com/images/icons/icon-192.png,0,2026-02-15T21:08:40.307000+00:00,👀 Site Visit,rich,0,,,false,,,,false,,,,,,,,,2026-02-15T21:08:40.566000+00:00,false,0,Animal Battle Stats,1446203750204047426
1472700944251748583,,,,,,true,,0000,0,,1446203750204047426,,0,Animal Battle Stats,,1446204139909550150,,,2026-02-15T21:07:46.570Z,,52360,4,true,By,RamiNoodle733,true,Comment Author,Cougar,true,On,Cougar,true,🌐 Location,"Houston, TX, US",true,📱 Device,Safari on macOS,,,,,,,,,,,,,,0,0,,,https://images-ext-1.discordapp.net/external/JNVOwhfRcEFw8VgKDMB9KwuZ8MKiLYwmegb7iAnEsqQ/https/animalbattlestats.com/images/icons/icon-192.png,https://animalbattlestats.com/images/icons/icon-192.png,0,2026-02-15T21:07:46.138000+00:00,👍 Comment Upvoted,rich,0,,,false,,,,false,,,,,,,,,2026-02-15T21:07:46.570000+00:00,false,0,Animal Battle Stats,1446203750204047426
1472700875138011226,,,,,,true,,0000,0,,1446203750204047426,,0,Animal Battle Stats,,1446204139909550150,,,2026-02-15T21:07:30.092Z,,4491519,4,true,Visitor,RamiNoodle733,true,🔗 Page,/,true,🌐 Location,"Houston, TX, US",true,📱 Device,Safari on macOS,true,📐 Screen,402x874,true,🌐 Language,en-US,,,,,,,,,,,0,0,,,https://images-ext-1.discordapp.net/external/JNVOwhfRcEFw8VgKDMB9KwuZ8MKiLYwmegb7iAnEsqQ/https/animalbattlestats.com/images/icons/icon-192.png,https://animalbattlestats.com/images/icons/icon-192.png,0,2026-02-15T21:07:29.817000+00:00,👀 Site Visit,rich,0,,,false,,,,false,,,,,,,,,2026-02-15T21:07:30.092000+00:00,false,0,Animal Battle Stats,1446203750204047426
1472700741012426864,,,,,,true,,0000,0,,1446203750204047426,,0,Animal Battle Stats,,1446204139909550150,,,2026-02-15T21:06:58.114Z,,54527,4,true,User,Cougar,true,Target,Cougar,false,Comment,Should have higher bite force,true,🌐 Location,"Søreide, 46, NO",true,📱 Device,Chrome on Linux,,,,,,,,,,,,,,0,0,,,https://images-ext-1.discordapp.net/external/JNVOwhfRcEFw8VgKDMB9KwuZ8MKiLYwmegb7iAnEsqQ/https/animalbattlestats.com/images/icons/icon-192.png,https://animalbattlestats.com/images/icons/icon-192.png,0,2026-02-15T21:06:57.761000+00:00,💬 New Comment,rich,0,,,false,,,,false,,,,,,,,,2026-02-15T21:06:58.114000+00:00,false,0,Animal Battle Stats,1446203750204047426
1472700513752711269,,,,,,true,,0000,0,,1446203750204047426,,0,Animal Battle Stats,,1446204139909550150,,,2026-02-15T21:06:03.931Z,,4491519,4,true,Visitor,Cougar,true,🔗 Page,/stats,true,🌐 Location,"Søreide, 46, NO",true,📱 Device,Chrome on Linux,true,📐 Screen,360x800,true,🌐 Language,en-US,,,,,,,,,,,0,0,,,https://images-ext-1.discordapp.net/external/JNVOwhfRcEFw8VgKDMB9KwuZ8MKiLYwmegb7iAnEsqQ/https/animalbattlestats.com/images/icons/icon-192.png,https://animalbattlestats.com/images/icons/icon-192.png,0,2026-02-15T21:06:03.694000+00:00,👀 Site Visit,rich,0,,,false,,,,false,,,,,,,,,2026-02-15T21:06:03.931000+00:00,false,0,Animal Battle Stats,1446203750204047426
1472700512045629461,,,,,,true,,0000,0,,1446203750204047426,,0,Animal Battle Stats,,1446204139909550150,,,2026-02-15T21:06:03.524Z,,10053375,4,true,Username,Cougar,true,🌐 Location,"Søreide, 46, NO",true,📱 Device,Chrome on Linux,true,🔗 Referrer,https://animalbattlestats.com/signup,,,,,,,,,,,,,,,,,0,0,,,https://images-ext-1.discordapp.net/external/JNVOwhfRcEFw8VgKDMB9KwuZ8MKiLYwmegb7iAnEsqQ/https/animalbattlestats.com/images/icons/icon-192.png,https://animalbattlestats.com/images/icons/icon-192.png,0,2026-02-15T21:05:27.150000+00:00,🎉 New User Signup!,rich,0,,,false,,,,false,,,,,,,,,2026-02-15T21:06:03.524000+00:00,false,0,Animal Battle Stats,1446203750204047426
1472700511923867871,,,,,,true,,0000,0,,1446203750204047426,,0,Animal Battle Stats,,1446204139909550150,,,2026-02-15T21:06:03.495Z,,4491519,4,true,Visitor,Anonymous,true,🔗 Page,/,true,🌐 Location,"Søreide, 46, NO",true,📱 Device,Chrome on Linux,true,📐 Screen,360x800,true,🌐 Language,en-US,,,,,,,,,,,0,0,,,https://images-ext-1.discordapp.net/external/JNVOwhfRcEFw8VgKDMB9KwuZ8MKiLYwmegb7iAnEsqQ/https/animalbattlestats.com/images/icons/icon-192.png,https://animalbattlestats.com/images/icons/icon-192.png,0,2026-02-15T21:04:31.898000+00:00,👀 Site Visit,rich,0,,,false,,,,false,,,,,,,,,2026-02-15T21:06:03.495000+00:00,false,0,Animal Battle Stats,1446203750204047426
1472700511894372494,,,,,,true,,0000,0,,1446203750204047426,,0,Animal Battle Stats,,1446204139909550150,,,2026-02-15T21:06:03.488Z,,6710886,4,true,User,Anonymous,true,🔗 Page,/rankings,true,🌐 Location,"Søreide, 46, NO",true,🕐 Session Duration,1m 30s,,,,,,,,,,,,,,,,,0,0,,,https://images-ext-1.discordapp.net/external/JNVOwhfRcEFw8VgKDMB9KwuZ8MKiLYwmegb7iAnEsqQ/https/animalbattlestats.com/images/icons/icon-192.png,https://animalbattlestats.com/images/icons/icon-192.png,0,2026-02-15T21:06:02.377000+00:00,👋 User Left Site,rich,0,,,false,,,,false,,,,,,,,,2026-02-15T21:06:03.488000+00:00,false,0,Animal Battle Stats,1446203750204047426
1472246203868512456,,,,,,true,,0000,0,,1446203750204047426,,0,Animal Battle Stats,,1446204139909550150,,,2026-02-14T15:00:48.014Z,,4491519,4,true,Visitor,Anonymous,true,🔗 Page,/stats/hyena,true,🌐 Location,"WA, US",true,🖥️ Device,Chrome on Unknown,true,📐 Screen,800x600,true,🌐 Language,en-US,,,,,,,,,,,0,0,,,https://images-ext-1.discordapp.net/external/JNVOwhfRcEFw8VgKDMB9KwuZ8MKiLYwmegb7iAnEsqQ/https/animalbattlestats.com/images/icons/icon-192.png,https://animalbattlestats.com/images/icons/icon-192.png,0,2026-02-14T15:00:43.603000+00:00,👀 Site Visit,rich,0,,,false,,,,false,,,,,,,,,2026-02-14T15:00:48.014000+00:00,false,0,Animal Battle Stats,1446203750204047426
1472246190404931697,,,,,,true,,0000,0,,1446203750204047426,,0,Animal Battle Stats,,1446204139909550150,,,2026-02-14T15:00:44.804Z,,4491519,4,true,Visitor,Anonymous,true,🔗 Page,/stats/lionfish,true,🌐 Location,"WA, US",true,🖥️ Device,Chrome on Unknown,true,📐 Screen,800x600,true,🌐 Language,en-US,,,,,,,,,,,0,0,,,https://images-ext-1.discordapp.net/external/JNVOwhfRcEFw8VgKDMB9KwuZ8MKiLYwmegb7iAnEsqQ/https/animalbattlestats.com/images/icons/icon-192.png,https://animalbattlestats.com/images/icons/icon-192.png,0,2026-02-14T15:00:42.292000+00:00,👀 Site Visit,rich,0,,,false,,,,false,,,,,,,,,2026-02-14T15:00:44.804000+00:00,false,0,Animal Battle Stats,1446203750204047426
1472246160553935084,,,,,,true,,0000,0,,1446203750204047426,,0,Animal Battle Stats,,1446204139909550150,,,2026-02-14T15:00:37.687Z,,4491519,4,true,Visitor,Anonymous,true,🔗 Page,/stats/african-wild-dog,true,🌐 Location,"WA, US",true,🖥️ Device,Chrome on Unknown,true,📐 Screen,800x600,true,🌐 Language,en-US,,,,,,,,,,,0,0,,,https://images-ext-1.discordapp.net/external/JNVOwhfRcEFw8VgKDMB9KwuZ8MKiLYwmegb7iAnEsqQ/https/animalbattlestats.com/images/icons/icon-192.png,https://animalbattlestats.com/images/icons/icon-192.png,0,2026-02-14T15:00:36.900000+00:00,👀 Site Visit,rich,0,,,false,,,,false,,,,,,,,,2026-02-14T15:00:37.687000+00:00,false,0,Animal Battle Stats,1446203750204047426
1472246156233801740,,,,,,true,,0000,0,,1446203750204047426,,0,Animal Battle Stats,,1446204139909550150,,,2026-02-14T15:00:36.657Z,,4491519,4,true,Visitor,Anonymous,true,🔗 Page,/stats/cape-buffalo,true,🌐 Location,"WA, US",true,🖥️ Device,Chrome on Unknown,true,📐 Screen,800x600,true,🌐 Language,en-US,,,,,,,,,,,0,0,,,https://images-ext-1.discordapp.net/external/JNVOwhfRcEFw8VgKDMB9KwuZ8MKiLYwmegb7iAnEsqQ/https/animalbattlestats.com/images/icons/icon-192.png,https://animalbattlestats.com/images/icons/icon-192.png,0,2026-02-14T15:00:35.095000+00:00,👀 Site Visit,rich,0,,,false,,,,false,,,,,,,,,2026-02-14T15:00:36.657000+00:00,false,0,Animal Battle Stats,1446203750204047426
1472246155457990691,,,,,,true,,0000,0,,1446203750204047426,,0,Animal Battle Stats,,1446204139909550150,,,2026-02-14T15:00:36.472Z,,4491519,4,true,Visitor,Anonymous,true,🔗 Page,/stats/black-rhinoceros,true,🌐 Location,"WA, US",true,🖥️ Device,Chrome on Unknown,true,📐 Screen,800x600,true,🌐 Language,en-US,,,,,,,,,,,0,0,,,https://images-ext-1.discordapp.net/external/JNVOwhfRcEFw8VgKDMB9KwuZ8MKiLYwmegb7iAnEsqQ/https/animalbattlestats.com/images/icons/icon-192.png,https://animalbattlestats.com/images/icons/icon-192.png,0,2026-02-14T15:00:36.023000+00:00,👀 Site Visit,rich,0,,,false,,,,false,,,,,,,,,2026-02-14T15:00:36.472000+00:00,false,0,Animal Battle Stats,1446203750204047426
1472246153150988559,,,,,,true,,0000,0,,1446203750204047426,,0,Animal Battle Stats,,1446204139909550150,,,2026-02-14T15:00:35.922Z,,4491519,4,true,Visitor,Anonymous,true,🔗 Page,/stats/gray-wolf,true,🌐 Location,"WA, US",true,🖥️ Device,Chrome on Unknown,true,📐 Screen,800x600,true,🌐 Language,en-US,,,,,,,,,,,0,0,,,https://images-ext-1.discordapp.net/external/JNVOwhfRcEFw8VgKDMB9KwuZ8MKiLYwmegb7iAnEsqQ/https/animalbattlestats.com/images/icons/icon-192.png,https://animalbattlestats.com/images/icons/icon-192.png,0,2026-02-14T15:00:34.593000+00:00,👀 Site Visit,rich,0,,,false,,,,false,,,,,,,,,2026-02-14T15:00:35.922000+00:00,false,0,Animal Battle Stats,1446203750204047426
1472246151813140625,,,,,,true,,0000,0,,1446203750204047426,,0,Animal Battle Stats,,1446204139909550150,,,2026-02-14T15:00:35.603Z,,4491519,4,true,Visitor,Anonymous,true,🔗 Page,/stats/rhinoceros,true,🌐 Location,"WA, US",true,🖥️ Device,Chrome on Unknown,true,📐 Screen,800x600,true,🌐 Language,en-US,,,,,,,,,,,0,0,,,https://images-ext-1.discordapp.net/external/JNVOwhfRcEFw8VgKDMB9KwuZ8MKiLYwmegb7iAnEsqQ/https/animalbattlestats.com/images/icons/icon-192.png,https://animalbattlestats.com/images/icons/icon-192.png,0,2026-02-14T15:00:34.136000+00:00,👀 Site Visit,rich,0,,,false,,,,false,,,,,,,,,2026-02-14T15:00:35.603000+00:00,false,0,Animal Battle Stats,1446203750204047426
1471585975674208288,,,,,,true,,0000,0,,1446203750204047426,,0,Animal Battle Stats,,1446204139909550150,,,2026-02-12T19:17:17.346Z,,4491519,4,true,Visitor,RamiNoodle733,true,🔗 Page,/,true,🌐 Location,"Houston, TX, US",true,📱 Device,Safari on macOS,true,📐 Screen,402x874,true,🌐 Language,en-US,,,,,,,,,,,0,0,,,https://images-ext-1.discordapp.net/external/JNVOwhfRcEFw8VgKDMB9KwuZ8MKiLYwmegb7iAnEsqQ/https/animalbattlestats.com/images/icons/icon-192.png,https://animalbattlestats.com/images/icons/icon-192.png,0,2026-02-12T19:17:16.984000+00:00,👀 Site Visit,rich,0,,,false,,,,false,,,,,,,,,2026-02-12T19:17:17.346000+00:00,false,0,Animal Battle Stats,1446203750204047426
1471585960574718095,,,,,,true,,0000,0,,1446203750204047426,,0,Animal Battle Stats,,1446204139909550150,,,2026-02-12T19:17:13.746Z,,4491519,4,true,Visitor,RamiNoodle733,true,🔗 Page,/,true,🌐 Location,"Houston, TX, US",true,📱 Device,Safari on macOS,true,📐 Screen,402x874,true,🌐 Language,en-US,,,,,,,,,,,0,0,,,https://images-ext-1.discordapp.net/external/JNVOwhfRcEFw8VgKDMB9KwuZ8MKiLYwmegb7iAnEsqQ/https/animalbattlestats.com/images/icons/icon-192.png,https://animalbattlestats.com/images/icons/icon-192.png,0,2026-02-12T19:17:13.487000+00:00,👀 Site Visit,rich,0,,,false,,,,false,,,,,,,,,2026-02-12T19:17:13.746000+00:00,false,0,Animal Battle Stats,1446203750204047426
1471585946137788538,,,,,,true,,0000,0,,1446203750204047426,,0,Animal Battle Stats,,1446204139909550150,,,2026-02-12T19:17:10.304Z,,4491519,4,true,Visitor,RamiNoodle733,true,🔗 Page,/compare,true,🌐 Location,"Houston, TX, US",true,📱 Device,Safari on macOS,true,📐 Screen,402x874,true,🌐 Language,en-US,,,,,,,,,,,0,0,,,https://images-ext-1.discordapp.net/external/JNVOwhfRcEFw8VgKDMB9KwuZ8MKiLYwmegb7iAnEsqQ/https/animalbattlestats.com/images/icons/icon-192.png,https://animalbattlestats.com/images/icons/icon-192.png,0,2026-02-12T19:17:10.028000+00:00,👀 Site Visit,rich,0,,,false,,,,false,,,,,,,,,2026-02-12T19:17:10.304000+00:00,false,0,Animal Battle Stats,1446203750204047426
1471585889204437064,,,,,,true,,0000,0,,1446203750204047426,,0,Animal Battle Stats,,1446204139909550150,,,2026-02-12T19:16:56.730Z,,65416,4,true,User,RamiNoodle733,true,Animal,Cassowary,true,Vote,👍 Upvote,true,🌐 Location,"Houston, TX, US",true,📱 Device,Safari on macOS,,,,,,,,,,,,,,0,0,,,https://images-ext-1.discordapp.net/external/JNVOwhfRcEFw8VgKDMB9KwuZ8MKiLYwmegb7iAnEsqQ/https/animalbattlestats.com/images/icons/icon-192.png,https://animalbattlestats.com/images/icons/icon-192.png,0,2026-02-12T19:16:56.259000+00:00,👍 New Vote,rich,0,,,false,,,,false,,,,,,,,,2026-02-12T19:16:56.730000+00:00,false,0,Animal Battle Stats,1446203750204047426
1471585830551289979,,,,,,true,,0000,0,,1446203750204047426,,0,Animal Battle Stats,,1446204139909550150,,,2026-02-12T19:16:42.746Z,,4491519,4,true,Visitor,RamiNoodle733,true,🔗 Page,/rankings,true,🌐 Location,"Houston, TX, US",true,📱 Device,Safari on macOS,true,📐 Screen,402x874,true,🌐 Language,en-US,,,,,,,,,,,0,0,,,https://images-ext-1.discordapp.net/external/JNVOwhfRcEFw8VgKDMB9KwuZ8MKiLYwmegb7iAnEsqQ/https/animalbattlestats.com/images/icons/icon-192.png,https://animalbattlestats.com/images/icons/icon-192.png,0,2026-02-12T19:16:42.432000+00:00,👀 Site Visit,rich,0,,,false,,,,false,,,,,,,,,2026-02-12T19:16:42.746000+00:00,false,0,Animal Battle Stats,1446203750204047426
1471585804764844095,,,,,,true,,0000,0,,1446203750204047426,,0,Animal Battle Stats,,1446204139909550150,,,2026-02-12T19:16:36.598Z,,4491519,4,true,Visitor,RamiNoodle733,true,🔗 Page,/stats,true,🌐 Location,"Houston, TX, US",true,📱 Device,Safari on macOS,true,📐 Screen,402x874,true,🌐 Language,en-US,,,,,,,,,,,0,0,,,https://images-ext-1.discordapp.net/external/JNVOwhfRcEFw8VgKDMB9KwuZ8MKiLYwmegb7iAnEsqQ/https/animalbattlestats.com/images/icons/icon-192.png,https://animalbattlestats.com/images/icons/icon-192.png,0,2026-02-12T19:16:36.339000+00:00,👀 Site Visit,rich,0,,,false,,,,false,,,,,,,,,2026-02-12T19:16:36.598000+00:00,false,0,Animal Battle Stats,1446203750204047426
1471585795667132578,,,,,,true,,0000,0,,1446203750204047426,,0,Animal Battle Stats,,1446204139909550150,,,2026-02-12T19:16:34.429Z,,4491519,4,true,Visitor,RamiNoodle733,true,🔗 Page,/compare,true,🌐 Location,"Houston, TX, US",true,📱 Device,Safari on macOS,true,📐 Screen,402x874,true,🌐 Language,en-US,,,,,,,,,,,0,0,,,https://images-ext-1.discordapp.net/external/JNVOwhfRcEFw8VgKDMB9KwuZ8MKiLYwmegb7iAnEsqQ/https/animalbattlestats.com/images/icons/icon-192.png,https://animalbattlestats.com/images/icons/icon-192.png,0,2026-02-12T19:16:34.032000+00:00,👀 Site Visit,rich,0,,,false,,,,false,,,,,,,,,2026-02-12T19:16:34.429000+00:00,false,0,Animal Battle Stats,1446203750204047426
1471585770837115061,,,,,,true,,0000,0,,1446203750204047426,,0,Animal Battle Stats,,1446204139909550150,,,2026-02-12T19:16:28.509Z,,4491519,4,true,Visitor,RamiNoodle733,true,🔗 Page,/community,true,🌐 Location,"Houston, TX, US",true,📱 Device,Safari on macOS,true,📐 Screen,402x874,true,🌐 Language,en-US,,,,,,,,,,,0,0,,,https://images-ext-1.discordapp.net/external/JNVOwhfRcEFw8VgKDMB9KwuZ8MKiLYwmegb7iAnEsqQ/https/animalbattlestats.com/images/icons/icon-192.png,https://animalbattlestats.com/images/icons/icon-192.png,0,2026-02-12T19:16:28.227000+00:00,👀 Site Visit,rich,0,,,false,,,,false,,,,,,,,,2026-02-12T19:16:28.509000+00:00,false,0,Animal Battle Stats,1446203750204047426
1471585705602842679,,,,,,true,,0000,0,,1446203750204047426,,0,Animal Battle Stats,,1446204139909550150,,,2026-02-12T19:16:12.956Z,,4491519,4,true,Visitor,RamiNoodle733,true,🔗 Page,/rankings,true,🌐 Location,"Houston, TX, US",true,📱 Device,Safari on macOS,true,📐 Screen,402x874,true,🌐 Language,en-US,,,,,,,,,,,0,0,,,https://images-ext-1.discordapp.net/external/JNVOwhfRcEFw8VgKDMB9KwuZ8MKiLYwmegb7iAnEsqQ/https/animalbattlestats.com/images/icons/icon-192.png,https://animalbattlestats.com/images/icons/icon-192.png,0,2026-02-12T19:16:12.715000+00:00,👀 Site Visit,rich,0,,,false,,,,false,,,,,,,,,2026-02-12T19:16:12.956000+00:00,false,0,Animal Battle Stats,1446203750204047426
1471585680428765195,,,,,,true,,0000,0,,1446203750204047426,,0,Animal Battle Stats,,1446204139909550150,,,2026-02-12T19:16:06.954Z,,4491519,4,true,Visitor,RamiNoodle733,true,🔗 Page,/community,true,🌐 Location,"Houston, TX, US",true,📱 Device,Safari on macOS,true,📐 Screen,402x874,true,🌐 Language,en-US,,,,,,,,,,,0,0,,,https://images-ext-1.discordapp.net/external/JNVOwhfRcEFw8VgKDMB9KwuZ8MKiLYwmegb7iAnEsqQ/https/animalbattlestats.com/images/icons/icon-192.png,https://animalbattlestats.com/images/icons/icon-192.png,0,2026-02-12T19:16:06.694000+00:00,👀 Site Visit,rich,0,,,false,,,,false,,,,,,,,,2026-02-12T19:16:06.954000+00:00,false,0,Animal Battle Stats,1446203750204047426
1471585679677984890,,,,,,true,,0000,0,,1446203750204047426,,0,Animal Battle Stats,,1446204139909550150,,,2026-02-12T19:16:06.775Z,,4491519,4,true,Visitor,RamiNoodle733,true,🔗 Page,/rankings,true,🌐 Location,"Houston, TX, US",true,📱 Device,Safari on macOS,true,📐 Screen,402x874,true,🌐 Language,en-US,,,,,,,,,,,0,0,,,https://images-ext-1.discordapp.net/external/JNVOwhfRcEFw8VgKDMB9KwuZ8MKiLYwmegb7iAnEsqQ/https/animalbattlestats.com/images/icons/icon-192.png,https://animalbattlestats.com/images/icons/icon-192.png,0,2026-02-12T19:16:04.495000+00:00,👀 Site Visit,rich,0,,,false,,,,false,,,,,,,,,2026-02-12T19:16:06.775000+00:00,false,0,Animal Battle Stats,1446203750204047426
1471585673122287846,,,,,,true,,0000,0,,1446203750204047426,,0,Animal Battle Stats,,1446204139909550150,,,2026-02-12T19:16:05.212Z,,4491519,4,true,Visitor,RamiNoodle733,true,🔗 Page,/,true,🌐 Location,"Houston, TX, US",true,📱 Device,Safari on macOS,true,📐 Screen,402x874,true,🌐 Language,en-US,,,,,,,,,,,0,0,,,https://images-ext-1.discordapp.net/external/JNVOwhfRcEFw8VgKDMB9KwuZ8MKiLYwmegb7iAnEsqQ/https/animalbattlestats.com/images/icons/icon-192.png,https://animalbattlestats.com/images/icons/icon-192.png,0,2026-02-12T19:15:44.163000+00:00,👀 Site Visit,rich,0,,,false,,,,false,,,,,,,,,2026-02-12T19:16:05.212000+00:00,false,0,Animal Battle Stats,1446203750204047426
1471516775416991937,,,,,,true,,0000,0,,1446203750204047426,,0,Animal Battle Stats,,1446204139909550150,,,2026-02-12T14:42:18.719Z,,16739072,4,false,Matchup,**Zebra** vs **African Lion**,true,User,Anonymous,true,🌐 Location,"Cedar Park, TX, US",true,🖥️ Device,Safari on macOS,,,,,,,,,,,,,,,,,0,0,,,https://images-ext-1.discordapp.net/external/JNVOwhfRcEFw8VgKDMB9KwuZ8MKiLYwmegb7iAnEsqQ/https/animalbattlestats.com/images/icons/icon-192.png,https://animalbattlestats.com/images/icons/icon-192.png,0,2026-02-12T14:42:18.446000+00:00,⚔️ Battle Comparison,rich,0,,,false,,,,false,,,,,,,,,2026-02-12T14:42:18.719000+00:00,false,0,Animal Battle Stats,1446203750204047426
1471516101467967569,,,,,,true,,0000,0,,1446203750204047426,,0,Animal Battle Stats,,1446204139909550150,,,2026-02-12T14:39:38.037Z,,16739072,4,false,Matchup,**African Lion** vs **Saltwater Crocodile**,true,User,Anonymous,true,🌐 Location,"Cedar Park, TX, US",true,🖥️ Device,Safari on macOS,,,,,,,,,,,,,,,,,0,0,,,https://images-ext-1.discordapp.net/external/JNVOwhfRcEFw8VgKDMB9KwuZ8MKiLYwmegb7iAnEsqQ/https/animalbattlestats.com/images/icons/icon-192.png,https://animalbattlestats.com/images/icons/icon-192.png,0,2026-02-12T14:39:37.408000+00:00,⚔️ Battle Comparison,rich,0,,,false,,,,false,,,,,,,,,2026-02-12T14:39:38.037000+00:00,false,0,Animal Battle Stats,1446203750204047426
1471515991782719763,,,,,,true,,0000,0,,1446203750204047426,,0,Animal Battle Stats,,1446204139909550150,,,2026-02-12T14:39:11.886Z,,16739072,4,false,Matchup,**Meerkat** vs **Alligator**,true,User,Anonymous,true,🌐 Location,"Cedar Park, TX, US",true,🖥️ Device,Safari on macOS,,,,,,,,,,,,,,,,,0,0,,,https://images-ext-1.discordapp.net/external/JNVOwhfRcEFw8VgKDMB9KwuZ8MKiLYwmegb7iAnEsqQ/https/animalbattlestats.com/images/icons/icon-192.png,https://animalbattlestats.com/images/icons/icon-192.png,0,2026-02-12T14:39:11.548000+00:00,⚔️ Battle Comparison,rich,0,,,false,,,,false,,,,,,,,,2026-02-12T14:39:11.886000+00:00,false,0,Animal Battle Stats,1446203750204047426
1471515902968205522,,,,,,true,,0000,0,,1446203750204047426,,0,Animal Battle Stats,,1446204139909550150,,,2026-02-12T14:38:50.711Z,,16739072,4,false,Matchup,**Warthog** vs **Alligator**,true,User,Anonymous,true,🌐 Location,"Cedar Park, TX, US",true,🖥️ Device,Safari on macOS,,,,,,,,,,,,,,,,,0,0,,,https://images-ext-1.discordapp.net/external/JNVOwhfRcEFw8VgKDMB9KwuZ8MKiLYwmegb7iAnEsqQ/https/animalbattlestats.com/images/icons/icon-192.png,https://animalbattlestats.com/images/icons/icon-192.png,0,2026-02-12T14:38:50.265000+00:00,⚔️ Battle Comparison,rich,0,,,false,,,,false,,,,,,,,,2026-02-12T14:38:50.711000+00:00,false,0,Animal Battle Stats,1446203750204047426
1471515058977902819,,,,,,true,,0000,0,,1446203750204047426,,0,Animal Battle Stats,,1446204139909550150,,,2026-02-12T14:35:29.488Z,,16739072,4,false,Matchup,**Meerkat** vs **Pelican**,true,User,Anonymous,true,🌐 Location,"Cedar Park, TX, US",true,🖥️ Device,Safari on macOS,,,,,,,,,,,,,,,,,0,0,,,https://images-ext-1.discordapp.net/external/JNVOwhfRcEFw8VgKDMB9KwuZ8MKiLYwmegb7iAnEsqQ/https/animalbattlestats.com/images/icons/icon-192.png,https://animalbattlestats.com/images/icons/icon-192.png,0,2026-02-12T14:35:29.198000+00:00,⚔️ Battle Comparison,rich,0,,,false,,,,false,,,,,,,,,2026-02-12T14:35:29.488000+00:00,false,0,Animal Battle Stats,1446203750204047426
1471514951008129124,,,,,,true,,0000,0,,1446203750204047426,,0,Animal Battle Stats,,1446204139909550150,,,2026-02-12T14:35:03.746Z,,16739072,4,false,Matchup,**Warthog** vs **Pelican**,true,User,Anonymous,true,🌐 Location,"Cedar Park, TX, US",true,🖥️ Device,Safari on macOS,,,,,,,,,,,,,,,,,0,0,,,https://images-ext-1.discordapp.net/external/JNVOwhfRcEFw8VgKDMB9KwuZ8MKiLYwmegb7iAnEsqQ/https/animalbattlestats.com/images/icons/icon-192.png,https://animalbattlestats.com/images/icons/icon-192.png,0,2026-02-12T14:35:03.470000+00:00,⚔️ Battle Comparison,rich,0,,,false,,,,false,,,,,,,,,2026-02-12T14:35:03.746000+00:00,false,0,Animal Battle Stats,1446203750204047426
1471514817838841887,,,,,,true,,0000,0,,1446203750204047426,,0,Animal Battle Stats,,1446204139909550150,,,2026-02-12T14:34:31.996Z,,16739072,4,false,Matchup,**Gazelle** vs **Pelican**,true,User,Anonymous,true,🌐 Location,"Cedar Park, TX, US",true,🖥️ Device,Safari on macOS,,,,,,,,,,,,,,,,,0,0,,,https://images-ext-1.discordapp.net/external/JNVOwhfRcEFw8VgKDMB9KwuZ8MKiLYwmegb7iAnEsqQ/https/animalbattlestats.com/images/icons/icon-192.png,https://animalbattlestats.com/images/icons/icon-192.png,0,2026-02-12T14:34:31.697000+00:00,⚔️ Battle Comparison,rich,0,,,false,,,,false,,,,,,,,,2026-02-12T14:34:31.996000+00:00,false,0,Animal Battle Stats,1446203750204047426
1471514709093126166,,,,,,true,,0000,0,,1446203750204047426,,0,Animal Battle Stats,,1446204139909550150,,,2026-02-12T14:34:06.069Z,,16739072,4,false,Matchup,**Zebra** vs **Pelican**,true,User,Anonymous,true,🌐 Location,"Cedar Park, TX, US",true,🖥️ Device,Safari on macOS,,,,,,,,,,,,,,,,,0,0,,,https://images-ext-1.discordapp.net/external/JNVOwhfRcEFw8VgKDMB9KwuZ8MKiLYwmegb7iAnEsqQ/https/animalbattlestats.com/images/icons/icon-192.png,https://animalbattlestats.com/images/icons/icon-192.png,0,2026-02-12T14:34:05.753000+00:00,⚔️ Battle Comparison,rich,0,,,false,,,,false,,,,,,,,,2026-02-12T14:34:06.069000+00:00,false,0,Animal Battle Stats,1446203750204047426
1471514476867223730,,,,,,true,,0000,0,,1446203750204047426,,0,Animal Battle Stats,,1446204139909550150,,,2026-02-12T14:33:10.702Z,,16739072,4,false,Matchup,**Warthog** vs **Cheetah**,true,User,Anonymous,true,🌐 Location,"Cedar Park, TX, US",true,🖥️ Device,Safari on macOS,,,,,,,,,,,,,,,,,0,0,,,https://images-ext-1.discordapp.net/external/JNVOwhfRcEFw8VgKDMB9KwuZ8MKiLYwmegb7iAnEsqQ/https/animalbattlestats.com/images/icons/icon-192.png,https://animalbattlestats.com/images/icons/icon-192.png,0,2026-02-12T14:33:10.221000+00:00,⚔️ Battle Comparison,rich,0,,,false,,,,false,,,,,,,,,2026-02-12T14:33:10.702000+00:00,false,0,Animal Battle Stats,1446203750204047426
1471514387872354377,,,,,,true,,0000,0,,1446203750204047426,,0,Animal Battle Stats,,1446204139909550150,,,2026-02-12T14:32:49.484Z,,16739072,4,false,Matchup,**Warthog** vs **Hyena**,true,User,Anonymous,true,🌐 Location,"Cedar Park, TX, US",true,🖥️ Device,Safari on macOS,,,,,,,,,,,,,,,,,0,0,,,https://images-ext-1.discordapp.net/external/JNVOwhfRcEFw8VgKDMB9KwuZ8MKiLYwmegb7iAnEsqQ/https/animalbattlestats.com/images/icons/icon-192.png,https://animalbattlestats.com/images/icons/icon-192.png,0,2026-02-12T14:32:49.061000+00:00,⚔️ Battle Comparison,rich,0,,,false,,,,false,,,,,,,,,2026-02-12T14:32:49.484000+00:00,false,0,Animal Battle Stats,1446203750204047426
1471514224994816222,,,,,,true,,0000,0,,1446203750204047426,,0,Animal Battle Stats,,1446204139909550150,,,2026-02-12T14:32:10.651Z,,16739072,4,false,Matchup,**Warthog** vs **Hyena**,true,User,Anonymous,true,🌐 Location,"Cedar Park, TX, US",true,🖥️ Device,Safari on macOS,,,,,,,,,,,,,,,,,0,0,,,https://images-ext-1.discordapp.net/external/JNVOwhfRcEFw8VgKDMB9KwuZ8MKiLYwmegb7iAnEsqQ/https/animalbattlestats.com/images/icons/icon-192.png,https://animalbattlestats.com/images/icons/icon-192.png,0,2026-02-12T14:32:10.141000+00:00,⚔️ Battle Comparison,rich,0,,,false,,,,false,,,,,,,,,2026-02-12T14:32:10.651000+00:00,false,0,Animal Battle Stats,1446203750204047426
1471514085462905059,,,,,,true,,0000,0,,1446203750204047426,,0,Animal Battle Stats,,1446204139909550150,,,2026-02-12T14:31:37.384Z,,16739072,4,false,Matchup,**Hyena** vs **Cheetah**,true,User,Anonymous,true,🌐 Location,"Cedar Park, TX, US",true,🖥️ Device,Safari on macOS,,,,,,,,,,,,,,,,,0,0,,,https://images-ext-1.discordapp.net/external/JNVOwhfRcEFw8VgKDMB9KwuZ8MKiLYwmegb7iAnEsqQ/https/animalbattlestats.com/images/icons/icon-192.png,https://animalbattlestats.com/images/icons/icon-192.png,0,2026-02-12T14:31:37.101000+00:00,⚔️ Battle Comparison,rich,0,,,false,,,,false,,,,,,,,,2026-02-12T14:31:37.384000+00:00,false,0,Animal Battle Stats,1446203750204047426
1471513908652146841,,,,,,true,,0000,0,,1446203750204047426,,0,Animal Battle Stats,,1446204139909550150,,,2026-02-12T14:30:55.229Z,,16739072,4,false,Matchup,**Hyena** vs **Capuchin Monkey**,true,User,Anonymous,true,🌐 Location,"Cedar Park, TX, US",true,🖥️ Device,Safari on macOS,,,,,,,,,,,,,,,,,0,0,,,https://images-ext-1.discordapp.net/external/JNVOwhfRcEFw8VgKDMB9KwuZ8MKiLYwmegb7iAnEsqQ/https/animalbattlestats.com/images/icons/icon-192.png,https://animalbattlestats.com/images/icons/icon-192.png,0,2026-02-12T14:30:54.882000+00:00,⚔️ Battle Comparison,rich,0,,,false,,,,false,,,,,,,,,2026-02-12T14:30:55.229000+00:00,false,0,Animal Battle Stats,1446203750204047426
1471513544162939083,,,,,,true,,0000,0,,1446203750204047426,,0,Animal Battle Stats,,1446204139909550150,,,2026-02-12T14:29:28.328Z,,16739072,4,false,Matchup,**Hyena** vs **Blue Whale**,true,User,Anonymous,true,🌐 Location,"Cedar Park, TX, US",true,🖥️ Device,Safari on macOS,,,,,,,,,,,,,,,,,0,0,,,https://images-ext-1.discordapp.net/external/JNVOwhfRcEFw8VgKDMB9KwuZ8MKiLYwmegb7iAnEsqQ/https/animalbattlestats.com/images/icons/icon-192.png,https://animalbattlestats.com/images/icons/icon-192.png,0,2026-02-12T14:29:28.057000+00:00,⚔️ Battle Comparison,rich,0,,,false,,,,false,,,,,,,,,2026-02-12T14:29:28.328000+00:00,false,0,Animal Battle Stats,1446203750204047426
1471513381621207090,,,,,,true,,0000,0,,1446203750204047426,,0,Animal Battle Stats,,1446204139909550150,,,2026-02-12T14:28:49.575Z,,16739072,4,false,Matchup,**Megalodon** vs **Megalodon**,true,User,Anonymous,true,🌐 Location,"Cedar Park, TX, US",true,🖥️ Device,Safari on macOS,,,,,,,,,,,,,,,,,0,0,,,https://images-ext-1.discordapp.net/external/JNVOwhfRcEFw8VgKDMB9KwuZ8MKiLYwmegb7iAnEsqQ/https/animalbattlestats.com/images/icons/icon-192.png,https://animalbattlestats.com/images/icons/icon-192.png,0,2026-02-12T14:28:49.223000+00:00,⚔️ Battle Comparison,rich,0,,,false,,,,false,,,,,,,,,2026-02-12T14:28:49.575000+00:00,false,0,Animal Battle Stats,1446203750204047426
1471513244106756128,,,,,,true,,0000,0,,1446203750204047426,,0,Animal Battle Stats,,1446204139909550150,,,2026-02-12T14:28:16.789Z,,16739072,4,false,Matchup,**Grizzly Bear** vs **Grizzly Bear**,true,User,Anonymous,true,🌐 Location,"Cedar Park, TX, US",true,🖥️ Device,Safari on macOS,,,,,,,,,,,,,,,,,0,0,,,https://images-ext-1.discordapp.net/external/JNVOwhfRcEFw8VgKDMB9KwuZ8MKiLYwmegb7iAnEsqQ/https/animalbattlestats.com/images/icons/icon-192.png,https://animalbattlestats.com/images/icons/icon-192.png,0,2026-02-12T14:28:16.477000+00:00,⚔️ Battle Comparison,rich,0,,,false,,,,false,,,,,,,,,2026-02-12T14:28:16.789000+00:00,false,0,Animal Battle Stats,1446203750204047426
1471513079169945834,,,,,,true,,0000,0,,1446203750204047426,,0,Animal Battle Stats,,1446204139909550150,,,2026-02-12T14:27:37.465Z,,16739072,4,false,Matchup,**Emperor Penguin** vs **Emperor Penguin**,true,User,Anonymous,true,🌐 Location,"Cedar Park, TX, US",true,🖥️ Device,Safari on macOS,,,,,,,,,,,,,,,,,0,0,,,https://images-ext-1.discordapp.net/external/JNVOwhfRcEFw8VgKDMB9KwuZ8MKiLYwmegb7iAnEsqQ/https/animalbattlestats.com/images/icons/icon-192.png,https://animalbattlestats.com/images/icons/icon-192.png,0,2026-02-12T14:27:37.045000+00:00,⚔️ Battle Comparison,rich,0,,,false,,,,false,,,,,,,,,2026-02-12T14:27:37.465000+00:00,false,0,Animal Battle Stats,1446203750204047426
1471512906775527598,,,,,,true,,0000,0,,1446203750204047426,,0,Animal Battle Stats,,1446204139909550150,,,2026-02-12T14:26:56.363Z,,16739072,4,false,Matchup,**Jackal** vs **African Elephant**,true,User,Anonymous,true,🌐 Location,"Cedar Park, TX, US",true,🖥️ Device,Safari on macOS,,,,,,,,,,,,,,,,,0,0,,,https://images-ext-1.discordapp.net/external/JNVOwhfRcEFw8VgKDMB9KwuZ8MKiLYwmegb7iAnEsqQ/https/animalbattlestats.com/images/icons/icon-192.png,https://animalbattlestats.com/images/icons/icon-192.png,0,2026-02-12T14:26:55.919000+00:00,⚔️ Battle Comparison,rich,0,,,false,,,,false,,,,,,,,,2026-02-12T14:26:56.363000+00:00,false,0,Animal Battle Stats,1446203750204047426
1471512785124065300,,,,,,true,,0000,0,,1446203750204047426,,0,Animal Battle Stats,,1446204139909550150,,,2026-02-12T14:26:27.359Z,,16739072,4,false,Matchup,**Meerkat** vs **African Elephant**,true,User,Anonymous,true,🌐 Location,"Cedar Park, TX, US",true,🖥️ Device,Safari on macOS,,,,,,,,,,,,,,,,,0,0,,,https://images-ext-1.discordapp.net/external/JNVOwhfRcEFw8VgKDMB9KwuZ8MKiLYwmegb7iAnEsqQ/https/animalbattlestats.com/images/icons/icon-192.png,https://animalbattlestats.com/images/icons/icon-192.png,0,2026-02-12T14:26:26.998000+00:00,⚔️ Battle Comparison,rich,0,,,false,,,,false,,,,,,,,,2026-02-12T14:26:27.359000+00:00,false,0,Animal Battle Stats,1446203750204047426
1471512686490812478,,,,,,true,,0000,0,,1446203750204047426,,0,Animal Battle Stats,,1446204139909550150,,,2026-02-12T14:26:03.843Z,,16739072,4,false,Matchup,**African Elephant** vs **Meerkat**,true,User,Anonymous,true,🌐 Location,"Cedar Park, TX, US",true,🖥️ Device,Safari on macOS,,,,,,,,,,,,,,,,,0,0,,,https://images-ext-1.discordapp.net/external/JNVOwhfRcEFw8VgKDMB9KwuZ8MKiLYwmegb7iAnEsqQ/https/animalbattlestats.com/images/icons/icon-192.png,https://animalbattlestats.com/images/icons/icon-192.png,0,2026-02-12T14:26:03.539000+00:00,⚔️ Battle Comparison,rich,0,,,false,,,,false,,,,,,,,,2026-02-12T14:26:03.843000+00:00,false,0,Animal Battle Stats,1446203750204047426
1471512500875952199,,,,,,true,,0000,0,,1446203750204047426,,0,Animal Battle Stats,,1446204139909550150,,,2026-02-12T14:25:19.589Z,,16739072,4,false,Matchup,**Siberian Tiger** vs **Meerkat**,true,User,Anonymous,true,🌐 Location,"Cedar Park, TX, US",true,🖥️ Device,Safari on macOS,,,,,,,,,,,,,,,,,0,0,,,https://images-ext-1.discordapp.net/external/JNVOwhfRcEFw8VgKDMB9KwuZ8MKiLYwmegb7iAnEsqQ/https/animalbattlestats.com/images/icons/icon-192.png,https://animalbattlestats.com/images/icons/icon-192.png,0,2026-02-12T14:25:19.276000+00:00,⚔️ Battle Comparison,rich,0,,,false,,,,false,,,,,,,,,2026-02-12T14:25:19.589000+00:00,false,0,Animal Battle Stats,1446203750204047426
1471512373348012062,,,,,,true,,0000,0,,1446203750204047426,,0,Animal Battle Stats,,1446204139909550150,,,2026-02-12T14:24:49.184Z,,16739072,4,false,Matchup,**African Lion** vs **Meerkat**,true,User,Anonymous,true,🌐 Location,"Cedar Park, TX, US",true,🖥️ Device,Safari on macOS,,,,,,,,,,,,,,,,,0,0,,,https://images-ext-1.discordapp.net/external/JNVOwhfRcEFw8VgKDMB9KwuZ8MKiLYwmegb7iAnEsqQ/https/animalbattlestats.com/images/icons/icon-192.png,https://animalbattlestats.com/images/icons/icon-192.png,0,2026-02-12T14:24:48.885000+00:00,⚔️ Battle Comparison,rich,0,,,false,,,,false,,,,,,,,,2026-02-12T14:24:49.184000+00:00,false,0,Animal Battle Stats,1446203750204047426
1471512273171513424,,,,,,true,,0000,0,,1446203750204047426,,0,Animal Battle Stats,,1446204139909550150,,,2026-02-12T14:24:25.300Z,,16739072,4,false,Matchup,**African Lion** vs **Warthog**,true,User,Anonymous,true,🌐 Location,"Cedar Park, TX, US",true,🖥️ Device,Safari on macOS,,,,,,,,,,,,,,,,,0,0,,,https://images-ext-1.discordapp.net/external/JNVOwhfRcEFw8VgKDMB9KwuZ8MKiLYwmegb7iAnEsqQ/https/animalbattlestats.com/images/icons/icon-192.png,https://animalbattlestats.com/images/icons/icon-192.png,0,2026-02-12T14:24:24.988000+00:00,⚔️ Battle Comparison,rich,0,,,false,,,,false,,,,,,,,,2026-02-12T14:24:25.300000+00:00,false,0,Animal Battle Stats,1446203750204047426
1471512147778601075,,,,,,true,,0000,0,,1446203750204047426,,0,Animal Battle Stats,,1446204139909550150,,,2026-02-12T14:23:55.404Z,,16739072,4,false,Matchup,**Meerkat** vs **Deathstalker Scorpion**,true,User,Anonymous,true,🌐 Location,"Cedar Park, TX, US",true,🖥️ Device,Safari on macOS,,,,,,,,,,,,,,,,,0,0,,,https://images-ext-1.discordapp.net/external/JNVOwhfRcEFw8VgKDMB9KwuZ8MKiLYwmegb7iAnEsqQ/https/animalbattlestats.com/images/icons/icon-192.png,https://animalbattlestats.com/images/icons/icon-192.png,0,2026-02-12T14:23:55.124000+00:00,⚔️ Battle Comparison,rich,0,,,false,,,,false,,,,,,,,,2026-02-12T14:23:55.404000+00:00,false,0,Animal Battle Stats,1446203750204047426
1471512109065179136,,,,,,true,,0000,0,,1446203750204047426,,0,Animal Battle Stats,,1446204139909550150,,,2026-02-12T14:23:46.174Z,,16739072,4,false,Matchup,**Meerkat** vs **Deathstalker Scorpion**,true,User,Anonymous,true,🌐 Location,"Cedar Park, TX, US",true,🖥️ Device,Safari on macOS,,,,,,,,,,,,,,,,,0,0,,,https://images-ext-1.discordapp.net/external/JNVOwhfRcEFw8VgKDMB9KwuZ8MKiLYwmegb7iAnEsqQ/https/animalbattlestats.com/images/icons/icon-192.png,https://animalbattlestats.com/images/icons/icon-192.png,0,2026-02-12T14:23:45.855000+00:00,⚔️ Battle Comparison,rich,0,,,false,,,,false,,,,,,,,,2026-02-12T14:23:46.174000+00:00,false,0,Animal Battle Stats,1446203750204047426
1471511987866566748,,,,,,true,,0000,0,,1446203750204047426,,0,Animal Battle Stats,,1446204139909550150,,,2026-02-12T14:23:17.278Z,,16739072,4,false,Matchup,**Meerkat** vs **Wild Horse**,true,User,Anonymous,true,🌐 Location,"Cedar Park, TX, US",true,🖥️ Device,Safari on macOS,,,,,,,,,,,,,,,,,0,0,,,https://images-ext-1.discordapp.net/external/JNVOwhfRcEFw8VgKDMB9KwuZ8MKiLYwmegb7iAnEsqQ/https/animalbattlestats.com/images/icons/icon-192.png,https://animalbattlestats.com/images/icons/icon-192.png,0,2026-02-12T14:23:16.796000+00:00,⚔️ Battle Comparison,rich,0,,,false,,,,false,,,,,,,,,2026-02-12T14:23:17.278000+00:00,false,0,Animal Battle Stats,1446203750204047426
1471511894211694675,,,,,,true,,0000,0,,1446203750204047426,,0,Animal Battle Stats,,1446204139909550150,,,2026-02-12T14:22:54.949Z,,16739072,4,false,Matchup,**Warthog** vs **Wild Horse**,true,User,Anonymous,true,🌐 Location,"Cedar Park, TX, US",true,🖥️ Device,Safari on macOS,,,,,,,,,,,,,,,,,0,0,,,https://images-ext-1.discordapp.net/external/JNVOwhfRcEFw8VgKDMB9KwuZ8MKiLYwmegb7iAnEsqQ/https/animalbattlestats.com/images/icons/icon-192.png,https://animalbattlestats.com/images/icons/icon-192.png,0,2026-02-12T14:22:54.630000+00:00,⚔️ Battle Comparison,rich,0,,,false,,,,false,,,,,,,,,2026-02-12T14:22:54.949000+00:00,false,0,Animal Battle Stats,1446203750204047426
1471511725638422725,,,,,,true,,0000,0,,1446203750204047426,,0,Animal Battle Stats,,1446204139909550150,,,2026-02-12T14:22:14.758Z,,16739072,4,false,Matchup,**Zebra** vs **Wild Horse**,true,User,Anonymous,true,🌐 Location,"Cedar Park, TX, US",true,🖥️ Device,Safari on macOS,,,,,,,,,,,,,,,,,0,0,,,https://images-ext-1.discordapp.net/external/JNVOwhfRcEFw8VgKDMB9KwuZ8MKiLYwmegb7iAnEsqQ/https/animalbattlestats.com/images/icons/icon-192.png,https://animalbattlestats.com/images/icons/icon-192.png,0,2026-02-12T14:22:14.457000+00:00,⚔️ Battle Comparison,rich,0,,,false,,,,false,,,,,,,,,2026-02-12T14:22:14.758000+00:00,false,0,Animal Battle Stats,1446203750204047426
1471511579186036992,,,,,,true,,0000,0,,1446203750204047426,,0,Animal Battle Stats,,1446204139909550150,,,2026-02-12T14:21:39.841Z,,16739072,4,false,Matchup,**Meerkat** vs **Monarch Butterfly**,true,User,Anonymous,true,🌐 Location,"Cedar Park, TX, US",true,🖥️ Device,Safari on macOS,,,,,,,,,,,,,,,,,0,0,,,https://images-ext-1.discordapp.net/external/JNVOwhfRcEFw8VgKDMB9KwuZ8MKiLYwmegb7iAnEsqQ/https/animalbattlestats.com/images/icons/icon-192.png,https://animalbattlestats.com/images/icons/icon-192.png,0,2026-02-12T14:21:39.343000+00:00,⚔️ Battle Comparison,rich,0,,,false,,,,false,,,,,,,,,2026-02-12T14:21:39.841000+00:00,false,0,Animal Battle Stats,1446203750204047426
1471511398210212074,,,,,,true,,0000,0,,1446203750204047426,,0,Animal Battle Stats,,1446204139909550150,,,2026-02-12T14:20:56.693Z,,16739072,4,false,Matchup,**Warthog** vs **Dragonfly**,true,User,Anonymous,true,🌐 Location,"Cedar Park, TX, US",true,🖥️ Device,Safari on macOS,,,,,,,,,,,,,,,,,0,0,,,https://images-ext-1.discordapp.net/external/JNVOwhfRcEFw8VgKDMB9KwuZ8MKiLYwmegb7iAnEsqQ/https/animalbattlestats.com/images/icons/icon-192.png,https://animalbattlestats.com/images/icons/icon-192.png,0,2026-02-12T14:20:56.399000+00:00,⚔️ Battle Comparison,rich,0,,,false,,,,false,,,,,,,,,2026-02-12T14:20:56.693000+00:00,false,0,Animal Battle Stats,1446203750204047426
1471510975055138993,,,,,,true,,0000,0,,1446203750204047426,,0,Animal Battle Stats,,1446204139909550150,,,2026-02-12T14:19:15.805Z,,16739072,4,false,Matchup,**Capuchin Monkey** vs **Capuchin Monkey**,true,User,Anonymous,true,🌐 Location,"Cedar Park, TX, US",true,🖥️ Device,Safari on macOS,,,,,,,,,,,,,,,,,0,0,,,https://images-ext-1.discordapp.net/external/JNVOwhfRcEFw8VgKDMB9KwuZ8MKiLYwmegb7iAnEsqQ/https/animalbattlestats.com/images/icons/icon-192.png,https://animalbattlestats.com/images/icons/icon-192.png,0,2026-02-12T14:19:15.460000+00:00,⚔️ Battle Comparison,rich,0,,,false,,,,false,,,,,,,,,2026-02-12T14:19:15.805000+00:00,false,0,Animal Battle Stats,1446203750204047426
1471510823188037844,,,,,,true,,0000,0,,1446203750204047426,,0,Animal Battle Stats,,1446204139909550150,,,2026-02-12T14:18:39.597Z,,16739072,4,false,Matchup,**Gaboon Viper** vs **Toucan**,true,User,Anonymous,true,🌐 Location,"Cedar Park, TX, US",true,🖥️ Device,Safari on macOS,,,,,,,,,,,,,,,,,0,0,,,https://images-ext-1.discordapp.net/external/JNVOwhfRcEFw8VgKDMB9KwuZ8MKiLYwmegb7iAnEsqQ/https/animalbattlestats.com/images/icons/icon-192.png,https://animalbattlestats.com/images/icons/icon-192.png,0,2026-02-12T14:18:39.229000+00:00,⚔️ Battle Comparison,rich,0,,,false,,,,false,,,,,,,,,2026-02-12T14:18:39.597000+00:00,false,0,Animal Battle Stats,1446203750204047426
1471510578420781248,,,,,,true,,0000,0,,1446203750204047426,,0,Animal Battle Stats,,1446204139909550150,,,2026-02-12T14:17:41.240Z,,16739072,4,false,Matchup,**Gaboon Viper** vs **Toucan**,true,User,Anonymous,true,🌐 Location,"Cedar Park, TX, US",true,🖥️ Device,Safari on macOS,,,,,,,,,,,,,,,,,0,0,,,https://images-ext-1.discordapp.net/external/JNVOwhfRcEFw8VgKDMB9KwuZ8MKiLYwmegb7iAnEsqQ/https/animalbattlestats.com/images/icons/icon-192.png,https://animalbattlestats.com/images/icons/icon-192.png,0,2026-02-12T14:17:40.928000+00:00,⚔️ Battle Comparison,rich,0,,,false,,,,false,,,,,,,,,2026-02-12T14:17:41.240000+00:00,false,0,Animal Battle Stats,1446203750204047426
1471510218671259829,,,,,,true,,0000,0,,1446203750204047426,,0,Animal Battle Stats,,1446204139909550150,,,2026-02-12T14:16:15.469Z,,16739072,4,false,Matchup,**Capybara** vs **Pelican**,true,User,Anonymous,true,🌐 Location,"Cedar Park, TX, US",true,🖥️ Device,Safari on macOS,,,,,,,,,,,,,,,,,0,0,,,https://images-ext-1.discordapp.net/external/JNVOwhfRcEFw8VgKDMB9KwuZ8MKiLYwmegb7iAnEsqQ/https/animalbattlestats.com/images/icons/icon-192.png,https://animalbattlestats.com/images/icons/icon-192.png,0,2026-02-12T14:16:14.873000+00:00,⚔️ Battle Comparison,rich,0,,,false,,,,false,,,,,,,,,2026-02-12T14:16:15.469000+00:00,false,0,Animal Battle Stats,1446203750204047426
1471119176008601773,,,,,,true,,0000,0,,1446203750204047426,,0,Animal Battle Stats,,1446204139909550150,,,2026-02-11T12:22:23.633Z,,6710886,4,true,User,Anonymous,true,🔗 Page,/compare,true,🌐 Location,"Maastricht, LI, NL",true,🕐 Session Duration,2m 6s,,,,,,,,,,,,,,,,,0,0,,,https://images-ext-1.discordapp.net/external/JNVOwhfRcEFw8VgKDMB9KwuZ8MKiLYwmegb7iAnEsqQ/https/animalbattlestats.com/images/icons/icon-192.png,https://animalbattlestats.com/images/icons/icon-192.png,0,2026-02-11T12:22:23.392000+00:00,👋 User Left Site,rich,0,,,false,,,,false,,,,,,,,,2026-02-11T12:22:23.633000+00:00,false,0,Animal Battle Stats,1446203750204047426
1471119148842090508,,,,,,true,,0000,0,,1446203750204047426,,0,Animal Battle Stats,,1446204139909550150,,,2026-02-11T12:22:17.156Z,,16739072,4,false,Matchup,**Anglerfish** vs **Tarantula Hawk**,true,User,Anonymous,true,🌐 Location,"Maastricht, LI, NL",true,🖥️ Device,Chrome on Windows,,,,,,,,,,,,,,,,,0,0,,,https://images-ext-1.discordapp.net/external/JNVOwhfRcEFw8VgKDMB9KwuZ8MKiLYwmegb7iAnEsqQ/https/animalbattlestats.com/images/icons/icon-192.png,https://animalbattlestats.com/images/icons/icon-192.png,0,2026-02-11T12:22:16.906000+00:00,⚔️ Battle Comparison,rich,0,,,false,,,,false,,,,,,,,,2026-02-11T12:22:17.156000+00:00,false,0,Animal Battle Stats,1446203750204047426
1471119057334964310,,,,,,true,,0000,0,,1446203750204047426,,0,Animal Battle Stats,,1446204139909550150,,,2026-02-11T12:21:55.339Z,,16739072,4,false,Matchup,**Sloth Bear** vs **Anteater**,true,User,Anonymous,true,🌐 Location,"Maastricht, LI, NL",true,🖥️ Device,Chrome on Windows,,,,,,,,,,,,,,,,,0,0,,,https://images-ext-1.discordapp.net/external/JNVOwhfRcEFw8VgKDMB9KwuZ8MKiLYwmegb7iAnEsqQ/https/animalbattlestats.com/images/icons/icon-192.png,https://animalbattlestats.com/images/icons/icon-192.png,0,2026-02-11T12:21:54.166000+00:00,⚔️ Battle Comparison,rich,0,,,false,,,,false,,,,,,,,,2026-02-11T12:21:55.339000+00:00,false,0,Animal Battle Stats,1446203750204047426
1471118870336241949,,,,,,true,,0000,0,,1446203750204047426,,0,Animal Battle Stats,,1446204139909550150,,,2026-02-11T12:21:10.755Z,,16739072,4,false,Matchup,**Albatross** vs **Great Horned Owl**,true,User,Anonymous,true,🌐 Location,"Maastricht, LI, NL",true,🖥️ Device,Chrome on Windows,,,,,,,,,,,,,,,,,0,0,,,https://images-ext-1.discordapp.net/external/JNVOwhfRcEFw8VgKDMB9KwuZ8MKiLYwmegb7iAnEsqQ/https/animalbattlestats.com/images/icons/icon-192.png,https://animalbattlestats.com/images/icons/icon-192.png,0,2026-02-11T12:21:08.809000+00:00,⚔️ Battle Comparison,rich,0,,,false,,,,false,,,,,,,,,2026-02-11T12:21:10.755000+00:00,false,0,Animal Battle Stats,1446203750204047426
1471118646481915987,,,,,,true,,0000,0,,1446203750204047426,,0,Animal Battle Stats,,1446204139909550150,,,2026-02-11T12:20:17.384Z,,4491519,4,true,Visitor,Anonymous,true,🔗 Page,/,true,🌐 Location,"Maastricht, LI, NL",true,🖥️ Device,Chrome on Windows,true,📐 Screen,1280x720,true,🌐 Language,nl-NL,,,,,,,,,,,0,0,,,https://images-ext-1.discordapp.net/external/JNVOwhfRcEFw8VgKDMB9KwuZ8MKiLYwmegb7iAnEsqQ/https/animalbattlestats.com/images/icons/icon-192.png,https://animalbattlestats.com/images/icons/icon-192.png,0,2026-02-11T12:20:17.068000+00:00,👀 Site Visit,rich,0,,,false,,,,false,,,,,,,,,2026-02-11T12:20:17.384000+00:00,false,0,Animal Battle Stats,1446203750204047426
1471118644711784543,,,,,,true,,0000,0,,1446203750204047426,,0,Animal Battle Stats,,1446204139909550150,,,2026-02-11T12:20:16.962Z,,6710886,4,true,User,Anonymous,true,🔗 Page,/tournament,true,🌐 Location,"Maastricht, LI, NL",true,🕐 Session Duration,55s,,,,,,,,,,,,,,,,,0,0,,,https://images-ext-1.discordapp.net/external/JNVOwhfRcEFw8VgKDMB9KwuZ8MKiLYwmegb7iAnEsqQ/https/animalbattlestats.com/images/icons/icon-192.png,https://animalbattlestats.com/images/icons/icon-192.png,0,2026-02-11T12:20:14.405000+00:00,👋 User Left Site,rich,0,,,false,,,,false,,,,,,,,,2026-02-11T12:20:16.962000+00:00,false,0,Animal Battle Stats,1446203750204047426
1471118644472971287,,,,,,true,,0000,0,,1446203750204047426,,0,Animal Battle Stats,,1446204139909550150,,,2026-02-11T12:20:16.905Z,,4491519,4,true,Visitor,Anonymous,true,🔗 Page,/,true,🌐 Location,"Maastricht, LI, NL",true,🖥️ Device,Chrome on Windows,true,📐 Screen,1280x720,true,🌐 Language,nl-NL,,,,,,,,,,,0,0,,,https://images-ext-1.discordapp.net/external/JNVOwhfRcEFw8VgKDMB9KwuZ8MKiLYwmegb7iAnEsqQ/https/animalbattlestats.com/images/icons/icon-192.png,https://animalbattlestats.com/images/icons/icon-192.png,0,2026-02-11T12:19:19.022000+00:00,👀 Site Visit,rich,0,,,false,,,,false,,,,,,,,,2026-02-11T12:20:16.905000+00:00,false,0,Animal Battle Stats,1446203750204047426
1470840259548811531,,,,,,true,,0000,0,,1446203750204047426,,0,Animal Battle Stats,,1446204139909550150,,,2026-02-10T17:54:04.767Z,,16739072,4,false,Matchup,**Hippopotamus** vs **Saltwater Crocodile**,true,User,Anonymous,true,🌐 Location,"Miami, FL, US",true,📱 Device,Safari on macOS,,,,,,,,,,,,,,,,,0,0,,,https://images-ext-1.discordapp.net/external/JNVOwhfRcEFw8VgKDMB9KwuZ8MKiLYwmegb7iAnEsqQ/https/animalbattlestats.com/images/icons/icon-192.png,https://animalbattlestats.com/images/icons/icon-192.png,0,2026-02-10T17:54:04.520000+00:00,⚔️ Battle Comparison,rich,0,,,false,,,,false,,,,,,,,,2026-02-10T17:54:04.767000+00:00,false,0,Animal Battle Stats,1446203750204047426
1470840255249645863,,,,,,true,,0000,0,,1446203750204047426,,0,Animal Battle Stats,,1446204139909550150,,,2026-02-10T17:54:03.742Z,,16739072,4,false,Matchup,**Hippopotamus** vs **Saltwater Crocodile**,true,User,Anonymous,true,🌐 Location,"Miami, FL, US",true,📱 Device,Safari on macOS,,,,,,,,,,,,,,,,,0,0,,,https://images-ext-1.discordapp.net/external/JNVOwhfRcEFw8VgKDMB9KwuZ8MKiLYwmegb7iAnEsqQ/https/animalbattlestats.com/images/icons/icon-192.png,https://animalbattlestats.com/images/icons/icon-192.png,0,2026-02-10T17:54:03.444000+00:00,⚔️ Battle Comparison,rich,0,,,false,,,,false,,,,,,,,,2026-02-10T17:54:03.742000+00:00,false,0,Animal Battle Stats,1446203750204047426
1470840251621572753,,,,,,true,,0000,0,,1446203750204047426,,0,Animal Battle Stats,,1446204139909550150,,,2026-02-10T17:54:02.877Z,,16739072,4,false,Matchup,**Hippopotamus** vs **Saltwater Crocodile**,true,User,Anonymous,true,🌐 Location,"Miami, FL, US",true,📱 Device,Safari on macOS,,,,,,,,,,,,,,,,,0,0,,,https://images-ext-1.discordapp.net/external/JNVOwhfRcEFw8VgKDMB9KwuZ8MKiLYwmegb7iAnEsqQ/https/animalbattlestats.com/images/icons/icon-192.png,https://animalbattlestats.com/images/icons/icon-192.png,0,2026-02-10T17:54:02.268000+00:00,⚔️ Battle Comparison,rich,0,,,false,,,,false,,,,,,,,,2026-02-10T17:54:02.877000+00:00,false,0,Animal Battle Stats,1446203750204047426
1470833869833113852,,,,,,true,,0000,0,,1446203750204047426,,0,Animal Battle Stats,,1446204139909550150,,,2026-02-10T17:28:41.340Z,,16739072,4,false,Matchup,**Giraffe** vs **Wolverine**,true,User,Anonymous,true,🌐 Location,"Miami, FL, US",true,📱 Device,Safari on macOS,,,,,,,,,,,,,,,,,0,0,,,https://images-ext-1.discordapp.net/external/JNVOwhfRcEFw8VgKDMB9KwuZ8MKiLYwmegb7iAnEsqQ/https/animalbattlestats.com/images/icons/icon-192.png,https://animalbattlestats.com/images/icons/icon-192.png,0,2026-02-10T17:28:40.831000+00:00,⚔️ Battle Comparison,rich,0,,,false,,,,false,,,,,,,,,2026-02-10T17:28:41.340000+00:00,false,0,Animal Battle Stats,1446203750204047426
1470833658037403914,,,,,,true,,0000,0,,1446203750204047426,,0,Animal Battle Stats,,1446204139909550150,,,2026-02-10T17:27:50.844Z,,4491519,4,true,Visitor,Anonymous,true,🔗 Page,/compare,true,🌐 Location,"Miami, FL, US",true,📱 Device,Safari on macOS,true,📐 Screen,414x896,true,🌐 Language,en-US,,,,,,,,,,,0,0,,,https://images-ext-1.discordapp.net/external/JNVOwhfRcEFw8VgKDMB9KwuZ8MKiLYwmegb7iAnEsqQ/https/animalbattlestats.com/images/icons/icon-192.png,https://animalbattlestats.com/images/icons/icon-192.png,0,2026-02-10T17:27:50.511000+00:00,👀 Site Visit,rich,0,,,false,,,,false,,,,,,,,,2026-02-10T17:27:50.844000+00:00,false,0,Animal Battle Stats,1446203750204047426
1470833557646741707,,,,,,true,,0000,0,,1446203750204047426,,0,Animal Battle Stats,,1446204139909550150,,,2026-02-10T17:27:26.909Z,,4491519,4,true,Visitor,Anonymous,true,🔗 Page,/,true,🌐 Location,"Miami, FL, US",true,📱 Device,Safari on macOS,true,📐 Screen,414x896,true,🌐 Language,en-US,,,,,,,,,,,0,0,,,https://images-ext-1.discordapp.net/external/JNVOwhfRcEFw8VgKDMB9KwuZ8MKiLYwmegb7iAnEsqQ/https/animalbattlestats.com/images/icons/icon-192.png,https://animalbattlestats.com/images/icons/icon-192.png,0,2026-02-10T17:27:26.559000+00:00,👀 Site Visit,rich,0,,,false,,,,false,,,,,,,,,2026-02-10T17:27:26.909000+00:00,false,0,Animal Battle Stats,1446203750204047426
1470833556619132981,,,,,,true,,0000,0,,1446203750204047426,,0,Animal Battle Stats,,1446204139909550150,,,2026-02-10T17:27:26.664Z,,4491519,4,true,Visitor,Anonymous,true,🔗 Page,/,true,🌐 Location,"Miami, FL, US",true,📱 Device,Safari on macOS,true,📐 Screen,414x896,true,🌐 Language,en-US,,,,,,,,,,,0,0,,,https://images-ext-1.discordapp.net/external/JNVOwhfRcEFw8VgKDMB9KwuZ8MKiLYwmegb7iAnEsqQ/https/animalbattlestats.com/images/icons/icon-192.png,https://animalbattlestats.com/images/icons/icon-192.png,0,2026-02-10T17:26:50.903000+00:00,👀 Site Visit,rich,0,,,false,,,,false,,,,,,,,,2026-02-10T17:27:26.664000+00:00,false,0,Animal Battle Stats,1446203750204047426
1470747791268642928,,,,,,true,,0000,0,,1446203750204047426,,0,Animal Battle Stats,,1446204139909550150,,,2026-02-10T11:46:38.611Z,,4491519,4,true,Visitor,RamiNoodle733,true,🔗 Page,/community,true,🌐 Location,"Houston, TX, US",true,📱 Device,Safari on macOS,true,📐 Screen,402x874,true,🌐 Language,en-US,,,,,,,,,,,0,0,,,https://images-ext-1.discordapp.net/external/JNVOwhfRcEFw8VgKDMB9KwuZ8MKiLYwmegb7iAnEsqQ/https/animalbattlestats.com/images/icons/icon-192.png,https://animalbattlestats.com/images/icons/icon-192.png,0,2026-02-10T11:46:38.268000+00:00,👀 Site Visit,rich,0,,,false,,,,false,,,,,,,,,2026-02-10T11:46:38.611000+00:00,false,0,Animal Battle Stats,1446203750204047426
1470747346882138329,,,,,,true,,0000,0,,1446203750204047426,,0,Animal Battle Stats,,1446204139909550150,,,2026-02-10T11:44:52.661Z,,4491519,4,true,Visitor,RamiNoodle733,true,🔗 Page,/community,true,🌐 Location,"Houston, TX, US",true,📱 Device,Safari on macOS,true,📐 Screen,402x874,true,🌐 Language,en-US,,,,,,,,,,,0,0,,,https://images-ext-1.discordapp.net/external/JNVOwhfRcEFw8VgKDMB9KwuZ8MKiLYwmegb7iAnEsqQ/https/animalbattlestats.com/images/icons/icon-192.png,https://animalbattlestats.com/images/icons/icon-192.png,0,2026-02-10T11:44:52.358000+00:00,👀 Site Visit,rich,0,,,false,,,,false,,,,,,,,,2026-02-10T11:44:52.661000+00:00,false,0,Animal Battle Stats,1446203750204047426
1470747299746418688,,,,,,true,,0000,0,,1446203750204047426,,0,Animal Battle Stats,,1446204139909550150,,,2026-02-10T11:44:41.423Z,,4491519,4,true,Visitor,RamiNoodle733,true,🔗 Page,/community,true,🌐 Location,"Houston, TX, US",true,📱 Device,Safari on macOS,true,📐 Screen,402x874,true,🌐 Language,en-US,,,,,,,,,,,0,0,,,https://images-ext-1.discordapp.net/external/JNVOwhfRcEFw8VgKDMB9KwuZ8MKiLYwmegb7iAnEsqQ/https/animalbattlestats.com/images/icons/icon-192.png,https://animalbattlestats.com/images/icons/icon-192.png,0,2026-02-10T11:44:41.122000+00:00,👀 Site Visit,rich,0,,,false,,,,false,,,,,,,,,2026-02-10T11:44:41.423000+00:00,false,0,Animal Battle Stats,1446203750204047426
1470747212181934112,,,,,,true,,0000,0,,1446203750204047426,,0,Animal Battle Stats,,1446204139909550150,,,2026-02-10T11:44:20.546Z,,4491519,4,true,Visitor,RamiNoodle733,true,🔗 Page,/community,true,🌐 Location,"Houston, TX, US",true,📱 Device,Safari on macOS,true,📐 Screen,402x874,true,🌐 Language,en-US,,,,,,,,,,,0,0,,,https://images-ext-1.discordapp.net/external/JNVOwhfRcEFw8VgKDMB9KwuZ8MKiLYwmegb7iAnEsqQ/https/animalbattlestats.com/images/icons/icon-192.png,https://animalbattlestats.com/images/icons/icon-192.png,0,2026-02-10T11:44:20.351000+00:00,👀 Site Visit,rich,0,,,false,,,,false,,,,,,,,,2026-02-10T11:44:20.546000+00:00,false,0,Animal Battle Stats,1446203750204047426
1470747211867361546,,,,,,true,,0000,0,,1446203750204047426,,0,Animal Battle Stats,,1446204139909550150,,,2026-02-10T11:44:20.471Z,,4491519,4,true,Visitor,Anonymous,true,🔗 Page,/,true,🌐 Location,"Houston, TX, US",true,📱 Device,Safari on macOS,true,📐 Screen,402x874,true,🌐 Language,en-US,,,,,,,,,,,0,0,,,https://images-ext-1.discordapp.net/external/JNVOwhfRcEFw8VgKDMB9KwuZ8MKiLYwmegb7iAnEsqQ/https/animalbattlestats.com/images/icons/icon-192.png,https://animalbattlestats.com/images/icons/icon-192.png,0,2026-02-10T11:44:05.747000+00:00,👀 Site Visit,rich,0,,,false,,,,false,,,,,,,,,2026-02-10T11:44:20.471000+00:00,false,0,Animal Battle Stats,1446203750204047426
1470747211452383315,,,,,,true,,0000,0,,1446203750204047426,,0,Animal Battle Stats,,1446204139909550150,,,2026-02-10T11:44:20.372Z,,52326,4,true,Username,RamiNoodle733,true,🌐 Location,"Houston, TX, US",true,📱 Device,Safari on macOS,,,,,,,,,,,,,,,,,,,,0,0,,,https://images-ext-1.discordapp.net/external/JNVOwhfRcEFw8VgKDMB9KwuZ8MKiLYwmegb7iAnEsqQ/https/animalbattlestats.com/images/icons/icon-192.png,https://animalbattlestats.com/images/icons/icon-192.png,0,2026-02-10T11:44:16.487000+00:00,🔓 User Login,rich,0,,,false,,,,false,,,,,,,,,2026-02-10T11:44:20.372000+00:00,false,0,Animal Battle Stats,1446203750204047426
1470743791315980451,,,,,,true,,0000,0,,1446203750204047426,,0,Animal Battle Stats,,1446204139909550150,,,2026-02-10T11:30:44.948Z,,5793266,4,true,User,CodingJellyfish,false,Message,"If we really gonna make this stupid animal battle come true, at least we need a much better stat system than copying TierZoo",true,🌐 Location,"Ha Kwai Chung, NKT, HK",true,🖥️ Device,Edge on Windows,,,,,,,,,,,,,,,,,0,0,,,https://images-ext-1.discordapp.net/external/JNVOwhfRcEFw8VgKDMB9KwuZ8MKiLYwmegb7iAnEsqQ/https/animalbattlestats.com/images/icons/icon-192.png,https://animalbattlestats.com/images/icons/icon-192.png,0,2026-02-10T11:30:44.129000+00:00,💬 Community Chat,rich,0,,,false,,,,false,,,,,,,,,2026-02-10T11:30:44.948000+00:00,false,0,Animal Battle Stats,1446203750204047426
1470596288776241213,,,,,,true,,0000,0,,1446203750204047426,,0,Animal Battle Stats,,1446204139909550150,,,2026-02-10T01:44:37.602Z,,4491519,4,true,Visitor,Anonymous,true,🔗 Page,/,true,🌐 Location,"Warsaw, 14, PL",true,📱 Device,Safari on macOS,true,📐 Screen,800x600,true,🌐 Language,en-US,,,,,,,,,,,0,0,,,https://images-ext-1.discordapp.net/external/JNVOwhfRcEFw8VgKDMB9KwuZ8MKiLYwmegb7iAnEsqQ/https/animalbattlestats.com/images/icons/icon-192.png,https://animalbattlestats.com/images/icons/icon-192.png,0,2026-02-10T01:44:37.154000+00:00,👀 Site Visit,rich,0,,,false,,,,false,,,,,,,,,2026-02-10T01:44:37.602000+00:00,false,0,Animal Battle Stats,1446203750204047426
1470596028083339446,,,,,,true,,0000,0,,1446203750204047426,,0,Animal Battle Stats,,1446204139909550150,,,2026-02-10T01:43:35.448Z,,4491519,4,true,Visitor,Anonymous,true,🔗 Page,/,true,🌐 Location,"Council Bluffs, IA, US",true,🖥️ Device,Chrome on Linux,true,📐 Screen,800x600,true,🌐 Language,en-US,,,,,,,,,,,0,0,,,https://images-ext-1.discordapp.net/external/JNVOwhfRcEFw8VgKDMB9KwuZ8MKiLYwmegb7iAnEsqQ/https/animalbattlestats.com/images/icons/icon-192.png,https://animalbattlestats.com/images/icons/icon-192.png,0,2026-02-10T01:43:34.946000+00:00,👀 Site Visit,rich,0,,,false,,,,false,,,,,,,,,2026-02-10T01:43:35.448000+00:00,false,0,Animal Battle Stats,1446203750204047426
1470596027873755168,,,,,,true,,0000,0,,1446203750204047426,,0,Animal Battle Stats,,1446204139909550150,,,2026-02-10T01:43:35.398Z,,4491519,4,true,Visitor,Anonymous,true,🔗 Page,/,true,🌐 Location,"Council Bluffs, IA, US",true,🖥️ Device,Chrome on Linux,true,📐 Screen,800x600,true,🌐 Language,en-US,,,,,,,,,,,0,0,,,https://images-ext-1.discordapp.net/external/JNVOwhfRcEFw8VgKDMB9KwuZ8MKiLYwmegb7iAnEsqQ/https/animalbattlestats.com/images/icons/icon-192.png,https://animalbattlestats.com/images/icons/icon-192.png,0,2026-02-10T01:43:15.228000+00:00,👀 Site Visit,rich,0,,,false,,,,false,,,,,,,,,2026-02-10T01:43:35.398000+00:00,false,0,Animal Battle Stats,1446203750204047426
1470582439314325517,,,,,,true,,0000,0,,1446203750204047426,,0,Animal Battle Stats,,1446204139909550150,,,2026-02-10T00:49:35.633Z,,4491519,4,true,Visitor,Anonymous,true,🔗 Page,/,true,🌐 Location,"London, ENG, GB",true,🖥️ Device,Chrome on Windows,true,📐 Screen,800x600,true,🌐 Language,en-US,,,,,,,,,,,0,0,,,https://images-ext-1.discordapp.net/external/JNVOwhfRcEFw8VgKDMB9KwuZ8MKiLYwmegb7iAnEsqQ/https/animalbattlestats.com/images/icons/icon-192.png,https://animalbattlestats.com/images/icons/icon-192.png,0,2026-02-10T00:49:35.392000+00:00,👀 Site Visit,rich,0,,,false,,,,false,,,,,,,,,2026-02-10T00:49:35.633000+00:00,false,0,Animal Battle Stats,1446203750204047426
1470582049437126802,,,,,,true,,0000,0,,1446203750204047426,,0,Animal Battle Stats,,1446204139909550150,,,2026-02-10T00:48:02.679Z,,4491519,4,true,Visitor,Anonymous,true,🔗 Page,/,true,🌐 Location,"New York, NY, US",true,🖥️ Device,Chrome on Windows,true,📐 Screen,800x600,true,🌐 Language,en-US,,,,,,,,,,,0,0,,,https://images-ext-1.discordapp.net/external/JNVOwhfRcEFw8VgKDMB9KwuZ8MKiLYwmegb7iAnEsqQ/https/animalbattlestats.com/images/icons/icon-192.png,https://animalbattlestats.com/images/icons/icon-192.png,0,2026-02-10T00:48:02.438000+00:00,👀 Site Visit,rich,0,,,false,,,,false,,,,,,,,,2026-02-10T00:48:02.679000+00:00,false,0,Animal Battle Stats,1446203750204047426
1470581514700980234,,,,,,true,,0000,0,,1446203750204047426,,0,Animal Battle Stats,,1446204139909550150,,,2026-02-10T00:45:55.188Z,,4491519,4,true,Visitor,Anonymous,true,🔗 Page,/,true,🌐 Location,"Washington, DC, US",true,🖥️ Device,Chrome on Linux,true,📐 Screen,800x600,true,🌐 Language,en-US,,,,,,,,,,,0,0,,,https://images-ext-1.discordapp.net/external/JNVOwhfRcEFw8VgKDMB9KwuZ8MKiLYwmegb7iAnEsqQ/https/animalbattlestats.com/images/icons/icon-192.png,https://animalbattlestats.com/images/icons/icon-192.png,0,2026-02-10T00:45:53.734000+00:00,👀 Site Visit,rich,0,,,false,,,,false,,,,,,,,,2026-02-10T00:45:55.188000+00:00,false,0,Animal Battle Stats,1446203750204047426
1470581466382471436,,,,,,true,,0000,0,,1446203750204047426,,0,Animal Battle Stats,,1446204139909550150,,,2026-02-10T00:45:43.668Z,,4491519,4,true,Visitor,Anonymous,true,🔗 Page,/,true,🌐 Location,"Boardman, OR, US",true,🖥️ Device,Chrome on Windows,true,📐 Screen,800x600,true,🌐 Language,en-US,,,,,,,,,,,0,0,,,https://images-ext-1.discordapp.net/external/JNVOwhfRcEFw8VgKDMB9KwuZ8MKiLYwmegb7iAnEsqQ/https/animalbattlestats.com/images/icons/icon-192.png,https://animalbattlestats.com/images/icons/icon-192.png,0,2026-02-10T00:45:43.370000+00:00,👀 Site Visit,rich,0,,,false,,,,false,,,,,,,,,2026-02-10T00:45:43.668000+00:00,false,0,Animal Battle Stats,1446203750204047426
1470581191030734914,,,,,,true,,0000,0,,1446203750204047426,,0,Animal Battle Stats,,1446204139909550150,,,2026-02-10T00:44:38.019Z,,4491519,4,true,Visitor,Anonymous,true,🔗 Page,/,true,🌐 Location,"San Jose, CA, US",true,🖥️ Device,Chrome on Linux,true,📐 Screen,800x600,true,🌐 Language,en-US,false,🔗 Came From,https://animal-battle-stats-5lganek1y-raminoodle733s-projects.vercel.app/,,,,,,,,0,0,,,https://images-ext-1.discordapp.net/external/JNVOwhfRcEFw8VgKDMB9KwuZ8MKiLYwmegb7iAnEsqQ/https/animalbattlestats.com/images/icons/icon-192.png,https://animalbattlestats.com/images/icons/icon-192.png,0,2026-02-10T00:44:37.715000+00:00,👀 Site Visit,rich,0,,,false,,,,false,,,,,,,,,2026-02-10T00:44:38.019000+00:00,false,0,Animal Battle Stats,1446203750204047426
1470581188258431027,,,,,,true,,0000,0,,1446203750204047426,,0,Animal Battle Stats,,1446204139909550150,,,2026-02-10T00:44:37.358Z,,4491519,4,true,Visitor,Anonymous,true,🔗 Page,/,true,🌐 Location,"San Jose, CA, US",true,🖥️ Device,Chrome on Linux,true,📐 Screen,800x600,true,🌐 Language,en-US,false,🔗 Came From,https://animal-battle-stats-5lganek1y-raminoodle733s-projects.vercel.app/,,,,,,,,0,0,,,https://images-ext-1.discordapp.net/external/JNVOwhfRcEFw8VgKDMB9KwuZ8MKiLYwmegb7iAnEsqQ/https/animalbattlestats.com/images/icons/icon-192.png,https://animalbattlestats.com/images/icons/icon-192.png,0,2026-02-10T00:44:37.010000+00:00,👀 Site Visit,rich,0,,,false,,,,false,,,,,,,,,2026-02-10T00:44:37.358000+00:00,false,0,Animal Battle Stats,1446203750204047426
1470581186748223631,,,,,,true,,0000,0,,1446203750204047426,,0,Animal Battle Stats,,1446204139909550150,,,2026-02-10T00:44:36.998Z,,6710886,4,true,User,Anonymous,true,🔗 Page,/,true,🌐 Location,"San Jose, CA, US",true,🕐 Session Duration,8s,,,,,,,,,,,,,,,,,0,0,,,https://images-ext-1.discordapp.net/external/JNVOwhfRcEFw8VgKDMB9KwuZ8MKiLYwmegb7iAnEsqQ/https/animalbattlestats.com/images/icons/icon-192.png,https://animalbattlestats.com/images/icons/icon-192.png,0,2026-02-10T00:44:36.622000+00:00,👋 User Left Site,rich,0,,,false,,,,false,,,,,,,,,2026-02-10T00:44:36.998000+00:00,false,0,Animal Battle Stats,1446203750204047426
1470581186442166415,,,,,,true,,0000,0,,1446203750204047426,,0,Animal Battle Stats,,1446204139909550150,,,2026-02-10T00:44:36.925Z,,6710886,4,true,User,Anonymous,true,🔗 Page,/,true,🌐 Location,"San Jose, CA, US",true,🕐 Session Duration,7s,,,,,,,,,,,,,,,,,0,0,,,https://images-ext-1.discordapp.net/external/JNVOwhfRcEFw8VgKDMB9KwuZ8MKiLYwmegb7iAnEsqQ/https/animalbattlestats.com/images/icons/icon-192.png,https://animalbattlestats.com/images/icons/icon-192.png,0,2026-02-10T00:44:35.921000+00:00,👋 User Left Site,rich,0,,,false,,,,false,,,,,,,,,2026-02-10T00:44:36.925000+00:00,false,0,Animal Battle Stats,1446203750204047426
1470581186127728752,,,,,,true,,0000,0,,1446203750204047426,,0,Animal Battle Stats,,1446204139909550150,,,2026-02-10T00:44:36.850Z,,4491519,4,true,Visitor,Anonymous,true,🔗 Page,/,true,🌐 Location,"San Jose, CA, US",true,🖥️ Device,Chrome on Linux,true,📐 Screen,800x600,true,🌐 Language,en-US,false,🔗 Came From,https://animal-battle-stats-5lganek1y-raminoodle733s-projects.vercel.app/,,,,,,,,0,0,,,https://images-ext-1.discordapp.net/external/JNVOwhfRcEFw8VgKDMB9KwuZ8MKiLYwmegb7iAnEsqQ/https/animalbattlestats.com/images/icons/icon-192.png,https://animalbattlestats.com/images/icons/icon-192.png,0,2026-02-10T00:44:28.886000+00:00,👀 Site Visit,rich,0,,,false,,,,false,,,,,,,,,2026-02-10T00:44:36.850000+00:00,false,0,Animal Battle Stats,1446203750204047426
1470577712640032931,,,,,,true,,0000,0,,1446203750204047426,,0,Animal Battle Stats,,1446204139909550150,,,2026-02-10T00:30:48.706Z,,4491519,4,true,Visitor,Anonymous,true,🔗 Page,/,true,🌐 Location,"San Jose, CA, US",true,🖥️ Device,Chrome on Linux,true,📐 Screen,800x600,true,🌐 Language,en-US,false,🔗 Came From,https://animal-battle-stats-pal62e3d0-raminoodle733s-projects.vercel.app/,,,,,,,,0,0,,,https://images-ext-1.discordapp.net/external/JNVOwhfRcEFw8VgKDMB9KwuZ8MKiLYwmegb7iAnEsqQ/https/animalbattlestats.com/images/icons/icon-192.png,https://animalbattlestats.com/images/icons/icon-192.png,0,2026-02-10T00:30:48.378000+00:00,👀 Site Visit,rich,0,,,false,,,,false,,,,,,,,,2026-02-10T00:30:48.706000+00:00,false,0,Animal Battle Stats,1446203750204047426
1470577711054454988,,,,,,true,,0000,0,,1446203750204047426,,0,Animal Battle Stats,,1446204139909550150,,,2026-02-10T00:30:48.328Z,,4491519,4,true,Visitor,Anonymous,true,🔗 Page,/,true,🌐 Location,"San Jose, CA, US",true,🖥️ Device,Chrome on Linux,true,📐 Screen,800x600,true,🌐 Language,en-US,false,🔗 Came From,https://animal-battle-stats-pal62e3d0-raminoodle733s-projects.vercel.app/,,,,,,,,0,0,,,https://images-ext-1.discordapp.net/external/JNVOwhfRcEFw8VgKDMB9KwuZ8MKiLYwmegb7iAnEsqQ/https/animalbattlestats.com/images/icons/icon-192.png,https://animalbattlestats.com/images/icons/icon-192.png,0,2026-02-10T00:30:33.378000+00:00,👀 Site Visit,rich,0,,,false,,,,false,,,,,,,,,2026-02-10T00:30:48.328000+00:00,false,0,Animal Battle Stats,1446203750204047426
1470577710739882194,,,,,,true,,0000,0,,1446203750204047426,,0,Animal Battle Stats,,1446204139909550150,,,2026-02-10T00:30:48.253Z,,6710886,4,true,User,Anonymous,true,🔗 Page,/,true,🌐 Location,"San Jose, CA, US",true,🕐 Session Duration,13s,,,,,,,,,,,,,,,,,0,0,,,https://images-ext-1.discordapp.net/external/JNVOwhfRcEFw8VgKDMB9KwuZ8MKiLYwmegb7iAnEsqQ/https/animalbattlestats.com/images/icons/icon-192.png,https://animalbattlestats.com/images/icons/icon-192.png,0,2026-02-10T00:30:45.856000+00:00,👋 User Left Site,rich,0,,,false,,,,false,,,,,,,,,2026-02-10T00:30:48.253000+00:00,false,0,Animal Battle Stats,1446203750204047426
1470576986706546708,,,,,,true,,0000,0,,1446203750204047426,,0,Animal Battle Stats,,1446204139909550150,,,2026-02-10T00:27:55.630Z,,4491519,4,true,Visitor,Anonymous,true,🔗 Page,/,true,🌐 Location,"San Jose, CA, US",true,🖥️ Device,Chrome on Linux,true,📐 Screen,800x600,true,🌐 Language,en-US,false,🔗 Came From,https://animal-battle-stats-q97v9shbh-raminoodle733s-projects.vercel.app/,,,,,,,,0,0,,,https://images-ext-1.discordapp.net/external/JNVOwhfRcEFw8VgKDMB9KwuZ8MKiLYwmegb7iAnEsqQ/https/animalbattlestats.com/images/icons/icon-192.png,https://animalbattlestats.com/images/icons/icon-192.png,0,2026-02-10T00:27:55.163000+00:00,👀 Site Visit,rich,0,,,false,,,,false,,,,,,,,,2026-02-10T00:27:55.630000+00:00,false,0,Animal Battle Stats,1446203750204047426
1470576981417656330,,,,,,true,,0000,0,,1446203750204047426,,0,Animal Battle Stats,,1446204139909550150,,,2026-02-10T00:27:54.369Z,,4491519,4,true,Visitor,Anonymous,true,🔗 Page,/,true,🌐 Location,"San Jose, CA, US",true,🖥️ Device,Chrome on Linux,true,📐 Screen,800x600,true,🌐 Language,en-US,false,🔗 Came From,https://animal-battle-stats-q97v9shbh-raminoodle733s-projects.vercel.app/,,,,,,,,0,0,,,https://images-ext-1.discordapp.net/external/JNVOwhfRcEFw8VgKDMB9KwuZ8MKiLYwmegb7iAnEsqQ/https/animalbattlestats.com/images/icons/icon-192.png,https://animalbattlestats.com/images/icons/icon-192.png,0,2026-02-10T00:27:54.064000+00:00,👀 Site Visit,rich,0,,,false,,,,false,,,,,,,,,2026-02-10T00:27:54.369000+00:00,false,0,Animal Battle Stats,1446203750204047426
1470576981103087800,,,,,,true,,0000,0,,1446203750204047426,,0,Animal Battle Stats,,1446204139909550150,,,2026-02-10T00:27:54.294Z,,6710886,4,true,User,Anonymous,true,🔗 Page,/,true,🌐 Location,"San Jose, CA, US",true,🕐 Session Duration,8s,,,,,,,,,,,,,,,,,0,0,,,https://images-ext-1.discordapp.net/external/JNVOwhfRcEFw8VgKDMB9KwuZ8MKiLYwmegb7iAnEsqQ/https/animalbattlestats.com/images/icons/icon-192.png,https://animalbattlestats.com/images/icons/icon-192.png,0,2026-02-10T00:27:53.987000+00:00,👋 User Left Site,rich,0,,,false,,,,false,,,,,,,,,2026-02-10T00:27:54.294000+00:00,false,0,Animal Battle Stats,1446203750204047426
1470576979173707796,,,,,,true,,0000,0,,1446203750204047426,,0,Animal Battle Stats,,1446204139909550150,,,2026-02-10T00:27:53.834Z,,4491519,4,true,Visitor,Anonymous,true,🔗 Page,/,true,🌐 Location,"San Jose, CA, US",true,🖥️ Device,Chrome on Linux,true,📐 Screen,800x600,true,🌐 Language,en-US,false,🔗 Came From,https://animal-battle-stats-q97v9shbh-raminoodle733s-projects.vercel.app/,,,,,,,,0,0,,,https://images-ext-1.discordapp.net/external/JNVOwhfRcEFw8VgKDMB9KwuZ8MKiLYwmegb7iAnEsqQ/https/animalbattlestats.com/images/icons/icon-192.png,https://animalbattlestats.com/images/icons/icon-192.png,0,2026-02-10T00:27:45.011000+00:00,👀 Site Visit,rich,0,,,false,,,,false,,,,,,,,,2026-02-10T00:27:53.834000+00:00,false,0,Animal Battle Stats,1446203750204047426
1470576979173441669,,,,,,true,,0000,0,,1446203750204047426,,0,Animal Battle Stats,,1446204139909550150,,,2026-02-10T00:27:53.834Z,,6710886,4,true,User,Anonymous,true,🔗 Page,/,true,🌐 Location,"San Jose, CA, US",true,🕐 Session Duration,7s,,,,,,,,,,,,,,,,,0,0,,,https://images-ext-1.discordapp.net/external/JNVOwhfRcEFw8VgKDMB9KwuZ8MKiLYwmegb7iAnEsqQ/https/animalbattlestats.com/images/icons/icon-192.png,https://animalbattlestats.com/images/icons/icon-192.png,0,2026-02-10T00:27:52.344000+00:00,👋 User Left Site,rich,0,,,false,,,,false,,,,,,,,,2026-02-10T00:27:53.834000+00:00,false,0,Animal Battle Stats,1446203750204047426
1470438466419556570,,,,,,true,,0000,0,,1446203750204047426,,0,Animal Battle Stats,,1446204139909550150,,,2026-02-09T15:17:29.820Z,,16739072,4,false,Matchup,**Bighorn Sheep** vs **Musk Ox**,true,User,Anonymous,true,🌐 Location,"Auburn, AL, US",true,🖥️ Device,Chrome on Windows,,,,,,,,,,,,,,,,,0,0,,,https://images-ext-1.discordapp.net/external/JNVOwhfRcEFw8VgKDMB9KwuZ8MKiLYwmegb7iAnEsqQ/https/animalbattlestats.com/images/icons/icon-192.png,https://animalbattlestats.com/images/icons/icon-192.png,0,2026-02-09T15:17:29.588000+00:00,⚔️ Battle Comparison,rich,0,,,false,,,,false,,,,,,,,,2026-02-09T15:17:29.820000+00:00,false,0,Animal Battle Stats,1446203750204047426
1470438409892794369,,,,,,true,,0000,0,,1446203750204047426,,0,Animal Battle Stats,,1446204139909550150,,,2026-02-09T15:17:16.343Z,,16739072,4,false,Matchup,**Yak** vs **Musk Ox**,true,User,Anonymous,true,🌐 Location,"Auburn, AL, US",true,🖥️ Device,Chrome on Windows,,,,,,,,,,,,,,,,,0,0,,,https://images-ext-1.discordapp.net/external/JNVOwhfRcEFw8VgKDMB9KwuZ8MKiLYwmegb7iAnEsqQ/https/animalbattlestats.com/images/icons/icon-192.png,https://animalbattlestats.com/images/icons/icon-192.png,0,2026-02-09T15:17:16.093000+00:00,⚔️ Battle Comparison,rich,0,,,false,,,,false,,,,,,,,,2026-02-09T15:17:16.343000+00:00,false,0,Animal Battle Stats,1446203750204047426
1470438317282562219,,,,,,true,,0000,0,,1446203750204047426,,0,Animal Battle Stats,,1446204139909550150,,,2026-02-09T15:16:54.263Z,,16739072,4,false,Matchup,**Mountain Goat** vs **Bighorn Sheep**,true,User,Anonymous,true,🌐 Location,"Auburn, AL, US",true,🖥️ Device,Chrome on Windows,,,,,,,,,,,,,,,,,0,0,,,https://images-ext-1.discordapp.net/external/JNVOwhfRcEFw8VgKDMB9KwuZ8MKiLYwmegb7iAnEsqQ/https/animalbattlestats.com/images/icons/icon-192.png,https://animalbattlestats.com/images/icons/icon-192.png,0,2026-02-09T15:16:53.919000+00:00,⚔️ Battle Comparison,rich,0,,,false,,,,false,,,,,,,,,2026-02-09T15:16:54.263000+00:00,false,0,Animal Battle Stats,1446203750204047426
1470438151263621418,,,,,,true,,0000,0,,1446203750204047426,,0,Animal Battle Stats,,1446204139909550150,,,2026-02-09T15:16:14.681Z,,16739072,4,false,Matchup,**Black Rhinoceros** vs **Tapir**,true,User,Anonymous,true,🌐 Location,"Auburn, AL, US",true,🖥️ Device,Chrome on Windows,,,,,,,,,,,,,,,,,0,0,,,https://images-ext-1.discordapp.net/external/JNVOwhfRcEFw8VgKDMB9KwuZ8MKiLYwmegb7iAnEsqQ/https/animalbattlestats.com/images/icons/icon-192.png,https://animalbattlestats.com/images/icons/icon-192.png,0,2026-02-09T15:16:14.279000+00:00,⚔️ Battle Comparison,rich,0,,,false,,,,false,,,,,,,,,2026-02-09T15:16:14.681000+00:00,false,0,Animal Battle Stats,1446203750204047426
1470438090681094348,,,,,,true,,0000,0,,1446203750204047426,,0,Animal Battle Stats,,1446204139909550150,,,2026-02-09T15:16:00.237Z,,16739072,4,false,Matchup,**Black Rhinoceros** vs **Rhinoceros**,true,User,Anonymous,true,🌐 Location,"Auburn, AL, US",true,🖥️ Device,Chrome on Windows,,,,,,,,,,,,,,,,,0,0,,,https://images-ext-1.discordapp.net/external/JNVOwhfRcEFw8VgKDMB9KwuZ8MKiLYwmegb7iAnEsqQ/https/animalbattlestats.com/images/icons/icon-192.png,https://animalbattlestats.com/images/icons/icon-192.png,0,2026-02-09T15:15:59.969000+00:00,⚔️ Battle Comparison,rich,0,,,false,,,,false,,,,,,,,,2026-02-09T15:16:00.237000+00:00,false,0,Animal Battle Stats,1446203750204047426
1470437940021694645,,,,,,true,,0000,0,,1446203750204047426,,0,Animal Battle Stats,,1446204139909550150,,,2026-02-09T15:15:24.317Z,,16739072,4,false,Matchup,**Wild Horse** vs **Zebra**,true,User,Anonymous,true,🌐 Location,"Auburn, AL, US",true,🖥️ Device,Chrome on Windows,,,,,,,,,,,,,,,,,0,0,,,https://images-ext-1.discordapp.net/external/JNVOwhfRcEFw8VgKDMB9KwuZ8MKiLYwmegb7iAnEsqQ/https/animalbattlestats.com/images/icons/icon-192.png,https://animalbattlestats.com/images/icons/icon-192.png,0,2026-02-09T15:15:23.827000+00:00,⚔️ Battle Comparison,rich,0,,,false,,,,false,,,,,,,,,2026-02-09T15:15:24.317000+00:00,false,0,Animal Battle Stats,1446203750204047426
1470437871851802826,,,,,,true,,0000,0,,1446203750204047426,,0,Animal Battle Stats,,1446204139909550150,,,2026-02-09T15:15:08.064Z,,16739072,4,false,Matchup,**Wild Horse** vs **Donkey**,true,User,Anonymous,true,🌐 Location,"Auburn, AL, US",true,🖥️ Device,Chrome on Windows,,,,,,,,,,,,,,,,,0,0,,,https://images-ext-1.discordapp.net/external/JNVOwhfRcEFw8VgKDMB9KwuZ8MKiLYwmegb7iAnEsqQ/https/animalbattlestats.com/images/icons/icon-192.png,https://animalbattlestats.com/images/icons/icon-192.png,0,2026-02-09T15:15:07.597000+00:00,⚔️ Battle Comparison,rich,0,,,false,,,,false,,,,,,,,,2026-02-09T15:15:08.064000+00:00,false,0,Animal Battle Stats,1446203750204047426
1470437718201733183,,,,,,true,,0000,0,,1446203750204047426,,0,Animal Battle Stats,,1446204139909550150,,,2026-02-09T15:14:31.431Z,,16739072,4,false,Matchup,**Giraffe** vs **Okapi**,true,User,Anonymous,true,🌐 Location,"Auburn, AL, US",true,🖥️ Device,Chrome on Windows,,,,,,,,,,,,,,,,,0,0,,,https://images-ext-1.discordapp.net/external/JNVOwhfRcEFw8VgKDMB9KwuZ8MKiLYwmegb7iAnEsqQ/https/animalbattlestats.com/images/icons/icon-192.png,https://animalbattlestats.com/images/icons/icon-192.png,0,2026-02-09T15:14:31.155000+00:00,⚔️ Battle Comparison,rich,0,,,false,,,,false,,,,,,,,,2026-02-09T15:14:31.431000+00:00,false,0,Animal Battle Stats,1446203750204047426
1470437717946142961,,,,,,true,,0000,0,,1446203750204047426,,0,Animal Battle Stats,,1446204139909550150,,,2026-02-09T15:14:31.370Z,,16739072,4,false,Matchup,**Giraffe** vs **Okapi**,true,User,Anonymous,true,🌐 Location,"Auburn, AL, US",true,🖥️ Device,Chrome on Windows,,,,,,,,,,,,,,,,,0,0,,,https://images-ext-1.discordapp.net/external/JNVOwhfRcEFw8VgKDMB9KwuZ8MKiLYwmegb7iAnEsqQ/https/animalbattlestats.com/images/icons/icon-192.png,https://animalbattlestats.com/images/icons/icon-192.png,0,2026-02-09T15:14:31.084000+00:00,⚔️ Battle Comparison,rich,0,,,false,,,,false,,,,,,,,,2026-02-09T15:14:31.370000+00:00,false,0,Animal Battle Stats,1446203750204047426
1470437556544999566,,,,,,true,,0000,0,,1446203750204047426,,0,Animal Battle Stats,,1446204139909550150,,,2026-02-09T15:13:52.889Z,,16739072,4,false,Matchup,**Moose** vs **Elk**,true,User,Anonymous,true,🌐 Location,"Auburn, AL, US",true,🖥️ Device,Chrome on Windows,,,,,,,,,,,,,,,,,0,0,,,https://images-ext-1.discordapp.net/external/JNVOwhfRcEFw8VgKDMB9KwuZ8MKiLYwmegb7iAnEsqQ/https/animalbattlestats.com/images/icons/icon-192.png,https://animalbattlestats.com/images/icons/icon-192.png,0,2026-02-09T15:13:51.187000+00:00,⚔️ Battle Comparison,rich,0,,,false,,,,false,,,,,,,,,2026-02-09T15:13:52.889000+00:00,false,0,Animal Battle Stats,1446203750204047426
1470437487338852503,,,,,,true,,0000,0,,1446203750204047426,,0,Animal Battle Stats,,1446204139909550150,,,2026-02-09T15:13:36.389Z,,16739072,4,false,Matchup,**Reindeer** vs **Elk**,true,User,Anonymous,true,🌐 Location,"Auburn, AL, US",true,🖥️ Device,Chrome on Windows,,,,,,,,,,,,,,,,,0,0,,,https://images-ext-1.discordapp.net/external/JNVOwhfRcEFw8VgKDMB9KwuZ8MKiLYwmegb7iAnEsqQ/https/animalbattlestats.com/images/icons/icon-192.png,https://animalbattlestats.com/images/icons/icon-192.png,0,2026-02-09T15:13:36.098000+00:00,⚔️ Battle Comparison,rich,0,,,false,,,,false,,,,,,,,,2026-02-09T15:13:36.389000+00:00,false,0,Animal Battle Stats,1446203750204047426
1470437352227737767,,,,,,true,,0000,0,,1446203750204047426,,0,Animal Battle Stats,,1446204139909550150,,,2026-02-09T15:13:04.176Z,,16739072,4,false,Matchup,**Bison** vs **Cape Buffalo**,true,User,Anonymous,true,🌐 Location,"Auburn, AL, US",true,🖥️ Device,Chrome on Windows,,,,,,,,,,,,,,,,,0,0,,,https://images-ext-1.discordapp.net/external/JNVOwhfRcEFw8VgKDMB9KwuZ8MKiLYwmegb7iAnEsqQ/https/animalbattlestats.com/images/icons/icon-192.png,https://animalbattlestats.com/images/icons/icon-192.png,0,2026-02-09T15:13:03.901000+00:00,⚔️ Battle Comparison,rich,0,,,false,,,,false,,,,,,,,,2026-02-09T15:13:04.176000+00:00,false,0,Animal Battle Stats,1446203750204047426
1470437185638629607,,,,,,true,,0000,0,,1446203750204047426,,0,Animal Battle Stats,,1446204139909550150,,,2026-02-09T15:12:24.458Z,,16739072,4,false,Matchup,**Pronghorn** vs **Wildebeest**,true,User,Anonymous,true,🌐 Location,"Auburn, AL, US",true,🖥️ Device,Chrome on Windows,,,,,,,,,,,,,,,,,0,0,,,https://images-ext-1.discordapp.net/external/JNVOwhfRcEFw8VgKDMB9KwuZ8MKiLYwmegb7iAnEsqQ/https/animalbattlestats.com/images/icons/icon-192.png,https://animalbattlestats.com/images/icons/icon-192.png,0,2026-02-09T15:12:24.209000+00:00,⚔️ Battle Comparison,rich,0,,,false,,,,false,,,,,,,,,2026-02-09T15:12:24.458000+00:00,false,0,Animal Battle Stats,1446203750204047426
1470437084035547157,,,,,,true,,0000,0,,1446203750204047426,,0,Animal Battle Stats,,1446204139909550150,,,2026-02-09T15:12:00.234Z,,16739072,4,false,Matchup,**Impala** vs **Wildebeest**,true,User,Anonymous,true,🌐 Location,"Auburn, AL, US",true,🖥️ Device,Chrome on Windows,,,,,,,,,,,,,,,,,0,0,,,https://images-ext-1.discordapp.net/external/JNVOwhfRcEFw8VgKDMB9KwuZ8MKiLYwmegb7iAnEsqQ/https/animalbattlestats.com/images/icons/icon-192.png,https://animalbattlestats.com/images/icons/icon-192.png,0,2026-02-09T15:11:59.882000+00:00,⚔️ Battle Comparison,rich,0,,,false,,,,false,,,,,,,,,2026-02-09T15:12:00.234000+00:00,false,0,Animal Battle Stats,1446203750204047426
1470436997482021107,,,,,,true,,0000,0,,1446203750204047426,,0,Animal Battle Stats,,1446204139909550150,,,2026-02-09T15:11:39.598Z,,16739072,4,false,Matchup,**Ibex** vs **Wildebeest**,true,User,Anonymous,true,🌐 Location,"Auburn, AL, US",true,🖥️ Device,Chrome on Windows,,,,,,,,,,,,,,,,,0,0,,,https://images-ext-1.discordapp.net/external/JNVOwhfRcEFw8VgKDMB9KwuZ8MKiLYwmegb7iAnEsqQ/https/animalbattlestats.com/images/icons/icon-192.png,https://animalbattlestats.com/images/icons/icon-192.png,0,2026-02-09T15:11:39.335000+00:00,⚔️ Battle Comparison,rich,0,,,false,,,,false,,,,,,,,,2026-02-09T15:11:39.598000+00:00,false,0,Animal Battle Stats,1446203750204047426
1470436882658885757,,,,,,true,,0000,0,,1446203750204047426,,0,Animal Battle Stats,,1446204139909550150,,,2026-02-09T15:11:12.222Z,,16739072,4,false,Matchup,**Impala** vs **Gazelle**,true,User,Anonymous,true,🌐 Location,"Auburn, AL, US",true,🖥️ Device,Chrome on Windows,,,,,,,,,,,,,,,,,0,0,,,https://images-ext-1.discordapp.net/external/JNVOwhfRcEFw8VgKDMB9KwuZ8MKiLYwmegb7iAnEsqQ/https/animalbattlestats.com/images/icons/icon-192.png,https://animalbattlestats.com/images/icons/icon-192.png,0,2026-02-09T15:11:11.822000+00:00,⚔️ Battle Comparison,rich,0,,,false,,,,false,,,,,,,,,2026-02-09T15:11:12.222000+00:00,false,0,Animal Battle Stats,1446203750204047426
1470436769123143805,,,,,,true,,0000,0,,1446203750204047426,,0,Animal Battle Stats,,1446204139909550150,,,2026-02-09T15:10:45.153Z,,16739072,4,false,Matchup,**Pronghorn** vs **Sable Antelope**,true,User,Anonymous,true,🌐 Location,"Auburn, AL, US",true,🖥️ Device,Chrome on Windows,,,,,,,,,,,,,,,,,0,0,,,https://images-ext-1.discordapp.net/external/JNVOwhfRcEFw8VgKDMB9KwuZ8MKiLYwmegb7iAnEsqQ/https/animalbattlestats.com/images/icons/icon-192.png,https://animalbattlestats.com/images/icons/icon-192.png,0,2026-02-09T15:10:44.038000+00:00,⚔️ Battle Comparison,rich,0,,,false,,,,false,,,,,,,,,2026-02-09T15:10:45.153000+00:00,false,0,Animal Battle Stats,1446203750204047426
1470436422363381861,,,,,,true,,0000,0,,1446203750204047426,,0,Animal Battle Stats,,1446204139909550150,,,2026-02-09T15:09:22.479Z,,16739072,4,false,Matchup,**Pronghorn** vs **Bongo**,true,User,Anonymous,true,🌐 Location,"Auburn, AL, US",true,🖥️ Device,Chrome on Windows,,,,,,,,,,,,,,,,,0,0,,,https://images-ext-1.discordapp.net/external/JNVOwhfRcEFw8VgKDMB9KwuZ8MKiLYwmegb7iAnEsqQ/https/animalbattlestats.com/images/icons/icon-192.png,https://animalbattlestats.com/images/icons/icon-192.png,0,2026-02-09T15:09:22.151000+00:00,⚔️ Battle Comparison,rich,0,,,false,,,,false,,,,,,,,,2026-02-09T15:09:22.479000+00:00,false,0,Animal Battle Stats,1446203750204047426
1470436283003437365,,,,,,true,,0000,0,,1446203750204047426,,0,Animal Battle Stats,,1446204139909550150,,,2026-02-09T15:08:49.253Z,,16739072,4,false,Matchup,**Sable Antelope** vs **Kudu**,true,User,Anonymous,true,🌐 Location,"Auburn, AL, US",true,🖥️ Device,Chrome on Windows,,,,,,,,,,,,,,,,,0,0,,,https://images-ext-1.discordapp.net/external/JNVOwhfRcEFw8VgKDMB9KwuZ8MKiLYwmegb7iAnEsqQ/https/animalbattlestats.com/images/icons/icon-192.png,https://animalbattlestats.com/images/icons/icon-192.png,0,2026-02-09T15:08:48.949000+00:00,⚔️ Battle Comparison,rich,0,,,false,,,,false,,,,,,,,,2026-02-09T15:08:49.253000+00:00,false,0,Animal Battle Stats,1446203750204047426
1470436188505772092,,,,,,true,,0000,0,,1446203750204047426,,0,Animal Battle Stats,,1446204139909550150,,,2026-02-09T15:08:26.723Z,,16739072,4,false,Matchup,**Sable Antelope** vs **Oryx**,true,User,Anonymous,true,🌐 Location,"Auburn, AL, US",true,🖥️ Device,Chrome on Windows,,,,,,,,,,,,,,,,,0,0,,,https://images-ext-1.discordapp.net/external/JNVOwhfRcEFw8VgKDMB9KwuZ8MKiLYwmegb7iAnEsqQ/https/animalbattlestats.com/images/icons/icon-192.png,https://animalbattlestats.com/images/icons/icon-192.png,0,2026-02-09T15:08:26.417000+00:00,⚔️ Battle Comparison,rich,0,,,false,,,,false,,,,,,,,,2026-02-09T15:08:26.723000+00:00,false,0,Animal Battle Stats,1446203750204047426
1470435859114364938,,,,,,true,,0000,0,,1446203750204047426,,0,Animal Battle Stats,,1446204139909550150,,,2026-02-09T15:07:08.190Z,,16739072,4,false,Matchup,**Hedgehog** vs **Porcupine**,true,User,Anonymous,true,🌐 Location,"Auburn, AL, US",true,🖥️ Device,Chrome on Windows,,,,,,,,,,,,,,,,,0,0,,,https://images-ext-1.discordapp.net/external/JNVOwhfRcEFw8VgKDMB9KwuZ8MKiLYwmegb7iAnEsqQ/https/animalbattlestats.com/images/icons/icon-192.png,https://animalbattlestats.com/images/icons/icon-192.png,0,2026-02-09T15:07:07.889000+00:00,⚔️ Battle Comparison,rich,0,,,false,,,,false,,,,,,,,,2026-02-09T15:07:08.190000+00:00,false,0,Animal Battle Stats,1446203750204047426
1470435766592344395,,,,,,true,,0000,0,,1446203750204047426,,0,Animal Battle Stats,,1446204139909550150,,,2026-02-09T15:06:46.131Z,,16739072,4,false,Matchup,**Hedgehog** vs **Armadillo**,true,User,Anonymous,true,🌐 Location,"Auburn, AL, US",true,🖥️ Device,Chrome on Windows,,,,,,,,,,,,,,,,,0,0,,,https://images-ext-1.discordapp.net/external/JNVOwhfRcEFw8VgKDMB9KwuZ8MKiLYwmegb7iAnEsqQ/https/animalbattlestats.com/images/icons/icon-192.png,https://animalbattlestats.com/images/icons/icon-192.png,0,2026-02-09T15:06:45.843000+00:00,⚔️ Battle Comparison,rich,0,,,false,,,,false,,,,,,,,,2026-02-09T15:06:46.131000+00:00,false,0,Animal Battle Stats,1446203750204047426
1470435635448774730,,,,,,true,,0000,0,,1446203750204047426,,0,Animal Battle Stats,,1446204139909550150,,,2026-02-09T15:06:14.864Z,,16739072,4,false,Matchup,**Porcupine** vs **Anteater**,true,User,Anonymous,true,🌐 Location,"Auburn, AL, US",true,🖥️ Device,Chrome on Windows,,,,,,,,,,,,,,,,,0,0,,,https://images-ext-1.discordapp.net/external/JNVOwhfRcEFw8VgKDMB9KwuZ8MKiLYwmegb7iAnEsqQ/https/animalbattlestats.com/images/icons/icon-192.png,https://animalbattlestats.com/images/icons/icon-192.png,0,2026-02-09T15:06:14.565000+00:00,⚔️ Battle Comparison,rich,0,,,false,,,,false,,,,,,,,,2026-02-09T15:06:14.864000+00:00,false,0,Animal Battle Stats,1446203750204047426
1470435532512297020,,,,,,true,,0000,0,,1446203750204047426,,0,Animal Battle Stats,,1446204139909550150,,,2026-02-09T15:05:50.322Z,,16739072,4,false,Matchup,**Porcupine** vs **Pangolin**,true,User,Anonymous,true,🌐 Location,"Auburn, AL, US",true,🖥️ Device,Chrome on Windows,,,,,,,,,,,,,,,,,0,0,,,https://images-ext-1.discordapp.net/external/JNVOwhfRcEFw8VgKDMB9KwuZ8MKiLYwmegb7iAnEsqQ/https/animalbattlestats.com/images/icons/icon-192.png,https://animalbattlestats.com/images/icons/icon-192.png,0,2026-02-09T15:05:49.834000+00:00,⚔️ Battle Comparison,rich,0,,,false,,,,false,,,,,,,,,2026-02-09T15:05:50.322000+00:00,false,0,Animal Battle Stats,1446203750204047426
1470435236260220930,,,,,,true,,0000,0,,1446203750204047426,,0,Animal Battle Stats,,1446204139909550150,,,2026-02-09T15:04:39.690Z,,16739072,4,false,Matchup,**Chimpanzee** vs **Gorilla**,true,User,Anonymous,true,🌐 Location,"Auburn, AL, US",true,🖥️ Device,Chrome on Windows,,,,,,,,,,,,,,,,,0,0,,,https://images-ext-1.discordapp.net/external/JNVOwhfRcEFw8VgKDMB9KwuZ8MKiLYwmegb7iAnEsqQ/https/animalbattlestats.com/images/icons/icon-192.png,https://animalbattlestats.com/images/icons/icon-192.png,0,2026-02-09T15:04:39.397000+00:00,⚔️ Battle Comparison,rich,0,,,false,,,,false,,,,,,,,,2026-02-09T15:04:39.690000+00:00,false,0,Animal Battle Stats,1446203750204047426
1470435101304164395,,,,,,true,,0000,0,,1446203750204047426,,0,Animal Battle Stats,,1446204139909550150,,,2026-02-09T15:04:07.514Z,,16739072,4,false,Matchup,**Chimpanzee** vs **Gibbon**,true,User,Anonymous,true,🌐 Location,"Auburn, AL, US",true,🖥️ Device,Chrome on Windows,,,,,,,,,,,,,,,,,0,0,,,https://images-ext-1.discordapp.net/external/JNVOwhfRcEFw8VgKDMB9KwuZ8MKiLYwmegb7iAnEsqQ/https/animalbattlestats.com/images/icons/icon-192.png,https://animalbattlestats.com/images/icons/icon-192.png,0,2026-02-09T15:04:07.207000+00:00,⚔️ Battle Comparison,rich,0,,,false,,,,false,,,,,,,,,2026-02-09T15:04:07.514000+00:00,false,0,Animal Battle Stats,1446203750204047426
1470434971788382311,,,,,,true,,0000,0,,1446203750204047426,,0,Animal Battle Stats,,1446204139909550150,,,2026-02-09T15:03:36.635Z,,16739072,4,false,Matchup,**Gorilla** vs **Orangutan**,true,User,Anonymous,true,🌐 Location,"Auburn, AL, US",true,🖥️ Device,Chrome on Windows,,,,,,,,,,,,,,,,,0,0,,,https://images-ext-1.discordapp.net/external/JNVOwhfRcEFw8VgKDMB9KwuZ8MKiLYwmegb7iAnEsqQ/https/animalbattlestats.com/images/icons/icon-192.png,https://animalbattlestats.com/images/icons/icon-192.png,0,2026-02-09T15:03:36.204000+00:00,⚔️ Battle Comparison,rich,0,,,false,,,,false,,,,,,,,,2026-02-09T15:03:36.635000+00:00,false,0,Animal Battle Stats,1446203750204047426
1470434620645445680,,,,,,true,,0000,0,,1446203750204047426,,0,Animal Battle Stats,,1446204139909550150,,,2026-02-09T15:02:12.916Z,,16739072,4,false,Matchup,**Proboscis Monkey** vs **Baboon**,true,User,Anonymous,true,🌐 Location,"Auburn, AL, US",true,🖥️ Device,Chrome on Windows,,,,,,,,,,,,,,,,,0,0,,,https://images-ext-1.discordapp.net/external/JNVOwhfRcEFw8VgKDMB9KwuZ8MKiLYwmegb7iAnEsqQ/https/animalbattlestats.com/images/icons/icon-192.png,https://animalbattlestats.com/images/icons/icon-192.png,0,2026-02-09T15:02:12.102000+00:00,⚔️ Battle Comparison,rich,0,,,false,,,,false,,,,,,,,,2026-02-09T15:02:12.916000+00:00,false,0,Animal Battle Stats,1446203750204047426
1470434548142702602,,,,,,true,,0000,0,,1446203750204047426,,0,Animal Battle Stats,,1446204139909550150,,,2026-02-09T15:01:55.630Z,,16739072,4,false,Matchup,**Capuchin Monkey** vs **Baboon**,true,User,Anonymous,true,🌐 Location,"Auburn, AL, US",true,🖥️ Device,Chrome on Windows,,,,,,,,,,,,,,,,,0,0,,,https://images-ext-1.discordapp.net/external/JNVOwhfRcEFw8VgKDMB9KwuZ8MKiLYwmegb7iAnEsqQ/https/animalbattlestats.com/images/icons/icon-192.png,https://animalbattlestats.com/images/icons/icon-192.png,0,2026-02-09T15:01:55.239000+00:00,⚔️ Battle Comparison,rich,0,,,false,,,,false,,,,,,,,,2026-02-09T15:01:55.630000+00:00,false,0,Animal Battle Stats,1446203750204047426
1470434459676446775,,,,,,true,,0000,0,,1446203750204047426,,0,Animal Battle Stats,,1446204139909550150,,,2026-02-09T15:01:34.538Z,,16739072,4,false,Matchup,**Howler Monkey** vs **Baboon**,true,User,Anonymous,true,🌐 Location,"Auburn, AL, US",true,🖥️ Device,Chrome on Windows,,,,,,,,,,,,,,,,,0,0,,,https://images-ext-1.discordapp.net/external/JNVOwhfRcEFw8VgKDMB9KwuZ8MKiLYwmegb7iAnEsqQ/https/animalbattlestats.com/images/icons/icon-192.png,https://animalbattlestats.com/images/icons/icon-192.png,0,2026-02-09T15:01:34.327000+00:00,⚔️ Battle Comparison,rich,0,,,false,,,,false,,,,,,,,,2026-02-09T15:01:34.538000+00:00,false,0,Animal Battle Stats,1446203750204047426
1470434359193374882,,,,,,true,,0000,0,,1446203750204047426,,0,Animal Battle Stats,,1446204139909550150,,,2026-02-09T15:01:10.581Z,,16739072,4,false,Matchup,**Spider Monkey** vs **Capuchin Monkey**,true,User,Anonymous,true,🌐 Location,"Auburn, AL, US",true,🖥️ Device,Chrome on Windows,,,,,,,,,,,,,,,,,0,0,,,https://images-ext-1.discordapp.net/external/JNVOwhfRcEFw8VgKDMB9KwuZ8MKiLYwmegb7iAnEsqQ/https/animalbattlestats.com/images/icons/icon-192.png,https://animalbattlestats.com/images/icons/icon-192.png,0,2026-02-09T15:01:09.794000+00:00,⚔️ Battle Comparison,rich,0,,,false,,,,false,,,,,,,,,2026-02-09T15:01:10.581000+00:00,false,0,Animal Battle Stats,1446203750204047426
1470434237436924098,,,,,,true,,0000,0,,1446203750204047426,,0,Animal Battle Stats,,1446204139909550150,,,2026-02-09T15:00:41.552Z,,16739072,4,false,Matchup,**Proboscis Monkey** vs **Japanese Macaque**,true,User,Anonymous,true,🌐 Location,"Auburn, AL, US",true,🖥️ Device,Chrome on Windows,,,,,,,,,,,,,,,,,0,0,,,https://images-ext-1.discordapp.net/external/JNVOwhfRcEFw8VgKDMB9KwuZ8MKiLYwmegb7iAnEsqQ/https/animalbattlestats.com/images/icons/icon-192.png,https://animalbattlestats.com/images/icons/icon-192.png,0,2026-02-09T15:00:41.253000+00:00,⚔️ Battle Comparison,rich,0,,,false,,,,false,,,,,,,,,2026-02-09T15:00:41.552000+00:00,false,0,Animal Battle Stats,1446203750204047426
1470434062144639138,,,,,,true,,0000,0,,1446203750204047426,,0,Animal Battle Stats,,1446204139909550150,,,2026-02-09T14:59:59.759Z,,16739072,4,false,Matchup,**Proboscis Monkey** vs **Mandrill**,true,User,Anonymous,true,🌐 Location,"Auburn, AL, US",true,🖥️ Device,Chrome on Windows,,,,,,,,,,,,,,,,,0,0,,,https://images-ext-1.discordapp.net/external/JNVOwhfRcEFw8VgKDMB9KwuZ8MKiLYwmegb7iAnEsqQ/https/animalbattlestats.com/images/icons/icon-192.png,https://animalbattlestats.com/images/icons/icon-192.png,0,2026-02-09T14:59:59.086000+00:00,⚔️ Battle Comparison,rich,0,,,false,,,,false,,,,,,,,,2026-02-09T14:59:59.759000+00:00,false,0,Animal Battle Stats,1446203750204047426
1470432913299341314,,,,,,true,,0000,0,,1446203750204047426,,0,Animal Battle Stats,,1446204139909550150,,,2026-02-09T14:55:25.853Z,,16739072,4,false,Matchup,**Grizzly Bear** vs **Polar Bear**,true,User,Anonymous,true,🌐 Location,"Auburn, AL, US",true,🖥️ Device,Chrome on Windows,,,,,,,,,,,,,,,,,0,0,,,https://images-ext-1.discordapp.net/external/JNVOwhfRcEFw8VgKDMB9KwuZ8MKiLYwmegb7iAnEsqQ/https/animalbattlestats.com/images/icons/icon-192.png,https://animalbattlestats.com/images/icons/icon-192.png,0,2026-02-09T14:55:25.601000+00:00,⚔️ Battle Comparison,rich,0,,,false,,,,false,,,,,,,,,2026-02-09T14:55:25.853000+00:00,false,0,Animal Battle Stats,1446203750204047426
1470432815542960404,,,,,,true,,0000,0,,1446203750204047426,,0,Animal Battle Stats,,1446204139909550150,,,2026-02-09T14:55:02.546Z,,16739072,4,false,Matchup,**Black Bear** vs **Polar Bear**,true,User,Anonymous,true,🌐 Location,"Auburn, AL, US",true,🖥️ Device,Chrome on Windows,,,,,,,,,,,,,,,,,0,0,,,https://images-ext-1.discordapp.net/external/JNVOwhfRcEFw8VgKDMB9KwuZ8MKiLYwmegb7iAnEsqQ/https/animalbattlestats.com/images/icons/icon-192.png,https://animalbattlestats.com/images/icons/icon-192.png,0,2026-02-09T14:55:01.939000+00:00,⚔️ Battle Comparison,rich,0,,,false,,,,false,,,,,,,,,2026-02-09T14:55:02.546000+00:00,false,0,Animal Battle Stats,1446203750204047426
1470432698907492363,,,,,,true,,0000,0,,1446203750204047426,,0,Animal Battle Stats,,1446204139909550150,,,2026-02-09T14:54:34.738Z,,16739072,4,false,Matchup,**Sun Bear** vs **Polar Bear**,true,User,Anonymous,true,🌐 Location,"Auburn, AL, US",true,🖥️ Device,Chrome on Windows,,,,,,,,,,,,,,,,,0,0,,,https://images-ext-1.discordapp.net/external/JNVOwhfRcEFw8VgKDMB9KwuZ8MKiLYwmegb7iAnEsqQ/https/animalbattlestats.com/images/icons/icon-192.png,https://animalbattlestats.com/images/icons/icon-192.png,0,2026-02-09T14:54:34.035000+00:00,⚔️ Battle Comparison,rich,0,,,false,,,,false,,,,,,,,,2026-02-09T14:54:34.738000+00:00,false,0,Animal Battle Stats,1446203750204047426
1470280330802888714,,,,,,true,,0000,0,,1446203750204047426,,0,Animal Battle Stats,,1446204139909550150,,,2026-02-09T04:49:07.351Z,,16739072,4,false,Matchup,**Sloth Bear** vs **Grizzly Bear**,true,User,Anonymous,true,🌐 Location,"Auburn, AL, US",true,🖥️ Device,Chrome on Windows,,,,,,,,,,,,,,,,,0,0,,,https://images-ext-1.discordapp.net/external/JNVOwhfRcEFw8VgKDMB9KwuZ8MKiLYwmegb7iAnEsqQ/https/animalbattlestats.com/images/icons/icon-192.png,https://animalbattlestats.com/images/icons/icon-192.png,0,2026-02-09T04:49:07.094000+00:00,⚔️ Battle Comparison,rich,0,,,false,,,,false,,,,,,,,,2026-02-09T04:49:07.351000+00:00,false,0,Animal Battle Stats,1446203750204047426
1470280238058573982,,,,,,true,,0000,0,,1446203750204047426,,0,Animal Battle Stats,,1446204139909550150,,,2026-02-09T04:48:45.239Z,,16739072,4,false,Matchup,**Sloth Bear** vs **Spectacled Bear**,true,User,Anonymous,true,🌐 Location,"Auburn, AL, US",true,🖥️ Device,Chrome on Windows,,,,,,,,,,,,,,,,,0,0,,,https://images-ext-1.discordapp.net/external/JNVOwhfRcEFw8VgKDMB9KwuZ8MKiLYwmegb7iAnEsqQ/https/animalbattlestats.com/images/icons/icon-192.png,https://animalbattlestats.com/images/icons/icon-192.png,0,2026-02-09T04:48:44.665000+00:00,⚔️ Battle Comparison,rich,0,,,false,,,,false,,,,,,,,,2026-02-09T04:48:45.239000+00:00,false,0,Animal Battle Stats,1446203750204047426
1470222359486140540,,,,,,true,,0000,0,,1446203750204047426,,0,Animal Battle Stats,,1446204139909550150,,,2026-02-09T00:58:45.912Z,,16739072,4,false,Matchup,**Beluga Whale** vs **Megalodon**,true,User,Anonymous,true,🌐 Location,"Plattsburgh, NY, US",true,📱 Device,Safari on macOS,,,,,,,,,,,,,,,,,0,0,,,https://images-ext-1.discordapp.net/external/JNVOwhfRcEFw8VgKDMB9KwuZ8MKiLYwmegb7iAnEsqQ/https/animalbattlestats.com/images/icons/icon-192.png,https://animalbattlestats.com/images/icons/icon-192.png,0,2026-02-09T00:58:45.565000+00:00,⚔️ Battle Comparison,rich,0,,,false,,,,false,,,,,,,,,2026-02-09T00:58:45.912000+00:00,false,0,Animal Battle Stats,1446203750204047426
1470222326246281227,,,,,,true,,0000,0,,1446203750204047426,,0,Animal Battle Stats,,1446204139909550150,,,2026-02-09T00:58:37.987Z,,16739072,4,false,Matchup,**Narwhal** vs **Megalodon**,true,User,Anonymous,true,🌐 Location,"Plattsburgh, NY, US",true,📱 Device,Safari on macOS,,,,,,,,,,,,,,,,,0,0,,,https://images-ext-1.discordapp.net/external/JNVOwhfRcEFw8VgKDMB9KwuZ8MKiLYwmegb7iAnEsqQ/https/animalbattlestats.com/images/icons/icon-192.png,https://animalbattlestats.com/images/icons/icon-192.png,0,2026-02-09T00:58:37.693000+00:00,⚔️ Battle Comparison,rich,0,,,false,,,,false,,,,,,,,,2026-02-09T00:58:37.987000+00:00,false,0,Animal Battle Stats,1446203750204047426
1470222244386177138,,,,,,true,,0000,0,,1446203750204047426,,0,Animal Battle Stats,,1446204139909550150,,,2026-02-09T00:58:18.470Z,,16739072,4,false,Matchup,**Orca** vs **Megalodon**,true,User,Anonymous,true,🌐 Location,"Plattsburgh, NY, US",true,📱 Device,Safari on macOS,,,,,,,,,,,,,,,,,0,0,,,https://images-ext-1.discordapp.net/external/JNVOwhfRcEFw8VgKDMB9KwuZ8MKiLYwmegb7iAnEsqQ/https/animalbattlestats.com/images/icons/icon-192.png,https://animalbattlestats.com/images/icons/icon-192.png,0,2026-02-09T00:58:18.213000+00:00,⚔️ Battle Comparison,rich,0,,,false,,,,false,,,,,,,,,2026-02-09T00:58:18.470000+00:00,false,0,Animal Battle Stats,1446203750204047426
1470222205370634334,,,,,,true,,0000,0,,1446203750204047426,,0,Animal Battle Stats,,1446204139909550150,,,2026-02-09T00:58:09.168Z,,16739072,4,false,Matchup,**African Elephant** vs **Megalodon**,true,User,Anonymous,true,🌐 Location,"Plattsburgh, NY, US",true,📱 Device,Safari on macOS,,,,,,,,,,,,,,,,,0,0,,,https://images-ext-1.discordapp.net/external/JNVOwhfRcEFw8VgKDMB9KwuZ8MKiLYwmegb7iAnEsqQ/https/animalbattlestats.com/images/icons/icon-192.png,https://animalbattlestats.com/images/icons/icon-192.png,0,2026-02-09T00:58:08.951000+00:00,⚔️ Battle Comparison,rich,0,,,false,,,,false,,,,,,,,,2026-02-09T00:58:09.168000+00:00,false,0,Animal Battle Stats,1446203750204047426
1470222169962315866,,,,,,true,,0000,0,,1446203750204047426,,0,Animal Battle Stats,,1446204139909550150,,,2026-02-09T00:58:00.726Z,,16739072,4,false,Matchup,**Saltwater Crocodile** vs **Megalodon**,true,User,Anonymous,true,🌐 Location,"Plattsburgh, NY, US",true,📱 Device,Safari on macOS,,,,,,,,,,,,,,,,,0,0,,,https://images-ext-1.discordapp.net/external/JNVOwhfRcEFw8VgKDMB9KwuZ8MKiLYwmegb7iAnEsqQ/https/animalbattlestats.com/images/icons/icon-192.png,https://animalbattlestats.com/images/icons/icon-192.png,0,2026-02-09T00:58:00.470000+00:00,⚔️ Battle Comparison,rich,0,,,false,,,,false,,,,,,,,,2026-02-09T00:58:00.726000+00:00,false,0,Animal Battle Stats,1446203750204047426
1470222077431648329,,,,,,true,,0000,0,,1446203750204047426,,0,Animal Battle Stats,,1446204139909550150,,,2026-02-09T00:57:38.665Z,,16739072,4,false,Matchup,**Colossal Squid** vs **Megalodon**,true,User,Anonymous,true,🌐 Location,"Plattsburgh, NY, US",true,📱 Device,Safari on macOS,,,,,,,,,,,,,,,,,0,0,,,https://images-ext-1.discordapp.net/external/JNVOwhfRcEFw8VgKDMB9KwuZ8MKiLYwmegb7iAnEsqQ/https/animalbattlestats.com/images/icons/icon-192.png,https://animalbattlestats.com/images/icons/icon-192.png,0,2026-02-09T00:57:38.325000+00:00,⚔️ Battle Comparison,rich,0,,,false,,,,false,,,,,,,,,2026-02-09T00:57:38.665000+00:00,false,0,Animal Battle Stats,1446203750204047426
1470222036327727176,,,,,,true,,0000,0,,1446203750204047426,,0,Animal Battle Stats,,1446204139909550150,,,2026-02-09T00:57:28.865Z,,16739072,4,false,Matchup,**Colossal Squid** vs **Tiger Shark**,true,User,Anonymous,true,🌐 Location,"Plattsburgh, NY, US",true,📱 Device,Safari on macOS,,,,,,,,,,,,,,,,,0,0,,,https://images-ext-1.discordapp.net/external/JNVOwhfRcEFw8VgKDMB9KwuZ8MKiLYwmegb7iAnEsqQ/https/animalbattlestats.com/images/icons/icon-192.png,https://animalbattlestats.com/images/icons/icon-192.png,0,2026-02-09T00:57:28.567000+00:00,⚔️ Battle Comparison,rich,0,,,false,,,,false,,,,,,,,,2026-02-09T00:57:28.865000+00:00,false,0,Animal Battle Stats,1446203750204047426
1470221995839979586,,,,,,true,,0000,0,,1446203750204047426,,0,Animal Battle Stats,,1446204139909550150,,,2026-02-09T00:57:19.212Z,,16739072,4,false,Matchup,**Colossal Squid** vs **Great White Shark**,true,User,Anonymous,true,🌐 Location,"Plattsburgh, NY, US",true,📱 Device,Safari on macOS,,,,,,,,,,,,,,,,,0,0,,,https://images-ext-1.discordapp.net/external/JNVOwhfRcEFw8VgKDMB9KwuZ8MKiLYwmegb7iAnEsqQ/https/animalbattlestats.com/images/icons/icon-192.png,https://animalbattlestats.com/images/icons/icon-192.png,0,2026-02-09T00:57:17.854000+00:00,⚔️ Battle Comparison,rich,0,,,false,,,,false,,,,,,,,,2026-02-09T00:57:19.212000+00:00,false,0,Animal Battle Stats,1446203750204047426
1470221956497412098,,,,,,true,,0000,0,,1446203750204047426,,0,Animal Battle Stats,,1446204139909550150,,,2026-02-09T00:57:09.832Z,,16739072,4,false,Matchup,**Colossal Squid** vs **Bull Shark**,true,User,Anonymous,true,🌐 Location,"Plattsburgh, NY, US",true,📱 Device,Safari on macOS,,,,,,,,,,,,,,,,,0,0,,,https://images-ext-1.discordapp.net/external/JNVOwhfRcEFw8VgKDMB9KwuZ8MKiLYwmegb7iAnEsqQ/https/animalbattlestats.com/images/icons/icon-192.png,https://animalbattlestats.com/images/icons/icon-192.png,0,2026-02-09T00:57:09.498000+00:00,⚔️ Battle Comparison,rich,0,,,false,,,,false,,,,,,,,,2026-02-09T00:57:09.832000+00:00,false,0,Animal Battle Stats,1446203750204047426
1470221926679969884,,,,,,true,,0000,0,,1446203750204047426,,0,Animal Battle Stats,,1446204139909550150,,,2026-02-09T00:57:02.723Z,,16739072,4,false,Matchup,**Colossal Squid** vs **Hammerhead Shark**,true,User,Anonymous,true,🌐 Location,"Plattsburgh, NY, US",true,📱 Device,Safari on macOS,,,,,,,,,,,,,,,,,0,0,,,https://images-ext-1.discordapp.net/external/JNVOwhfRcEFw8VgKDMB9KwuZ8MKiLYwmegb7iAnEsqQ/https/animalbattlestats.com/images/icons/icon-192.png,https://animalbattlestats.com/images/icons/icon-192.png,0,2026-02-09T00:57:02.329000+00:00,⚔️ Battle Comparison,rich,0,,,false,,,,false,,,,,,,,,2026-02-09T00:57:02.723000+00:00,false,0,Animal Battle Stats,1446203750204047426
1470221870811975700,,,,,,true,,0000,0,,1446203750204047426,,0,Animal Battle Stats,,1446204139909550150,,,2026-02-09T00:56:49.403Z,,16739072,4,false,Matchup,**Colossal Squid** vs **Lionfish**,true,User,Anonymous,true,🌐 Location,"Plattsburgh, NY, US",true,📱 Device,Safari on macOS,,,,,,,,,,,,,,,,,0,0,,,https://images-ext-1.discordapp.net/external/JNVOwhfRcEFw8VgKDMB9KwuZ8MKiLYwmegb7iAnEsqQ/https/animalbattlestats.com/images/icons/icon-192.png,https://animalbattlestats.com/images/icons/icon-192.png,0,2026-02-09T00:56:49.103000+00:00,⚔️ Battle Comparison,rich,0,,,false,,,,false,,,,,,,,,2026-02-09T00:56:49.403000+00:00,false,0,Animal Battle Stats,1446203750204047426
1470221836989235242,,,,,,true,,0000,0,,1446203750204047426,,0,Animal Battle Stats,,1446204139909550150,,,2026-02-09T00:56:41.339Z,,16739072,4,false,Matchup,**Colossal Squid** vs **Marlin**,true,User,Anonymous,true,🌐 Location,"Plattsburgh, NY, US",true,📱 Device,Safari on macOS,,,,,,,,,,,,,,,,,0,0,,,https://images-ext-1.discordapp.net/external/JNVOwhfRcEFw8VgKDMB9KwuZ8MKiLYwmegb7iAnEsqQ/https/animalbattlestats.com/images/icons/icon-192.png,https://animalbattlestats.com/images/icons/icon-192.png,0,2026-02-09T00:56:41.070000+00:00,⚔️ Battle Comparison,rich,0,,,false,,,,false,,,,,,,,,2026-02-09T00:56:41.339000+00:00,false,0,Animal Battle Stats,1446203750204047426
1470221807696089348,,,,,,true,,0000,0,,1446203750204047426,,0,Animal Battle Stats,,1446204139909550150,,,2026-02-09T00:56:34.355Z,,16739072,4,false,Matchup,**Colossal Squid** vs **Swordfish**,true,User,Anonymous,true,🌐 Location,"Plattsburgh, NY, US",true,📱 Device,Safari on macOS,,,,,,,,,,,,,,,,,0,0,,,https://images-ext-1.discordapp.net/external/JNVOwhfRcEFw8VgKDMB9KwuZ8MKiLYwmegb7iAnEsqQ/https/animalbattlestats.com/images/icons/icon-192.png,https://animalbattlestats.com/images/icons/icon-192.png,0,2026-02-09T00:56:34.093000+00:00,⚔️ Battle Comparison,rich,0,,,false,,,,false,,,,,,,,,2026-02-09T00:56:34.355000+00:00,false,0,Animal Battle Stats,1446203750204047426
1470221742910996550,,,,,,true,,0000,0,,1446203750204047426,,0,Animal Battle Stats,,1446204139909550150,,,2026-02-09T00:56:18.909Z,,16739072,4,false,Matchup,**Colossal Squid** vs **Manta Ray**,true,User,Anonymous,true,🌐 Location,"Plattsburgh, NY, US",true,📱 Device,Safari on macOS,,,,,,,,,,,,,,,,,0,0,,,https://images-ext-1.discordapp.net/external/JNVOwhfRcEFw8VgKDMB9KwuZ8MKiLYwmegb7iAnEsqQ/https/animalbattlestats.com/images/icons/icon-192.png,https://animalbattlestats.com/images/icons/icon-192.png,0,2026-02-09T00:56:18.655000+00:00,⚔️ Battle Comparison,rich,0,,,false,,,,false,,,,,,,,,2026-02-09T00:56:18.909000+00:00,false,0,Animal Battle Stats,1446203750204047426
1470221718118203452,,,,,,true,,0000,0,,1446203750204047426,,0,Animal Battle Stats,,1446204139909550150,,,2026-02-09T00:56:12.998Z,,16739072,4,false,Matchup,**Colossal Squid** vs **Electric Eel**,true,User,Anonymous,true,🌐 Location,"Plattsburgh, NY, US",true,📱 Device,Safari on macOS,,,,,,,,,,,,,,,,,0,0,,,https://images-ext-1.discordapp.net/external/JNVOwhfRcEFw8VgKDMB9KwuZ8MKiLYwmegb7iAnEsqQ/https/animalbattlestats.com/images/icons/icon-192.png,https://animalbattlestats.com/images/icons/icon-192.png,0,2026-02-09T00:56:12.685000+00:00,⚔️ Battle Comparison,rich,0,,,false,,,,false,,,,,,,,,2026-02-09T00:56:12.998000+00:00,false,0,Animal Battle Stats,1446203750204047426
1470221672945684542,,,,,,true,,0000,0,,1446203750204047426,,0,Animal Battle Stats,,1446204139909550150,,,2026-02-09T00:56:02.228Z,,16739072,4,false,Matchup,**Colossal Squid** vs **Barracuda**,true,User,Anonymous,true,🌐 Location,"Plattsburgh, NY, US",true,📱 Device,Safari on macOS,,,,,,,,,,,,,,,,,0,0,,,https://images-ext-1.discordapp.net/external/JNVOwhfRcEFw8VgKDMB9KwuZ8MKiLYwmegb7iAnEsqQ/https/animalbattlestats.com/images/icons/icon-192.png,https://animalbattlestats.com/images/icons/icon-192.png,0,2026-02-09T00:56:01.980000+00:00,⚔️ Battle Comparison,rich,0,,,false,,,,false,,,,,,,,,2026-02-09T00:56:02.228000+00:00,false,0,Animal Battle Stats,1446203750204047426
1470221641840726188,,,,,,true,,0000,0,,1446203750204047426,,0,Animal Battle Stats,,1446204139909550150,,,2026-02-09T00:55:54.812Z,,16739072,4,false,Matchup,**Colossal Squid** vs **Sailfish**,true,User,Anonymous,true,🌐 Location,"Plattsburgh, NY, US",true,📱 Device,Safari on macOS,,,,,,,,,,,,,,,,,0,0,,,https://images-ext-1.discordapp.net/external/JNVOwhfRcEFw8VgKDMB9KwuZ8MKiLYwmegb7iAnEsqQ/https/animalbattlestats.com/images/icons/icon-192.png,https://animalbattlestats.com/images/icons/icon-192.png,0,2026-02-09T00:55:54.542000+00:00,⚔️ Battle Comparison,rich,0,,,false,,,,false,,,,,,,,,2026-02-09T00:55:54.812000+00:00,false,0,Animal Battle Stats,1446203750204047426
1470221602359742504,,,,,,true,,0000,0,,1446203750204047426,,0,Animal Battle Stats,,1446204139909550150,,,2026-02-09T00:55:45.399Z,,16739072,4,false,Matchup,**Colossal Squid** vs **Stingray**,true,User,Anonymous,true,🌐 Location,"Plattsburgh, NY, US",true,📱 Device,Safari on macOS,,,,,,,,,,,,,,,,,0,0,,,https://images-ext-1.discordapp.net/external/JNVOwhfRcEFw8VgKDMB9KwuZ8MKiLYwmegb7iAnEsqQ/https/animalbattlestats.com/images/icons/icon-192.png,https://animalbattlestats.com/images/icons/icon-192.png,0,2026-02-09T00:55:45.064000+00:00,⚔️ Battle Comparison,rich,0,,,false,,,,false,,,,,,,,,2026-02-09T00:55:45.399000+00:00,false,0,Animal Battle Stats,1446203750204047426
1470221551696740516,,,,,,true,,0000,0,,1446203750204047426,,0,Animal Battle Stats,,1446204139909550150,,,2026-02-09T00:55:33.320Z,,16739072,4,false,Matchup,**Colossal Squid** vs **Tuna**,true,User,Anonymous,true,🌐 Location,"Plattsburgh, NY, US",true,📱 Device,Safari on macOS,,,,,,,,,,,,,,,,,0,0,,,https://images-ext-1.discordapp.net/external/JNVOwhfRcEFw8VgKDMB9KwuZ8MKiLYwmegb7iAnEsqQ/https/animalbattlestats.com/images/icons/icon-192.png,https://animalbattlestats.com/images/icons/icon-192.png,0,2026-02-09T00:55:32.998000+00:00,⚔️ Battle Comparison,rich,0,,,false,,,,false,,,,,,,,,2026-02-09T00:55:33.320000+00:00,false,0,Animal Battle Stats,1446203750204047426
1470221513671049309,,,,,,true,,0000,0,,1446203750204047426,,0,Animal Battle Stats,,1446204139909550150,,,2026-02-09T00:55:24.254Z,,16739072,4,false,Matchup,**Colossal Squid** vs **Moray Eel**,true,User,Anonymous,true,🌐 Location,"Plattsburgh, NY, US",true,📱 Device,Safari on macOS,,,,,,,,,,,,,,,,,0,0,,,https://images-ext-1.discordapp.net/external/JNVOwhfRcEFw8VgKDMB9KwuZ8MKiLYwmegb7iAnEsqQ/https/animalbattlestats.com/images/icons/icon-192.png,https://animalbattlestats.com/images/icons/icon-192.png,0,2026-02-09T00:55:23.978000+00:00,⚔️ Battle Comparison,rich,0,,,false,,,,false,,,,,,,,,2026-02-09T00:55:24.254000+00:00,false,0,Animal Battle Stats,1446203750204047426
1470221471942054027,,,,,,true,,0000,0,,1446203750204047426,,0,Animal Battle Stats,,1446204139909550150,,,2026-02-09T00:55:14.305Z,,16739072,4,false,Matchup,**Colossal Squid** vs **Pufferfish**,true,User,Anonymous,true,🌐 Location,"Plattsburgh, NY, US",true,📱 Device,Safari on macOS,,,,,,,,,,,,,,,,,0,0,,,https://images-ext-1.discordapp.net/external/JNVOwhfRcEFw8VgKDMB9KwuZ8MKiLYwmegb7iAnEsqQ/https/animalbattlestats.com/images/icons/icon-192.png,https://animalbattlestats.com/images/icons/icon-192.png,0,2026-02-09T00:55:14.154000+00:00,⚔️ Battle Comparison,rich,0,,,false,,,,false,,,,,,,,,2026-02-09T00:55:14.305000+00:00,false,0,Animal Battle Stats,1446203750204047426
1470221436894449867,,,,,,true,,0000,0,,1446203750204047426,,0,Animal Battle Stats,,1446204139909550150,,,2026-02-09T00:55:05.949Z,,16739072,4,false,Matchup,**Colossal Squid** vs **Anglerfish**,true,User,Anonymous,true,🌐 Location,"Plattsburgh, NY, US",true,📱 Device,Safari on macOS,,,,,,,,,,,,,,,,,0,0,,,https://images-ext-1.discordapp.net/external/JNVOwhfRcEFw8VgKDMB9KwuZ8MKiLYwmegb7iAnEsqQ/https/animalbattlestats.com/images/icons/icon-192.png,https://animalbattlestats.com/images/icons/icon-192.png,0,2026-02-09T00:55:05.650000+00:00,⚔️ Battle Comparison,rich,0,,,false,,,,false,,,,,,,,,2026-02-09T00:55:05.949000+00:00,false,0,Animal Battle Stats,1446203750204047426
1470221402714931261,,,,,,true,,0000,0,,1446203750204047426,,0,Animal Battle Stats,,1446204139909550150,,,2026-02-09T00:54:57.800Z,,16739072,4,false,Matchup,**Colossal Squid** vs **Sawfish**,true,User,Anonymous,true,🌐 Location,"Plattsburgh, NY, US",true,📱 Device,Safari on macOS,,,,,,,,,,,,,,,,,0,0,,,https://images-ext-1.discordapp.net/external/JNVOwhfRcEFw8VgKDMB9KwuZ8MKiLYwmegb7iAnEsqQ/https/animalbattlestats.com/images/icons/icon-192.png,https://animalbattlestats.com/images/icons/icon-192.png,0,2026-02-09T00:54:57.617000+00:00,⚔️ Battle Comparison,rich,0,,,false,,,,false,,,,,,,,,2026-02-09T00:54:57.800000+00:00,false,0,Animal Battle Stats,1446203750204047426
1470221375938494475,,,,,,true,,0000,0,,1446203750204047426,,0,Animal Battle Stats,,1446204139909550150,,,2026-02-09T00:54:51.416Z,,16739072,4,false,Matchup,**Colossal Squid** vs **Piranha**,true,User,Anonymous,true,🌐 Location,"Plattsburgh, NY, US",true,📱 Device,Safari on macOS,,,,,,,,,,,,,,,,,0,0,,,https://images-ext-1.discordapp.net/external/JNVOwhfRcEFw8VgKDMB9KwuZ8MKiLYwmegb7iAnEsqQ/https/animalbattlestats.com/images/icons/icon-192.png,https://animalbattlestats.com/images/icons/icon-192.png,0,2026-02-09T00:54:51.109000+00:00,⚔️ Battle Comparison,rich,0,,,false,,,,false,,,,,,,,,2026-02-09T00:54:51.416000+00:00,false,0,Animal Battle Stats,1446203750204047426
1470221075378864138,,,,,,true,,0000,0,,1446203750204047426,,0,Animal Battle Stats,,1446204139909550150,,,2026-02-09T00:53:39.757Z,,16739072,4,false,Matchup,**Colossal Squid** vs **Walrus**,true,User,Anonymous,true,🌐 Location,"Plattsburgh, NY, US",true,📱 Device,Safari on macOS,,,,,,,,,,,,,,,,,0,0,,,https://images-ext-1.discordapp.net/external/JNVOwhfRcEFw8VgKDMB9KwuZ8MKiLYwmegb7iAnEsqQ/https/animalbattlestats.com/images/icons/icon-192.png,https://animalbattlestats.com/images/icons/icon-192.png,0,2026-02-09T00:53:39.316000+00:00,⚔️ Battle Comparison,rich,0,,,false,,,,false,,,,,,,,,2026-02-09T00:53:39.757000+00:00,false,0,Animal Battle Stats,1446203750204047426
1470220867404431565,,,,,,true,,0000,0,,1446203750204047426,,0,Animal Battle Stats,,1446204139909550150,,,2026-02-09T00:52:50.172Z,,16739072,4,false,Matchup,**Arctic Wolf** vs **Gray Wolf**,true,User,Anonymous,true,🌐 Location,"Plattsburgh, NY, US",true,📱 Device,Safari on macOS,,,,,,,,,,,,,,,,,0,0,,,https://images-ext-1.discordapp.net/external/JNVOwhfRcEFw8VgKDMB9KwuZ8MKiLYwmegb7iAnEsqQ/https/animalbattlestats.com/images/icons/icon-192.png,https://animalbattlestats.com/images/icons/icon-192.png,0,2026-02-09T00:52:49.645000+00:00,⚔️ Battle Comparison,rich,0,,,false,,,,false,,,,,,,,,2026-02-09T00:52:50.172000+00:00,false,0,Animal Battle Stats,1446203750204047426
1470220766300864738,,,,,,true,,0000,0,,1446203750204047426,,0,Animal Battle Stats,,1446204139909550150,,,2026-02-09T00:52:26.067Z,,16739072,4,false,Matchup,**Sea Lion** vs **Siberian Tiger**,true,User,Anonymous,true,🌐 Location,"Plattsburgh, NY, US",true,📱 Device,Safari on macOS,,,,,,,,,,,,,,,,,0,0,,,https://images-ext-1.discordapp.net/external/JNVOwhfRcEFw8VgKDMB9KwuZ8MKiLYwmegb7iAnEsqQ/https/animalbattlestats.com/images/icons/icon-192.png,https://animalbattlestats.com/images/icons/icon-192.png,0,2026-02-09T00:52:25.765000+00:00,⚔️ Battle Comparison,rich,0,,,false,,,,false,,,,,,,,,2026-02-09T00:52:26.067000+00:00,false,0,Animal Battle Stats,1446203750204047426
1470220517838426204,,,,,,true,,0000,0,,1446203750204047426,,0,Animal Battle Stats,,1446204139909550150,,,2026-02-09T00:51:26.829Z,,16739072,4,false,Matchup,**Megalodon** vs **Blue Whale**,true,User,Anonymous,true,🌐 Location,"Plattsburgh, NY, US",true,📱 Device,Safari on macOS,,,,,,,,,,,,,,,,,0,0,,,https://images-ext-1.discordapp.net/external/JNVOwhfRcEFw8VgKDMB9KwuZ8MKiLYwmegb7iAnEsqQ/https/animalbattlestats.com/images/icons/icon-192.png,https://animalbattlestats.com/images/icons/icon-192.png,0,2026-02-09T00:51:26.533000+00:00,⚔️ Battle Comparison,rich,0,,,false,,,,false,,,,,,,,,2026-02-09T00:51:26.829000+00:00,false,0,Animal Battle Stats,1446203750204047426
1470220263684571525,,,,,,true,,0000,0,,1446203750204047426,,0,Animal Battle Stats,,1446204139909550150,,,2026-02-09T00:50:26.234Z,,16739072,4,false,Matchup,**Bison** vs **Musk Ox**,true,User,Anonymous,true,🌐 Location,"Plattsburgh, NY, US",true,📱 Device,Safari on macOS,,,,,,,,,,,,,,,,,0,0,,,https://images-ext-1.discordapp.net/external/JNVOwhfRcEFw8VgKDMB9KwuZ8MKiLYwmegb7iAnEsqQ/https/animalbattlestats.com/images/icons/icon-192.png,https://animalbattlestats.com/images/icons/icon-192.png,0,2026-02-09T00:50:26.041000+00:00,⚔️ Battle Comparison,rich,0,,,false,,,,false,,,,,,,,,2026-02-09T00:50:26.234000+00:00,false,0,Animal Battle Stats,1446203750204047426
1470220204440162314,,,,,,true,,0000,0,,1446203750204047426,,0,Animal Battle Stats,,1446204139909550150,,,2026-02-09T00:50:12.109Z,,16739072,4,false,Matchup,**Moose** vs **Musk Ox**,true,User,Anonymous,true,🌐 Location,"Plattsburgh, NY, US",true,📱 Device,Safari on macOS,,,,,,,,,,,,,,,,,0,0,,,https://images-ext-1.discordapp.net/external/JNVOwhfRcEFw8VgKDMB9KwuZ8MKiLYwmegb7iAnEsqQ/https/animalbattlestats.com/images/icons/icon-192.png,https://animalbattlestats.com/images/icons/icon-192.png,0,2026-02-09T00:50:11.730000+00:00,⚔️ Battle Comparison,rich,0,,,false,,,,false,,,,,,,,,2026-02-09T00:50:12.109000+00:00,false,0,Animal Battle Stats,1446203750204047426
1470219810825834691,,,,,,true,,0000,0,,1446203750204047426,,0,Animal Battle Stats,,1446204139909550150,,,2026-02-09T00:48:38.264Z,,16739072,4,false,Matchup,**Rhinoceros** vs **Hippopotamus**,true,User,Anonymous,true,🌐 Location,"Plattsburgh, NY, US",true,📱 Device,Safari on macOS,,,,,,,,,,,,,,,,,0,0,,,https://images-ext-1.discordapp.net/external/JNVOwhfRcEFw8VgKDMB9KwuZ8MKiLYwmegb7iAnEsqQ/https/animalbattlestats.com/images/icons/icon-192.png,https://animalbattlestats.com/images/icons/icon-192.png,0,2026-02-09T00:48:37.776000+00:00,⚔️ Battle Comparison,rich,0,,,false,,,,false,,,,,,,,,2026-02-09T00:48:38.264000+00:00,false,0,Animal Battle Stats,1446203750204047426
1469934800163966996,,,,,,true,,0000,0,,1446203750204047426,,0,Animal Battle Stats,,1446204139909550150,,,2026-02-08T05:56:06.427Z,,16739072,4,false,Matchup,**Honey Badger** vs **Ferret**,true,User,Anonymous,true,🌐 Location,"Auburn, AL, US",true,🖥️ Device,Chrome on Windows,,,,,,,,,,,,,,,,,0,0,,,https://images-ext-1.discordapp.net/external/JNVOwhfRcEFw8VgKDMB9KwuZ8MKiLYwmegb7iAnEsqQ/https/animalbattlestats.com/images/icons/icon-192.png,https://animalbattlestats.com/images/icons/icon-192.png,0,2026-02-08T05:56:06.081000+00:00,⚔️ Battle Comparison,rich,0,,,false,,,,false,,,,,,,,,2026-02-08T05:56:06.427000+00:00,false,0,Animal Battle Stats,1446203750204047426
1469934719998103714,,,,,,true,,0000,0,,1446203750204047426,,0,Animal Battle Stats,,1446204139909550150,,,2026-02-08T05:55:47.314Z,,16739072,4,false,Matchup,**Honey Badger** vs **Skunk**,true,User,Anonymous,true,🌐 Location,"Auburn, AL, US",true,🖥️ Device,Chrome on Windows,,,,,,,,,,,,,,,,,0,0,,,https://images-ext-1.discordapp.net/external/JNVOwhfRcEFw8VgKDMB9KwuZ8MKiLYwmegb7iAnEsqQ/https/animalbattlestats.com/images/icons/icon-192.png,https://animalbattlestats.com/images/icons/icon-192.png,0,2026-02-08T05:55:47.041000+00:00,⚔️ Battle Comparison,rich,0,,,false,,,,false,,,,,,,,,2026-02-08T05:55:47.314000+00:00,false,0,Animal Battle Stats,1446203750204047426
1469934558928699507,,,,,,true,,0000,0,,1446203750204047426,,0,Animal Battle Stats,,1446204139909550150,,,2026-02-08T05:55:08.912Z,,16739072,4,false,Matchup,**Ferret** vs **Mongoose**,true,User,Anonymous,true,🌐 Location,"Auburn, AL, US",true,🖥️ Device,Chrome on Windows,,,,,,,,,,,,,,,,,0,0,,,https://images-ext-1.discordapp.net/external/JNVOwhfRcEFw8VgKDMB9KwuZ8MKiLYwmegb7iAnEsqQ/https/animalbattlestats.com/images/icons/icon-192.png,https://animalbattlestats.com/images/icons/icon-192.png,0,2026-02-08T05:55:08.638000+00:00,⚔️ Battle Comparison,rich,0,,,false,,,,false,,,,,,,,,2026-02-08T05:55:08.912000+00:00,false,0,Animal Battle Stats,1446203750204047426
1469934469933699093,,,,,,true,,0000,0,,1446203750204047426,,0,Animal Battle Stats,,1446204139909550150,,,2026-02-08T05:54:47.694Z,,16739072,4,false,Matchup,**Ferret** vs **Stoat**,true,User,Anonymous,true,🌐 Location,"Auburn, AL, US",true,🖥️ Device,Chrome on Windows,,,,,,,,,,,,,,,,,0,0,,,https://images-ext-1.discordapp.net/external/JNVOwhfRcEFw8VgKDMB9KwuZ8MKiLYwmegb7iAnEsqQ/https/animalbattlestats.com/images/icons/icon-192.png,https://animalbattlestats.com/images/icons/icon-192.png,0,2026-02-08T05:54:47.406000+00:00,⚔️ Battle Comparison,rich,0,,,false,,,,false,,,,,,,,,2026-02-08T05:54:47.694000+00:00,false,0,Animal Battle Stats,1446203750204047426
1469934287569555466,,,,,,true,,0000,0,,1446203750204047426,,0,Animal Battle Stats,,1446204139909550150,,,2026-02-08T05:54:04.215Z,,16739072,4,false,Matchup,**Mongoose** vs **Meerkat**,true,User,Anonymous,true,🌐 Location,"Auburn, AL, US",true,🖥️ Device,Chrome on Windows,,,,,,,,,,,,,,,,,0,0,,,https://images-ext-1.discordapp.net/external/JNVOwhfRcEFw8VgKDMB9KwuZ8MKiLYwmegb7iAnEsqQ/https/animalbattlestats.com/images/icons/icon-192.png,https://animalbattlestats.com/images/icons/icon-192.png,0,2026-02-08T05:54:03.783000+00:00,⚔️ Battle Comparison,rich,0,,,false,,,,false,,,,,,,,,2026-02-08T05:54:04.215000+00:00,false,0,Animal Battle Stats,1446203750204047426
1469934136721408137,,,,,,true,,0000,0,,1446203750204047426,,0,Animal Battle Stats,,1446204139909550150,,,2026-02-08T05:53:28.250Z,,16739072,4,false,Matchup,**Skunk** vs **Raccoon**,true,User,Anonymous,true,🌐 Location,"Auburn, AL, US",true,🖥️ Device,Chrome on Windows,,,,,,,,,,,,,,,,,0,0,,,https://images-ext-1.discordapp.net/external/JNVOwhfRcEFw8VgKDMB9KwuZ8MKiLYwmegb7iAnEsqQ/https/animalbattlestats.com/images/icons/icon-192.png,https://animalbattlestats.com/images/icons/icon-192.png,0,2026-02-08T05:53:27.981000+00:00,⚔️ Battle Comparison,rich,0,,,false,,,,false,,,,,,,,,2026-02-08T05:53:28.250000+00:00,false,0,Animal Battle Stats,1446203750204047426
1469934011290746974,,,,,,true,,0000,0,,1446203750204047426,,0,Animal Battle Stats,,1446204139909550150,,,2026-02-08T05:52:58.345Z,,16739072,4,false,Matchup,**Honey Badger** vs **Wolverine**,true,User,Anonymous,true,🌐 Location,"Auburn, AL, US",true,🖥️ Device,Chrome on Windows,,,,,,,,,,,,,,,,,0,0,,,https://images-ext-1.discordapp.net/external/JNVOwhfRcEFw8VgKDMB9KwuZ8MKiLYwmegb7iAnEsqQ/https/animalbattlestats.com/images/icons/icon-192.png,https://animalbattlestats.com/images/icons/icon-192.png,0,2026-02-08T05:52:58.098000+00:00,⚔️ Battle Comparison,rich,0,,,false,,,,false,,,,,,,,,2026-02-08T05:52:58.345000+00:00,false,0,Animal Battle Stats,1446203750204047426
1469933902205550768,,,,,,true,,0000,0,,1446203750204047426,,0,Animal Battle Stats,,1446204139909550150,,,2026-02-08T05:52:32.337Z,,16739072,4,false,Matchup,**Honey Badger** vs **Badger**,true,User,Anonymous,true,🌐 Location,"Auburn, AL, US",true,🖥️ Device,Chrome on Windows,,,,,,,,,,,,,,,,,0,0,,,https://images-ext-1.discordapp.net/external/JNVOwhfRcEFw8VgKDMB9KwuZ8MKiLYwmegb7iAnEsqQ/https/animalbattlestats.com/images/icons/icon-192.png,https://animalbattlestats.com/images/icons/icon-192.png,0,2026-02-08T05:52:32.007000+00:00,⚔️ Battle Comparison,rich,0,,,false,,,,false,,,,,,,,,2026-02-08T05:52:32.337000+00:00,false,0,Animal Battle Stats,1446203750204047426
1469933212636676136,,,,,,true,,0000,0,,1446203750204047426,,0,Animal Battle Stats,,1446204139909550150,,,2026-02-08T05:49:47.931Z,,16739072,4,false,Matchup,**Cheetah** vs **Caracal**,true,User,Anonymous,true,🌐 Location,"Auburn, AL, US",true,🖥️ Device,Chrome on Windows,,,,,,,,,,,,,,,,,0,0,,,https://images-ext-1.discordapp.net/external/JNVOwhfRcEFw8VgKDMB9KwuZ8MKiLYwmegb7iAnEsqQ/https/animalbattlestats.com/images/icons/icon-192.png,https://animalbattlestats.com/images/icons/icon-192.png,0,2026-02-08T05:49:47.683000+00:00,⚔️ Battle Comparison,rich,0,,,false,,,,false,,,,,,,,,2026-02-08T05:49:47.931000+00:00,false,0,Animal Battle Stats,1446203750204047426
1469933119015489679,,,,,,true,,0000,0,,1446203750204047426,,0,Animal Battle Stats,,1446204139909550150,,,2026-02-08T05:49:25.610Z,,16739072,4,false,Matchup,**Ocelot** vs **Caracal**,true,User,Anonymous,true,🌐 Location,"Auburn, AL, US",true,🖥️ Device,Chrome on Windows,,,,,,,,,,,,,,,,,0,0,,,https://images-ext-1.discordapp.net/external/JNVOwhfRcEFw8VgKDMB9KwuZ8MKiLYwmegb7iAnEsqQ/https/animalbattlestats.com/images/icons/icon-192.png,https://animalbattlestats.com/images/icons/icon-192.png,0,2026-02-08T05:49:25.357000+00:00,⚔️ Battle Comparison,rich,0,,,false,,,,false,,,,,,,,,2026-02-08T05:49:25.610000+00:00,false,0,Animal Battle Stats,1446203750204047426
1469932990292295885,,,,,,true,,0000,0,,1446203750204047426,,0,Animal Battle Stats,,1446204139909550150,,,2026-02-08T05:48:54.920Z,,16739072,4,false,Matchup,**Cheetah** vs **Bobcat**,true,User,Anonymous,true,🌐 Location,"Auburn, AL, US",true,🖥️ Device,Chrome on Windows,,,,,,,,,,,,,,,,,0,0,,,https://images-ext-1.discordapp.net/external/JNVOwhfRcEFw8VgKDMB9KwuZ8MKiLYwmegb7iAnEsqQ/https/animalbattlestats.com/images/icons/icon-192.png,https://animalbattlestats.com/images/icons/icon-192.png,0,2026-02-08T05:48:54.574000+00:00,⚔️ Battle Comparison,rich,0,,,false,,,,false,,,,,,,,,2026-02-08T05:48:54.920000+00:00,false,0,Animal Battle Stats,1446203750204047426
1469932911640969370,,,,,,true,,0000,0,,1446203750204047426,,0,Animal Battle Stats,,1446204139909550150,,,2026-02-08T05:48:36.168Z,,16739072,4,false,Matchup,**Lynx** vs **Bobcat**,true,User,Anonymous,true,🌐 Location,"Auburn, AL, US",true,🖥️ Device,Chrome on Windows,,,,,,,,,,,,,,,,,0,0,,,https://images-ext-1.discordapp.net/external/JNVOwhfRcEFw8VgKDMB9KwuZ8MKiLYwmegb7iAnEsqQ/https/animalbattlestats.com/images/icons/icon-192.png,https://animalbattlestats.com/images/icons/icon-192.png,0,2026-02-08T05:48:35.745000+00:00,⚔️ Battle Comparison,rich,0,,,false,,,,false,,,,,,,,,2026-02-08T05:48:36.168000+00:00,false,0,Animal Battle Stats,1446203750204047426
1469932746976788602,,,,,,true,,0000,0,,1446203750204047426,,0,Animal Battle Stats,,1446204139909550150,,,2026-02-08T05:47:56.909Z,,16739072,4,false,Matchup,**Cheetah** vs **Cougar**,true,User,Anonymous,true,🌐 Location,"Auburn, AL, US",true,🖥️ Device,Chrome on Windows,,,,,,,,,,,,,,,,,0,0,,,https://images-ext-1.discordapp.net/external/JNVOwhfRcEFw8VgKDMB9KwuZ8MKiLYwmegb7iAnEsqQ/https/animalbattlestats.com/images/icons/icon-192.png,https://animalbattlestats.com/images/icons/icon-192.png,0,2026-02-08T05:47:56.550000+00:00,⚔️ Battle Comparison,rich,0,,,false,,,,false,,,,,,,,,2026-02-08T05:47:56.909000+00:00,false,0,Animal Battle Stats,1446203750204047426
1469932639933698131,,,,,,true,,0000,0,,1446203750204047426,,0,Animal Battle Stats,,1446204139909550150,,,2026-02-08T05:47:31.388Z,,16739072,4,false,Matchup,**Caracal** vs **Serval**,true,User,Anonymous,true,🌐 Location,"Auburn, AL, US",true,🖥️ Device,Chrome on Windows,,,,,,,,,,,,,,,,,0,0,,,https://images-ext-1.discordapp.net/external/JNVOwhfRcEFw8VgKDMB9KwuZ8MKiLYwmegb7iAnEsqQ/https/animalbattlestats.com/images/icons/icon-192.png,https://animalbattlestats.com/images/icons/icon-192.png,0,2026-02-08T05:47:31.107000+00:00,⚔️ Battle Comparison,rich,0,,,false,,,,false,,,,,,,,,2026-02-08T05:47:31.388000+00:00,false,0,Animal Battle Stats,1446203750204047426
1469932179113906267,,,,,,true,,0000,0,,1446203750204047426,,0,Animal Battle Stats,,1446204139909550150,,,2026-02-08T05:45:41.520Z,,16739072,4,false,Matchup,**Siberian Tiger** vs **African Lion**,true,User,Anonymous,true,🌐 Location,"Auburn, AL, US",true,🖥️ Device,Chrome on Windows,,,,,,,,,,,,,,,,,0,0,,,https://images-ext-1.discordapp.net/external/JNVOwhfRcEFw8VgKDMB9KwuZ8MKiLYwmegb7iAnEsqQ/https/animalbattlestats.com/images/icons/icon-192.png,https://animalbattlestats.com/images/icons/icon-192.png,0,2026-02-08T05:45:41.245000+00:00,⚔️ Battle Comparison,rich,0,,,false,,,,false,,,,,,,,,2026-02-08T05:45:41.520000+00:00,false,0,Animal Battle Stats,1446203750204047426
1469932045257146410,,,,,,true,,0000,0,,1446203750204047426,,0,Animal Battle Stats,,1446204139909550150,,,2026-02-08T05:45:09.606Z,,16739072,4,false,Matchup,**Siberian Tiger** vs **Black Panther**,true,User,Anonymous,true,🌐 Location,"Auburn, AL, US",true,🖥️ Device,Chrome on Windows,,,,,,,,,,,,,,,,,0,0,,,https://images-ext-1.discordapp.net/external/JNVOwhfRcEFw8VgKDMB9KwuZ8MKiLYwmegb7iAnEsqQ/https/animalbattlestats.com/images/icons/icon-192.png,https://animalbattlestats.com/images/icons/icon-192.png,0,2026-02-08T05:45:09.323000+00:00,⚔️ Battle Comparison,rich,0,,,false,,,,false,,,,,,,,,2026-02-08T05:45:09.606000+00:00,false,0,Animal Battle Stats,1446203750204047426
1469931972955603082,,,,,,true,,0000,0,,1446203750204047426,,0,Animal Battle Stats,,1446204139909550150,,,2026-02-08T05:44:52.368Z,,16739072,4,false,Matchup,**Siberian Tiger** vs **Snow Leopard**,true,User,Anonymous,true,🌐 Location,"Auburn, AL, US",true,🖥️ Device,Chrome on Windows,,,,,,,,,,,,,,,,,0,0,,,https://images-ext-1.discordapp.net/external/JNVOwhfRcEFw8VgKDMB9KwuZ8MKiLYwmegb7iAnEsqQ/https/animalbattlestats.com/images/icons/icon-192.png,https://animalbattlestats.com/images/icons/icon-192.png,0,2026-02-08T05:44:52.104000+00:00,⚔️ Battle Comparison,rich,0,,,false,,,,false,,,,,,,,,2026-02-08T05:44:52.368000+00:00,false,0,Animal Battle Stats,1446203750204047426
1469931857494802482,,,,,,true,,0000,0,,1446203750204047426,,0,Animal Battle Stats,,1446204139909550150,,,2026-02-08T05:44:24.840Z,,16739072,4,false,Matchup,**African Lion** vs **Leopard**,true,User,Anonymous,true,🌐 Location,"Auburn, AL, US",true,🖥️ Device,Chrome on Windows,,,,,,,,,,,,,,,,,0,0,,,https://images-ext-1.discordapp.net/external/JNVOwhfRcEFw8VgKDMB9KwuZ8MKiLYwmegb7iAnEsqQ/https/animalbattlestats.com/images/icons/icon-192.png,https://animalbattlestats.com/images/icons/icon-192.png,0,2026-02-08T05:44:24.599000+00:00,⚔️ Battle Comparison,rich,0,,,false,,,,false,,,,,,,,,2026-02-08T05:44:24.840000+00:00,false,0,Animal Battle Stats,1446203750204047426
1469931743816581152,,,,,,true,,0000,0,,1446203750204047426,,0,Animal Battle Stats,,1446204139909550150,,,2026-02-08T05:43:57.737Z,,16739072,4,false,Matchup,**Black Panther** vs **Jaguar**,true,User,Anonymous,true,🌐 Location,"Auburn, AL, US",true,🖥️ Device,Chrome on Windows,,,,,,,,,,,,,,,,,0,0,,,https://images-ext-1.discordapp.net/external/JNVOwhfRcEFw8VgKDMB9KwuZ8MKiLYwmegb7iAnEsqQ/https/animalbattlestats.com/images/icons/icon-192.png,https://animalbattlestats.com/images/icons/icon-192.png,0,2026-02-08T05:43:57.514000+00:00,⚔️ Battle Comparison,rich,0,,,false,,,,false,,,,,,,,,2026-02-08T05:43:57.737000+00:00,false,0,Animal Battle Stats,1446203750204047426
1469931649377501246,,,,,,true,,0000,0,,1446203750204047426,,0,Animal Battle Stats,,1446204139909550150,,,2026-02-08T05:43:35.221Z,,16739072,4,false,Matchup,**African Lion** vs **Jaguar**,true,User,Anonymous,true,🌐 Location,"Auburn, AL, US",true,🖥️ Device,Chrome on Windows,,,,,,,,,,,,,,,,,0,0,,,https://images-ext-1.discordapp.net/external/JNVOwhfRcEFw8VgKDMB9KwuZ8MKiLYwmegb7iAnEsqQ/https/animalbattlestats.com/images/icons/icon-192.png,https://animalbattlestats.com/images/icons/icon-192.png,0,2026-02-08T05:43:34.751000+00:00,⚔️ Battle Comparison,rich,0,,,false,,,,false,,,,,,,,,2026-02-08T05:43:35.221000+00:00,false,0,Animal Battle Stats,1446203750204047426
1469931510575399027,,,,,,true,,0000,0,,1446203750204047426,,0,Animal Battle Stats,,1446204139909550150,,,2026-02-08T05:43:02.128Z,,16739072,4,false,Matchup,**Snow Leopard** vs **Leopard**,true,User,Anonymous,true,🌐 Location,"Auburn, AL, US",true,🖥️ Device,Chrome on Windows,,,,,,,,,,,,,,,,,0,0,,,https://images-ext-1.discordapp.net/external/JNVOwhfRcEFw8VgKDMB9KwuZ8MKiLYwmegb7iAnEsqQ/https/animalbattlestats.com/images/icons/icon-192.png,https://animalbattlestats.com/images/icons/icon-192.png,0,2026-02-08T05:43:01.862000+00:00,⚔️ Battle Comparison,rich,0,,,false,,,,false,,,,,,,,,2026-02-08T05:43:02.128000+00:00,false,0,Animal Battle Stats,1446203750204047426
1469931448462086197,,,,,,true,,0000,0,,1446203750204047426,,0,Animal Battle Stats,,1446204139909550150,,,2026-02-08T05:42:47.319Z,,16739072,4,false,Matchup,**Black Panther** vs **Leopard**,true,User,Anonymous,true,🌐 Location,"Auburn, AL, US",true,🖥️ Device,Chrome on Windows,,,,,,,,,,,,,,,,,0,0,,,https://images-ext-1.discordapp.net/external/JNVOwhfRcEFw8VgKDMB9KwuZ8MKiLYwmegb7iAnEsqQ/https/animalbattlestats.com/images/icons/icon-192.png,https://animalbattlestats.com/images/icons/icon-192.png,0,2026-02-08T05:42:47.068000+00:00,⚔️ Battle Comparison,rich,0,,,false,,,,false,,,,,,,,,2026-02-08T05:42:47.319000+00:00,false,0,Animal Battle Stats,1446203750204047426
1469931318103114053,,,,,,true,,0000,0,,1446203750204047426,,0,Animal Battle Stats,,1446204139909550150,,,2026-02-08T05:42:16.239Z,,16739072,4,false,Matchup,**Black Panther** vs **Clouded Leopard**,true,User,Anonymous,true,🌐 Location,"Auburn, AL, US",true,🖥️ Device,Chrome on Windows,,,,,,,,,,,,,,,,,0,0,,,https://images-ext-1.discordapp.net/external/JNVOwhfRcEFw8VgKDMB9KwuZ8MKiLYwmegb7iAnEsqQ/https/animalbattlestats.com/images/icons/icon-192.png,https://animalbattlestats.com/images/icons/icon-192.png,0,2026-02-08T05:42:15.954000+00:00,⚔️ Battle Comparison,rich,0,,,false,,,,false,,,,,,,,,2026-02-08T05:42:16.239000+00:00,false,0,Animal Battle Stats,1446203750204047426
1469930821510107158,,,,,,true,,0000,0,,1446203750204047426,,0,Animal Battle Stats,,1446204139909550150,,,2026-02-08T05:40:17.842Z,,16739072,4,false,Matchup,**Arctic Wolf** vs **Coyote**,true,User,Anonymous,true,🌐 Location,"Auburn, AL, US",true,🖥️ Device,Chrome on Windows,,,,,,,,,,,,,,,,,0,0,,,https://images-ext-1.discordapp.net/external/JNVOwhfRcEFw8VgKDMB9KwuZ8MKiLYwmegb7iAnEsqQ/https/animalbattlestats.com/images/icons/icon-192.png,https://animalbattlestats.com/images/icons/icon-192.png,0,2026-02-08T05:40:17.580000+00:00,⚔️ Battle Comparison,rich,0,,,false,,,,false,,,,,,,,,2026-02-08T05:40:17.842000+00:00,false,0,Animal Battle Stats,1446203750204047426
1469930760025669765,,,,,,true,,0000,0,,1446203750204047426,,0,Animal Battle Stats,,1446204139909550150,,,2026-02-08T05:40:03.183Z,,16739072,4,false,Matchup,**Arctic Wolf** vs **Gray Wolf**,true,User,Anonymous,true,🌐 Location,"Auburn, AL, US",true,🖥️ Device,Chrome on Windows,,,,,,,,,,,,,,,,,0,0,,,https://images-ext-1.discordapp.net/external/JNVOwhfRcEFw8VgKDMB9KwuZ8MKiLYwmegb7iAnEsqQ/https/animalbattlestats.com/images/icons/icon-192.png,https://animalbattlestats.com/images/icons/icon-192.png,0,2026-02-08T05:40:02.850000+00:00,⚔️ Battle Comparison,rich,0,,,false,,,,false,,,,,,,,,2026-02-08T05:40:03.183000+00:00,false,0,Animal Battle Stats,1446203750204047426
1469930638558630069,,,,,,true,,0000,0,,1446203750204047426,,0,Animal Battle Stats,,1446204139909550150,,,2026-02-08T05:39:34.223Z,,16739072,4,false,Matchup,**Coyote** vs **Dingo**,true,User,Anonymous,true,🌐 Location,"Auburn, AL, US",true,🖥️ Device,Chrome on Windows,,,,,,,,,,,,,,,,,0,0,,,https://images-ext-1.discordapp.net/external/JNVOwhfRcEFw8VgKDMB9KwuZ8MKiLYwmegb7iAnEsqQ/https/animalbattlestats.com/images/icons/icon-192.png,https://animalbattlestats.com/images/icons/icon-192.png,0,2026-02-08T05:39:33.931000+00:00,⚔️ Battle Comparison,rich,0,,,false,,,,false,,,,,,,,,2026-02-08T05:39:34.223000+00:00,false,0,Animal Battle Stats,1446203750204047426
1469930474855202950,,,,,,true,,0000,0,,1446203750204047426,,0,Animal Battle Stats,,1446204139909550150,,,2026-02-08T05:38:55.193Z,,16739072,4,false,Matchup,**Jackal** vs **Arctic Fox**,true,User,Anonymous,true,🌐 Location,"Auburn, AL, US",true,🖥️ Device,Chrome on Windows,,,,,,,,,,,,,,,,,0,0,,,https://images-ext-1.discordapp.net/external/JNVOwhfRcEFw8VgKDMB9KwuZ8MKiLYwmegb7iAnEsqQ/https/animalbattlestats.com/images/icons/icon-192.png,https://animalbattlestats.com/images/icons/icon-192.png,0,2026-02-08T05:38:54.988000+00:00,⚔️ Battle Comparison,rich,0,,,false,,,,false,,,,,,,,,2026-02-08T05:38:55.193000+00:00,false,0,Animal Battle Stats,1446203750204047426
1469930331959197851,,,,,,true,,0000,0,,1446203750204047426,,0,Animal Battle Stats,,1446204139909550150,,,2026-02-08T05:38:21.124Z,,16739072,4,false,Matchup,**Red Fox** vs **Arctic Fox**,true,User,Anonymous,true,🌐 Location,"Auburn, AL, US",true,🖥️ Device,Chrome on Windows,,,,,,,,,,,,,,,,,0,0,,,https://images-ext-1.discordapp.net/external/JNVOwhfRcEFw8VgKDMB9KwuZ8MKiLYwmegb7iAnEsqQ/https/animalbattlestats.com/images/icons/icon-192.png,https://animalbattlestats.com/images/icons/icon-192.png,0,2026-02-08T05:38:20.643000+00:00,⚔️ Battle Comparison,rich,0,,,false,,,,false,,,,,,,,,2026-02-08T05:38:21.124000+00:00,false,0,Animal Battle Stats,1446203750204047426
1469930269506146427,,,,,,true,,0000,0,,1446203750204047426,,0,Animal Battle Stats,,1446204139909550150,,,2026-02-08T05:38:06.234Z,,16739072,4,false,Matchup,**Red Fox** vs **Fennec Fox**,true,User,Anonymous,true,🌐 Location,"Auburn, AL, US",true,🖥️ Device,Chrome on Windows,,,,,,,,,,,,,,,,,0,0,,,https://images-ext-1.discordapp.net/external/JNVOwhfRcEFw8VgKDMB9KwuZ8MKiLYwmegb7iAnEsqQ/https/animalbattlestats.com/images/icons/icon-192.png,https://animalbattlestats.com/images/icons/icon-192.png,0,2026-02-08T05:38:05.956000+00:00,⚔️ Battle Comparison,rich,0,,,false,,,,false,,,,,,,,,2026-02-08T05:38:06.234000+00:00,false,0,Animal Battle Stats,1446203750204047426
1469930090447245545,,,,,,true,,0000,0,,1446203750204047426,,0,Animal Battle Stats,,1446204139909550150,,,2026-02-08T05:37:23.543Z,,16739072,4,false,Matchup,**Wild Boar** vs **Warthog**,true,User,Anonymous,true,🌐 Location,"Auburn, AL, US",true,🖥️ Device,Chrome on Windows,,,,,,,,,,,,,,,,,0,0,,,https://images-ext-1.discordapp.net/external/JNVOwhfRcEFw8VgKDMB9KwuZ8MKiLYwmegb7iAnEsqQ/https/animalbattlestats.com/images/icons/icon-192.png,https://animalbattlestats.com/images/icons/icon-192.png,0,2026-02-08T05:37:23.264000+00:00,⚔️ Battle Comparison,rich,0,,,false,,,,false,,,,,,,,,2026-02-08T05:37:23.543000+00:00,false,0,Animal Battle Stats,1446203750204047426
1469929841917956330,,,,,,true,,0000,0,,1446203750204047426,,0,Animal Battle Stats,,1446204139909550150,,,2026-02-08T05:36:24.289Z,,16739072,4,false,Matchup,**Kangaroo** vs **Wombat**,true,User,Anonymous,true,🌐 Location,"Auburn, AL, US",true,🖥️ Device,Chrome on Windows,,,,,,,,,,,,,,,,,0,0,,,https://images-ext-1.discordapp.net/external/JNVOwhfRcEFw8VgKDMB9KwuZ8MKiLYwmegb7iAnEsqQ/https/animalbattlestats.com/images/icons/icon-192.png,https://animalbattlestats.com/images/icons/icon-192.png,0,2026-02-08T05:36:24.019000+00:00,⚔️ Battle Comparison,rich,0,,,false,,,,false,,,,,,,,,2026-02-08T05:36:24.289000+00:00,false,0,Animal Battle Stats,1446203750204047426
1469929754466713803,,,,,,true,,0000,0,,1446203750204047426,,0,Animal Battle Stats,,1446204139909550150,,,2026-02-08T05:36:03.439Z,,16739072,4,false,Matchup,**Kangaroo** vs **Koala**,true,User,Anonymous,true,🌐 Location,"Auburn, AL, US",true,🖥️ Device,Chrome on Windows,,,,,,,,,,,,,,,,,0,0,,,https://images-ext-1.discordapp.net/external/JNVOwhfRcEFw8VgKDMB9KwuZ8MKiLYwmegb7iAnEsqQ/https/animalbattlestats.com/images/icons/icon-192.png,https://animalbattlestats.com/images/icons/icon-192.png,0,2026-02-08T05:36:03.091000+00:00,⚔️ Battle Comparison,rich,0,,,false,,,,false,,,,,,,,,2026-02-08T05:36:03.439000+00:00,false,0,Animal Battle Stats,1446203750204047426
1469929662003155006,,,,,,true,,0000,0,,1446203750204047426,,0,Animal Battle Stats,,1446204139909550150,,,2026-02-08T05:35:41.394Z,,16739072,4,false,Matchup,**Quokka** vs **Koala**,true,User,Anonymous,true,🌐 Location,"Auburn, AL, US",true,🖥️ Device,Chrome on Windows,,,,,,,,,,,,,,,,,0,0,,,https://images-ext-1.discordapp.net/external/JNVOwhfRcEFw8VgKDMB9KwuZ8MKiLYwmegb7iAnEsqQ/https/animalbattlestats.com/images/icons/icon-192.png,https://animalbattlestats.com/images/icons/icon-192.png,0,2026-02-08T05:35:41.155000+00:00,⚔️ Battle Comparison,rich,0,,,false,,,,false,,,,,,,,,2026-02-08T05:35:41.394000+00:00,false,0,Animal Battle Stats,1446203750204047426
1469929379600535725,,,,,,true,,0000,0,,1446203750204047426,,0,Animal Battle Stats,,1446204139909550150,,,2026-02-08T05:34:34.064Z,,16739072,4,false,Matchup,**Wallaby** vs **Kangaroo**,true,User,Anonymous,true,🌐 Location,"Auburn, AL, US",true,🖥️ Device,Chrome on Windows,,,,,,,,,,,,,,,,,0,0,,,https://images-ext-1.discordapp.net/external/JNVOwhfRcEFw8VgKDMB9KwuZ8MKiLYwmegb7iAnEsqQ/https/animalbattlestats.com/images/icons/icon-192.png,https://animalbattlestats.com/images/icons/icon-192.png,0,2026-02-08T05:34:33.781000+00:00,⚔️ Battle Comparison,rich,0,,,false,,,,false,,,,,,,,,2026-02-08T05:34:34.064000+00:00,false,0,Animal Battle Stats,1446203750204047426
1469929227125260361,,,,,,true,,0000,0,,1446203750204047426,,0,Animal Battle Stats,,1446204139909550150,,,2026-02-08T05:33:57.711Z,,16739072,4,false,Matchup,**Tasmanian Devil** vs **Wombat**,true,User,Anonymous,true,🌐 Location,"Auburn, AL, US",true,🖥️ Device,Chrome on Windows,,,,,,,,,,,,,,,,,0,0,,,https://images-ext-1.discordapp.net/external/JNVOwhfRcEFw8VgKDMB9KwuZ8MKiLYwmegb7iAnEsqQ/https/animalbattlestats.com/images/icons/icon-192.png,https://animalbattlestats.com/images/icons/icon-192.png,0,2026-02-08T05:33:57.336000+00:00,⚔️ Battle Comparison,rich,0,,,false,,,,false,,,,,,,,,2026-02-08T05:33:57.711000+00:00,false,0,Animal Battle Stats,1446203750204047426
1469929018764693535,,,,,,true,,0000,0,,1446203750204047426,,0,Animal Battle Stats,,1446204139909550150,,,2026-02-08T05:33:08.034Z,,16739072,4,false,Matchup,**Tasmanian Devil** vs **Opossum**,true,User,Anonymous,true,🌐 Location,"Auburn, AL, US",true,🖥️ Device,Chrome on Windows,,,,,,,,,,,,,,,,,0,0,,,https://images-ext-1.discordapp.net/external/JNVOwhfRcEFw8VgKDMB9KwuZ8MKiLYwmegb7iAnEsqQ/https/animalbattlestats.com/images/icons/icon-192.png,https://animalbattlestats.com/images/icons/icon-192.png,0,2026-02-08T05:33:07.568000+00:00,⚔️ Battle Comparison,rich,0,,,false,,,,false,,,,,,,,,2026-02-08T05:33:08.034000+00:00,false,0,Animal Battle Stats,1446203750204047426
1469928544753815632,,,,,,true,,0000,0,,1446203750204047426,,0,Animal Battle Stats,,1446204139909550150,,,2026-02-08T05:31:15.021Z,,16739072,4,false,Matchup,**Bactrian Camel** vs **Llama**,true,User,Anonymous,true,🌐 Location,"Auburn, AL, US",true,🖥️ Device,Chrome on Windows,,,,,,,,,,,,,,,,,0,0,,,https://images-ext-1.discordapp.net/external/JNVOwhfRcEFw8VgKDMB9KwuZ8MKiLYwmegb7iAnEsqQ/https/animalbattlestats.com/images/icons/icon-192.png,https://animalbattlestats.com/images/icons/icon-192.png,0,2026-02-08T05:31:14.737000+00:00,⚔️ Battle Comparison,rich,0,,,false,,,,false,,,,,,,,,2026-02-08T05:31:15.021000+00:00,false,0,Animal Battle Stats,1446203750204047426
1469928464873291837,,,,,,true,,0000,0,,1446203750204047426,,0,Animal Battle Stats,,1446204139909550150,,,2026-02-08T05:30:55.976Z,,16739072,4,false,Matchup,**Bactrian Camel** vs **Camel**,true,User,Anonymous,true,🌐 Location,"Auburn, AL, US",true,🖥️ Device,Chrome on Windows,,,,,,,,,,,,,,,,,0,0,,,https://images-ext-1.discordapp.net/external/JNVOwhfRcEFw8VgKDMB9KwuZ8MKiLYwmegb7iAnEsqQ/https/animalbattlestats.com/images/icons/icon-192.png,https://animalbattlestats.com/images/icons/icon-192.png,0,2026-02-08T05:30:55.716000+00:00,⚔️ Battle Comparison,rich,0,,,false,,,,false,,,,,,,,,2026-02-08T05:30:55.976000+00:00,false,0,Animal Battle Stats,1446203750204047426
1469928375475765385,,,,,,true,,0000,0,,1446203750204047426,,0,Animal Battle Stats,,1446204139909550150,,,2026-02-08T05:30:34.662Z,,16739072,4,false,Matchup,**Alpaca** vs **Llama**,true,User,Anonymous,true,🌐 Location,"Auburn, AL, US",true,🖥️ Device,Chrome on Windows,,,,,,,,,,,,,,,,,0,0,,,https://images-ext-1.discordapp.net/external/JNVOwhfRcEFw8VgKDMB9KwuZ8MKiLYwmegb7iAnEsqQ/https/animalbattlestats.com/images/icons/icon-192.png,https://animalbattlestats.com/images/icons/icon-192.png,0,2026-02-08T05:30:34.353000+00:00,⚔️ Battle Comparison,rich,0,,,false,,,,false,,,,,,,,,2026-02-08T05:30:34.662000+00:00,false,0,Animal Battle Stats,1446203750204047426
1469928304420065423,,,,,,true,,0000,0,,1446203750204047426,,0,Animal Battle Stats,,1446204139909550150,,,2026-02-08T05:30:17.721Z,,16739072,4,false,Matchup,**Guanaco** vs **Llama**,true,User,Anonymous,true,🌐 Location,"Auburn, AL, US",true,🖥️ Device,Chrome on Windows,,,,,,,,,,,,,,,,,0,0,,,https://images-ext-1.discordapp.net/external/JNVOwhfRcEFw8VgKDMB9KwuZ8MKiLYwmegb7iAnEsqQ/https/animalbattlestats.com/images/icons/icon-192.png,https://animalbattlestats.com/images/icons/icon-192.png,0,2026-02-08T05:30:17.432000+00:00,⚔️ Battle Comparison,rich,0,,,false,,,,false,,,,,,,,,2026-02-08T05:30:17.721000+00:00,false,0,Animal Battle Stats,1446203750204047426
1469928262179229930,,,,,,true,,0000,0,,1446203750204047426,,0,Animal Battle Stats,,1446204139909550150,,,2026-02-08T05:30:07.650Z,,16739072,4,false,Matchup,**Guanaco** vs **Llama**,true,User,Anonymous,true,🌐 Location,"Auburn, AL, US",true,🖥️ Device,Chrome on Windows,,,,,,,,,,,,,,,,,0,0,,,https://images-ext-1.discordapp.net/external/JNVOwhfRcEFw8VgKDMB9KwuZ8MKiLYwmegb7iAnEsqQ/https/animalbattlestats.com/images/icons/icon-192.png,https://animalbattlestats.com/images/icons/icon-192.png,0,2026-02-08T05:30:07.388000+00:00,⚔️ Battle Comparison,rich,0,,,false,,,,false,,,,,,,,,2026-02-08T05:30:07.650000+00:00,false,0,Animal Battle Stats,1446203750204047426
1469927957291204784,,,,,,true,,0000,0,,1446203750204047426,,0,Animal Battle Stats,,1446204139909550150,,,2026-02-08T05:28:54.959Z,,16739072,4,false,Matchup,**Ostrich** vs **Cassowary**,true,User,Anonymous,true,🌐 Location,"Auburn, AL, US",true,🖥️ Device,Chrome on Windows,,,,,,,,,,,,,,,,,0,0,,,https://images-ext-1.discordapp.net/external/JNVOwhfRcEFw8VgKDMB9KwuZ8MKiLYwmegb7iAnEsqQ/https/animalbattlestats.com/images/icons/icon-192.png,https://animalbattlestats.com/images/icons/icon-192.png,0,2026-02-08T05:28:54.621000+00:00,⚔️ Battle Comparison,rich,0,,,false,,,,false,,,,,,,,,2026-02-08T05:28:54.959000+00:00,false,0,Animal Battle Stats,1446203750204047426
1469927872461537321,,,,,,true,,0000,0,,1446203750204047426,,0,Animal Battle Stats,,1446204139909550150,,,2026-02-08T05:28:34.734Z,,16739072,4,false,Matchup,**Kiwi** vs **Cassowary**,true,User,Anonymous,true,🌐 Location,"Auburn, AL, US",true,🖥️ Device,Chrome on Windows,,,,,,,,,,,,,,,,,0,0,,,https://images-ext-1.discordapp.net/external/JNVOwhfRcEFw8VgKDMB9KwuZ8MKiLYwmegb7iAnEsqQ/https/animalbattlestats.com/images/icons/icon-192.png,https://animalbattlestats.com/images/icons/icon-192.png,0,2026-02-08T05:28:34.479000+00:00,⚔️ Battle Comparison,rich,0,,,false,,,,false,,,,,,,,,2026-02-08T05:28:34.734000+00:00,false,0,Animal Battle Stats,1446203750204047426
1469927794694946856,,,,,,true,,0000,0,,1446203750204047426,,0,Animal Battle Stats,,1446204139909550150,,,2026-02-08T05:28:16.193Z,,16739072,4,false,Matchup,**Emu** vs **Cassowary**,true,User,Anonymous,true,🌐 Location,"Auburn, AL, US",true,🖥️ Device,Chrome on Windows,,,,,,,,,,,,,,,,,0,0,,,https://images-ext-1.discordapp.net/external/JNVOwhfRcEFw8VgKDMB9KwuZ8MKiLYwmegb7iAnEsqQ/https/animalbattlestats.com/images/icons/icon-192.png,https://animalbattlestats.com/images/icons/icon-192.png,0,2026-02-08T05:28:15.908000+00:00,⚔️ Battle Comparison,rich,0,,,false,,,,false,,,,,,,,,2026-02-08T05:28:16.193000+00:00,false,0,Animal Battle Stats,1446203750204047426
1469927687853310040,,,,,,true,,0000,0,,1446203750204047426,,0,Animal Battle Stats,,1446204139909550150,,,2026-02-08T05:27:50.720Z,,16739072,4,false,Matchup,**Emu** vs **Ostrich**,true,User,Anonymous,true,🌐 Location,"Auburn, AL, US",true,🖥️ Device,Chrome on Windows,,,,,,,,,,,,,,,,,0,0,,,https://images-ext-1.discordapp.net/external/JNVOwhfRcEFw8VgKDMB9KwuZ8MKiLYwmegb7iAnEsqQ/https/animalbattlestats.com/images/icons/icon-192.png,https://animalbattlestats.com/images/icons/icon-192.png,0,2026-02-08T05:27:49.160000+00:00,⚔️ Battle Comparison,rich,0,,,false,,,,false,,,,,,,,,2026-02-08T05:27:50.720000+00:00,false,0,Animal Battle Stats,1446203750204047426
1469927592529498258,,,,,,true,,0000,0,,1446203750204047426,,0,Animal Battle Stats,,1446204139909550150,,,2026-02-08T05:27:27.993Z,,16739072,4,false,Matchup,**Peacock** vs **Ostrich**,true,User,Anonymous,true,🌐 Location,"Auburn, AL, US",true,🖥️ Device,Chrome on Windows,,,,,,,,,,,,,,,,,0,0,,,https://images-ext-1.discordapp.net/external/JNVOwhfRcEFw8VgKDMB9KwuZ8MKiLYwmegb7iAnEsqQ/https/animalbattlestats.com/images/icons/icon-192.png,https://animalbattlestats.com/images/icons/icon-192.png,0,2026-02-08T05:27:27.639000+00:00,⚔️ Battle Comparison,rich,0,,,false,,,,false,,,,,,,,,2026-02-08T05:27:27.993000+00:00,false,0,Animal Battle Stats,1446203750204047426
1469927473935417396,,,,,,true,,0000,0,,1446203750204047426,,0,Animal Battle Stats,,1446204139909550150,,,2026-02-08T05:26:59.718Z,,16739072,4,false,Matchup,**Emu** vs **Quoll**,true,User,Anonymous,true,🌐 Location,"Auburn, AL, US",true,🖥️ Device,Chrome on Windows,,,,,,,,,,,,,,,,,0,0,,,https://images-ext-1.discordapp.net/external/JNVOwhfRcEFw8VgKDMB9KwuZ8MKiLYwmegb7iAnEsqQ/https/animalbattlestats.com/images/icons/icon-192.png,https://animalbattlestats.com/images/icons/icon-192.png,0,2026-02-08T05:26:59.346000+00:00,⚔️ Battle Comparison,rich,0,,,false,,,,false,,,,,,,,,2026-02-08T05:26:59.718000+00:00,false,0,Animal Battle Stats,1446203750204047426
1469927237666078803,,,,,,true,,0000,0,,1446203750204047426,,0,Animal Battle Stats,,1446204139909550150,,,2026-02-08T05:26:03.387Z,,16739072,4,false,Matchup,**Cassowary** vs **Secretary Bird**,true,User,Anonymous,true,🌐 Location,"Auburn, AL, US",true,🖥️ Device,Chrome on Windows,,,,,,,,,,,,,,,,,0,0,,,https://images-ext-1.discordapp.net/external/JNVOwhfRcEFw8VgKDMB9KwuZ8MKiLYwmegb7iAnEsqQ/https/animalbattlestats.com/images/icons/icon-192.png,https://animalbattlestats.com/images/icons/icon-192.png,0,2026-02-08T05:26:03.048000+00:00,⚔️ Battle Comparison,rich,0,,,false,,,,false,,,,,,,,,2026-02-08T05:26:03.387000+00:00,false,0,Animal Battle Stats,1446203750204047426
1469926781728456946,,,,,,true,,0000,0,,1446203750204047426,,0,Animal Battle Stats,,1446204139909550150,,,2026-02-08T05:24:14.683Z,,16739072,4,false,Matchup,**Hercules Beetle** vs **Stag Beetle**,true,User,Anonymous,true,🌐 Location,"Auburn, AL, US",true,🖥️ Device,Chrome on Windows,,,,,,,,,,,,,,,,,0,0,,,https://images-ext-1.discordapp.net/external/JNVOwhfRcEFw8VgKDMB9KwuZ8MKiLYwmegb7iAnEsqQ/https/animalbattlestats.com/images/icons/icon-192.png,https://animalbattlestats.com/images/icons/icon-192.png,0,2026-02-08T05:24:14.331000+00:00,⚔️ Battle Comparison,rich,0,,,false,,,,false,,,,,,,,,2026-02-08T05:24:14.683000+00:00,false,0,Animal Battle Stats,1446203750204047426
1469926634852319379,,,,,,true,,0000,0,,1446203750204047426,,0,Animal Battle Stats,,1446204139909550150,,,2026-02-08T05:23:39.665Z,,16739072,4,false,Matchup,**Bullet Ant** vs **Army Ant**,true,User,Anonymous,true,🌐 Location,"Auburn, AL, US",true,🖥️ Device,Chrome on Windows,,,,,,,,,,,,,,,,,0,0,,,https://images-ext-1.discordapp.net/external/JNVOwhfRcEFw8VgKDMB9KwuZ8MKiLYwmegb7iAnEsqQ/https/animalbattlestats.com/images/icons/icon-192.png,https://animalbattlestats.com/images/icons/icon-192.png,0,2026-02-08T05:23:39.354000+00:00,⚔️ Battle Comparison,rich,0,,,false,,,,false,,,,,,,,,2026-02-08T05:23:39.665000+00:00,false,0,Animal Battle Stats,1446203750204047426
1469926306966798459,,,,,,true,,0000,0,,1446203750204047426,,0,Animal Battle Stats,,1446204139909550150,,,2026-02-08T05:22:21.491Z,,16739072,4,false,Matchup,**Black Widow** vs **Goliath Birdeater**,true,User,Anonymous,true,🌐 Location,"Auburn, AL, US",true,🖥️ Device,Chrome on Windows,,,,,,,,,,,,,,,,,0,0,,,https://images-ext-1.discordapp.net/external/JNVOwhfRcEFw8VgKDMB9KwuZ8MKiLYwmegb7iAnEsqQ/https/animalbattlestats.com/images/icons/icon-192.png,https://animalbattlestats.com/images/icons/icon-192.png,0,2026-02-08T05:22:21.208000+00:00,⚔️ Battle Comparison,rich,0,,,false,,,,false,,,,,,,,,2026-02-08T05:22:21.491000+00:00,false,0,Animal Battle Stats,1446203750204047426
1469926221331824691,,,,,,true,,0000,0,,1446203750204047426,,0,Animal Battle Stats,,1446204139909550150,,,2026-02-08T05:22:01.074Z,,16739072,4,false,Matchup,**Black Widow** vs **Huntsman Spider**,true,User,Anonymous,true,🌐 Location,"Auburn, AL, US",true,🖥️ Device,Chrome on Windows,,,,,,,,,,,,,,,,,0,0,,,https://images-ext-1.discordapp.net/external/JNVOwhfRcEFw8VgKDMB9KwuZ8MKiLYwmegb7iAnEsqQ/https/animalbattlestats.com/images/icons/icon-192.png,https://animalbattlestats.com/images/icons/icon-192.png,0,2026-02-08T05:22:00.605000+00:00,⚔️ Battle Comparison,rich,0,,,false,,,,false,,,,,,,,,2026-02-08T05:22:01.074000+00:00,false,0,Animal Battle Stats,1446203750204047426
1469926023146508349,,,,,,true,,0000,0,,1446203750204047426,,0,Animal Battle Stats,,1446204139909550150,,,2026-02-08T05:21:13.823Z,,16739072,4,false,Matchup,**Deathstalker Scorpion** vs **Emperor Scorpion**,true,User,Anonymous,true,🌐 Location,"Auburn, AL, US",true,🖥️ Device,Chrome on Windows,,,,,,,,,,,,,,,,,0,0,,,https://images-ext-1.discordapp.net/external/JNVOwhfRcEFw8VgKDMB9KwuZ8MKiLYwmegb7iAnEsqQ/https/animalbattlestats.com/images/icons/icon-192.png,https://animalbattlestats.com/images/icons/icon-192.png,0,2026-02-08T05:21:13.499000+00:00,⚔️ Battle Comparison,rich,0,,,false,,,,false,,,,,,,,,2026-02-08T05:21:13.823000+00:00,false,0,Animal Battle Stats,1446203750204047426
1469925756573585563,,,,,,true,,0000,0,,1446203750204047426,,0,Animal Battle Stats,,1446204139909550150,,,2026-02-08T05:20:10.267Z,,16739072,4,false,Matchup,**Poison Dart Frog** vs **Red-Eyed Tree Frog**,true,User,Anonymous,true,🌐 Location,"Auburn, AL, US",true,🖥️ Device,Chrome on Windows,,,,,,,,,,,,,,,,,0,0,,,https://images-ext-1.discordapp.net/external/JNVOwhfRcEFw8VgKDMB9KwuZ8MKiLYwmegb7iAnEsqQ/https/animalbattlestats.com/images/icons/icon-192.png,https://animalbattlestats.com/images/icons/icon-192.png,0,2026-02-08T05:20:09.985000+00:00,⚔️ Battle Comparison,rich,0,,,false,,,,false,,,,,,,,,2026-02-08T05:20:10.267000+00:00,false,0,Animal Battle Stats,1446203750204047426
1469925552994390107,,,,,,true,,0000,0,,1446203750204047426,,0,Animal Battle Stats,,1446204139909550150,,,2026-02-08T05:19:21.730Z,,16739072,4,false,Matchup,**Sugar Glider** vs **Flying Squirrel**,true,User,Anonymous,true,🌐 Location,"Auburn, AL, US",true,🖥️ Device,Chrome on Windows,,,,,,,,,,,,,,,,,0,0,,,https://images-ext-1.discordapp.net/external/JNVOwhfRcEFw8VgKDMB9KwuZ8MKiLYwmegb7iAnEsqQ/https/animalbattlestats.com/images/icons/icon-192.png,https://animalbattlestats.com/images/icons/icon-192.png,0,2026-02-08T05:19:21.328000+00:00,⚔️ Battle Comparison,rich,0,,,false,,,,false,,,,,,,,,2026-02-08T05:19:21.730000+00:00,false,0,Animal Battle Stats,1446203750204047426
1469925152832884786,,,,,,true,,0000,0,,1446203750204047426,,0,Animal Battle Stats,,1446204139909550150,,,2026-02-08T05:17:46.324Z,,16739072,4,false,Matchup,**Goose** vs **Swan**,true,User,Anonymous,true,🌐 Location,"Auburn, AL, US",true,🖥️ Device,Chrome on Windows,,,,,,,,,,,,,,,,,0,0,,,https://images-ext-1.discordapp.net/external/JNVOwhfRcEFw8VgKDMB9KwuZ8MKiLYwmegb7iAnEsqQ/https/animalbattlestats.com/images/icons/icon-192.png,https://animalbattlestats.com/images/icons/icon-192.png,0,2026-02-08T05:17:45.982000+00:00,⚔️ Battle Comparison,rich,0,,,false,,,,false,,,,,,,,,2026-02-08T05:17:46.324000+00:00,false,0,Animal Battle Stats,1446203750204047426
1469924916731187415,,,,,,true,,0000,0,,1446203750204047426,,0,Animal Battle Stats,,1446204139909550150,,,2026-02-08T05:16:50.033Z,,16739072,4,false,Matchup,**Flamingo** vs **Shoebill**,true,User,Anonymous,true,🌐 Location,"Auburn, AL, US",true,🖥️ Device,Chrome on Windows,,,,,,,,,,,,,,,,,0,0,,,https://images-ext-1.discordapp.net/external/JNVOwhfRcEFw8VgKDMB9KwuZ8MKiLYwmegb7iAnEsqQ/https/animalbattlestats.com/images/icons/icon-192.png,https://animalbattlestats.com/images/icons/icon-192.png,0,2026-02-08T05:16:49.656000+00:00,⚔️ Battle Comparison,rich,0,,,false,,,,false,,,,,,,,,2026-02-08T05:16:50.033000+00:00,false,0,Animal Battle Stats,1446203750204047426
1469924608122687642,,,,,,true,,0000,0,,1446203750204047426,,0,Animal Battle Stats,,1446204139909550150,,,2026-02-08T05:15:36.455Z,,16739072,4,false,Matchup,**Flamingo** vs **Stork**,true,User,Anonymous,true,🌐 Location,"Auburn, AL, US",true,🖥️ Device,Chrome on Windows,,,,,,,,,,,,,,,,,0,0,,,https://images-ext-1.discordapp.net/external/JNVOwhfRcEFw8VgKDMB9KwuZ8MKiLYwmegb7iAnEsqQ/https/animalbattlestats.com/images/icons/icon-192.png,https://animalbattlestats.com/images/icons/icon-192.png,0,2026-02-08T05:15:36.228000+00:00,⚔️ Battle Comparison,rich,0,,,false,,,,false,,,,,,,,,2026-02-08T05:15:36.455000+00:00,false,0,Animal Battle Stats,1446203750204047426
1469924290907340853,,,,,,true,,0000,0,,1446203750204047426,,0,Animal Battle Stats,,1446204139909550150,,,2026-02-08T05:14:20.825Z,,16739072,4,false,Matchup,**Cockatoo** vs **Macaw**,true,User,Anonymous,true,🌐 Location,"Auburn, AL, US",true,🖥️ Device,Chrome on Windows,,,,,,,,,,,,,,,,,0,0,,,https://images-ext-1.discordapp.net/external/JNVOwhfRcEFw8VgKDMB9KwuZ8MKiLYwmegb7iAnEsqQ/https/animalbattlestats.com/images/icons/icon-192.png,https://animalbattlestats.com/images/icons/icon-192.png,0,2026-02-08T05:14:20.523000+00:00,⚔️ Battle Comparison,rich,0,,,false,,,,false,,,,,,,,,2026-02-08T05:14:20.825000+00:00,false,0,Animal Battle Stats,1446203750204047426
1469923812316287198,,,,,,true,,0000,0,,1446203750204047426,,0,Animal Battle Stats,,1446204139909550150,,,2026-02-08T05:12:26.720Z,,16739072,4,false,Matchup,**Pelican** vs **Puffin**,true,User,Anonymous,true,🌐 Location,"Auburn, AL, US",true,🖥️ Device,Chrome on Windows,,,,,,,,,,,,,,,,,0,0,,,https://images-ext-1.discordapp.net/external/JNVOwhfRcEFw8VgKDMB9KwuZ8MKiLYwmegb7iAnEsqQ/https/animalbattlestats.com/images/icons/icon-192.png,https://animalbattlestats.com/images/icons/icon-192.png,0,2026-02-08T05:12:26.344000+00:00,⚔️ Battle Comparison,rich,0,,,false,,,,false,,,,,,,,,2026-02-08T05:12:26.720000+00:00,false,0,Animal Battle Stats,1446203750204047426
1469923644447658056,,,,,,true,,0000,0,,1446203750204047426,,0,Animal Battle Stats,,1446204139909550150,,,2026-02-08T05:11:46.697Z,,16739072,4,false,Matchup,**Albatross** vs **Puffin**,true,User,Anonymous,true,🌐 Location,"Auburn, AL, US",true,🖥️ Device,Chrome on Windows,,,,,,,,,,,,,,,,,0,0,,,https://images-ext-1.discordapp.net/external/JNVOwhfRcEFw8VgKDMB9KwuZ8MKiLYwmegb7iAnEsqQ/https/animalbattlestats.com/images/icons/icon-192.png,https://animalbattlestats.com/images/icons/icon-192.png,0,2026-02-08T05:11:46.225000+00:00,⚔️ Battle Comparison,rich,0,,,false,,,,false,,,,,,,,,2026-02-08T05:11:46.697000+00:00,false,0,Animal Battle Stats,1446203750204047426
1469923423835783189,,,,,,true,,0000,0,,1446203750204047426,,0,Animal Battle Stats,,1446204139909550150,,,2026-02-08T05:10:54.099Z,,16739072,4,false,Matchup,**Crow** vs **Raven**,true,User,Anonymous,true,🌐 Location,"Auburn, AL, US",true,🖥️ Device,Chrome on Windows,,,,,,,,,,,,,,,,,0,0,,,https://images-ext-1.discordapp.net/external/JNVOwhfRcEFw8VgKDMB9KwuZ8MKiLYwmegb7iAnEsqQ/https/animalbattlestats.com/images/icons/icon-192.png,https://animalbattlestats.com/images/icons/icon-192.png,0,2026-02-08T05:10:53.836000+00:00,⚔️ Battle Comparison,rich,0,,,false,,,,false,,,,,,,,,2026-02-08T05:10:54.099000+00:00,false,0,Animal Battle Stats,1446203750204047426
1469923352771563744,,,,,,true,,0000,0,,1446203750204047426,,0,Animal Battle Stats,,1446204139909550150,,,2026-02-08T05:10:37.156Z,,16739072,4,false,Matchup,**Crow** vs **Magpie**,true,User,Anonymous,true,🌐 Location,"Auburn, AL, US",true,🖥️ Device,Chrome on Windows,,,,,,,,,,,,,,,,,0,0,,,https://images-ext-1.discordapp.net/external/JNVOwhfRcEFw8VgKDMB9KwuZ8MKiLYwmegb7iAnEsqQ/https/animalbattlestats.com/images/icons/icon-192.png,https://animalbattlestats.com/images/icons/icon-192.png,0,2026-02-08T05:10:36.815000+00:00,⚔️ Battle Comparison,rich,0,,,false,,,,false,,,,,,,,,2026-02-08T05:10:37.156000+00:00,false,0,Animal Battle Stats,1446203750204047426
1469922995207278756,,,,,,true,,0000,0,,1446203750204047426,,0,Animal Battle Stats,,1446204139909550150,,,2026-02-08T05:09:11.906Z,,16739072,4,false,Matchup,**Barn Owl** vs **Great Horned Owl**,true,User,Anonymous,true,🌐 Location,"Auburn, AL, US",true,🖥️ Device,Chrome on Windows,,,,,,,,,,,,,,,,,0,0,,,https://images-ext-1.discordapp.net/external/JNVOwhfRcEFw8VgKDMB9KwuZ8MKiLYwmegb7iAnEsqQ/https/animalbattlestats.com/images/icons/icon-192.png,https://animalbattlestats.com/images/icons/icon-192.png,0,2026-02-08T05:09:11.633000+00:00,⚔️ Battle Comparison,rich,0,,,false,,,,false,,,,,,,,,2026-02-08T05:09:11.906000+00:00,false,0,Animal Battle Stats,1446203750204047426
1469922875728199720,,,,,,true,,0000,0,,1446203750204047426,,0,Animal Battle Stats,,1446204139909550150,,,2026-02-08T05:08:43.420Z,,16739072,4,false,Matchup,**Barn Owl** vs **Snowy Owl**,true,User,Anonymous,true,🌐 Location,"Auburn, AL, US",true,🖥️ Device,Chrome on Windows,,,,,,,,,,,,,,,,,0,0,,,https://images-ext-1.discordapp.net/external/JNVOwhfRcEFw8VgKDMB9KwuZ8MKiLYwmegb7iAnEsqQ/https/animalbattlestats.com/images/icons/icon-192.png,https://animalbattlestats.com/images/icons/icon-192.png,0,2026-02-08T05:08:43.098000+00:00,⚔️ Battle Comparison,rich,0,,,false,,,,false,,,,,,,,,2026-02-08T05:08:43.420000+00:00,false,0,Animal Battle Stats,1446203750204047426
1469922648665489448,,,,,,true,,0000,0,,1446203750204047426,,0,Animal Battle Stats,,1446204139909550150,,,2026-02-08T05:07:49.284Z,,16739072,4,false,Matchup,**Bald Eagle** vs **Harpy Eagle**,true,User,Anonymous,true,🌐 Location,"Auburn, AL, US",true,🖥️ Device,Chrome on Windows,,,,,,,,,,,,,,,,,0,0,,,https://images-ext-1.discordapp.net/external/JNVOwhfRcEFw8VgKDMB9KwuZ8MKiLYwmegb7iAnEsqQ/https/animalbattlestats.com/images/icons/icon-192.png,https://animalbattlestats.com/images/icons/icon-192.png,0,2026-02-08T05:07:49.008000+00:00,⚔️ Battle Comparison,rich,0,,,false,,,,false,,,,,,,,,2026-02-08T05:07:49.284000+00:00,false,0,Animal Battle Stats,1446203750204047426
1469922525906600119,,,,,,true,,0000,0,,1446203750204047426,,0,Animal Battle Stats,,1446204139909550150,,,2026-02-08T05:07:20.016Z,,16739072,4,false,Matchup,**Bald Eagle** vs **Golden Eagle**,true,User,Anonymous,true,🌐 Location,"Auburn, AL, US",true,🖥️ Device,Chrome on Windows,,,,,,,,,,,,,,,,,0,0,,,https://images-ext-1.discordapp.net/external/JNVOwhfRcEFw8VgKDMB9KwuZ8MKiLYwmegb7iAnEsqQ/https/animalbattlestats.com/images/icons/icon-192.png,https://animalbattlestats.com/images/icons/icon-192.png,0,2026-02-08T05:07:19.723000+00:00,⚔️ Battle Comparison,rich,0,,,false,,,,false,,,,,,,,,2026-02-08T05:07:20.016000+00:00,false,0,Animal Battle Stats,1446203750204047426
1469922323564990600,,,,,,true,,0000,0,,1446203750204047426,,0,Animal Battle Stats,,1446204139909550150,,,2026-02-08T05:06:31.774Z,,16739072,4,false,Matchup,**Condor** vs **Vulture**,true,User,Anonymous,true,🌐 Location,"Auburn, AL, US",true,🖥️ Device,Chrome on Windows,,,,,,,,,,,,,,,,,0,0,,,https://images-ext-1.discordapp.net/external/JNVOwhfRcEFw8VgKDMB9KwuZ8MKiLYwmegb7iAnEsqQ/https/animalbattlestats.com/images/icons/icon-192.png,https://animalbattlestats.com/images/icons/icon-192.png,0,2026-02-08T05:06:31.314000+00:00,⚔️ Battle Comparison,rich,0,,,false,,,,false,,,,,,,,,2026-02-08T05:06:31.774000+00:00,false,0,Animal Battle Stats,1446203750204047426
1469921468178628710,,,,,,true,,0000,0,,1446203750204047426,,0,Animal Battle Stats,,1446204139909550150,,,2026-02-08T05:03:07.834Z,,16739072,4,false,Matchup,**Red-tailed Hawk** vs **Osprey**,true,User,Anonymous,true,🌐 Location,"Auburn, AL, US",true,🖥️ Device,Chrome on Windows,,,,,,,,,,,,,,,,,0,0,,,https://images-ext-1.discordapp.net/external/JNVOwhfRcEFw8VgKDMB9KwuZ8MKiLYwmegb7iAnEsqQ/https/animalbattlestats.com/images/icons/icon-192.png,https://animalbattlestats.com/images/icons/icon-192.png,0,2026-02-08T05:03:07.464000+00:00,⚔️ Battle Comparison,rich,0,,,false,,,,false,,,,,,,,,2026-02-08T05:03:07.834000+00:00,false,0,Animal Battle Stats,1446203750204047426
1469920824218751068,,,,,,true,,0000,0,,1446203750204047426,,0,Animal Battle Stats,,1446204139909550150,,,2026-02-08T05:00:34.302Z,,16739072,4,false,Matchup,**Tarantula Hawk** vs **Dragonfly**,true,User,Anonymous,true,🌐 Location,"Auburn, AL, US",true,🖥️ Device,Chrome on Windows,,,,,,,,,,,,,,,,,0,0,,,https://images-ext-1.discordapp.net/external/JNVOwhfRcEFw8VgKDMB9KwuZ8MKiLYwmegb7iAnEsqQ/https/animalbattlestats.com/images/icons/icon-192.png,https://animalbattlestats.com/images/icons/icon-192.png,0,2026-02-08T05:00:34.060000+00:00,⚔️ Battle Comparison,rich,0,,,false,,,,false,,,,,,,,,2026-02-08T05:00:34.302000+00:00,false,0,Animal Battle Stats,1446203750204047426
1469920640378077356,,,,,,true,,0000,0,,1446203750204047426,,0,Animal Battle Stats,,1446204139909550150,,,2026-02-08T04:59:50.471Z,,16739072,4,false,Matchup,**Monarch Butterfly** vs **Dragonfly**,true,User,Anonymous,true,🌐 Location,"Auburn, AL, US",true,🖥️ Device,Chrome on Windows,,,,,,,,,,,,,,,,,0,0,,,https://images-ext-1.discordapp.net/external/JNVOwhfRcEFw8VgKDMB9KwuZ8MKiLYwmegb7iAnEsqQ/https/animalbattlestats.com/images/icons/icon-192.png,https://animalbattlestats.com/images/icons/icon-192.png,0,2026-02-08T04:59:50.228000+00:00,⚔️ Battle Comparison,rich,0,,,false,,,,false,,,,,,,,,2026-02-08T04:59:50.471000+00:00,false,0,Animal Battle Stats,1446203750204047426
1469920455560532090,,,,,,true,,0000,0,,1446203750204047426,,0,Animal Battle Stats,,1446204139909550150,,,2026-02-08T04:59:06.407Z,,16739072,4,false,Matchup,**Hornet** vs **Tarantula Hawk**,true,User,Anonymous,true,🌐 Location,"Auburn, AL, US",true,🖥️ Device,Chrome on Windows,,,,,,,,,,,,,,,,,0,0,,,https://images-ext-1.discordapp.net/external/JNVOwhfRcEFw8VgKDMB9KwuZ8MKiLYwmegb7iAnEsqQ/https/animalbattlestats.com/images/icons/icon-192.png,https://animalbattlestats.com/images/icons/icon-192.png,0,2026-02-08T04:59:04.877000+00:00,⚔️ Battle Comparison,rich,0,,,false,,,,false,,,,,,,,,2026-02-08T04:59:06.407000+00:00,false,0,Animal Battle Stats,1446203750204047426
1469830859854057502,,,,,,true,,0000,0,,1446203750204047426,,0,Animal Battle Stats,,1446204139909550150,,,2026-02-07T23:03:05.126Z,,16739072,4,false,Matchup,**Snowy Owl** vs **Tuna**,true,User,Anonymous,true,🌐 Location,"Centreville, MD, US",true,📱 Device,Safari on macOS,,,,,,,,,,,,,,,,,0,0,,,https://images-ext-1.discordapp.net/external/JNVOwhfRcEFw8VgKDMB9KwuZ8MKiLYwmegb7iAnEsqQ/https/animalbattlestats.com/images/icons/icon-192.png,https://animalbattlestats.com/images/icons/icon-192.png,0,2026-02-07T23:03:04.836000+00:00,⚔️ Battle Comparison,rich,0,,,false,,,,false,,,,,,,,,2026-02-07T23:03:05.126000+00:00,false,0,Animal Battle Stats,1446203750204047426
1469830779193266196,,,,,,true,,0000,0,,1446203750204047426,,0,Animal Battle Stats,,1446204139909550150,,,2026-02-07T23:02:45.895Z,,4491519,4,true,Visitor,Anonymous,true,🔗 Page,/compare,true,🌐 Location,"Centreville, MD, US",true,📱 Device,Safari on macOS,true,📐 Screen,390x844,true,🌐 Language,en-US,,,,,,,,,,,0,0,,,https://images-ext-1.discordapp.net/external/JNVOwhfRcEFw8VgKDMB9KwuZ8MKiLYwmegb7iAnEsqQ/https/animalbattlestats.com/images/icons/icon-192.png,https://animalbattlestats.com/images/icons/icon-192.png,0,2026-02-07T23:02:45.528000+00:00,👀 Site Visit,rich,0,,,false,,,,false,,,,,,,,,2026-02-07T23:02:45.895000+00:00,false,0,Animal Battle Stats,1446203750204047426
1469830730560311521,,,,,,true,,0000,0,,1446203750204047426,,0,Animal Battle Stats,,1446204139909550150,,,2026-02-07T23:02:34.300Z,,4491519,4,true,Visitor,Anonymous,true,🔗 Page,/stats,true,🌐 Location,"Centreville, MD, US",true,📱 Device,Safari on macOS,true,📐 Screen,390x844,true,🌐 Language,en-US,,,,,,,,,,,0,0,,,https://images-ext-1.discordapp.net/external/JNVOwhfRcEFw8VgKDMB9KwuZ8MKiLYwmegb7iAnEsqQ/https/animalbattlestats.com/images/icons/icon-192.png,https://animalbattlestats.com/images/icons/icon-192.png,0,2026-02-07T23:02:33.915000+00:00,👀 Site Visit,rich,0,,,false,,,,false,,,,,,,,,2026-02-07T23:02:34.300000+00:00,false,0,Animal Battle Stats,1446203750204047426
1469830729796944008,,,,,,true,,0000,0,,1446203750204047426,,0,Animal Battle Stats,,1446204139909550150,,,2026-02-07T23:02:34.118Z,,4491519,4,true,Visitor,Anonymous,true,🔗 Page,/,true,🌐 Location,"Centreville, MD, US",true,📱 Device,Safari on macOS,true,📐 Screen,390x844,true,🌐 Language,en-US,,,,,,,,,,,0,0,,,https://images-ext-1.discordapp.net/external/JNVOwhfRcEFw8VgKDMB9KwuZ8MKiLYwmegb7iAnEsqQ/https/animalbattlestats.com/images/icons/icon-192.png,https://animalbattlestats.com/images/icons/icon-192.png,0,2026-02-07T23:00:05.015000+00:00,👀 Site Visit,rich,0,,,false,,,,false,,,,,,,,,2026-02-07T23:02:34.118000+00:00,false,0,Animal Battle Stats,1446203750204047426
1469830647173353777,,,,,,true,,0000,0,,1446203750204047426,,0,Animal Battle Stats,,1446204139909550150,,,2026-02-07T23:02:14.419Z,,16739072,4,false,Matchup,**Komodo Dragon** vs **Cuttlefish**,true,User,Anonymous,true,🌐 Location,"Centreville, MD, US",true,📱 Device,Safari on macOS,,,,,,,,,,,,,,,,,0,0,,,https://images-ext-1.discordapp.net/external/JNVOwhfRcEFw8VgKDMB9KwuZ8MKiLYwmegb7iAnEsqQ/https/animalbattlestats.com/images/icons/icon-192.png,https://animalbattlestats.com/images/icons/icon-192.png,0,2026-02-07T23:02:14.086000+00:00,⚔️ Battle Comparison,rich,0,,,false,,,,false,,,,,,,,,2026-02-07T23:02:14.419000+00:00,false,0,Animal Battle Stats,1446203750204047426
1469830558287790306,,,,,,true,,0000,0,,1446203750204047426,,0,Animal Battle Stats,,1446204139909550150,,,2026-02-07T23:01:53.227Z,,16739072,4,false,Matchup,**Orangutan** vs **Chimpanzee**,true,User,Anonymous,true,🌐 Location,"Centreville, MD, US",true,📱 Device,Safari on macOS,,,,,,,,,,,,,,,,,0,0,,,https://images-ext-1.discordapp.net/external/JNVOwhfRcEFw8VgKDMB9KwuZ8MKiLYwmegb7iAnEsqQ/https/animalbattlestats.com/images/icons/icon-192.png,https://animalbattlestats.com/images/icons/icon-192.png,0,2026-02-07T23:01:52.943000+00:00,⚔️ Battle Comparison,rich,0,,,false,,,,false,,,,,,,,,2026-02-07T23:01:53.227000+00:00,false,0,Animal Battle Stats,1446203750204047426
1469830504474738841,,,,,,true,,0000,0,,1446203750204047426,,0,Animal Battle Stats,,1446204139909550150,,,2026-02-07T23:01:40.397Z,,16739072,4,false,Matchup,**Gorilla** vs **Elk**,true,User,Anonymous,true,🌐 Location,"Centreville, MD, US",true,📱 Device,Safari on macOS,,,,,,,,,,,,,,,,,0,0,,,https://images-ext-1.discordapp.net/external/JNVOwhfRcEFw8VgKDMB9KwuZ8MKiLYwmegb7iAnEsqQ/https/animalbattlestats.com/images/icons/icon-192.png,https://animalbattlestats.com/images/icons/icon-192.png,0,2026-02-07T23:01:40.073000+00:00,⚔️ Battle Comparison,rich,0,,,false,,,,false,,,,,,,,,2026-02-07T23:01:40.397000+00:00,false,0,Animal Battle Stats,1446203750204047426
1469830203021857021,,,,,,true,,0000,0,,1446203750204047426,,0,Animal Battle Stats,,1446204139909550150,,,2026-02-07T23:00:28.525Z,,16739072,4,false,Matchup,**Megalodon** vs **Black Bear**,true,User,Anonymous,true,🌐 Location,"Centreville, MD, US",true,📱 Device,Safari on macOS,,,,,,,,,,,,,,,,,0,0,,,https://images-ext-1.discordapp.net/external/JNVOwhfRcEFw8VgKDMB9KwuZ8MKiLYwmegb7iAnEsqQ/https/animalbattlestats.com/images/icons/icon-192.png,https://animalbattlestats.com/images/icons/icon-192.png,0,2026-02-07T23:00:27.963000+00:00,⚔️ Battle Comparison,rich,0,,,false,,,,false,,,,,,,,,2026-02-07T23:00:28.525000+00:00,false,0,Animal Battle Stats,1446203750204047426
1469806127301787713,,,,,,true,,0000,0,,1446203750204047426,,0,Animal Battle Stats,,1446204139909550150,,,2026-02-07T21:24:48.426Z,,16739072,4,false,Matchup,**Hippopotamus** vs **Black Rhinoceros**,true,User,Anonymous,true,🌐 Location,"Toronto, ON, CA",true,📱 Device,Safari on macOS,,,,,,,,,,,,,,,,,0,0,,,https://images-ext-1.discordapp.net/external/JNVOwhfRcEFw8VgKDMB9KwuZ8MKiLYwmegb7iAnEsqQ/https/animalbattlestats.com/images/icons/icon-192.png,https://animalbattlestats.com/images/icons/icon-192.png,0,2026-02-07T21:24:47.896000+00:00,⚔️ Battle Comparison,rich,0,,,false,,,,false,,,,,,,,,2026-02-07T21:24:48.426000+00:00,false,0,Animal Battle Stats,1446203750204047426
1469799634884100137,,,,,,true,,0000,0,,1446203750204047426,,0,Animal Battle Stats,,1446204139909550150,,,2026-02-07T20:59:00.513Z,,16739072,4,false,Matchup,**Hippopotamus** vs **Saltwater Crocodile**,true,User,Anonymous,true,🌐 Location,"Anaheim, CA, US",true,📱 Device,Safari on macOS,,,,,,,,,,,,,,,,,0,0,,,https://images-ext-1.discordapp.net/external/JNVOwhfRcEFw8VgKDMB9KwuZ8MKiLYwmegb7iAnEsqQ/https/animalbattlestats.com/images/icons/icon-192.png,https://animalbattlestats.com/images/icons/icon-192.png,0,2026-02-07T20:59:00.062000+00:00,⚔️ Battle Comparison,rich,0,,,false,,,,false,,,,,,,,,2026-02-07T20:59:00.513000+00:00,false,0,Animal Battle Stats,1446203750204047426
1469797763830124657,,,,,,true,,0000,0,,1446203750204047426,,0,Animal Battle Stats,,1446204139909550150,,,2026-02-07T20:51:34.419Z,,16739072,4,false,Matchup,**Hyena** vs **Green Anaconda**,true,User,Anonymous,true,🌐 Location,"Anaheim, CA, US",true,📱 Device,Safari on macOS,,,,,,,,,,,,,,,,,0,0,,,https://images-ext-1.discordapp.net/external/JNVOwhfRcEFw8VgKDMB9KwuZ8MKiLYwmegb7iAnEsqQ/https/animalbattlestats.com/images/icons/icon-192.png,https://animalbattlestats.com/images/icons/icon-192.png,0,2026-02-07T20:51:34.107000+00:00,⚔️ Battle Comparison,rich,0,,,false,,,,false,,,,,,,,,2026-02-07T20:51:34.419000+00:00,false,0,Animal Battle Stats,1446203750204047426
1469797731110224085,,,,,,true,,0000,0,,1446203750204047426,,0,Animal Battle Stats,,1446204139909550150,,,2026-02-07T20:51:26.618Z,,16739072,4,false,Matchup,**Hyena** vs **Green Anaconda**,true,User,Anonymous,true,🌐 Location,"Anaheim, CA, US",true,📱 Device,Safari on macOS,,,,,,,,,,,,,,,,,0,0,,,https://images-ext-1.discordapp.net/external/JNVOwhfRcEFw8VgKDMB9KwuZ8MKiLYwmegb7iAnEsqQ/https/animalbattlestats.com/images/icons/icon-192.png,https://animalbattlestats.com/images/icons/icon-192.png,0,2026-02-07T20:51:26.160000+00:00,⚔️ Battle Comparison,rich,0,,,false,,,,false,,,,,,,,,2026-02-07T20:51:26.618000+00:00,false,0,Animal Battle Stats,1446203750204047426
1469797338779357497,,,,,,true,,0000,0,,1446203750204047426,,0,Animal Battle Stats,,1446204139909550150,,,2026-02-07T20:49:53.079Z,,16739072,4,false,Matchup,**African Lion** vs **Gorilla**,true,User,Anonymous,true,🌐 Location,"Anaheim, CA, US",true,📱 Device,Safari on macOS,,,,,,,,,,,,,,,,,0,0,,,https://images-ext-1.discordapp.net/external/JNVOwhfRcEFw8VgKDMB9KwuZ8MKiLYwmegb7iAnEsqQ/https/animalbattlestats.com/images/icons/icon-192.png,https://animalbattlestats.com/images/icons/icon-192.png,0,2026-02-07T20:49:52.738000+00:00,⚔️ Battle Comparison,rich,0,,,false,,,,false,,,,,,,,,2026-02-07T20:49:53.079000+00:00,false,0,Animal Battle Stats,1446203750204047426
1469797326766739564,,,,,,true,,0000,0,,1446203750204047426,,0,Animal Battle Stats,,1446204139909550150,,,2026-02-07T20:49:50.215Z,,16739072,4,false,Matchup,**African Lion** vs **Gorilla**,true,User,Anonymous,true,🌐 Location,"Anaheim, CA, US",true,📱 Device,Safari on macOS,,,,,,,,,,,,,,,,,0,0,,,https://images-ext-1.discordapp.net/external/JNVOwhfRcEFw8VgKDMB9KwuZ8MKiLYwmegb7iAnEsqQ/https/animalbattlestats.com/images/icons/icon-192.png,https://animalbattlestats.com/images/icons/icon-192.png,0,2026-02-07T20:49:50.053000+00:00,⚔️ Battle Comparison,rich,0,,,false,,,,false,,,,,,,,,2026-02-07T20:49:50.215000+00:00,false,0,Animal Battle Stats,1446203750204047426
1469797318076272802,,,,,,true,,0000,0,,1446203750204047426,,0,Animal Battle Stats,,1446204139909550150,,,2026-02-07T20:49:48.143Z,,16739072,4,false,Matchup,**African Lion** vs **Gorilla**,true,User,Anonymous,true,🌐 Location,"Anaheim, CA, US",true,📱 Device,Safari on macOS,,,,,,,,,,,,,,,,,0,0,,,https://images-ext-1.discordapp.net/external/JNVOwhfRcEFw8VgKDMB9KwuZ8MKiLYwmegb7iAnEsqQ/https/animalbattlestats.com/images/icons/icon-192.png,https://animalbattlestats.com/images/icons/icon-192.png,0,2026-02-07T20:49:47.739000+00:00,⚔️ Battle Comparison,rich,0,,,false,,,,false,,,,,,,,,2026-02-07T20:49:48.143000+00:00,false,0,Animal Battle Stats,1446203750204047426
1469797295544598704,,,,,,true,,0000,0,,1446203750204047426,,0,Animal Battle Stats,,1446204139909550150,,,2026-02-07T20:49:42.771Z,,16739072,4,false,Matchup,**African Lion** vs **Gorilla**,true,User,Anonymous,true,🌐 Location,"Anaheim, CA, US",true,📱 Device,Safari on macOS,,,,,,,,,,,,,,,,,0,0,,,https://images-ext-1.discordapp.net/external/JNVOwhfRcEFw8VgKDMB9KwuZ8MKiLYwmegb7iAnEsqQ/https/animalbattlestats.com/images/icons/icon-192.png,https://animalbattlestats.com/images/icons/icon-192.png,0,2026-02-07T20:49:42.294000+00:00,⚔️ Battle Comparison,rich,0,,,false,,,,false,,,,,,,,,2026-02-07T20:49:42.771000+00:00,false,0,Animal Battle Stats,1446203750204047426
1469797021656416287,,,,,,true,,0000,0,,1446203750204047426,,0,Animal Battle Stats,,1446204139909550150,,,2026-02-07T20:48:37.471Z,,4491519,4,true,Visitor,Anonymous,true,🔗 Page,/compare,true,🌐 Location,"Anaheim, CA, US",true,📱 Device,Safari on macOS,true,📐 Screen,414x896,true,🌐 Language,en-US,,,,,,,,,,,0,0,,,https://images-ext-1.discordapp.net/external/JNVOwhfRcEFw8VgKDMB9KwuZ8MKiLYwmegb7iAnEsqQ/https/animalbattlestats.com/images/icons/icon-192.png,https://animalbattlestats.com/images/icons/icon-192.png,0,2026-02-07T20:48:37.190000+00:00,👀 Site Visit,rich,0,,,false,,,,false,,,,,,,,,2026-02-07T20:48:37.471000+00:00,false,0,Animal Battle Stats,1446203750204047426
1469796705443516469,,,,,,true,,0000,0,,1446203750204047426,,0,Animal Battle Stats,,1446204139909550150,,,2026-02-07T20:47:22.080Z,,4491519,4,true,Visitor,Anonymous,true,🔗 Page,/rankings,true,🌐 Location,"Anaheim, CA, US",true,📱 Device,Safari on macOS,true,📐 Screen,414x896,true,🌐 Language,en-US,,,,,,,,,,,0,0,,,https://images-ext-1.discordapp.net/external/JNVOwhfRcEFw8VgKDMB9KwuZ8MKiLYwmegb7iAnEsqQ/https/animalbattlestats.com/images/icons/icon-192.png,https://animalbattlestats.com/images/icons/icon-192.png,0,2026-02-07T20:47:21.769000+00:00,👀 Site Visit,rich,0,,,false,,,,false,,,,,,,,,2026-02-07T20:47:22.080000+00:00,false,0,Animal Battle Stats,1446203750204047426
1469796699533738015,,,,,,true,,0000,0,,1446203750204047426,,0,Animal Battle Stats,,1446204139909550150,,,2026-02-07T20:47:20.671Z,,4491519,4,true,Visitor,Anonymous,true,🔗 Page,/compare,true,🌐 Location,"Anaheim, CA, US",true,📱 Device,Safari on macOS,true,📐 Screen,414x896,true,🌐 Language,en-US,,,,,,,,,,,0,0,,,https://images-ext-1.discordapp.net/external/JNVOwhfRcEFw8VgKDMB9KwuZ8MKiLYwmegb7iAnEsqQ/https/animalbattlestats.com/images/icons/icon-192.png,https://animalbattlestats.com/images/icons/icon-192.png,0,2026-02-07T20:47:13.283000+00:00,👀 Site Visit,rich,0,,,false,,,,false,,,,,,,,,2026-02-07T20:47:20.671000+00:00,false,0,Animal Battle Stats,1446203750204047426
1469796488434548952,,,,,,true,,0000,0,,1446203750204047426,,0,Animal Battle Stats,,1446204139909550150,,,2026-02-07T20:46:30.341Z,,4491519,4,true,Visitor,Anonymous,true,🔗 Page,/rankings,true,🌐 Location,"Anaheim, CA, US",true,📱 Device,Safari on macOS,true,📐 Screen,414x896,true,🌐 Language,en-US,,,,,,,,,,,0,0,,,https://images-ext-1.discordapp.net/external/JNVOwhfRcEFw8VgKDMB9KwuZ8MKiLYwmegb7iAnEsqQ/https/animalbattlestats.com/images/icons/icon-192.png,https://animalbattlestats.com/images/icons/icon-192.png,0,2026-02-07T20:46:30.070000+00:00,👀 Site Visit,rich,0,,,false,,,,false,,,,,,,,,2026-02-07T20:46:30.341000+00:00,false,0,Animal Battle Stats,1446203750204047426
1469796486207377470,,,,,,true,,0000,0,,1446203750204047426,,0,Animal Battle Stats,,1446204139909550150,,,2026-02-07T20:46:29.810Z,,4491519,4,true,Visitor,Anonymous,true,🔗 Page,/,true,🌐 Location,"Anaheim, CA, US",true,📱 Device,Safari on macOS,true,📐 Screen,414x896,true,🌐 Language,en-US,,,,,,,,,,,0,0,,,https://images-ext-1.discordapp.net/external/JNVOwhfRcEFw8VgKDMB9KwuZ8MKiLYwmegb7iAnEsqQ/https/animalbattlestats.com/images/icons/icon-192.png,https://animalbattlestats.com/images/icons/icon-192.png,0,2026-02-07T20:46:17.112000+00:00,👀 Site Visit,rich,0,,,false,,,,false,,,,,,,,,2026-02-07T20:46:29.810000+00:00,false,0,Animal Battle Stats,1446203750204047426
1469782069222707305,,,,,,true,,0000,0,,1446203750204047426,,0,Animal Battle Stats,,1446204139909550150,,,2026-02-07T19:49:12.533Z,,16739072,4,false,Matchup,**Black Panther** vs **Siberian Tiger**,true,User,Anonymous,true,🌐 Location,"Kolkata, WB, IN",true,📱 Device,Chrome on Linux,,,,,,,,,,,,,,,,,0,0,,,https://images-ext-1.discordapp.net/external/JNVOwhfRcEFw8VgKDMB9KwuZ8MKiLYwmegb7iAnEsqQ/https/animalbattlestats.com/images/icons/icon-192.png,https://animalbattlestats.com/images/icons/icon-192.png,0,2026-02-07T19:49:12.236000+00:00,⚔️ Battle Comparison,rich,0,,,false,,,,false,,,,,,,,,2026-02-07T19:49:12.533000+00:00,false,0,Animal Battle Stats,1446203750204047426
1469782007067185240,,,,,,true,,0000,0,,1446203750204047426,,0,Animal Battle Stats,,1446204139909550150,,,2026-02-07T19:48:57.714Z,,16739072,4,false,Matchup,**Black Panther** vs **Jaguar**,true,User,Anonymous,true,🌐 Location,"Kolkata, WB, IN",true,📱 Device,Chrome on Linux,,,,,,,,,,,,,,,,,0,0,,,https://images-ext-1.discordapp.net/external/JNVOwhfRcEFw8VgKDMB9KwuZ8MKiLYwmegb7iAnEsqQ/https/animalbattlestats.com/images/icons/icon-192.png,https://animalbattlestats.com/images/icons/icon-192.png,0,2026-02-07T19:48:57.471000+00:00,⚔️ Battle Comparison,rich,0,,,false,,,,false,,,,,,,,,2026-02-07T19:48:57.714000+00:00,false,0,Animal Battle Stats,1446203750204047426
1469781903296041032,,,,,,true,,0000,0,,1446203750204047426,,0,Animal Battle Stats,,1446204139909550150,,,2026-02-07T19:48:32.973Z,,16739072,4,false,Matchup,**Black Panther** vs **Leopard**,true,User,Anonymous,true,🌐 Location,"Kolkata, WB, IN",true,📱 Device,Chrome on Linux,,,,,,,,,,,,,,,,,0,0,,,https://images-ext-1.discordapp.net/external/JNVOwhfRcEFw8VgKDMB9KwuZ8MKiLYwmegb7iAnEsqQ/https/animalbattlestats.com/images/icons/icon-192.png,https://animalbattlestats.com/images/icons/icon-192.png,0,2026-02-07T19:48:32.677000+00:00,⚔️ Battle Comparison,rich,0,,,false,,,,false,,,,,,,,,2026-02-07T19:48:32.973000+00:00,false,0,Animal Battle Stats,1446203750204047426
1469781894098059355,,,,,,true,,0000,0,,1446203750204047426,,0,Animal Battle Stats,,1446204139909550150,,,2026-02-07T19:48:30.780Z,,16739072,4,false,Matchup,**Black Panther** vs **Leopard**,true,User,Anonymous,true,🌐 Location,"Kolkata, WB, IN",true,📱 Device,Chrome on Linux,,,,,,,,,,,,,,,,,0,0,,,https://images-ext-1.discordapp.net/external/JNVOwhfRcEFw8VgKDMB9KwuZ8MKiLYwmegb7iAnEsqQ/https/animalbattlestats.com/images/icons/icon-192.png,https://animalbattlestats.com/images/icons/icon-192.png,0,2026-02-07T19:48:29.908000+00:00,⚔️ Battle Comparison,rich,0,,,false,,,,false,,,,,,,,,2026-02-07T19:48:30.780000+00:00,false,0,Animal Battle Stats,1446203750204047426
1469781832336932960,,,,,,true,,0000,0,,1446203750204047426,,0,Animal Battle Stats,,1446204139909550150,,,2026-02-07T19:48:16.055Z,,4491519,4,true,Visitor,Anonymous,true,🔗 Page,/compare,true,🌐 Location,US,true,📱 Device,Chrome on Linux,true,📐 Screen,400x400,true,🌐 Language,en-US,,,,,,,,,,,0,0,,,https://images-ext-1.discordapp.net/external/JNVOwhfRcEFw8VgKDMB9KwuZ8MKiLYwmegb7iAnEsqQ/https/animalbattlestats.com/images/icons/icon-192.png,https://animalbattlestats.com/images/icons/icon-192.png,0,2026-02-07T19:48:15.631000+00:00,👀 Site Visit,rich,0,,,false,,,,false,,,,,,,,,2026-02-07T19:48:16.055000+00:00,false,0,Animal Battle Stats,1446203750204047426
1469781812271255564,,,,,,true,,0000,0,,1446203750204047426,,0,Animal Battle Stats,,1446204139909550150,,,2026-02-07T19:48:11.271Z,,4491519,4,true,Visitor,Anonymous,true,🔗 Page,/compare,true,🌐 Location,"Kolkata, WB, IN",true,📱 Device,Chrome on Linux,true,📐 Screen,432x960,true,🌐 Language,en-US,,,,,,,,,,,0,0,,,https://images-ext-1.discordapp.net/external/JNVOwhfRcEFw8VgKDMB9KwuZ8MKiLYwmegb7iAnEsqQ/https/animalbattlestats.com/images/icons/icon-192.png,https://animalbattlestats.com/images/icons/icon-192.png,0,2026-02-07T19:48:10.973000+00:00,👀 Site Visit,rich,0,,,false,,,,false,,,,,,,,,2026-02-07T19:48:11.271000+00:00,false,0,Animal Battle Stats,1446203750204047426
1469781809771446397,,,,,,true,,0000,0,,1446203750204047426,,0,Animal Battle Stats,,1446204139909550150,,,2026-02-07T19:48:10.675Z,,6710886,4,true,User,Anonymous,true,🔗 Page,/stats/leopard,true,🌐 Location,"Kolkata, WB, IN",true,🕐 Session Duration,37s,,,,,,,,,,,,,,,,,0,0,,,https://images-ext-1.discordapp.net/external/JNVOwhfRcEFw8VgKDMB9KwuZ8MKiLYwmegb7iAnEsqQ/https/animalbattlestats.com/images/icons/icon-192.png,https://animalbattlestats.com/images/icons/icon-192.png,0,2026-02-07T19:48:09.114000+00:00,👋 User Left Site,rich,0,,,false,,,,false,,,,,,,,,2026-02-07T19:48:10.675000+00:00,false,0,Animal Battle Stats,1446203750204047426
1469781809695953016,,,,,,true,,0000,0,,1446203750204047426,,0,Animal Battle Stats,,1446204139909550150,,,2026-02-07T19:48:10.657Z,,4491519,4,true,Visitor,Anonymous,true,🔗 Page,/,true,🌐 Location,"Kolkata, WB, IN",true,📱 Device,Chrome on Linux,true,📐 Screen,432x960,true,🌐 Language,en-US,,,,,,,,,,,0,0,,,https://images-ext-1.discordapp.net/external/JNVOwhfRcEFw8VgKDMB9KwuZ8MKiLYwmegb7iAnEsqQ/https/animalbattlestats.com/images/icons/icon-192.png,https://animalbattlestats.com/images/icons/icon-192.png,0,2026-02-07T19:47:31.980000+00:00,👀 Site Visit,rich,0,,,false,,,,false,,,,,,,,,2026-02-07T19:48:10.657000+00:00,false,0,Animal Battle Stats,1446203750204047426
1469582852164292702,,,,,,true,,0000,0,,1446203750204047426,,0,Animal Battle Stats,,1446204139909550150,,,2026-02-07T06:37:35.485Z,,4491519,4,true,Visitor,Anonymous,true,🔗 Page,/,true,🌐 Location,US,true,🖥️ Device,Chrome on Unknown,true,📐 Screen,1024x1024,true,🌐 Language,en-US,,,,,,,,,,,0,0,,,https://images-ext-1.discordapp.net/external/JNVOwhfRcEFw8VgKDMB9KwuZ8MKiLYwmegb7iAnEsqQ/https/animalbattlestats.com/images/icons/icon-192.png,https://animalbattlestats.com/images/icons/icon-192.png,0,2026-02-07T06:37:35.230000+00:00,👀 Site Visit,rich,0,,,false,,,,false,,,,,,,,,2026-02-07T06:37:35.485000+00:00,false,0,Animal Battle Stats,1446203750204047426
1469582849446383689,,,,,,true,,0000,0,,1446203750204047426,,0,Animal Battle Stats,,1446204139909550150,,,2026-02-07T06:37:34.837Z,,4491519,4,true,Visitor,Anonymous,true,🔗 Page,/,true,🌐 Location,US,true,🖥️ Device,Chrome on Unknown,true,📐 Screen,1024x1024,true,🌐 Language,en-US,,,,,,,,,,,0,0,,,https://images-ext-1.discordapp.net/external/JNVOwhfRcEFw8VgKDMB9KwuZ8MKiLYwmegb7iAnEsqQ/https/animalbattlestats.com/images/icons/icon-192.png,https://animalbattlestats.com/images/icons/icon-192.png,0,2026-02-07T06:37:31.711000+00:00,👀 Site Visit,rich,0,,,false,,,,false,,,,,,,,,2026-02-07T06:37:34.837000+00:00,false,0,Animal Battle Stats,1446203750204047426
1469582833994567890,,,,,,true,,0000,0,,1446203750204047426,,0,Animal Battle Stats,,1446204139909550150,,,2026-02-07T06:37:31.153Z,,4491519,4,true,Visitor,Anonymous,true,🔗 Page,/,true,🌐 Location,US,true,📱 Device,Chrome on Linux,true,📐 Screen,412x732,true,🌐 Language,en-US,,,,,,,,,,,0,0,,,https://images-ext-1.discordapp.net/external/JNVOwhfRcEFw8VgKDMB9KwuZ8MKiLYwmegb7iAnEsqQ/https/animalbattlestats.com/images/icons/icon-192.png,https://animalbattlestats.com/images/icons/icon-192.png,0,2026-02-07T06:37:30.788000+00:00,👀 Site Visit,rich,0,,,false,,,,false,,,,,,,,,2026-02-07T06:37:31.153000+00:00,false,0,Animal Battle Stats,1446203750204047426
1469582831884828715,,,,,,true,,0000,0,,1446203750204047426,,0,Animal Battle Stats,,1446204139909550150,,,2026-02-07T06:37:30.650Z,,4491519,4,true,Visitor,Anonymous,true,🔗 Page,/,true,🌐 Location,US,true,📱 Device,Chrome on Linux,true,📐 Screen,412x732,true,🌐 Language,en-US,,,,,,,,,,,0,0,,,https://images-ext-1.discordapp.net/external/JNVOwhfRcEFw8VgKDMB9KwuZ8MKiLYwmegb7iAnEsqQ/https/animalbattlestats.com/images/icons/icon-192.png,https://animalbattlestats.com/images/icons/icon-192.png,0,2026-02-07T06:37:14.769000+00:00,👀 Site Visit,rich,0,,,false,,,,false,,,,,,,,,2026-02-07T06:37:30.650000+00:00,false,0,Animal Battle Stats,1446203750204047426
1469568967973535755,,,,,,true,,0000,0,,1446203750204047426,,0,Animal Battle Stats,,1446204139909550150,,,2026-02-07T05:42:25.236Z,,4491519,4,true,Visitor,Anonymous,true,🔗 Page,/,true,🌐 Location,"Houston, TX, US",true,📱 Device,Safari on macOS,true,📐 Screen,402x874,true,🌐 Language,en-US,,,,,,,,,,,0,0,,,https://images-ext-1.discordapp.net/external/JNVOwhfRcEFw8VgKDMB9KwuZ8MKiLYwmegb7iAnEsqQ/https/animalbattlestats.com/images/icons/icon-192.png,https://animalbattlestats.com/images/icons/icon-192.png,0,2026-02-07T05:42:24.763000+00:00,👀 Site Visit,rich,0,,,false,,,,false,,,,,,,,,2026-02-07T05:42:25.236000+00:00,false,0,Animal Battle Stats,1446203750204047426
1469567423039410277,,,,,,true,,0000,0,,1446203750204047426,,0,Animal Battle Stats,,1446204139909550150,,,2026-02-07T05:36:16.895Z,,4491519,4,true,Visitor,Anonymous,true,🔗 Page,/stats,true,🌐 Location,"Taipei, TPE, TW",true,📱 Device,Chrome on Linux,true,📐 Screen,360x780,true,🌐 Language,zh-TW,,,,,,,,,,,0,0,,,https://images-ext-1.discordapp.net/external/JNVOwhfRcEFw8VgKDMB9KwuZ8MKiLYwmegb7iAnEsqQ/https/animalbattlestats.com/images/icons/icon-192.png,https://animalbattlestats.com/images/icons/icon-192.png,0,2026-02-07T05:36:16.627000+00:00,👀 Site Visit,rich,0,,,false,,,,false,,,,,,,,,2026-02-07T05:36:16.895000+00:00,false,0,Animal Battle Stats,1446203750204047426
1469567417834279056,,,,,,true,,0000,0,,1446203750204047426,,0,Animal Battle Stats,,1446204139909550150,,,2026-02-07T05:36:15.654Z,,6710886,4,true,User,Anonymous,true,🔗 Page,/stats/koala,true,🌐 Location,"Taipei, TPE, TW",true,🕐 Session Duration,41s,,,,,,,,,,,,,,,,,0,0,,,https://images-ext-1.discordapp.net/external/JNVOwhfRcEFw8VgKDMB9KwuZ8MKiLYwmegb7iAnEsqQ/https/animalbattlestats.com/images/icons/icon-192.png,https://animalbattlestats.com/images/icons/icon-192.png,0,2026-02-07T05:36:15.368000+00:00,👋 User Left Site,rich,0,,,false,,,,false,,,,,,,,,2026-02-07T05:36:15.654000+00:00,false,0,Animal Battle Stats,1446203750204047426
1469567246903808062,,,,,,true,,0000,0,,1446203750204047426,,0,Animal Battle Stats,,1446204139909550150,,,2026-02-07T05:35:34.901Z,,4491519,4,true,Visitor,Anonymous,true,🔗 Page,/stats,true,🌐 Location,"Taipei, TPE, TW",true,📱 Device,Chrome on Linux,true,📐 Screen,360x780,true,🌐 Language,zh-TW,,,,,,,,,,,0,0,,,https://images-ext-1.discordapp.net/external/JNVOwhfRcEFw8VgKDMB9KwuZ8MKiLYwmegb7iAnEsqQ/https/animalbattlestats.com/images/icons/icon-192.png,https://animalbattlestats.com/images/icons/icon-192.png,0,2026-02-07T05:35:34.622000+00:00,👀 Site Visit,rich,0,,,false,,,,false,,,,,,,,,2026-02-07T05:35:34.901000+00:00,false,0,Animal Battle Stats,1446203750204047426
1469567243280060568,,,,,,true,,0000,0,,1446203750204047426,,0,Animal Battle Stats,,1446204139909550150,,,2026-02-07T05:35:34.037Z,,4491519,4,true,Visitor,Anonymous,true,🔗 Page,/rankings,true,🌐 Location,"Taipei, TPE, TW",true,📱 Device,Chrome on Linux,true,📐 Screen,360x780,true,🌐 Language,zh-TW,,,,,,,,,,,0,0,,,https://images-ext-1.discordapp.net/external/JNVOwhfRcEFw8VgKDMB9KwuZ8MKiLYwmegb7iAnEsqQ/https/animalbattlestats.com/images/icons/icon-192.png,https://animalbattlestats.com/images/icons/icon-192.png,0,2026-02-07T05:34:45.780000+00:00,👀 Site Visit,rich,0,,,false,,,,false,,,,,,,,,2026-02-07T05:35:34.037000+00:00,false,0,Animal Battle Stats,1446203750204047426
1469567243091448023,,,,,,true,,0000,0,,1446203750204047426,,0,Animal Battle Stats,,1446204139909550150,,,2026-02-07T05:35:33.992Z,,6710886,4,true,User,Anonymous,true,🔗 Page,/rankings,true,🌐 Location,"Taipei, TPE, TW",true,🕐 Session Duration,47s,,,,,,,,,,,,,,,,,0,0,,,https://images-ext-1.discordapp.net/external/JNVOwhfRcEFw8VgKDMB9KwuZ8MKiLYwmegb7iAnEsqQ/https/animalbattlestats.com/images/icons/icon-192.png,https://animalbattlestats.com/images/icons/icon-192.png,0,2026-02-07T05:35:32.779000+00:00,👋 User Left Site,rich,0,,,false,,,,false,,,,,,,,,2026-02-07T05:35:33.992000+00:00,false,0,Animal Battle Stats,1446203750204047426
1469567006557864138,,,,,,true,,0000,0,,1446203750204047426,,0,Animal Battle Stats,,1446204139909550150,,,2026-02-07T05:34:37.598Z,,16739072,4,false,Matchup,**Koala** vs **Bison**,true,User,Anonymous,true,🌐 Location,"Taipei, TPE, TW",true,📱 Device,Chrome on Linux,,,,,,,,,,,,,,,,,0,0,,,https://images-ext-1.discordapp.net/external/JNVOwhfRcEFw8VgKDMB9KwuZ8MKiLYwmegb7iAnEsqQ/https/animalbattlestats.com/images/icons/icon-192.png,https://animalbattlestats.com/images/icons/icon-192.png,0,2026-02-07T05:34:37.276000+00:00,⚔️ Battle Comparison,rich,0,,,false,,,,false,,,,,,,,,2026-02-07T05:34:37.598000+00:00,false,0,Animal Battle Stats,1446203750204047426
1469566943966003322,,,,,,true,,0000,0,,1446203750204047426,,0,Animal Battle Stats,,1446204139909550150,,,2026-02-07T05:34:22.675Z,,16739072,4,false,Matchup,**Koala** vs **Tiger Shark**,true,User,Anonymous,true,🌐 Location,"Taipei, TPE, TW",true,📱 Device,Chrome on Linux,,,,,,,,,,,,,,,,,0,0,,,https://images-ext-1.discordapp.net/external/JNVOwhfRcEFw8VgKDMB9KwuZ8MKiLYwmegb7iAnEsqQ/https/animalbattlestats.com/images/icons/icon-192.png,https://animalbattlestats.com/images/icons/icon-192.png,0,2026-02-07T05:34:22.379000+00:00,⚔️ Battle Comparison,rich,0,,,false,,,,false,,,,,,,,,2026-02-07T05:34:22.675000+00:00,false,0,Animal Battle Stats,1446203750204047426
1469566914480312435,,,,,,true,,0000,0,,1446203750204047426,,0,Animal Battle Stats,,1446204139909550150,,,2026-02-07T05:34:15.645Z,,16739072,4,false,Matchup,**Koala** vs **African Wild Dog**,true,User,Anonymous,true,🌐 Location,"Taipei, TPE, TW",true,📱 Device,Chrome on Linux,,,,,,,,,,,,,,,,,0,0,,,https://images-ext-1.discordapp.net/external/JNVOwhfRcEFw8VgKDMB9KwuZ8MKiLYwmegb7iAnEsqQ/https/animalbattlestats.com/images/icons/icon-192.png,https://animalbattlestats.com/images/icons/icon-192.png,0,2026-02-07T05:34:15.430000+00:00,⚔️ Battle Comparison,rich,0,,,false,,,,false,,,,,,,,,2026-02-07T05:34:15.645000+00:00,false,0,Animal Battle Stats,1446203750204047426
1469566888559378542,,,,,,true,,0000,0,,1446203750204047426,,0,Animal Battle Stats,,1446204139909550150,,,2026-02-07T05:34:09.465Z,,16739072,4,false,Matchup,**Koala** vs **Clouded Leopard**,true,User,Anonymous,true,🌐 Location,"Taipei, TPE, TW",true,📱 Device,Chrome on Linux,,,,,,,,,,,,,,,,,0,0,,,https://images-ext-1.discordapp.net/external/JNVOwhfRcEFw8VgKDMB9KwuZ8MKiLYwmegb7iAnEsqQ/https/animalbattlestats.com/images/icons/icon-192.png,https://animalbattlestats.com/images/icons/icon-192.png,0,2026-02-07T05:34:09.195000+00:00,⚔️ Battle Comparison,rich,0,,,false,,,,false,,,,,,,,,2026-02-07T05:34:09.465000+00:00,false,0,Animal Battle Stats,1446203750204047426
1469566822524260352,,,,,,true,,0000,0,,1446203750204047426,,0,Animal Battle Stats,,1446204139909550150,,,2026-02-07T05:33:53.721Z,,16739072,4,false,Matchup,**Koala** vs **Harpy Eagle**,true,User,Anonymous,true,🌐 Location,"Taipei, TPE, TW",true,📱 Device,Chrome on Linux,,,,,,,,,,,,,,,,,0,0,,,https://images-ext-1.discordapp.net/external/JNVOwhfRcEFw8VgKDMB9KwuZ8MKiLYwmegb7iAnEsqQ/https/animalbattlestats.com/images/icons/icon-192.png,https://animalbattlestats.com/images/icons/icon-192.png,0,2026-02-07T05:33:53.402000+00:00,⚔️ Battle Comparison,rich,0,,,false,,,,false,,,,,,,,,2026-02-07T05:33:53.721000+00:00,false,0,Animal Battle Stats,1446203750204047426
1469566780891729931,,,,,,true,,0000,0,,1446203750204047426,,0,Animal Battle Stats,,1446204139909550150,,,2026-02-07T05:33:43.795Z,,16739072,4,false,Matchup,**Koala** vs **Yak**,true,User,Anonymous,true,🌐 Location,"Taipei, TPE, TW",true,📱 Device,Chrome on Linux,,,,,,,,,,,,,,,,,0,0,,,https://images-ext-1.discordapp.net/external/JNVOwhfRcEFw8VgKDMB9KwuZ8MKiLYwmegb7iAnEsqQ/https/animalbattlestats.com/images/icons/icon-192.png,https://animalbattlestats.com/images/icons/icon-192.png,0,2026-02-07T05:33:43.520000+00:00,⚔️ Battle Comparison,rich,0,,,false,,,,false,,,,,,,,,2026-02-07T05:33:43.795000+00:00,false,0,Animal Battle Stats,1446203750204047426
1469566736226455704,,,,,,true,,0000,0,,1446203750204047426,,0,Animal Battle Stats,,1446204139909550150,,,2026-02-07T05:33:33.146Z,,16739072,4,false,Matchup,**Koala** vs **Osprey**,true,User,Anonymous,true,🌐 Location,"Taipei, TPE, TW",true,📱 Device,Chrome on Linux,,,,,,,,,,,,,,,,,0,0,,,https://images-ext-1.discordapp.net/external/JNVOwhfRcEFw8VgKDMB9KwuZ8MKiLYwmegb7iAnEsqQ/https/animalbattlestats.com/images/icons/icon-192.png,https://animalbattlestats.com/images/icons/icon-192.png,0,2026-02-07T05:33:32.811000+00:00,⚔️ Battle Comparison,rich,0,,,false,,,,false,,,,,,,,,2026-02-07T05:33:33.146000+00:00,false,0,Animal Battle Stats,1446203750204047426
1469566698268135556,,,,,,true,,0000,0,,1446203750204047426,,0,Animal Battle Stats,,1446204139909550150,,,2026-02-07T05:33:24.096Z,,16739072,4,false,Matchup,**Koala** vs **Red-tailed Hawk**,true,User,Anonymous,true,🌐 Location,"Taipei, TPE, TW",true,📱 Device,Chrome on Linux,,,,,,,,,,,,,,,,,0,0,,,https://images-ext-1.discordapp.net/external/JNVOwhfRcEFw8VgKDMB9KwuZ8MKiLYwmegb7iAnEsqQ/https/animalbattlestats.com/images/icons/icon-192.png,https://animalbattlestats.com/images/icons/icon-192.png,0,2026-02-07T05:33:23.829000+00:00,⚔️ Battle Comparison,rich,0,,,false,,,,false,,,,,,,,,2026-02-07T05:33:24.096000+00:00,false,0,Animal Battle Stats,1446203750204047426
1469566634023850178,,,,,,true,,0000,0,,1446203750204047426,,0,Animal Battle Stats,,1446204139909550150,,,2026-02-07T05:33:08.779Z,,16739072,4,false,Matchup,**Koala** vs **Snowy Owl**,true,User,Anonymous,true,🌐 Location,"Taipei, TPE, TW",true,📱 Device,Chrome on Linux,,,,,,,,,,,,,,,,,0,0,,,https://images-ext-1.discordapp.net/external/JNVOwhfRcEFw8VgKDMB9KwuZ8MKiLYwmegb7iAnEsqQ/https/animalbattlestats.com/images/icons/icon-192.png,https://animalbattlestats.com/images/icons/icon-192.png,0,2026-02-07T05:33:08.529000+00:00,⚔️ Battle Comparison,rich,0,,,false,,,,false,,,,,,,,,2026-02-07T05:33:08.779000+00:00,false,0,Animal Battle Stats,1446203750204047426
1469566632601981064,,,,,,true,,0000,0,,1446203750204047426,,0,Animal Battle Stats,,1446204139909550150,,,2026-02-07T05:33:08.440Z,,16739072,4,false,Matchup,**Koala** vs **Snowy Owl**,true,User,Anonymous,true,🌐 Location,"Taipei, TPE, TW",true,📱 Device,Chrome on Linux,,,,,,,,,,,,,,,,,0,0,,,https://images-ext-1.discordapp.net/external/JNVOwhfRcEFw8VgKDMB9KwuZ8MKiLYwmegb7iAnEsqQ/https/animalbattlestats.com/images/icons/icon-192.png,https://animalbattlestats.com/images/icons/icon-192.png,0,2026-02-07T05:33:08.144000+00:00,⚔️ Battle Comparison,rich,0,,,false,,,,false,,,,,,,,,2026-02-07T05:33:08.440000+00:00,false,0,Animal Battle Stats,1446203750204047426
1469566585080385709,,,,,,true,,0000,0,,1446203750204047426,,0,Animal Battle Stats,,1446204139909550150,,,2026-02-07T05:32:57.110Z,,16739072,4,false,Matchup,**Koala** vs **Octopus**,true,User,Anonymous,true,🌐 Location,"Taipei, TPE, TW",true,📱 Device,Chrome on Linux,,,,,,,,,,,,,,,,,0,0,,,https://images-ext-1.discordapp.net/external/JNVOwhfRcEFw8VgKDMB9KwuZ8MKiLYwmegb7iAnEsqQ/https/animalbattlestats.com/images/icons/icon-192.png,https://animalbattlestats.com/images/icons/icon-192.png,0,2026-02-07T05:32:56.842000+00:00,⚔️ Battle Comparison,rich,0,,,false,,,,false,,,,,,,,,2026-02-07T05:32:57.110000+00:00,false,0,Animal Battle Stats,1446203750204047426
1469566531485827113,,,,,,true,,0000,0,,1446203750204047426,,0,Animal Battle Stats,,1446204139909550150,,,2026-02-07T05:32:44.332Z,,16739072,4,false,Matchup,**Koala** vs **Armadillo**,true,User,Anonymous,true,🌐 Location,"Taipei, TPE, TW",true,📱 Device,Chrome on Linux,,,,,,,,,,,,,,,,,0,0,,,https://images-ext-1.discordapp.net/external/JNVOwhfRcEFw8VgKDMB9KwuZ8MKiLYwmegb7iAnEsqQ/https/animalbattlestats.com/images/icons/icon-192.png,https://animalbattlestats.com/images/icons/icon-192.png,0,2026-02-07T05:32:44.081000+00:00,⚔️ Battle Comparison,rich,0,,,false,,,,false,,,,,,,,,2026-02-07T05:32:44.332000+00:00,false,0,Animal Battle Stats,1446203750204047426
1469566472597672098,,,,,,true,,0000,0,,1446203750204047426,,0,Animal Battle Stats,,1446204139909550150,,,2026-02-07T05:32:30.292Z,,16739072,4,false,Matchup,**Koala** vs **Dragonfly**,true,User,Anonymous,true,🌐 Location,"Taipei, TPE, TW",true,📱 Device,Chrome on Linux,,,,,,,,,,,,,,,,,0,0,,,https://images-ext-1.discordapp.net/external/JNVOwhfRcEFw8VgKDMB9KwuZ8MKiLYwmegb7iAnEsqQ/https/animalbattlestats.com/images/icons/icon-192.png,https://animalbattlestats.com/images/icons/icon-192.png,0,2026-02-07T05:32:30.038000+00:00,⚔️ Battle Comparison,rich,0,,,false,,,,false,,,,,,,,,2026-02-07T05:32:30.292000+00:00,false,0,Animal Battle Stats,1446203750204047426
1469566436824453274,,,,,,true,,0000,0,,1446203750204047426,,0,Animal Battle Stats,,1446204139909550150,,,2026-02-07T05:32:21.763Z,,16739072,4,false,Matchup,**Koala** vs **Pangolin**,true,User,Anonymous,true,🌐 Location,"Taipei, TPE, TW",true,📱 Device,Chrome on Linux,,,,,,,,,,,,,,,,,0,0,,,https://images-ext-1.discordapp.net/external/JNVOwhfRcEFw8VgKDMB9KwuZ8MKiLYwmegb7iAnEsqQ/https/animalbattlestats.com/images/icons/icon-192.png,https://animalbattlestats.com/images/icons/icon-192.png,0,2026-02-07T05:32:21.489000+00:00,⚔️ Battle Comparison,rich,0,,,false,,,,false,,,,,,,,,2026-02-07T05:32:21.763000+00:00,false,0,Animal Battle Stats,1446203750204047426
1469566401319669851,,,,,,true,,0000,0,,1446203750204047426,,0,Animal Battle Stats,,1446204139909550150,,,2026-02-07T05:32:13.298Z,,16739072,4,false,Matchup,**Koala** vs **Pelican**,true,User,Anonymous,true,🌐 Location,"Taipei, TPE, TW",true,📱 Device,Chrome on Linux,,,,,,,,,,,,,,,,,0,0,,,https://images-ext-1.discordapp.net/external/JNVOwhfRcEFw8VgKDMB9KwuZ8MKiLYwmegb7iAnEsqQ/https/animalbattlestats.com/images/icons/icon-192.png,https://animalbattlestats.com/images/icons/icon-192.png,0,2026-02-07T05:32:13.002000+00:00,⚔️ Battle Comparison,rich,0,,,false,,,,false,,,,,,,,,2026-02-07T05:32:13.298000+00:00,false,0,Animal Battle Stats,1446203750204047426
1469566373880660133,,,,,,true,,0000,0,,1446203750204047426,,0,Animal Battle Stats,,1446204139909550150,,,2026-02-07T05:32:06.756Z,,16739072,4,false,Matchup,**Koala** vs **Raven**,true,User,Anonymous,true,🌐 Location,"Taipei, TPE, TW",true,📱 Device,Chrome on Linux,,,,,,,,,,,,,,,,,0,0,,,https://images-ext-1.discordapp.net/external/JNVOwhfRcEFw8VgKDMB9KwuZ8MKiLYwmegb7iAnEsqQ/https/animalbattlestats.com/images/icons/icon-192.png,https://animalbattlestats.com/images/icons/icon-192.png,0,2026-02-07T05:32:06.566000+00:00,⚔️ Battle Comparison,rich,0,,,false,,,,false,,,,,,,,,2026-02-07T05:32:06.756000+00:00,false,0,Animal Battle Stats,1446203750204047426
1469566321284088050,,,,,,true,,0000,0,,1446203750204047426,,0,Animal Battle Stats,,1446204139909550150,,,2026-02-07T05:31:54.216Z,,16739072,4,false,Matchup,**Koala** vs **Cockatoo**,true,User,Anonymous,true,🌐 Location,"Taipei, TPE, TW",true,📱 Device,Chrome on Linux,,,,,,,,,,,,,,,,,0,0,,,https://images-ext-1.discordapp.net/external/JNVOwhfRcEFw8VgKDMB9KwuZ8MKiLYwmegb7iAnEsqQ/https/animalbattlestats.com/images/icons/icon-192.png,https://animalbattlestats.com/images/icons/icon-192.png,0,2026-02-07T05:31:53.944000+00:00,⚔️ Battle Comparison,rich,0,,,false,,,,false,,,,,,,,,2026-02-07T05:31:54.216000+00:00,false,0,Animal Battle Stats,1446203750204047426
1469566289209983058,,,,,,true,,0000,0,,1446203750204047426,,0,Animal Battle Stats,,1446204139909550150,,,2026-02-07T05:31:46.569Z,,16739072,4,false,Matchup,**Koala** vs **Cockatoo**,true,User,Anonymous,true,🌐 Location,"Taipei, TPE, TW",true,📱 Device,Chrome on Linux,,,,,,,,,,,,,,,,,0,0,,,https://images-ext-1.discordapp.net/external/JNVOwhfRcEFw8VgKDMB9KwuZ8MKiLYwmegb7iAnEsqQ/https/animalbattlestats.com/images/icons/icon-192.png,https://animalbattlestats.com/images/icons/icon-192.png,0,2026-02-07T05:31:46.268000+00:00,⚔️ Battle Comparison,rich,0,,,false,,,,false,,,,,,,,,2026-02-07T05:31:46.569000+00:00,false,0,Animal Battle Stats,1446203750204047426
1469566258088378480,,,,,,true,,0000,0,,1446203750204047426,,0,Animal Battle Stats,,1446204139909550150,,,2026-02-07T05:31:39.149Z,,16739072,4,false,Matchup,**Koala** vs **Crow**,true,User,Anonymous,true,🌐 Location,"Taipei, TPE, TW",true,📱 Device,Chrome on Linux,,,,,,,,,,,,,,,,,0,0,,,https://images-ext-1.discordapp.net/external/JNVOwhfRcEFw8VgKDMB9KwuZ8MKiLYwmegb7iAnEsqQ/https/animalbattlestats.com/images/icons/icon-192.png,https://animalbattlestats.com/images/icons/icon-192.png,0,2026-02-07T05:31:38.902000+00:00,⚔️ Battle Comparison,rich,0,,,false,,,,false,,,,,,,,,2026-02-07T05:31:39.149000+00:00,false,0,Animal Battle Stats,1446203750204047426
1469566231638970391,,,,,,true,,0000,0,,1446203750204047426,,0,Animal Battle Stats,,1446204139909550150,,,2026-02-07T05:31:32.843Z,,16739072,4,false,Matchup,**Koala** vs **Macaw**,true,User,Anonymous,true,🌐 Location,"Taipei, TPE, TW",true,📱 Device,Chrome on Linux,,,,,,,,,,,,,,,,,0,0,,,https://images-ext-1.discordapp.net/external/JNVOwhfRcEFw8VgKDMB9KwuZ8MKiLYwmegb7iAnEsqQ/https/animalbattlestats.com/images/icons/icon-192.png,https://animalbattlestats.com/images/icons/icon-192.png,0,2026-02-07T05:31:32.435000+00:00,⚔️ Battle Comparison,rich,0,,,false,,,,false,,,,,,,,,2026-02-07T05:31:32.843000+00:00,false,0,Animal Battle Stats,1446203750204047426
1469566194439950396,,,,,,true,,0000,0,,1446203750204047426,,0,Animal Battle Stats,,1446204139909550150,,,2026-02-07T05:31:23.974Z,,16739072,4,false,Matchup,**Koala** vs **Piranha**,true,User,Anonymous,true,🌐 Location,"Taipei, TPE, TW",true,📱 Device,Chrome on Linux,,,,,,,,,,,,,,,,,0,0,,,https://images-ext-1.discordapp.net/external/JNVOwhfRcEFw8VgKDMB9KwuZ8MKiLYwmegb7iAnEsqQ/https/animalbattlestats.com/images/icons/icon-192.png,https://animalbattlestats.com/images/icons/icon-192.png,0,2026-02-07T05:31:23.636000+00:00,⚔️ Battle Comparison,rich,0,,,false,,,,false,,,,,,,,,2026-02-07T05:31:23.974000+00:00,false,0,Animal Battle Stats,1446203750204047426
1469566161346887847,,,,,,true,,0000,0,,1446203750204047426,,0,Animal Battle Stats,,1446204139909550150,,,2026-02-07T05:31:16.084Z,,16739072,4,false,Matchup,**Koala** vs **Magpie**,true,User,Anonymous,true,🌐 Location,"Taipei, TPE, TW",true,📱 Device,Chrome on Linux,,,,,,,,,,,,,,,,,0,0,,,https://images-ext-1.discordapp.net/external/JNVOwhfRcEFw8VgKDMB9KwuZ8MKiLYwmegb7iAnEsqQ/https/animalbattlestats.com/images/icons/icon-192.png,https://animalbattlestats.com/images/icons/icon-192.png,0,2026-02-07T05:31:15.925000+00:00,⚔️ Battle Comparison,rich,0,,,false,,,,false,,,,,,,,,2026-02-07T05:31:16.084000+00:00,false,0,Animal Battle Stats,1446203750204047426
1469566110952194282,,,,,,true,,0000,0,,1446203750204047426,,0,Animal Battle Stats,,1446204139909550150,,,2026-02-07T05:31:04.069Z,,16739072,4,false,Matchup,**Koala** vs **Bongo**,true,User,Anonymous,true,🌐 Location,"Taipei, TPE, TW",true,📱 Device,Chrome on Linux,,,,,,,,,,,,,,,,,0,0,,,https://images-ext-1.discordapp.net/external/JNVOwhfRcEFw8VgKDMB9KwuZ8MKiLYwmegb7iAnEsqQ/https/animalbattlestats.com/images/icons/icon-192.png,https://animalbattlestats.com/images/icons/icon-192.png,0,2026-02-07T05:31:03.821000+00:00,⚔️ Battle Comparison,rich,0,,,false,,,,false,,,,,,,,,2026-02-07T05:31:04.069000+00:00,false,0,Animal Battle Stats,1446203750204047426
1469566008208658522,,,,,,true,,0000,0,,1446203750204047426,,0,Animal Battle Stats,,1446204139909550150,,,2026-02-07T05:30:39.573Z,,16739072,4,false,Matchup,**Koala** vs **Flamingo**,true,User,Anonymous,true,🌐 Location,"Taipei, TPE, TW",true,📱 Device,Chrome on Linux,,,,,,,,,,,,,,,,,0,0,,,https://images-ext-1.discordapp.net/external/JNVOwhfRcEFw8VgKDMB9KwuZ8MKiLYwmegb7iAnEsqQ/https/animalbattlestats.com/images/icons/icon-192.png,https://animalbattlestats.com/images/icons/icon-192.png,0,2026-02-07T05:30:39.168000+00:00,⚔️ Battle Comparison,rich,0,,,false,,,,false,,,,,,,,,2026-02-07T05:30:39.573000+00:00,false,0,Animal Battle Stats,1446203750204047426
1469565979431272474,,,,,,true,,0000,0,,1446203750204047426,,0,Animal Battle Stats,,1446204139909550150,,,2026-02-07T05:30:32.712Z,,16739072,4,false,Matchup,**Koala** vs **Iguana**,true,User,Anonymous,true,🌐 Location,"Taipei, TPE, TW",true,📱 Device,Chrome on Linux,,,,,,,,,,,,,,,,,0,0,,,https://images-ext-1.discordapp.net/external/JNVOwhfRcEFw8VgKDMB9KwuZ8MKiLYwmegb7iAnEsqQ/https/animalbattlestats.com/images/icons/icon-192.png,https://animalbattlestats.com/images/icons/icon-192.png,0,2026-02-07T05:30:32.470000+00:00,⚔️ Battle Comparison,rich,0,,,false,,,,false,,,,,,,,,2026-02-07T05:30:32.712000+00:00,false,0,Animal Battle Stats,1446203750204047426
1469565946396938398,,,,,,true,,0000,0,,1446203750204047426,,0,Animal Battle Stats,,1446204139909550150,,,2026-02-07T05:30:24.836Z,,16739072,4,false,Matchup,**Koala** vs **Peacock**,true,User,Anonymous,true,🌐 Location,"Taipei, TPE, TW",true,📱 Device,Chrome on Linux,,,,,,,,,,,,,,,,,0,0,,,https://images-ext-1.discordapp.net/external/JNVOwhfRcEFw8VgKDMB9KwuZ8MKiLYwmegb7iAnEsqQ/https/animalbattlestats.com/images/icons/icon-192.png,https://animalbattlestats.com/images/icons/icon-192.png,0,2026-02-07T05:30:24.378000+00:00,⚔️ Battle Comparison,rich,0,,,false,,,,false,,,,,,,,,2026-02-07T05:30:24.836000+00:00,false,0,Animal Battle Stats,1446203750204047426
1469565904760213607,,,,,,true,,0000,0,,1446203750204047426,,0,Animal Battle Stats,,1446204139909550150,,,2026-02-07T05:30:14.909Z,,16739072,4,false,Matchup,**Koala** vs **Anteater**,true,User,Anonymous,true,🌐 Location,"Taipei, TPE, TW",true,📱 Device,Chrome on Linux,,,,,,,,,,,,,,,,,0,0,,,https://images-ext-1.discordapp.net/external/JNVOwhfRcEFw8VgKDMB9KwuZ8MKiLYwmegb7iAnEsqQ/https/animalbattlestats.com/images/icons/icon-192.png,https://animalbattlestats.com/images/icons/icon-192.png,0,2026-02-07T05:30:14.632000+00:00,⚔️ Battle Comparison,rich,0,,,false,,,,false,,,,,,,,,2026-02-07T05:30:14.909000+00:00,false,0,Animal Battle Stats,1446203750204047426
1469565874070491167,,,,,,true,,0000,0,,1446203750204047426,,0,Animal Battle Stats,,1446204139909550150,,,2026-02-07T05:30:07.592Z,,16739072,4,false,Matchup,**Koala** vs **Opossum**,true,User,Anonymous,true,🌐 Location,"Taipei, TPE, TW",true,📱 Device,Chrome on Linux,,,,,,,,,,,,,,,,,0,0,,,https://images-ext-1.discordapp.net/external/JNVOwhfRcEFw8VgKDMB9KwuZ8MKiLYwmegb7iAnEsqQ/https/animalbattlestats.com/images/icons/icon-192.png,https://animalbattlestats.com/images/icons/icon-192.png,0,2026-02-07T05:30:07.338000+00:00,⚔️ Battle Comparison,rich,0,,,false,,,,false,,,,,,,,,2026-02-07T05:30:07.592000+00:00,false,0,Animal Battle Stats,1446203750204047426
1469565817183146016,,,,,,true,,0000,0,,1446203750204047426,,0,Animal Battle Stats,,1446204139909550150,,,2026-02-07T05:29:54.029Z,,16739072,4,false,Matchup,**Koala** vs **Bullfrog**,true,User,Anonymous,true,🌐 Location,"Taipei, TPE, TW",true,📱 Device,Chrome on Linux,,,,,,,,,,,,,,,,,0,0,,,https://images-ext-1.discordapp.net/external/JNVOwhfRcEFw8VgKDMB9KwuZ8MKiLYwmegb7iAnEsqQ/https/animalbattlestats.com/images/icons/icon-192.png,https://animalbattlestats.com/images/icons/icon-192.png,0,2026-02-07T05:29:53.751000+00:00,⚔️ Battle Comparison,rich,0,,,false,,,,false,,,,,,,,,2026-02-07T05:29:54.029000+00:00,false,0,Animal Battle Stats,1446203750204047426
1469565778188570759,,,,,,true,,0000,0,,1446203750204047426,,0,Animal Battle Stats,,1446204139909550150,,,2026-02-07T05:29:44.732Z,,16739072,4,false,Matchup,**Koala** vs **Red-Eyed Tree Frog**,true,User,Anonymous,true,🌐 Location,"Taipei, TPE, TW",true,📱 Device,Chrome on Linux,,,,,,,,,,,,,,,,,0,0,,,https://images-ext-1.discordapp.net/external/JNVOwhfRcEFw8VgKDMB9KwuZ8MKiLYwmegb7iAnEsqQ/https/animalbattlestats.com/images/icons/icon-192.png,https://animalbattlestats.com/images/icons/icon-192.png,0,2026-02-07T05:29:44.430000+00:00,⚔️ Battle Comparison,rich,0,,,false,,,,false,,,,,,,,,2026-02-07T05:29:44.732000+00:00,false,0,Animal Battle Stats,1446203750204047426
1469565679106658505,,,,,,true,,0000,0,,1446203750204047426,,0,Animal Battle Stats,,1446204139909550150,,,2026-02-07T05:29:21.109Z,,16739072,4,false,Matchup,**Koala** vs **Koala**,true,User,Anonymous,true,🌐 Location,"Taipei, TPE, TW",true,📱 Device,Chrome on Linux,,,,,,,,,,,,,,,,,0,0,,,https://images-ext-1.discordapp.net/external/JNVOwhfRcEFw8VgKDMB9KwuZ8MKiLYwmegb7iAnEsqQ/https/animalbattlestats.com/images/icons/icon-192.png,https://animalbattlestats.com/images/icons/icon-192.png,0,2026-02-07T05:29:20.834000+00:00,⚔️ Battle Comparison,rich,0,,,false,,,,false,,,,,,,,,2026-02-07T05:29:21.109000+00:00,false,0,Animal Battle Stats,1446203750204047426
1469565606511513671,,,,,,true,,0000,0,,1446203750204047426,,0,Animal Battle Stats,,1446204139909550150,,,2026-02-07T05:29:03.801Z,,16739072,4,false,Matchup,**Koala** vs **Impala**,true,User,Anonymous,true,🌐 Location,"Taipei, TPE, TW",true,📱 Device,Chrome on Linux,,,,,,,,,,,,,,,,,0,0,,,https://images-ext-1.discordapp.net/external/JNVOwhfRcEFw8VgKDMB9KwuZ8MKiLYwmegb7iAnEsqQ/https/animalbattlestats.com/images/icons/icon-192.png,https://animalbattlestats.com/images/icons/icon-192.png,0,2026-02-07T05:29:03.503000+00:00,⚔️ Battle Comparison,rich,0,,,false,,,,false,,,,,,,,,2026-02-07T05:29:03.801000+00:00,false,0,Animal Battle Stats,1446203750204047426
1469565544528216229,,,,,,true,,0000,0,,1446203750204047426,,0,Animal Battle Stats,,1446204139909550150,,,2026-02-07T05:28:49.023Z,,16739072,4,false,Matchup,**Koala** vs **Jaguar**,true,User,Anonymous,true,🌐 Location,"Taipei, TPE, TW",true,📱 Device,Chrome on Linux,,,,,,,,,,,,,,,,,0,0,,,https://images-ext-1.discordapp.net/external/JNVOwhfRcEFw8VgKDMB9KwuZ8MKiLYwmegb7iAnEsqQ/https/animalbattlestats.com/images/icons/icon-192.png,https://animalbattlestats.com/images/icons/icon-192.png,0,2026-02-07T05:28:48.766000+00:00,⚔️ Battle Comparison,rich,0,,,false,,,,false,,,,,,,,,2026-02-07T05:28:49.023000+00:00,false,0,Animal Battle Stats,1446203750204047426
1469565518687244394,,,,,,true,,0000,0,,1446203750204047426,,0,Animal Battle Stats,,1446204139909550150,,,2026-02-07T05:28:42.862Z,,16739072,4,false,Matchup,**Koala** vs **African Lion**,true,User,Anonymous,true,🌐 Location,"Taipei, TPE, TW",true,📱 Device,Chrome on Linux,,,,,,,,,,,,,,,,,0,0,,,https://images-ext-1.discordapp.net/external/JNVOwhfRcEFw8VgKDMB9KwuZ8MKiLYwmegb7iAnEsqQ/https/animalbattlestats.com/images/icons/icon-192.png,https://animalbattlestats.com/images/icons/icon-192.png,0,2026-02-07T05:28:42.576000+00:00,⚔️ Battle Comparison,rich,0,,,false,,,,false,,,,,,,,,2026-02-07T05:28:42.862000+00:00,false,0,Animal Battle Stats,1446203750204047426
1469565490153127956,,,,,,true,,0000,0,,1446203750204047426,,0,Animal Battle Stats,,1446204139909550150,,,2026-02-07T05:28:36.059Z,,16739072,4,false,Matchup,**Koala** vs **Gorilla**,true,User,Anonymous,true,🌐 Location,"Taipei, TPE, TW",true,📱 Device,Chrome on Linux,,,,,,,,,,,,,,,,,0,0,,,https://images-ext-1.discordapp.net/external/JNVOwhfRcEFw8VgKDMB9KwuZ8MKiLYwmegb7iAnEsqQ/https/animalbattlestats.com/images/icons/icon-192.png,https://animalbattlestats.com/images/icons/icon-192.png,0,2026-02-07T05:28:35.789000+00:00,⚔️ Battle Comparison,rich,0,,,false,,,,false,,,,,,,,,2026-02-07T05:28:36.059000+00:00,false,0,Animal Battle Stats,1446203750204047426
1469565456779051039,,,,,,true,,0000,0,,1446203750204047426,,0,Animal Battle Stats,,1446204139909550150,,,2026-02-07T05:28:28.102Z,,16739072,4,false,Matchup,**Koala** vs **Siberian Tiger**,true,User,Anonymous,true,🌐 Location,"Taipei, TPE, TW",true,📱 Device,Chrome on Linux,,,,,,,,,,,,,,,,,0,0,,,https://images-ext-1.discordapp.net/external/JNVOwhfRcEFw8VgKDMB9KwuZ8MKiLYwmegb7iAnEsqQ/https/animalbattlestats.com/images/icons/icon-192.png,https://animalbattlestats.com/images/icons/icon-192.png,0,2026-02-07T05:28:27.849000+00:00,⚔️ Battle Comparison,rich,0,,,false,,,,false,,,,,,,,,2026-02-07T05:28:28.102000+00:00,false,0,Animal Battle Stats,1446203750204047426
1469565413708005496,,,,,,true,,0000,0,,1446203750204047426,,0,Animal Battle Stats,,1446204139909550150,,,2026-02-07T05:28:17.833Z,,16739072,4,false,Matchup,**Koala** vs **Saltwater Crocodile**,true,User,Anonymous,true,🌐 Location,"Taipei, TPE, TW",true,📱 Device,Chrome on Linux,,,,,,,,,,,,,,,,,0,0,,,https://images-ext-1.discordapp.net/external/JNVOwhfRcEFw8VgKDMB9KwuZ8MKiLYwmegb7iAnEsqQ/https/animalbattlestats.com/images/icons/icon-192.png,https://animalbattlestats.com/images/icons/icon-192.png,0,2026-02-07T05:28:17.562000+00:00,⚔️ Battle Comparison,rich,0,,,false,,,,false,,,,,,,,,2026-02-07T05:28:17.833000+00:00,false,0,Animal Battle Stats,1446203750204047426
1469565375040585840,,,,,,true,,0000,0,,1446203750204047426,,0,Animal Battle Stats,,1446204139909550150,,,2026-02-07T05:28:08.614Z,,16739072,4,false,Matchup,**Koala** vs **Orca**,true,User,Anonymous,true,🌐 Location,"Taipei, TPE, TW",true,📱 Device,Chrome on Linux,,,,,,,,,,,,,,,,,0,0,,,https://images-ext-1.discordapp.net/external/JNVOwhfRcEFw8VgKDMB9KwuZ8MKiLYwmegb7iAnEsqQ/https/animalbattlestats.com/images/icons/icon-192.png,https://animalbattlestats.com/images/icons/icon-192.png,0,2026-02-07T05:28:08.354000+00:00,⚔️ Battle Comparison,rich,0,,,false,,,,false,,,,,,,,,2026-02-07T05:28:08.614000+00:00,false,0,Animal Battle Stats,1446203750204047426
1469565336209723536,,,,,,true,,0000,0,,1446203750204047426,,0,Animal Battle Stats,,1446204139909550150,,,2026-02-07T05:27:59.356Z,,16739072,4,false,Matchup,**Koala** vs **Megalodon**,true,User,Anonymous,true,🌐 Location,"Taipei, TPE, TW",true,📱 Device,Chrome on Linux,,,,,,,,,,,,,,,,,0,0,,,https://images-ext-1.discordapp.net/external/JNVOwhfRcEFw8VgKDMB9KwuZ8MKiLYwmegb7iAnEsqQ/https/animalbattlestats.com/images/icons/icon-192.png,https://animalbattlestats.com/images/icons/icon-192.png,0,2026-02-07T05:27:59.047000+00:00,⚔️ Battle Comparison,rich,0,,,false,,,,false,,,,,,,,,2026-02-07T05:27:59.356000+00:00,false,0,Animal Battle Stats,1446203750204047426
1469565269474021468,,,,,,true,,0000,0,,1446203750204047426,,0,Animal Battle Stats,,1446204139909550150,,,2026-02-07T05:27:43.445Z,,16739072,4,false,Matchup,**Koala** vs **Rhinoceros**,true,User,Anonymous,true,🌐 Location,"Taipei, TPE, TW",true,📱 Device,Chrome on Linux,,,,,,,,,,,,,,,,,0,0,,,https://images-ext-1.discordapp.net/external/JNVOwhfRcEFw8VgKDMB9KwuZ8MKiLYwmegb7iAnEsqQ/https/animalbattlestats.com/images/icons/icon-192.png,https://animalbattlestats.com/images/icons/icon-192.png,0,2026-02-07T05:27:43.184000+00:00,⚔️ Battle Comparison,rich,0,,,false,,,,false,,,,,,,,,2026-02-07T05:27:43.445000+00:00,false,0,Animal Battle Stats,1446203750204047426
1469565166877409424,,,,,,true,,0000,0,,1446203750204047426,,0,Animal Battle Stats,,1446204139909550150,,,2026-02-07T05:27:18.984Z,,16739072,4,false,Matchup,**Koala** vs **Black Rhinoceros**,true,User,Anonymous,true,🌐 Location,"Taipei, TPE, TW",true,📱 Device,Chrome on Linux,,,,,,,,,,,,,,,,,0,0,,,https://images-ext-1.discordapp.net/external/JNVOwhfRcEFw8VgKDMB9KwuZ8MKiLYwmegb7iAnEsqQ/https/animalbattlestats.com/images/icons/icon-192.png,https://animalbattlestats.com/images/icons/icon-192.png,0,2026-02-07T05:27:18.824000+00:00,⚔️ Battle Comparison,rich,0,,,false,,,,false,,,,,,,,,2026-02-07T05:27:18.984000+00:00,false,0,Animal Battle Stats,1446203750204047426
1469565114230509672,,,,,,true,,0000,0,,1446203750204047426,,0,Animal Battle Stats,,1446204139909550150,,,2026-02-07T05:27:06.432Z,,16739072,4,false,Matchup,**Koala** vs **Tiger Shark**,true,User,Anonymous,true,🌐 Location,"Taipei, TPE, TW",true,📱 Device,Chrome on Linux,,,,,,,,,,,,,,,,,0,0,,,https://images-ext-1.discordapp.net/external/JNVOwhfRcEFw8VgKDMB9KwuZ8MKiLYwmegb7iAnEsqQ/https/animalbattlestats.com/images/icons/icon-192.png,https://animalbattlestats.com/images/icons/icon-192.png,0,2026-02-07T05:27:06.153000+00:00,⚔️ Battle Comparison,rich,0,,,false,,,,false,,,,,,,,,2026-02-07T05:27:06.432000+00:00,false,0,Animal Battle Stats,1446203750204047426
1469565072794718338,,,,,,true,,0000,0,,1446203750204047426,,0,Animal Battle Stats,,1446204139909550150,,,2026-02-07T05:26:56.553Z,,16739072,4,false,Matchup,**Koala** vs **Dingo**,true,User,Anonymous,true,🌐 Location,"Taipei, TPE, TW",true,📱 Device,Chrome on Linux,,,,,,,,,,,,,,,,,0,0,,,https://images-ext-1.discordapp.net/external/JNVOwhfRcEFw8VgKDMB9KwuZ8MKiLYwmegb7iAnEsqQ/https/animalbattlestats.com/images/icons/icon-192.png,https://animalbattlestats.com/images/icons/icon-192.png,0,2026-02-07T05:26:56.257000+00:00,⚔️ Battle Comparison,rich,0,,,false,,,,false,,,,,,,,,2026-02-07T05:26:56.553000+00:00,false,0,Animal Battle Stats,1446203750204047426
1469565035297636507,,,,,,true,,0000,0,,1446203750204047426,,0,Animal Battle Stats,,1446204139909550150,,,2026-02-07T05:26:47.613Z,,16739072,4,false,Matchup,**Koala** vs **Bactrian Camel**,true,User,Anonymous,true,🌐 Location,"Taipei, TPE, TW",true,📱 Device,Chrome on Linux,,,,,,,,,,,,,,,,,0,0,,,https://images-ext-1.discordapp.net/external/JNVOwhfRcEFw8VgKDMB9KwuZ8MKiLYwmegb7iAnEsqQ/https/animalbattlestats.com/images/icons/icon-192.png,https://animalbattlestats.com/images/icons/icon-192.png,0,2026-02-07T05:26:47.204000+00:00,⚔️ Battle Comparison,rich,0,,,false,,,,false,,,,,,,,,2026-02-07T05:26:47.613000+00:00,false,0,Animal Battle Stats,1446203750204047426
1469564936480096327,,,,,,true,,0000,0,,1446203750204047426,,0,Animal Battle Stats,,1446204139909550150,,,2026-02-07T05:26:24.053Z,,16739072,4,false,Matchup,**Koala** vs **Red-Eyed Tree Frog**,true,User,Anonymous,true,🌐 Location,"Taipei, TPE, TW",true,📱 Device,Chrome on Linux,,,,,,,,,,,,,,,,,0,0,,,https://images-ext-1.discordapp.net/external/JNVOwhfRcEFw8VgKDMB9KwuZ8MKiLYwmegb7iAnEsqQ/https/animalbattlestats.com/images/icons/icon-192.png,https://animalbattlestats.com/images/icons/icon-192.png,0,2026-02-07T05:26:23.789000+00:00,⚔️ Battle Comparison,rich,0,,,false,,,,false,,,,,,,,,2026-02-07T05:26:24.053000+00:00,false,0,Animal Battle Stats,1446203750204047426
1469564865231454279,,,,,,true,,0000,0,,1446203750204047426,,0,Animal Battle Stats,,1446204139909550150,,,2026-02-07T05:26:07.066Z,,16739072,4,false,Matchup,**Koala** vs **Salamander**,true,User,Anonymous,true,🌐 Location,"Taipei, TPE, TW",true,📱 Device,Chrome on Linux,,,,,,,,,,,,,,,,,0,0,,,https://images-ext-1.discordapp.net/external/JNVOwhfRcEFw8VgKDMB9KwuZ8MKiLYwmegb7iAnEsqQ/https/animalbattlestats.com/images/icons/icon-192.png,https://animalbattlestats.com/images/icons/icon-192.png,0,2026-02-07T05:26:06.779000+00:00,⚔️ Battle Comparison,rich,0,,,false,,,,false,,,,,,,,,2026-02-07T05:26:07.066000+00:00,false,0,Animal Battle Stats,1446203750204047426
1469564828099149896,,,,,,true,,0000,0,,1446203750204047426,,0,Animal Battle Stats,,1446204139909550150,,,2026-02-07T05:25:58.213Z,,16739072,4,false,Matchup,**Koala** vs **Coconut Crab**,true,User,Anonymous,true,🌐 Location,"Taipei, TPE, TW",true,📱 Device,Chrome on Linux,,,,,,,,,,,,,,,,,0,0,,,https://images-ext-1.discordapp.net/external/JNVOwhfRcEFw8VgKDMB9KwuZ8MKiLYwmegb7iAnEsqQ/https/animalbattlestats.com/images/icons/icon-192.png,https://animalbattlestats.com/images/icons/icon-192.png,0,2026-02-07T05:25:57.907000+00:00,⚔️ Battle Comparison,rich,0,,,false,,,,false,,,,,,,,,2026-02-07T05:25:58.213000+00:00,false,0,Animal Battle Stats,1446203750204047426
1469564793630359648,,,,,,true,,0000,0,,1446203750204047426,,0,Animal Battle Stats,,1446204139909550150,,,2026-02-07T05:25:49.995Z,,16739072,4,false,Matchup,**Koala** vs **Hornet**,true,User,Anonymous,true,🌐 Location,"Taipei, TPE, TW",true,📱 Device,Chrome on Linux,,,,,,,,,,,,,,,,,0,0,,,https://images-ext-1.discordapp.net/external/JNVOwhfRcEFw8VgKDMB9KwuZ8MKiLYwmegb7iAnEsqQ/https/animalbattlestats.com/images/icons/icon-192.png,https://animalbattlestats.com/images/icons/icon-192.png,0,2026-02-07T05:25:49.678000+00:00,⚔️ Battle Comparison,rich,0,,,false,,,,false,,,,,,,,,2026-02-07T05:25:49.995000+00:00,false,0,Animal Battle Stats,1446203750204047426
1469564757257355377,,,,,,true,,0000,0,,1446203750204047426,,0,Animal Battle Stats,,1446204139909550150,,,2026-02-07T05:25:41.323Z,,16739072,4,false,Matchup,**Koala** vs **Monarch Butterfly**,true,User,Anonymous,true,🌐 Location,"Taipei, TPE, TW",true,📱 Device,Chrome on Linux,,,,,,,,,,,,,,,,,0,0,,,https://images-ext-1.discordapp.net/external/JNVOwhfRcEFw8VgKDMB9KwuZ8MKiLYwmegb7iAnEsqQ/https/animalbattlestats.com/images/icons/icon-192.png,https://animalbattlestats.com/images/icons/icon-192.png,0,2026-02-07T05:25:41.052000+00:00,⚔️ Battle Comparison,rich,0,,,false,,,,false,,,,,,,,,2026-02-07T05:25:41.323000+00:00,false,0,Animal Battle Stats,1446203750204047426
1469564724038340835,,,,,,true,,0000,0,,1446203750204047426,,0,Animal Battle Stats,,1446204139909550150,,,2026-02-07T05:25:33.403Z,,16739072,4,false,Matchup,**Koala** vs **Sawfish**,true,User,Anonymous,true,🌐 Location,"Taipei, TPE, TW",true,📱 Device,Chrome on Linux,,,,,,,,,,,,,,,,,0,0,,,https://images-ext-1.discordapp.net/external/JNVOwhfRcEFw8VgKDMB9KwuZ8MKiLYwmegb7iAnEsqQ/https/animalbattlestats.com/images/icons/icon-192.png,https://animalbattlestats.com/images/icons/icon-192.png,0,2026-02-07T05:25:33.155000+00:00,⚔️ Battle Comparison,rich,0,,,false,,,,false,,,,,,,,,2026-02-07T05:25:33.403000+00:00,false,0,Animal Battle Stats,1446203750204047426
1469564689704026195,,,,,,true,,0000,0,,1446203750204047426,,0,Animal Battle Stats,,1446204139909550150,,,2026-02-07T05:25:25.217Z,,16739072,4,false,Matchup,**Koala** vs **Emperor Penguin**,true,User,Anonymous,true,🌐 Location,"Taipei, TPE, TW",true,📱 Device,Chrome on Linux,,,,,,,,,,,,,,,,,0,0,,,https://images-ext-1.discordapp.net/external/JNVOwhfRcEFw8VgKDMB9KwuZ8MKiLYwmegb7iAnEsqQ/https/animalbattlestats.com/images/icons/icon-192.png,https://animalbattlestats.com/images/icons/icon-192.png,0,2026-02-07T05:25:24.966000+00:00,⚔️ Battle Comparison,rich,0,,,false,,,,false,,,,,,,,,2026-02-07T05:25:25.217000+00:00,false,0,Animal Battle Stats,1446203750204047426
1469564655549812847,,,,,,true,,0000,0,,1446203750204047426,,0,Animal Battle Stats,,1446204139909550150,,,2026-02-07T05:25:17.074Z,,16739072,4,false,Matchup,**Koala** vs **Giant Squid**,true,User,Anonymous,true,🌐 Location,"Taipei, TPE, TW",true,📱 Device,Chrome on Linux,,,,,,,,,,,,,,,,,0,0,,,https://images-ext-1.discordapp.net/external/JNVOwhfRcEFw8VgKDMB9KwuZ8MKiLYwmegb7iAnEsqQ/https/animalbattlestats.com/images/icons/icon-192.png,https://animalbattlestats.com/images/icons/icon-192.png,0,2026-02-07T05:25:16.659000+00:00,⚔️ Battle Comparison,rich,0,,,false,,,,false,,,,,,,,,2026-02-07T05:25:17.074000+00:00,false,0,Animal Battle Stats,1446203750204047426
1469564492571607040,,,,,,true,,0000,0,,1446203750204047426,,0,Animal Battle Stats,,1446204139909550150,,,2026-02-07T05:24:38.217Z,,16739072,4,false,Matchup,**Koala** vs **Leopard**,true,User,Anonymous,true,🌐 Location,"Taipei, TPE, TW",true,📱 Device,Chrome on Linux,,,,,,,,,,,,,,,,,0,0,,,https://images-ext-1.discordapp.net/external/JNVOwhfRcEFw8VgKDMB9KwuZ8MKiLYwmegb7iAnEsqQ/https/animalbattlestats.com/images/icons/icon-192.png,https://animalbattlestats.com/images/icons/icon-192.png,0,2026-02-07T05:24:37.956000+00:00,⚔️ Battle Comparison,rich,0,,,false,,,,false,,,,,,,,,2026-02-07T05:24:38.217000+00:00,false,0,Animal Battle Stats,1446203750204047426
1469564444152692960,,,,,,true,,0000,0,,1446203750204047426,,0,Animal Battle Stats,,1446204139909550150,,,2026-02-07T05:24:26.673Z,,16739072,4,false,Matchup,**Koala** vs **Honey Badger**,true,User,Anonymous,true,🌐 Location,"Taipei, TPE, TW",true,📱 Device,Chrome on Linux,,,,,,,,,,,,,,,,,0,0,,,https://images-ext-1.discordapp.net/external/JNVOwhfRcEFw8VgKDMB9KwuZ8MKiLYwmegb7iAnEsqQ/https/animalbattlestats.com/images/icons/icon-192.png,https://animalbattlestats.com/images/icons/icon-192.png,0,2026-02-07T05:24:26.379000+00:00,⚔️ Battle Comparison,rich,0,,,false,,,,false,,,,,,,,,2026-02-07T05:24:26.673000+00:00,false,0,Animal Battle Stats,1446203750204047426
1469564405749645322,,,,,,true,,0000,0,,1446203750204047426,,0,Animal Battle Stats,,1446204139909550150,,,2026-02-07T05:24:17.517Z,,16739072,4,false,Matchup,**Koala** vs **Bullet Ant**,true,User,Anonymous,true,🌐 Location,"Taipei, TPE, TW",true,📱 Device,Chrome on Linux,,,,,,,,,,,,,,,,,0,0,,,https://images-ext-1.discordapp.net/external/JNVOwhfRcEFw8VgKDMB9KwuZ8MKiLYwmegb7iAnEsqQ/https/animalbattlestats.com/images/icons/icon-192.png,https://animalbattlestats.com/images/icons/icon-192.png,0,2026-02-07T05:24:17.244000+00:00,⚔️ Battle Comparison,rich,0,,,false,,,,false,,,,,,,,,2026-02-07T05:24:17.517000+00:00,false,0,Animal Battle Stats,1446203750204047426
1469564368499773625,,,,,,true,,0000,0,,1446203750204047426,,0,Animal Battle Stats,,1446204139909550150,,,2026-02-07T05:24:08.636Z,,16739072,4,false,Matchup,**Koala** vs **Box Jellyfish**,true,User,Anonymous,true,🌐 Location,"Taipei, TPE, TW",true,📱 Device,Chrome on Linux,,,,,,,,,,,,,,,,,0,0,,,https://images-ext-1.discordapp.net/external/JNVOwhfRcEFw8VgKDMB9KwuZ8MKiLYwmegb7iAnEsqQ/https/animalbattlestats.com/images/icons/icon-192.png,https://animalbattlestats.com/images/icons/icon-192.png,0,2026-02-07T05:24:08.430000+00:00,⚔️ Battle Comparison,rich,0,,,false,,,,false,,,,,,,,,2026-02-07T05:24:08.636000+00:00,false,0,Animal Battle Stats,1446203750204047426
1469564240225632453,,,,,,true,,0000,0,,1446203750204047426,,0,Animal Battle Stats,,1446204139909550150,,,2026-02-07T05:23:38.053Z,,16739072,4,false,Matchup,**Koala** vs **Giant Centipede**,true,User,Anonymous,true,🌐 Location,"Taipei, TPE, TW",true,📱 Device,Chrome on Linux,,,,,,,,,,,,,,,,,0,0,,,https://images-ext-1.discordapp.net/external/JNVOwhfRcEFw8VgKDMB9KwuZ8MKiLYwmegb7iAnEsqQ/https/animalbattlestats.com/images/icons/icon-192.png,https://animalbattlestats.com/images/icons/icon-192.png,0,2026-02-07T05:23:37.759000+00:00,⚔️ Battle Comparison,rich,0,,,false,,,,false,,,,,,,,,2026-02-07T05:23:38.053000+00:00,false,0,Animal Battle Stats,1446203750204047426
1469564190732845181,,,,,,true,,0000,0,,1446203750204047426,,0,Animal Battle Stats,,1446204139909550150,,,2026-02-07T05:23:26.253Z,,16739072,4,false,Matchup,**Koala** vs **Huntsman Spider**,true,User,Anonymous,true,🌐 Location,"Taipei, TPE, TW",true,📱 Device,Chrome on Linux,,,,,,,,,,,,,,,,,0,0,,,https://images-ext-1.discordapp.net/external/JNVOwhfRcEFw8VgKDMB9KwuZ8MKiLYwmegb7iAnEsqQ/https/animalbattlestats.com/images/icons/icon-192.png,https://animalbattlestats.com/images/icons/icon-192.png,0,2026-02-07T05:23:25.888000+00:00,⚔️ Battle Comparison,rich,0,,,false,,,,false,,,,,,,,,2026-02-07T05:23:26.253000+00:00,false,0,Animal Battle Stats,1446203750204047426
1469564136261423291,,,,,,true,,0000,0,,1446203750204047426,,0,Animal Battle Stats,,1446204139909550150,,,2026-02-07T05:23:13.266Z,,16739072,4,false,Matchup,**Koala** vs **Camel Spider**,true,User,Anonymous,true,🌐 Location,"Taipei, TPE, TW",true,📱 Device,Chrome on Linux,,,,,,,,,,,,,,,,,0,0,,,https://images-ext-1.discordapp.net/external/JNVOwhfRcEFw8VgKDMB9KwuZ8MKiLYwmegb7iAnEsqQ/https/animalbattlestats.com/images/icons/icon-192.png,https://animalbattlestats.com/images/icons/icon-192.png,0,2026-02-07T05:23:13.019000+00:00,⚔️ Battle Comparison,rich,0,,,false,,,,false,,,,,,,,,2026-02-07T05:23:13.266000+00:00,false,0,Animal Battle Stats,1446203750204047426
1469564101243043851,,,,,,true,,0000,0,,1446203750204047426,,0,Animal Battle Stats,,1446204139909550150,,,2026-02-07T05:23:04.917Z,,16739072,4,false,Matchup,**Koala** vs **Emperor Scorpion**,true,User,Anonymous,true,🌐 Location,"Taipei, TPE, TW",true,📱 Device,Chrome on Linux,,,,,,,,,,,,,,,,,0,0,,,https://images-ext-1.discordapp.net/external/JNVOwhfRcEFw8VgKDMB9KwuZ8MKiLYwmegb7iAnEsqQ/https/animalbattlestats.com/images/icons/icon-192.png,https://animalbattlestats.com/images/icons/icon-192.png,0,2026-02-07T05:23:04.628000+00:00,⚔️ Battle Comparison,rich,0,,,false,,,,false,,,,,,,,,2026-02-07T05:23:04.917000+00:00,false,0,Animal Battle Stats,1446203750204047426
1469564068032413849,,,,,,true,,0000,0,,1446203750204047426,,0,Animal Battle Stats,,1446204139909550150,,,2026-02-07T05:22:56.999Z,,16739072,4,false,Matchup,**Koala** vs **Deathstalker Scorpion**,true,User,Anonymous,true,🌐 Location,"Taipei, TPE, TW",true,📱 Device,Chrome on Linux,,,,,,,,,,,,,,,,,0,0,,,https://images-ext-1.discordapp.net/external/JNVOwhfRcEFw8VgKDMB9KwuZ8MKiLYwmegb7iAnEsqQ/https/animalbattlestats.com/images/icons/icon-192.png,https://animalbattlestats.com/images/icons/icon-192.png,0,2026-02-07T05:22:56.711000+00:00,⚔️ Battle Comparison,rich,0,,,false,,,,false,,,,,,,,,2026-02-07T05:22:56.999000+00:00,false,0,Animal Battle Stats,1446203750204047426
1469564033932722311,,,,,,true,,0000,0,,1446203750204047426,,0,Animal Battle Stats,,1446204139909550150,,,2026-02-07T05:22:48.869Z,,16739072,4,false,Matchup,**Koala** vs **Black Widow**,true,User,Anonymous,true,🌐 Location,"Taipei, TPE, TW",true,📱 Device,Chrome on Linux,,,,,,,,,,,,,,,,,0,0,,,https://images-ext-1.discordapp.net/external/JNVOwhfRcEFw8VgKDMB9KwuZ8MKiLYwmegb7iAnEsqQ/https/animalbattlestats.com/images/icons/icon-192.png,https://animalbattlestats.com/images/icons/icon-192.png,0,2026-02-07T05:22:48.585000+00:00,⚔️ Battle Comparison,rich,0,,,false,,,,false,,,,,,,,,2026-02-07T05:22:48.869000+00:00,false,0,Animal Battle Stats,1446203750204047426
1469563946976674016,,,,,,true,,0000,0,,1446203750204047426,,0,Animal Battle Stats,,1446204139909550150,,,2026-02-07T05:22:28.137Z,,16739072,4,false,Matchup,**Koala** vs **Tarantula Hawk**,true,User,Anonymous,true,🌐 Location,"Taipei, TPE, TW",true,📱 Device,Chrome on Linux,,,,,,,,,,,,,,,,,0,0,,,https://images-ext-1.discordapp.net/external/JNVOwhfRcEFw8VgKDMB9KwuZ8MKiLYwmegb7iAnEsqQ/https/animalbattlestats.com/images/icons/icon-192.png,https://animalbattlestats.com/images/icons/icon-192.png,0,2026-02-07T05:22:27.859000+00:00,⚔️ Battle Comparison,rich,0,,,false,,,,false,,,,,,,,,2026-02-07T05:22:28.137000+00:00,false,0,Animal Battle Stats,1446203750204047426
1469563891565592678,,,,,,true,,0000,0,,1446203750204047426,,0,Animal Battle Stats,,1446204139909550150,,,2026-02-07T05:22:14.926Z,,16739072,4,false,Matchup,**Koala** vs **Praying Mantis**,true,User,Anonymous,true,🌐 Location,"Taipei, TPE, TW",true,📱 Device,Chrome on Linux,,,,,,,,,,,,,,,,,0,0,,,https://images-ext-1.discordapp.net/external/JNVOwhfRcEFw8VgKDMB9KwuZ8MKiLYwmegb7iAnEsqQ/https/animalbattlestats.com/images/icons/icon-192.png,https://animalbattlestats.com/images/icons/icon-192.png,0,2026-02-07T05:22:14.609000+00:00,⚔️ Battle Comparison,rich,0,,,false,,,,false,,,,,,,,,2026-02-07T05:22:14.926000+00:00,false,0,Animal Battle Stats,1446203750204047426
1469563818865594388,,,,,,true,,0000,0,,1446203750204047426,,0,Animal Battle Stats,,1446204139909550150,,,2026-02-07T05:21:57.593Z,,16739072,4,false,Matchup,**Koala** vs **Hyena**,true,User,Anonymous,true,🌐 Location,"Taipei, TPE, TW",true,📱 Device,Chrome on Linux,,,,,,,,,,,,,,,,,0,0,,,https://images-ext-1.discordapp.net/external/JNVOwhfRcEFw8VgKDMB9KwuZ8MKiLYwmegb7iAnEsqQ/https/animalbattlestats.com/images/icons/icon-192.png,https://animalbattlestats.com/images/icons/icon-192.png,0,2026-02-07T05:21:57.241000+00:00,⚔️ Battle Comparison,rich,0,,,false,,,,false,,,,,,,,,2026-02-07T05:21:57.593000+00:00,false,0,Animal Battle Stats,1446203750204047426
1469563730298802249,,,,,,true,,0000,0,,1446203750204047426,,0,Animal Battle Stats,,1446204139909550150,,,2026-02-07T05:21:36.477Z,,16739072,4,false,Matchup,**Koala** vs **African Wild Dog**,true,User,Anonymous,true,🌐 Location,"Taipei, TPE, TW",true,📱 Device,Chrome on Linux,,,,,,,,,,,,,,,,,0,0,,,https://images-ext-1.discordapp.net/external/JNVOwhfRcEFw8VgKDMB9KwuZ8MKiLYwmegb7iAnEsqQ/https/animalbattlestats.com/images/icons/icon-192.png,https://animalbattlestats.com/images/icons/icon-192.png,0,2026-02-07T05:21:36.173000+00:00,⚔️ Battle Comparison,rich,0,,,false,,,,false,,,,,,,,,2026-02-07T05:21:36.477000+00:00,false,0,Animal Battle Stats,1446203750204047426
1469563658538582128,,,,,,true,,0000,0,,1446203750204047426,,0,Animal Battle Stats,,1446204139909550150,,,2026-02-07T05:21:19.368Z,,16739072,4,false,Matchup,**Koala** vs **Bison**,true,User,Anonymous,true,🌐 Location,"Taipei, TPE, TW",true,📱 Device,Chrome on Linux,,,,,,,,,,,,,,,,,0,0,,,https://images-ext-1.discordapp.net/external/JNVOwhfRcEFw8VgKDMB9KwuZ8MKiLYwmegb7iAnEsqQ/https/animalbattlestats.com/images/icons/icon-192.png,https://animalbattlestats.com/images/icons/icon-192.png,0,2026-02-07T05:21:19.100000+00:00,⚔️ Battle Comparison,rich,0,,,false,,,,false,,,,,,,,,2026-02-07T05:21:19.368000+00:00,false,0,Animal Battle Stats,1446203750204047426
1469563597809254453,,,,,,true,,0000,0,,1446203750204047426,,0,Animal Battle Stats,,1446204139909550150,,,2026-02-07T05:21:04.889Z,,16739072,4,false,Matchup,**Koala** vs **Elk**,true,User,Anonymous,true,🌐 Location,"Taipei, TPE, TW",true,📱 Device,Chrome on Linux,,,,,,,,,,,,,,,,,0,0,,,https://images-ext-1.discordapp.net/external/JNVOwhfRcEFw8VgKDMB9KwuZ8MKiLYwmegb7iAnEsqQ/https/animalbattlestats.com/images/icons/icon-192.png,https://animalbattlestats.com/images/icons/icon-192.png,0,2026-02-07T05:21:04.580000+00:00,⚔️ Battle Comparison,rich,0,,,false,,,,false,,,,,,,,,2026-02-07T05:21:04.889000+00:00,false,0,Animal Battle Stats,1446203750204047426
1469563576518840436,,,,,,true,,0000,0,,1446203750204047426,,0,Animal Battle Stats,,1446204139909550150,,,2026-02-07T05:20:59.813Z,,16739072,4,false,Matchup,**Koala** vs **African Elephant**,true,User,Anonymous,true,🌐 Location,"Taipei, TPE, TW",true,📱 Device,Chrome on Linux,,,,,,,,,,,,,,,,,0,0,,,https://images-ext-1.discordapp.net/external/JNVOwhfRcEFw8VgKDMB9KwuZ8MKiLYwmegb7iAnEsqQ/https/animalbattlestats.com/images/icons/icon-192.png,https://animalbattlestats.com/images/icons/icon-192.png,0,2026-02-07T05:20:59.525000+00:00,⚔️ Battle Comparison,rich,0,,,false,,,,false,,,,,,,,,2026-02-07T05:20:59.813000+00:00,false,0,Animal Battle Stats,1446203750204047426
1469563481505271918,,,,,,true,,0000,0,,1446203750204047426,,0,Animal Battle Stats,,1446204139909550150,,,2026-02-07T05:20:37.160Z,,16739072,4,false,Matchup,**Koala** vs **African Elephant**,true,User,Anonymous,true,🌐 Location,"Taipei, TPE, TW",true,📱 Device,Chrome on Linux,,,,,,,,,,,,,,,,,0,0,,,https://images-ext-1.discordapp.net/external/JNVOwhfRcEFw8VgKDMB9KwuZ8MKiLYwmegb7iAnEsqQ/https/animalbattlestats.com/images/icons/icon-192.png,https://animalbattlestats.com/images/icons/icon-192.png,0,2026-02-07T05:20:36.849000+00:00,⚔️ Battle Comparison,rich,0,,,false,,,,false,,,,,,,,,2026-02-07T05:20:37.160000+00:00,false,0,Animal Battle Stats,1446203750204047426
1469563434512158762,,,,,,true,,0000,0,,1446203750204047426,,0,Animal Battle Stats,,1446204139909550150,,,2026-02-07T05:20:25.956Z,,16739072,4,false,Matchup,**Koala** vs **Clouded Leopard**,true,User,Anonymous,true,🌐 Location,"Taipei, TPE, TW",true,📱 Device,Chrome on Linux,,,,,,,,,,,,,,,,,0,0,,,https://images-ext-1.discordapp.net/external/JNVOwhfRcEFw8VgKDMB9KwuZ8MKiLYwmegb7iAnEsqQ/https/animalbattlestats.com/images/icons/icon-192.png,https://animalbattlestats.com/images/icons/icon-192.png,0,2026-02-07T05:20:25.685000+00:00,⚔️ Battle Comparison,rich,0,,,false,,,,false,,,,,,,,,2026-02-07T05:20:25.956000+00:00,false,0,Animal Battle Stats,1446203750204047426
1469563377054519326,,,,,,true,,0000,0,,1446203750204047426,,0,Animal Battle Stats,,1446204139909550150,,,2026-02-07T05:20:12.257Z,,16739072,4,false,Matchup,**Koala** vs **Hummingbird**,true,User,Anonymous,true,🌐 Location,"Taipei, TPE, TW",true,📱 Device,Chrome on Linux,,,,,,,,,,,,,,,,,0,0,,,https://images-ext-1.discordapp.net/external/JNVOwhfRcEFw8VgKDMB9KwuZ8MKiLYwmegb7iAnEsqQ/https/animalbattlestats.com/images/icons/icon-192.png,https://animalbattlestats.com/images/icons/icon-192.png,0,2026-02-07T05:20:11.994000+00:00,⚔️ Battle Comparison,rich,0,,,false,,,,false,,,,,,,,,2026-02-07T05:20:12.257000+00:00,false,0,Animal Battle Stats,1446203750204047426
1469563338240426007,,,,,,true,,0000,0,,1446203750204047426,,0,Animal Battle Stats,,1446204139909550150,,,2026-02-07T05:20:03.003Z,,16739072,4,false,Matchup,**Koala** vs **Goliath Birdeater**,true,User,Anonymous,true,🌐 Location,"Taipei, TPE, TW",true,📱 Device,Chrome on Linux,,,,,,,,,,,,,,,,,0,0,,,https://images-ext-1.discordapp.net/external/JNVOwhfRcEFw8VgKDMB9KwuZ8MKiLYwmegb7iAnEsqQ/https/animalbattlestats.com/images/icons/icon-192.png,https://animalbattlestats.com/images/icons/icon-192.png,0,2026-02-07T05:20:02.573000+00:00,⚔️ Battle Comparison,rich,0,,,false,,,,false,,,,,,,,,2026-02-07T05:20:03.003000+00:00,false,0,Animal Battle Stats,1446203750204047426
1469563278559674513,,,,,,true,,0000,0,,1446203750204047426,,0,Animal Battle Stats,,1446204139909550150,,,2026-02-07T05:19:48.774Z,,16739072,4,false,Matchup,**Koala** vs **Megalodon**,true,User,Anonymous,true,🌐 Location,"Taipei, TPE, TW",true,📱 Device,Chrome on Linux,,,,,,,,,,,,,,,,,0,0,,,https://images-ext-1.discordapp.net/external/JNVOwhfRcEFw8VgKDMB9KwuZ8MKiLYwmegb7iAnEsqQ/https/animalbattlestats.com/images/icons/icon-192.png,https://animalbattlestats.com/images/icons/icon-192.png,0,2026-02-07T05:19:48.463000+00:00,⚔️ Battle Comparison,rich,0,,,false,,,,false,,,,,,,,,2026-02-07T05:19:48.774000+00:00,false,0,Animal Battle Stats,1446203750204047426
1469563221642838202,,,,,,true,,0000,0,,1446203750204047426,,0,Animal Battle Stats,,1446204139909550150,,,2026-02-07T05:19:35.204Z,,16739072,4,false,Matchup,**Koala** vs **Snapping Turtle**,true,User,Anonymous,true,🌐 Location,"Taipei, TPE, TW",true,📱 Device,Chrome on Linux,,,,,,,,,,,,,,,,,0,0,,,https://images-ext-1.discordapp.net/external/JNVOwhfRcEFw8VgKDMB9KwuZ8MKiLYwmegb7iAnEsqQ/https/animalbattlestats.com/images/icons/icon-192.png,https://animalbattlestats.com/images/icons/icon-192.png,0,2026-02-07T05:19:34.842000+00:00,⚔️ Battle Comparison,rich,0,,,false,,,,false,,,,,,,,,2026-02-07T05:19:35.204000+00:00,false,0,Animal Battle Stats,1446203750204047426
1469563166680944907,,,,,,true,,0000,0,,1446203750204047426,,0,Animal Battle Stats,,1446204139909550150,,,2026-02-07T05:19:22.100Z,,6710886,4,true,User,Anonymous,true,🔗 Page,/compare,true,🌐 Location,"Taipei, TPE, TW",true,🕐 Session Duration,0s,,,,,,,,,,,,,,,,,0,0,,,https://images-ext-1.discordapp.net/external/JNVOwhfRcEFw8VgKDMB9KwuZ8MKiLYwmegb7iAnEsqQ/https/animalbattlestats.com/images/icons/icon-192.png,https://animalbattlestats.com/images/icons/icon-192.png,0,2026-02-07T05:19:20.964000+00:00,👋 User Left Site,rich,0,,,false,,,,false,,,,,,,,,2026-02-07T05:19:22.100000+00:00,false,0,Animal Battle Stats,1446203750204047426
1469563165908930712,,,,,,true,,0000,0,,1446203750204047426,,0,Animal Battle Stats,,1446204139909550150,,,2026-02-07T05:19:21.916Z,,4491519,4,true,Visitor,Anonymous,true,🔗 Page,/compare,true,🌐 Location,"Taipei, TPE, TW",true,📱 Device,Chrome on Linux,true,📐 Screen,360x780,true,🌐 Language,zh-TW,,,,,,,,,,,0,0,,,https://images-ext-1.discordapp.net/external/JNVOwhfRcEFw8VgKDMB9KwuZ8MKiLYwmegb7iAnEsqQ/https/animalbattlestats.com/images/icons/icon-192.png,https://animalbattlestats.com/images/icons/icon-192.png,0,2026-02-07T05:19:21.634000+00:00,👀 Site Visit,rich,0,,,false,,,,false,,,,,,,,,2026-02-07T05:19:21.916000+00:00,false,0,Animal Battle Stats,1446203750204047426
1469563161521815748,,,,,,true,,0000,0,,1446203750204047426,,0,Animal Battle Stats,,1446204139909550150,,,2026-02-07T05:19:20.870Z,,4491519,4,true,Visitor,Anonymous,true,🔗 Page,/compare,true,🌐 Location,"Taipei, TPE, TW",true,📱 Device,Chrome on Linux,true,📐 Screen,360x780,true,🌐 Language,zh-TW,,,,,,,,,,,0,0,,,https://images-ext-1.discordapp.net/external/JNVOwhfRcEFw8VgKDMB9KwuZ8MKiLYwmegb7iAnEsqQ/https/animalbattlestats.com/images/icons/icon-192.png,https://animalbattlestats.com/images/icons/icon-192.png,0,2026-02-07T05:19:20.620000+00:00,👀 Site Visit,rich,0,,,false,,,,false,,,,,,,,,2026-02-07T05:19:20.870000+00:00,false,0,Animal Battle Stats,1446203750204047426
1469563157415596064,,,,,,true,,0000,0,,1446203750204047426,,0,Animal Battle Stats,,1446204139909550150,,,2026-02-07T05:19:19.891Z,,6710886,4,true,User,Anonymous,true,🔗 Page,/stats,true,🌐 Location,"Taipei, TPE, TW",true,🕐 Session Duration,22s,,,,,,,,,,,,,,,,,0,0,,,https://images-ext-1.discordapp.net/external/JNVOwhfRcEFw8VgKDMB9KwuZ8MKiLYwmegb7iAnEsqQ/https/animalbattlestats.com/images/icons/icon-192.png,https://animalbattlestats.com/images/icons/icon-192.png,0,2026-02-07T05:19:19.693000+00:00,👋 User Left Site,rich,0,,,false,,,,false,,,,,,,,,2026-02-07T05:19:19.891000+00:00,false,0,Animal Battle Stats,1446203750204047426
1469563108090449999,,,,,,true,,0000,0,,1446203750204047426,,0,Animal Battle Stats,,1446204139909550150,,,2026-02-07T05:19:08.131Z,,16739072,4,false,Matchup,**Koala** vs **Tiger Shark**,true,User,Anonymous,true,🌐 Location,"Taipei, TPE, TW",true,📱 Device,Chrome on Linux,,,,,,,,,,,,,,,,,0,0,,,https://images-ext-1.discordapp.net/external/JNVOwhfRcEFw8VgKDMB9KwuZ8MKiLYwmegb7iAnEsqQ/https/animalbattlestats.com/images/icons/icon-192.png,https://animalbattlestats.com/images/icons/icon-192.png,0,2026-02-07T05:19:07.167000+00:00,⚔️ Battle Comparison,rich,0,,,false,,,,false,,,,,,,,,2026-02-07T05:19:08.131000+00:00,false,0,Animal Battle Stats,1446203750204047426
1469563064650301462,,,,,,true,,0000,0,,1446203750204047426,,0,Animal Battle Stats,,1446204139909550150,,,2026-02-07T05:18:57.774Z,,4491519,4,true,Visitor,Anonymous,true,🔗 Page,/compare,true,🌐 Location,"Taipei, TPE, TW",true,📱 Device,Chrome on Linux,true,📐 Screen,360x780,true,🌐 Language,zh-TW,,,,,,,,,,,0,0,,,https://images-ext-1.discordapp.net/external/JNVOwhfRcEFw8VgKDMB9KwuZ8MKiLYwmegb7iAnEsqQ/https/animalbattlestats.com/images/icons/icon-192.png,https://animalbattlestats.com/images/icons/icon-192.png,0,2026-02-07T05:18:57.521000+00:00,👀 Site Visit,rich,0,,,false,,,,false,,,,,,,,,2026-02-07T05:18:57.774000+00:00,false,0,Animal Battle Stats,1446203750204047426
1469563059340185600,,,,,,true,,0000,0,,1446203750204047426,,0,Animal Battle Stats,,1446204139909550150,,,2026-02-07T05:18:56.508Z,,6710886,4,true,User,Anonymous,true,🔗 Page,/stats/koala,true,🌐 Location,"Taipei, TPE, TW",true,🕐 Session Duration,3m 55s,,,,,,,,,,,,,,,,,0,0,,,https://images-ext-1.discordapp.net/external/JNVOwhfRcEFw8VgKDMB9KwuZ8MKiLYwmegb7iAnEsqQ/https/animalbattlestats.com/images/icons/icon-192.png,https://animalbattlestats.com/images/icons/icon-192.png,0,2026-02-07T05:18:56.183000+00:00,👋 User Left Site,rich,0,,,false,,,,false,,,,,,,,,2026-02-07T05:18:56.508000+00:00,false,0,Animal Battle Stats,1446203750204047426
1469562074341576922,,,,,,true,,0000,0,,1446203750204047426,,0,Animal Battle Stats,,1446204139909550150,,,2026-02-07T05:15:01.666Z,,4491519,4,true,Visitor,Anonymous,true,🔗 Page,/stats,true,🌐 Location,"Taipei, TPE, TW",true,📱 Device,Chrome on Linux,true,📐 Screen,360x780,true,🌐 Language,zh-TW,,,,,,,,,,,0,0,,,https://images-ext-1.discordapp.net/external/JNVOwhfRcEFw8VgKDMB9KwuZ8MKiLYwmegb7iAnEsqQ/https/animalbattlestats.com/images/icons/icon-192.png,https://animalbattlestats.com/images/icons/icon-192.png,0,2026-02-07T05:15:01.407000+00:00,👀 Site Visit,rich,0,,,false,,,,false,,,,,,,,,2026-02-07T05:15:01.666000+00:00,false,0,Animal Battle Stats,1446203750204047426
1469562070793060504,,,,,,true,,0000,0,,1446203750204047426,,0,Animal Battle Stats,,1446204139909550150,,,2026-02-07T05:15:00.820Z,,6710886,4,true,User,Anonymous,true,🔗 Page,/rankings,true,🌐 Location,"Taipei, TPE, TW",true,🕐 Session Duration,31s,,,,,,,,,,,,,,,,,0,0,,,https://images-ext-1.discordapp.net/external/JNVOwhfRcEFw8VgKDMB9KwuZ8MKiLYwmegb7iAnEsqQ/https/animalbattlestats.com/images/icons/icon-192.png,https://animalbattlestats.com/images/icons/icon-192.png,0,2026-02-07T05:15:00.384000+00:00,👋 User Left Site,rich,0,,,false,,,,false,,,,,,,,,2026-02-07T05:15:00.820000+00:00,false,0,Animal Battle Stats,1446203750204047426
1469561938668294406,,,,,,true,,0000,0,,1446203750204047426,,0,Animal Battle Stats,,1446204139909550150,,,2026-02-07T05:14:29.319Z,,4491519,4,true,Visitor,Anonymous,true,🔗 Page,/rankings,true,🌐 Location,"Taipei, TPE, TW",true,📱 Device,Chrome on Linux,true,📐 Screen,360x780,true,🌐 Language,zh-TW,,,,,,,,,,,0,0,,,https://images-ext-1.discordapp.net/external/JNVOwhfRcEFw8VgKDMB9KwuZ8MKiLYwmegb7iAnEsqQ/https/animalbattlestats.com/images/icons/icon-192.png,https://animalbattlestats.com/images/icons/icon-192.png,0,2026-02-07T05:14:29.045000+00:00,👀 Site Visit,rich,0,,,false,,,,false,,,,,,,,,2026-02-07T05:14:29.319000+00:00,false,0,Animal Battle Stats,1446203750204047426
1469561933450711135,,,,,,true,,0000,0,,1446203750204047426,,0,Animal Battle Stats,,1446204139909550150,,,2026-02-07T05:14:28.075Z,,6710886,4,true,User,Anonymous,true,🔗 Page,/stats,true,🌐 Location,"Taipei, TPE, TW",true,🕐 Session Duration,5s,,,,,,,,,,,,,,,,,0,0,,,https://images-ext-1.discordapp.net/external/JNVOwhfRcEFw8VgKDMB9KwuZ8MKiLYwmegb7iAnEsqQ/https/animalbattlestats.com/images/icons/icon-192.png,https://animalbattlestats.com/images/icons/icon-192.png,0,2026-02-07T05:14:27.856000+00:00,👋 User Left Site,rich,0,,,false,,,,false,,,,,,,,,2026-02-07T05:14:28.075000+00:00,false,0,Animal Battle Stats,1446203750204047426
1469561914634932369,,,,,,true,,0000,0,,1446203750204047426,,0,Animal Battle Stats,,1446204139909550150,,,2026-02-07T05:14:23.589Z,,4491519,4,true,Visitor,Anonymous,true,🔗 Page,/stats,true,🌐 Location,"Taipei, TPE, TW",true,📱 Device,Chrome on Linux,true,📐 Screen,360x780,true,🌐 Language,zh-TW,,,,,,,,,,,0,0,,,https://images-ext-1.discordapp.net/external/JNVOwhfRcEFw8VgKDMB9KwuZ8MKiLYwmegb7iAnEsqQ/https/animalbattlestats.com/images/icons/icon-192.png,https://animalbattlestats.com/images/icons/icon-192.png,0,2026-02-07T05:14:23.312000+00:00,👀 Site Visit,rich,0,,,false,,,,false,,,,,,,,,2026-02-07T05:14:23.589000+00:00,false,0,Animal Battle Stats,1446203750204047426
1469561910168129691,,,,,,true,,0000,0,,1446203750204047426,,0,Animal Battle Stats,,1446204139909550150,,,2026-02-07T05:14:22.524Z,,6710886,4,true,User,Anonymous,true,🔗 Page,/stats/tiger-shark,true,🌐 Location,"Taipei, TPE, TW",true,🕐 Session Duration,4m 21s,,,,,,,,,,,,,,,,,0,0,,,https://images-ext-1.discordapp.net/external/JNVOwhfRcEFw8VgKDMB9KwuZ8MKiLYwmegb7iAnEsqQ/https/animalbattlestats.com/images/icons/icon-192.png,https://animalbattlestats.com/images/icons/icon-192.png,0,2026-02-07T05:14:22.257000+00:00,👋 User Left Site,rich,0,,,false,,,,false,,,,,,,,,2026-02-07T05:14:22.524000+00:00,false,0,Animal Battle Stats,1446203750204047426
1469561721390764137,,,,,,true,,0000,0,,1446203750204047426,,0,Animal Battle Stats,,1446204139909550150,,,2026-02-07T05:13:37.516Z,,16739072,4,false,Matchup,**Saltwater Crocodile** vs **Tiger Shark**,true,User,Anonymous,true,🌐 Location,"Fenton, MI, US",true,📱 Device,Safari on macOS,,,,,,,,,,,,,,,,,0,0,,,https://images-ext-1.discordapp.net/external/JNVOwhfRcEFw8VgKDMB9KwuZ8MKiLYwmegb7iAnEsqQ/https/animalbattlestats.com/images/icons/icon-192.png,https://animalbattlestats.com/images/icons/icon-192.png,0,2026-02-07T05:13:37.095000+00:00,⚔️ Battle Comparison,rich,0,,,false,,,,false,,,,,,,,,2026-02-07T05:13:37.516000+00:00,false,0,Animal Battle Stats,1446203750204047426
1469561598182948874,,,,,,true,,0000,0,,1446203750204047426,,0,Animal Battle Stats,,1446204139909550150,,,2026-02-07T05:13:08.141Z,,4491519,4,true,Visitor,Anonymous,true,🔗 Page,/,true,🌐 Location,"Fenton, MI, US",true,📱 Device,Safari on macOS,true,📐 Screen,390x844,true,🌐 Language,en-US,,,,,,,,,,,0,0,,,https://images-ext-1.discordapp.net/external/JNVOwhfRcEFw8VgKDMB9KwuZ8MKiLYwmegb7iAnEsqQ/https/animalbattlestats.com/images/icons/icon-192.png,https://animalbattlestats.com/images/icons/icon-192.png,0,2026-02-07T05:13:07.805000+00:00,👀 Site Visit,rich,0,,,false,,,,false,,,,,,,,,2026-02-07T05:13:08.141000+00:00,false,0,Animal Battle Stats,1446203750204047426
1469560818084614308,,,,,,true,,0000,0,,1446203750204047426,,0,Animal Battle Stats,,1446204139909550150,,,2026-02-07T05:10:02.151Z,,4491519,4,true,Visitor,Anonymous,true,🔗 Page,/stats,true,🌐 Location,"Taipei, TPE, TW",true,📱 Device,Chrome on Linux,true,📐 Screen,360x780,true,🌐 Language,zh-TW,,,,,,,,,,,0,0,,,https://images-ext-1.discordapp.net/external/JNVOwhfRcEFw8VgKDMB9KwuZ8MKiLYwmegb7iAnEsqQ/https/animalbattlestats.com/images/icons/icon-192.png,https://animalbattlestats.com/images/icons/icon-192.png,0,2026-02-07T05:10:01.805000+00:00,👀 Site Visit,rich,0,,,false,,,,false,,,,,,,,,2026-02-07T05:10:02.151000+00:00,false,0,Animal Battle Stats,1446203750204047426
1469560813760151622,,,,,,true,,0000,0,,1446203750204047426,,0,Animal Battle Stats,,1446204139909550150,,,2026-02-07T05:10:01.120Z,,6710886,4,true,User,Anonymous,true,🔗 Page,/stats/koala,true,🌐 Location,"Taipei, TPE, TW",true,🕐 Session Duration,1m 15s,,,,,,,,,,,,,,,,,0,0,,,https://images-ext-1.discordapp.net/external/JNVOwhfRcEFw8VgKDMB9KwuZ8MKiLYwmegb7iAnEsqQ/https/animalbattlestats.com/images/icons/icon-192.png,https://animalbattlestats.com/images/icons/icon-192.png,0,2026-02-07T05:09:59.971000+00:00,👋 User Left Site,rich,0,,,false,,,,false,,,,,,,,,2026-02-07T05:10:01.120000+00:00,false,0,Animal Battle Stats,1446203750204047426
1469560810891251795,,,,,,true,,0000,0,,1446203750204047426,,0,Animal Battle Stats,,1446204139909550150,,,2026-02-07T05:10:00.436Z,,4491519,4,true,Visitor,Anonymous,true,🔗 Page,/,true,🌐 Location,"Taipei, TPE, TW",true,📱 Device,Chrome on Linux,true,📐 Screen,360x780,true,🌐 Language,zh-TW,,,,,,,,,,,0,0,,,https://images-ext-1.discordapp.net/external/JNVOwhfRcEFw8VgKDMB9KwuZ8MKiLYwmegb7iAnEsqQ/https/animalbattlestats.com/images/icons/icon-192.png,https://animalbattlestats.com/images/icons/icon-192.png,0,2026-02-07T05:08:44.560000+00:00,👀 Site Visit,rich,0,,,false,,,,false,,,,,,,,,2026-02-07T05:10:00.436000+00:00,false,0,Animal Battle Stats,1446203750204047426
1469503012744597607,,,,,,true,,0000,0,,1446203750204047426,,0,Animal Battle Stats,,1446204139909550150,,,2026-02-07T01:20:20.284Z,,16739072,4,false,Matchup,**Hellbender** vs **Tarantula Hawk**,true,User,Anonymous,true,🌐 Location,"Auburn, AL, US",true,🖥️ Device,Chrome on Windows,,,,,,,,,,,,,,,,,0,0,,,https://images-ext-1.discordapp.net/external/JNVOwhfRcEFw8VgKDMB9KwuZ8MKiLYwmegb7iAnEsqQ/https/animalbattlestats.com/images/icons/icon-192.png,https://animalbattlestats.com/images/icons/icon-192.png,0,2026-02-07T01:20:19.702000+00:00,⚔️ Battle Comparison,rich,0,,,false,,,,false,,,,,,,,,2026-02-07T01:20:20.284000+00:00,false,0,Animal Battle Stats,1446203750204047426
1469471047127535775,,,,,,true,,0000,0,,1446203750204047426,,0,Animal Battle Stats,,1446204139909550150,,,2026-02-06T23:13:19.087Z,,16739072,4,false,Matchup,**Gorilla** vs **Cheetah**,true,User,Anonymous,true,🌐 Location,"Motherwell, SCT, GB",true,🖥️ Device,Firefox on Windows,,,,,,,,,,,,,,,,,0,0,,,https://images-ext-1.discordapp.net/external/JNVOwhfRcEFw8VgKDMB9KwuZ8MKiLYwmegb7iAnEsqQ/https/animalbattlestats.com/images/icons/icon-192.png,https://animalbattlestats.com/images/icons/icon-192.png,0,2026-02-06T23:13:18.747000+00:00,⚔️ Battle Comparison,rich,0,,,false,,,,false,,,,,,,,,2026-02-06T23:13:19.087000+00:00,false,0,Animal Battle Stats,1446203750204047426
1469470997542469735,,,,,,true,,0000,0,,1446203750204047426,,0,Animal Battle Stats,,1446204139909550150,,,2026-02-06T23:13:07.265Z,,16739072,4,false,Matchup,**Camel** vs **Gorilla**,true,User,Anonymous,true,🌐 Location,"Motherwell, SCT, GB",true,🖥️ Device,Firefox on Windows,,,,,,,,,,,,,,,,,0,0,,,https://images-ext-1.discordapp.net/external/JNVOwhfRcEFw8VgKDMB9KwuZ8MKiLYwmegb7iAnEsqQ/https/animalbattlestats.com/images/icons/icon-192.png,https://animalbattlestats.com/images/icons/icon-192.png,0,2026-02-06T23:13:06.935000+00:00,⚔️ Battle Comparison,rich,0,,,false,,,,false,,,,,,,,,2026-02-06T23:13:07.265000+00:00,false,0,Animal Battle Stats,1446203750204047426
1469470929129177344,,,,,,true,,0000,0,,1446203750204047426,,0,Animal Battle Stats,,1446204139909550150,,,2026-02-06T23:12:50.954Z,,16739072,4,false,Matchup,**Gorilla** vs **Black Panther**,true,User,Anonymous,true,🌐 Location,"Motherwell, SCT, GB",true,🖥️ Device,Firefox on Windows,,,,,,,,,,,,,,,,,0,0,,,https://images-ext-1.discordapp.net/external/JNVOwhfRcEFw8VgKDMB9KwuZ8MKiLYwmegb7iAnEsqQ/https/animalbattlestats.com/images/icons/icon-192.png,https://animalbattlestats.com/images/icons/icon-192.png,0,2026-02-06T23:12:50.675000+00:00,⚔️ Battle Comparison,rich,0,,,false,,,,false,,,,,,,,,2026-02-06T23:12:50.954000+00:00,false,0,Animal Battle Stats,1446203750204047426
1469470787944579306,,,,,,true,,0000,0,,1446203750204047426,,0,Animal Battle Stats,,1446204139909550150,,,2026-02-06T23:12:17.293Z,,16739072,4,false,Matchup,**Grizzly Bear** vs **Siberian Tiger**,true,User,Anonymous,true,🌐 Location,"Motherwell, SCT, GB",true,🖥️ Device,Firefox on Windows,,,,,,,,,,,,,,,,,0,0,,,https://images-ext-1.discordapp.net/external/JNVOwhfRcEFw8VgKDMB9KwuZ8MKiLYwmegb7iAnEsqQ/https/animalbattlestats.com/images/icons/icon-192.png,https://animalbattlestats.com/images/icons/icon-192.png,0,2026-02-06T23:12:16.985000+00:00,⚔️ Battle Comparison,rich,0,,,false,,,,false,,,,,,,,,2026-02-06T23:12:17.293000+00:00,false,0,Animal Battle Stats,1446203750204047426
1469470786657063170,,,,,,true,,0000,0,,1446203750204047426,,0,Animal Battle Stats,,1446204139909550150,,,2026-02-06T23:12:16.986Z,,16739072,4,false,Matchup,**Grizzly Bear** vs **Siberian Tiger**,true,User,Anonymous,true,🌐 Location,"Motherwell, SCT, GB",true,🖥️ Device,Firefox on Windows,,,,,,,,,,,,,,,,,0,0,,,https://images-ext-1.discordapp.net/external/JNVOwhfRcEFw8VgKDMB9KwuZ8MKiLYwmegb7iAnEsqQ/https/animalbattlestats.com/images/icons/icon-192.png,https://animalbattlestats.com/images/icons/icon-192.png,0,2026-02-06T23:12:16.296000+00:00,⚔️ Battle Comparison,rich,0,,,false,,,,false,,,,,,,,,2026-02-06T23:12:16.986000+00:00,false,0,Animal Battle Stats,1446203750204047426
1469454937779077323,,,,,,true,,0000,0,,1446203750204047426,,0,Animal Battle Stats,,1446204139909550150,,,2026-02-06T22:09:18.319Z,,4491519,4,true,Visitor,Anonymous,true,🔗 Page,/rankings,true,🌐 Location,"Miami, FL, US",true,📱 Device,Safari on macOS,true,📐 Screen,414x896,true,🌐 Language,en-US,,,,,,,,,,,0,0,,,https://images-ext-1.discordapp.net/external/JNVOwhfRcEFw8VgKDMB9KwuZ8MKiLYwmegb7iAnEsqQ/https/animalbattlestats.com/images/icons/icon-192.png,https://animalbattlestats.com/images/icons/icon-192.png,0,2026-02-06T22:09:17.997000+00:00,👀 Site Visit,rich,0,,,false,,,,false,,,,,,,,,2026-02-06T22:09:18.319000+00:00,false,0,Animal Battle Stats,1446203750204047426
1469454644932509868,,,,,,true,,0000,0,,1446203750204047426,,0,Animal Battle Stats,,1446204139909550150,,,2026-02-06T22:08:08.499Z,,4491519,4,true,Visitor,Anonymous,true,🔗 Page,/rankings,true,🌐 Location,"Miami, FL, US",true,📱 Device,Safari on macOS,true,📐 Screen,414x896,true,🌐 Language,en-US,,,,,,,,,,,0,0,,,https://images-ext-1.discordapp.net/external/JNVOwhfRcEFw8VgKDMB9KwuZ8MKiLYwmegb7iAnEsqQ/https/animalbattlestats.com/images/icons/icon-192.png,https://animalbattlestats.com/images/icons/icon-192.png,0,2026-02-06T22:08:08.239000+00:00,👀 Site Visit,rich,0,,,false,,,,false,,,,,,,,,2026-02-06T22:08:08.499000+00:00,false,0,Animal Battle Stats,1446203750204047426
1469454642890019012,,,,,,true,,0000,0,,1446203750204047426,,0,Animal Battle Stats,,1446204139909550150,,,2026-02-06T22:08:08.012Z,,4491519,4,true,Visitor,Anonymous,true,🔗 Page,/rankings,true,🌐 Location,"Miami, FL, US",true,📱 Device,Safari on macOS,true,📐 Screen,414x896,true,🌐 Language,en-US,,,,,,,,,,,0,0,,,https://images-ext-1.discordapp.net/external/JNVOwhfRcEFw8VgKDMB9KwuZ8MKiLYwmegb7iAnEsqQ/https/animalbattlestats.com/images/icons/icon-192.png,https://animalbattlestats.com/images/icons/icon-192.png,0,2026-02-06T22:07:43.643000+00:00,👀 Site Visit,rich,0,,,false,,,,false,,,,,,,,,2026-02-06T22:08:08.012000+00:00,false,0,Animal Battle Stats,1446203750204047426
1469450236744171749,,,,,,true,,0000,0,,1446203750204047426,,0,Animal Battle Stats,,1446204139909550150,,,2026-02-06T21:50:37.505Z,,16739072,4,false,Matchup,**Caracal** vs **Snow Leopard**,true,User,Anonymous,true,🌐 Location,"Twinsburg, OH, US",true,🖥️ Device,Chrome on Windows,,,,,,,,,,,,,,,,,0,0,,,https://images-ext-1.discordapp.net/external/JNVOwhfRcEFw8VgKDMB9KwuZ8MKiLYwmegb7iAnEsqQ/https/animalbattlestats.com/images/icons/icon-192.png,https://animalbattlestats.com/images/icons/icon-192.png,0,2026-02-06T21:50:37.016000+00:00,⚔️ Battle Comparison,rich,0,,,false,,,,false,,,,,,,,,2026-02-06T21:50:37.505000+00:00,false,0,Animal Battle Stats,1446203750204047426
1469449965633011802,,,,,,true,,0000,0,,1446203750204047426,,0,Animal Battle Stats,,1446204139909550150,,,2026-02-06T21:49:32.867Z,,6710886,4,true,User,Anonymous,true,🔗 Page,/tournament,true,🌐 Location,"Pittsburgh, PA, US",true,🕐 Session Duration,11m 16s,,,,,,,,,,,,,,,,,0,0,,,https://images-ext-1.discordapp.net/external/JNVOwhfRcEFw8VgKDMB9KwuZ8MKiLYwmegb7iAnEsqQ/https/animalbattlestats.com/images/icons/icon-192.png,https://animalbattlestats.com/images/icons/icon-192.png,0,2026-02-06T21:49:32.595000+00:00,👋 User Left Site,rich,0,,,false,,,,false,,,,,,,,,2026-02-06T21:49:32.867000+00:00,false,0,Animal Battle Stats,1446203750204047426
1469449012087226631,,,,,,true,,0000,0,,1446203750204047426,,0,Animal Battle Stats,,1446204139909550150,,,2026-02-06T21:45:45.524Z,,16739072,4,false,Matchup,**Anteater** vs **Gray Wolf**,true,User,Anonymous,true,🌐 Location,"Twinsburg, OH, US",true,🖥️ Device,Chrome on Windows,,,,,,,,,,,,,,,,,0,0,,,https://images-ext-1.discordapp.net/external/JNVOwhfRcEFw8VgKDMB9KwuZ8MKiLYwmegb7iAnEsqQ/https/animalbattlestats.com/images/icons/icon-192.png,https://animalbattlestats.com/images/icons/icon-192.png,0,2026-02-06T21:45:45.282000+00:00,⚔️ Battle Comparison,rich,0,,,false,,,,false,,,,,,,,,2026-02-06T21:45:45.524000+00:00,false,0,Animal Battle Stats,1446203750204047426
1469448880163786944,,,,,,true,,0000,0,,1446203750204047426,,0,Animal Battle Stats,,1446204139909550150,,,2026-02-06T21:45:14.071Z,,4491519,4,true,Visitor,Anonymous,true,🔗 Page,/,true,🌐 Location,"Twinsburg, OH, US",true,🖥️ Device,Chrome on Windows,true,📐 Screen,1920x1080,true,🌐 Language,en-US,,,,,,,,,,,0,0,,,https://images-ext-1.discordapp.net/external/JNVOwhfRcEFw8VgKDMB9KwuZ8MKiLYwmegb7iAnEsqQ/https/animalbattlestats.com/images/icons/icon-192.png,https://animalbattlestats.com/images/icons/icon-192.png,0,2026-02-06T21:45:13.766000+00:00,👀 Site Visit,rich,0,,,false,,,,false,,,,,,,,,2026-02-06T21:45:14.071000+00:00,false,0,Animal Battle Stats,1446203750204047426
1469448862258171914,,,,,,true,,0000,0,,1446203750204047426,,0,Animal Battle Stats,,1446204139909550150,,,2026-02-06T21:45:09.802Z,,4491519,4,true,Visitor,Anonymous,true,🔗 Page,/,true,🌐 Location,"WA, US",true,🖥️ Device,Chrome on Unknown,true,📐 Screen,800x600,true,🌐 Language,en-US,,,,,,,,,,,0,0,,,https://images-ext-1.discordapp.net/external/JNVOwhfRcEFw8VgKDMB9KwuZ8MKiLYwmegb7iAnEsqQ/https/animalbattlestats.com/images/icons/icon-192.png,https://animalbattlestats.com/images/icons/icon-192.png,0,2026-02-06T21:45:09.261000+00:00,👀 Site Visit,rich,0,,,false,,,,false,,,,,,,,,2026-02-06T21:45:09.802000+00:00,false,0,Animal Battle Stats,1446203750204047426
1469448027537149952,,,,,,true,,0000,0,,1446203750204047426,,0,Animal Battle Stats,,1446204139909550150,,,2026-02-06T21:41:50.789Z,,4491519,4,true,Visitor,Anonymous,true,🔗 Page,/,true,🌐 Location,"Miami, FL, US",true,📱 Device,Safari on macOS,true,📐 Screen,414x896,true,🌐 Language,en-US,,,,,,,,,,,0,0,,,https://images-ext-1.discordapp.net/external/JNVOwhfRcEFw8VgKDMB9KwuZ8MKiLYwmegb7iAnEsqQ/https/animalbattlestats.com/images/icons/icon-192.png,https://animalbattlestats.com/images/icons/icon-192.png,0,2026-02-06T21:41:50.570000+00:00,👀 Site Visit,rich,0,,,false,,,,false,,,,,,,,,2026-02-06T21:41:50.789000+00:00,false,0,Animal Battle Stats,1446203750204047426
1469447702877048926,,,,,,true,,0000,0,,1446203750204047426,,0,Animal Battle Stats,,1446204139909550150,,,2026-02-06T21:40:33.384Z,,16766720,4,true,User,Anonymous,true,Bracket Size,16 animals,true,Total Matches,15,true,🏆 Champion,**Siberian Tiger**,true,🥈 2nd Place,Gazelle,true,🥉 3rd/4th,"Proboscis Monkey, Mountain Goat",false,Final Matches,"✓ Maned Wolf beat Opossum
✓ Siberian Tiger beat Spectacled Bear
✓ Mountain Goat beat Coyote
✓ Proboscis Monkey beat Gila Monster
✓ Gazelle beat Maned Wolf
✓ Siberian Tiger beat Mountain Goat
✓ Gazelle beat Proboscis Monkey
✓ Siberian Tiger beat Gazelle",true,🌐 Location,"Pittsburgh, PA, US",true,🖥️ Device,Firefox on macOS,,0,0,,,https://images-ext-1.discordapp.net/external/JNVOwhfRcEFw8VgKDMB9KwuZ8MKiLYwmegb7iAnEsqQ/https/animalbattlestats.com/images/icons/icon-192.png,https://animalbattlestats.com/images/icons/icon-192.png,0,2026-02-06T21:39:56.587000+00:00,🏆 Tournament Completed!,rich,0,,,false,,,,false,,,,,,,,,2026-02-06T21:40:33.384000+00:00,false,0,Animal Battle Stats,1446203750204047426
1469447130606338245,,,,,,true,,0000,0,,1446203750204047426,,0,Animal Battle Stats,,1446204139909550150,,,2026-02-06T21:38:16.944Z,,4491519,4,true,Visitor,Anonymous,true,🔗 Page,/,true,🌐 Location,"Pittsburgh, PA, US",true,🖥️ Device,Firefox on macOS,true,📐 Screen,1710x1107,true,🌐 Language,en-US,,,,,,,,,,,0,0,,,https://images-ext-1.discordapp.net/external/JNVOwhfRcEFw8VgKDMB9KwuZ8MKiLYwmegb7iAnEsqQ/https/animalbattlestats.com/images/icons/icon-192.png,https://animalbattlestats.com/images/icons/icon-192.png,0,2026-02-06T21:38:16.389000+00:00,👀 Site Visit,rich,0,,,false,,,,false,,,,,,,,,2026-02-06T21:38:16.944000+00:00,false,0,Animal Battle Stats,1446203750204047426
1469446793841348834,,,,,,true,,0000,0,,1446203750204047426,,0,Animal Battle Stats,,1446204139909550150,,,2026-02-06T21:36:56.653Z,,4491519,4,true,Visitor,RamiNoodle733,true,🔗 Page,/,true,🌐 Location,"Houston, TX, US",true,📱 Device,Safari on macOS,true,📐 Screen,402x874,true,🌐 Language,en-US,,,,,,,,,,,0,0,,,https://images-ext-1.discordapp.net/external/JNVOwhfRcEFw8VgKDMB9KwuZ8MKiLYwmegb7iAnEsqQ/https/animalbattlestats.com/images/icons/icon-192.png,https://animalbattlestats.com/images/icons/icon-192.png,0,2026-02-06T21:36:56.258000+00:00,👀 Site Visit,rich,0,,,false,,,,false,,,,,,,,,2026-02-06T21:36:56.653000+00:00,false,0,Animal Battle Stats,1446203750204047426
1469446280219590859,,,,,,true,,0000,0,,1446203750204047426,,0,Animal Battle Stats,,1446204139909550150,,,2026-02-06T21:34:54.196Z,,6710886,4,true,User,Anonymous,true,🔗 Page,/compare,true,🌐 Location,"Pittsburgh, PA, US",true,🕐 Session Duration,3m 9s,,,,,,,,,,,,,,,,,0,0,,,https://images-ext-1.discordapp.net/external/JNVOwhfRcEFw8VgKDMB9KwuZ8MKiLYwmegb7iAnEsqQ/https/animalbattlestats.com/images/icons/icon-192.png,https://animalbattlestats.com/images/icons/icon-192.png,0,2026-02-06T21:34:53.931000+00:00,👋 User Left Site,rich,0,,,false,,,,false,,,,,,,,,2026-02-06T21:34:54.196000+00:00,false,0,Animal Battle Stats,1446203750204047426
1469446207519723541,,,,,,true,,0000,0,,1446203750204047426,,0,Animal Battle Stats,,1446204139909550150,,,2026-02-06T21:34:36.863Z,,16739072,4,false,Matchup,**African Wild Dog** vs **Gray Wolf**,true,User,Anonymous,true,🌐 Location,"Pittsburgh, PA, US",true,🖥️ Device,Firefox on macOS,,,,,,,,,,,,,,,,,0,0,,,https://images-ext-1.discordapp.net/external/JNVOwhfRcEFw8VgKDMB9KwuZ8MKiLYwmegb7iAnEsqQ/https/animalbattlestats.com/images/icons/icon-192.png,https://animalbattlestats.com/images/icons/icon-192.png,0,2026-02-06T21:34:36.202000+00:00,⚔️ Battle Comparison,rich,0,,,false,,,,false,,,,,,,,,2026-02-06T21:34:36.863000+00:00,false,0,Animal Battle Stats,1446203750204047426
1469445989629956127,,,,,,true,,0000,0,,1446203750204047426,,0,Animal Battle Stats,,1446204139909550150,,,2026-02-06T21:33:44.914Z,,4491519,4,true,Visitor,RamiNoodle733,true,🔗 Page,/stats,true,🌐 Location,"Houston, TX, US",true,📱 Device,Safari on macOS,true,📐 Screen,402x874,true,🌐 Language,en-US,,,,,,,,,,,0,0,,,https://images-ext-1.discordapp.net/external/JNVOwhfRcEFw8VgKDMB9KwuZ8MKiLYwmegb7iAnEsqQ/https/animalbattlestats.com/images/icons/icon-192.png,https://animalbattlestats.com/images/icons/icon-192.png,0,2026-02-06T21:33:44.517000+00:00,👀 Site Visit,rich,0,,,false,,,,false,,,,,,,,,2026-02-06T21:33:44.914000+00:00,false,0,Animal Battle Stats,1446203750204047426
1469445988329455636,,,,,,true,,0000,0,,1446203750204047426,,0,Animal Battle Stats,,1446204139909550150,,,2026-02-06T21:33:44.604Z,,4491519,4,true,Visitor,RamiNoodle733,true,🔗 Page,/rankings,true,🌐 Location,"Houston, TX, US",true,📱 Device,Safari on macOS,true,📐 Screen,402x874,true,🌐 Language,en-US,,,,,,,,,,,0,0,,,https://images-ext-1.discordapp.net/external/JNVOwhfRcEFw8VgKDMB9KwuZ8MKiLYwmegb7iAnEsqQ/https/animalbattlestats.com/images/icons/icon-192.png,https://animalbattlestats.com/images/icons/icon-192.png,0,2026-02-06T21:33:40.046000+00:00,👀 Site Visit,rich,0,,,false,,,,false,,,,,,,,,2026-02-06T21:33:44.604000+00:00,false,0,Animal Battle Stats,1446203750204047426
1469445980641427559,,,,,,true,,0000,0,,1446203750204047426,,0,Animal Battle Stats,,1446204139909550150,,,2026-02-06T21:33:42.771Z,,16739072,4,false,Matchup,**Hippopotamus** vs **African Elephant**,true,User,Anonymous,true,🌐 Location,"Pittsburgh, PA, US",true,🖥️ Device,Firefox on macOS,,,,,,,,,,,,,,,,,0,0,,,https://images-ext-1.discordapp.net/external/JNVOwhfRcEFw8VgKDMB9KwuZ8MKiLYwmegb7iAnEsqQ/https/animalbattlestats.com/images/icons/icon-192.png,https://animalbattlestats.com/images/icons/icon-192.png,0,2026-02-06T21:33:42.411000+00:00,⚔️ Battle Comparison,rich,0,,,false,,,,false,,,,,,,,,2026-02-06T21:33:42.771000+00:00,false,0,Animal Battle Stats,1446203750204047426
1469445903122170192,,,,,,true,,0000,0,,1446203750204047426,,0,Animal Battle Stats,,1446204139909550150,,,2026-02-06T21:33:24.289Z,,16739072,4,false,Matchup,**Hippopotamus** vs **African Elephant**,true,User,Anonymous,true,🌐 Location,"Pittsburgh, PA, US",true,🖥️ Device,Firefox on macOS,,,,,,,,,,,,,,,,,0,0,,,https://images-ext-1.discordapp.net/external/JNVOwhfRcEFw8VgKDMB9KwuZ8MKiLYwmegb7iAnEsqQ/https/animalbattlestats.com/images/icons/icon-192.png,https://animalbattlestats.com/images/icons/icon-192.png,0,2026-02-06T21:33:23.981000+00:00,⚔️ Battle Comparison,rich,0,,,false,,,,false,,,,,,,,,2026-02-06T21:33:24.289000+00:00,false,0,Animal Battle Stats,1446203750204047426
1469445786193363147,,,,,,true,,0000,0,,1446203750204047426,,0,Animal Battle Stats,,1446204139909550150,,,2026-02-06T21:32:56.411Z,,16739072,4,false,Matchup,**Great White Shark** vs **Tiger Shark**,true,User,Anonymous,true,🌐 Location,"Pittsburgh, PA, US",true,🖥️ Device,Firefox on macOS,,,,,,,,,,,,,,,,,0,0,,,https://images-ext-1.discordapp.net/external/JNVOwhfRcEFw8VgKDMB9KwuZ8MKiLYwmegb7iAnEsqQ/https/animalbattlestats.com/images/icons/icon-192.png,https://animalbattlestats.com/images/icons/icon-192.png,0,2026-02-06T21:32:55.880000+00:00,⚔️ Battle Comparison,rich,0,,,false,,,,false,,,,,,,,,2026-02-06T21:32:56.411000+00:00,false,0,Animal Battle Stats,1446203750204047426
1469444828910846055,,,,,,true,,0000,0,,1446203750204047426,,0,Animal Battle Stats,,1446204139909550150,,,2026-02-06T21:29:08.177Z,,6710886,4,true,User,Anonymous,true,🔗 Page,/compare,true,🌐 Location,"Pittsburgh, PA, US",true,🕐 Session Duration,11m 6s,,,,,,,,,,,,,,,,,0,0,,,https://images-ext-1.discordapp.net/external/JNVOwhfRcEFw8VgKDMB9KwuZ8MKiLYwmegb7iAnEsqQ/https/animalbattlestats.com/images/icons/icon-192.png,https://animalbattlestats.com/images/icons/icon-192.png,0,2026-02-06T21:29:03.793000+00:00,👋 User Left Site,rich,0,,,false,,,,false,,,,,,,,,2026-02-06T21:29:08.177000+00:00,false,0,Animal Battle Stats,1446203750204047426
1469444245067923456,,,,,,true,,0000,0,,1446203750204047426,,0,Animal Battle Stats,,1446204139909550150,,,2026-02-06T21:26:48.978Z,,16739072,4,false,Matchup,**African Elephant** vs **Hippopotamus**,true,User,Anonymous,true,🌐 Location,"Pittsburgh, PA, US",true,🖥️ Device,Firefox on macOS,,,,,,,,,,,,,,,,,0,0,,,https://images-ext-1.discordapp.net/external/JNVOwhfRcEFw8VgKDMB9KwuZ8MKiLYwmegb7iAnEsqQ/https/animalbattlestats.com/images/icons/icon-192.png,https://animalbattlestats.com/images/icons/icon-192.png,0,2026-02-06T21:26:48.555000+00:00,⚔️ Battle Comparison,rich,0,,,false,,,,false,,,,,,,,,2026-02-06T21:26:48.978000+00:00,false,0,Animal Battle Stats,1446203750204047426
1469443242012704788,,,,,,true,,0000,0,,1446203750204047426,,0,Animal Battle Stats,,1446204139909550150,,,2026-02-06T21:22:49.831Z,,16739072,4,false,Matchup,**Orca** vs **Moose**,true,User,Anonymous,true,🌐 Location,"Pittsburgh, PA, US",true,🖥️ Device,Firefox on macOS,,,,,,,,,,,,,,,,,0,0,,,https://images-ext-1.discordapp.net/external/JNVOwhfRcEFw8VgKDMB9KwuZ8MKiLYwmegb7iAnEsqQ/https/animalbattlestats.com/images/icons/icon-192.png,https://animalbattlestats.com/images/icons/icon-192.png,0,2026-02-06T21:22:49.453000+00:00,⚔️ Battle Comparison,rich,0,,,false,,,,false,,,,,,,,,2026-02-06T21:22:49.831000+00:00,false,0,Animal Battle Stats,1446203750204047426
1469442952915845278,,,,,,true,,0000,0,,1446203750204047426,,0,Animal Battle Stats,,1446204139909550150,,,2026-02-06T21:21:40.905Z,,16739072,4,false,Matchup,**Orca** vs **Hippopotamus**,true,User,Anonymous,true,🌐 Location,"Pittsburgh, PA, US",true,🖥️ Device,Firefox on macOS,,,,,,,,,,,,,,,,,0,0,,,https://images-ext-1.discordapp.net/external/JNVOwhfRcEFw8VgKDMB9KwuZ8MKiLYwmegb7iAnEsqQ/https/animalbattlestats.com/images/icons/icon-192.png,https://animalbattlestats.com/images/icons/icon-192.png,0,2026-02-06T21:21:40.547000+00:00,⚔️ Battle Comparison,rich,0,,,false,,,,false,,,,,,,,,2026-02-06T21:21:40.905000+00:00,false,0,Animal Battle Stats,1446203750204047426
1469442900114014240,,,,,,true,,0000,0,,1446203750204047426,,0,Animal Battle Stats,,1446204139909550150,,,2026-02-06T21:21:28.316Z,,16739072,4,false,Matchup,**Orca** vs **Blue Whale**,true,User,Anonymous,true,🌐 Location,"Pittsburgh, PA, US",true,🖥️ Device,Firefox on macOS,,,,,,,,,,,,,,,,,0,0,,,https://images-ext-1.discordapp.net/external/JNVOwhfRcEFw8VgKDMB9KwuZ8MKiLYwmegb7iAnEsqQ/https/animalbattlestats.com/images/icons/icon-192.png,https://animalbattlestats.com/images/icons/icon-192.png,0,2026-02-06T21:21:27.947000+00:00,⚔️ Battle Comparison,rich,0,,,false,,,,false,,,,,,,,,2026-02-06T21:21:28.316000+00:00,false,0,Animal Battle Stats,1446203750204047426
1469442555522449710,,,,,,true,,0000,0,,1446203750204047426,,0,Animal Battle Stats,,1446204139909550150,,,2026-02-06T21:20:06.159Z,,16739072,4,false,Matchup,**Orca** vs **Jaguar**,true,User,Anonymous,true,🌐 Location,"Pittsburgh, PA, US",true,🖥️ Device,Firefox on macOS,,,,,,,,,,,,,,,,,0,0,,,https://images-ext-1.discordapp.net/external/JNVOwhfRcEFw8VgKDMB9KwuZ8MKiLYwmegb7iAnEsqQ/https/animalbattlestats.com/images/icons/icon-192.png,https://animalbattlestats.com/images/icons/icon-192.png,0,2026-02-06T21:20:05.815000+00:00,⚔️ Battle Comparison,rich,0,,,false,,,,false,,,,,,,,,2026-02-06T21:20:06.159000+00:00,false,0,Animal Battle Stats,1446203750204047426
1469442409304690821,,,,,,true,,0000,0,,1446203750204047426,,0,Animal Battle Stats,,1446204139909550150,,,2026-02-06T21:19:31.298Z,,16739072,4,false,Matchup,**Orca** vs **Hippopotamus**,true,User,Anonymous,true,🌐 Location,"Pittsburgh, PA, US",true,🖥️ Device,Firefox on macOS,,,,,,,,,,,,,,,,,0,0,,,https://images-ext-1.discordapp.net/external/JNVOwhfRcEFw8VgKDMB9KwuZ8MKiLYwmegb7iAnEsqQ/https/animalbattlestats.com/images/icons/icon-192.png,https://animalbattlestats.com/images/icons/icon-192.png,0,2026-02-06T21:19:30.843000+00:00,⚔️ Battle Comparison,rich,0,,,false,,,,false,,,,,,,,,2026-02-06T21:19:31.298000+00:00,false,0,Animal Battle Stats,1446203750204047426
1469442324932329579,,,,,,true,,0000,0,,1446203750204047426,,0,Animal Battle Stats,,1446204139909550150,,,2026-02-06T21:19:11.182Z,,16739072,4,false,Matchup,**Orca** vs **Gray Wolf**,true,User,Anonymous,true,🌐 Location,"Pittsburgh, PA, US",true,🖥️ Device,Firefox on macOS,,,,,,,,,,,,,,,,,0,0,,,https://images-ext-1.discordapp.net/external/JNVOwhfRcEFw8VgKDMB9KwuZ8MKiLYwmegb7iAnEsqQ/https/animalbattlestats.com/images/icons/icon-192.png,https://animalbattlestats.com/images/icons/icon-192.png,0,2026-02-06T21:19:10.652000+00:00,⚔️ Battle Comparison,rich,0,,,false,,,,false,,,,,,,,,2026-02-06T21:19:11.182000+00:00,false,0,Animal Battle Stats,1446203750204047426
1469442219466297455,,,,,,true,,0000,0,,1446203750204047426,,0,Animal Battle Stats,,1446204139909550150,,,2026-02-06T21:18:46.037Z,,16739072,4,false,Matchup,**Hyena** vs **Gray Wolf**,true,User,Anonymous,true,🌐 Location,"Pittsburgh, PA, US",true,🖥️ Device,Firefox on macOS,,,,,,,,,,,,,,,,,0,0,,,https://images-ext-1.discordapp.net/external/JNVOwhfRcEFw8VgKDMB9KwuZ8MKiLYwmegb7iAnEsqQ/https/animalbattlestats.com/images/icons/icon-192.png,https://animalbattlestats.com/images/icons/icon-192.png,0,2026-02-06T21:18:45.719000+00:00,⚔️ Battle Comparison,rich,0,,,false,,,,false,,,,,,,,,2026-02-06T21:18:46.037000+00:00,false,0,Animal Battle Stats,1446203750204047426
1469442136893030490,,,,,,true,,0000,0,,1446203750204047426,,0,Animal Battle Stats,,1446204139909550150,,,2026-02-06T21:18:26.350Z,,16739072,4,false,Matchup,**Hyena** vs **Gray Wolf**,true,User,Anonymous,true,🌐 Location,"Pittsburgh, PA, US",true,🖥️ Device,Firefox on macOS,,,,,,,,,,,,,,,,,0,0,,,https://images-ext-1.discordapp.net/external/JNVOwhfRcEFw8VgKDMB9KwuZ8MKiLYwmegb7iAnEsqQ/https/animalbattlestats.com/images/icons/icon-192.png,https://animalbattlestats.com/images/icons/icon-192.png,0,2026-02-06T21:18:26.076000+00:00,⚔️ Battle Comparison,rich,0,,,false,,,,false,,,,,,,,,2026-02-06T21:18:26.350000+00:00,false,0,Animal Battle Stats,1446203750204047426
1469442132535152804,,,,,,true,,0000,0,,1446203750204047426,,0,Animal Battle Stats,,1446204139909550150,,,2026-02-06T21:18:25.311Z,,16739072,4,false,Matchup,**Hyena** vs **Gray Wolf**,true,User,Anonymous,true,🌐 Location,"Pittsburgh, PA, US",true,🖥️ Device,Firefox on macOS,,,,,,,,,,,,,,,,,0,0,,,https://images-ext-1.discordapp.net/external/JNVOwhfRcEFw8VgKDMB9KwuZ8MKiLYwmegb7iAnEsqQ/https/animalbattlestats.com/images/icons/icon-192.png,https://animalbattlestats.com/images/icons/icon-192.png,0,2026-02-06T21:18:24.894000+00:00,⚔️ Battle Comparison,rich,0,,,false,,,,false,,,,,,,,,2026-02-06T21:18:25.311000+00:00,false,0,Animal Battle Stats,1446203750204047426
1469442019486335109,,,,,,true,,0000,0,,1446203750204047426,,0,Animal Battle Stats,,1446204139909550150,,,2026-02-06T21:17:58.358Z,,4491519,4,true,Visitor,Anonymous,true,🔗 Page,/,true,🌐 Location,"Pittsburgh, PA, US",true,🖥️ Device,Firefox on macOS,true,📐 Screen,1710x1107,true,🌐 Language,en-US,,,,,,,,,,,0,0,,,https://images-ext-1.discordapp.net/external/JNVOwhfRcEFw8VgKDMB9KwuZ8MKiLYwmegb7iAnEsqQ/https/animalbattlestats.com/images/icons/icon-192.png,https://animalbattlestats.com/images/icons/icon-192.png,0,2026-02-06T21:17:56.554000+00:00,👀 Site Visit,rich,0,,,false,,,,false,,,,,,,,,2026-02-06T21:17:58.358000+00:00,false,0,Animal Battle Stats,1446203750204047426
1469442010267254835,,,,,,true,,0000,0,,1446203750204047426,,0,Animal Battle Stats,,1446204139909550150,,,2026-02-06T21:17:56.160Z,,4491519,4,true,Visitor,Anonymous,true,🔗 Page,/,true,🌐 Location,"Milan, 25, IT",true,📱 Device,Chrome on Linux,true,📐 Screen,432x964,true,🌐 Language,it-IT,,,,,,,,,,,0,0,,,https://images-ext-1.discordapp.net/external/JNVOwhfRcEFw8VgKDMB9KwuZ8MKiLYwmegb7iAnEsqQ/https/animalbattlestats.com/images/icons/icon-192.png,https://animalbattlestats.com/images/icons/icon-192.png,0,2026-02-06T21:17:21.800000+00:00,👀 Site Visit,rich,0,,,false,,,,false,,,,,,,,,2026-02-06T21:17:56.160000+00:00,false,0,Animal Battle Stats,1446203750204047426
1469440259774349496,,,,,,true,,0000,0,,1446203750204047426,,0,Animal Battle Stats,,1446204139909550150,,,2026-02-06T21:10:58.810Z,,4491519,4,true,Visitor,Anonymous,true,🔗 Page,/rankings,true,🌐 Location,"Milan, 25, IT",true,📱 Device,Chrome on Linux,true,📐 Screen,432x964,true,🌐 Language,it-IT,,,,,,,,,,,0,0,,,https://images-ext-1.discordapp.net/external/JNVOwhfRcEFw8VgKDMB9KwuZ8MKiLYwmegb7iAnEsqQ/https/animalbattlestats.com/images/icons/icon-192.png,https://animalbattlestats.com/images/icons/icon-192.png,0,2026-02-06T21:10:57.509000+00:00,👀 Site Visit,rich,0,,,false,,,,false,,,,,,,,,2026-02-06T21:10:58.810000+00:00,false,0,Animal Battle Stats,1446203750204047426
1469440252065349880,,,,,,true,,0000,0,,1446203750204047426,,0,Animal Battle Stats,,1446204139909550150,,,2026-02-06T21:10:56.972Z,,6710886,4,true,User,Anonymous,true,🔗 Page,/compare,true,🌐 Location,"Milan, 25, IT",true,🕐 Session Duration,2m 14s,,,,,,,,,,,,,,,,,0,0,,,https://images-ext-1.discordapp.net/external/JNVOwhfRcEFw8VgKDMB9KwuZ8MKiLYwmegb7iAnEsqQ/https/animalbattlestats.com/images/icons/icon-192.png,https://animalbattlestats.com/images/icons/icon-192.png,0,2026-02-06T21:10:56.809000+00:00,👋 User Left Site,rich,0,,,false,,,,false,,,,,,,,,2026-02-06T21:10:56.972000+00:00,false,0,Animal Battle Stats,1446203750204047426
1469439979301110028,,,,,,true,,0000,0,,1446203750204047426,,0,Animal Battle Stats,,1446204139909550150,,,2026-02-06T21:09:51.940Z,,16739072,4,false,Matchup,**Blue Whale** vs **Great White Shark**,true,User,Anonymous,true,🌐 Location,"Milan, 25, IT",true,📱 Device,Chrome on Linux,,,,,,,,,,,,,,,,,0,0,,,https://images-ext-1.discordapp.net/external/JNVOwhfRcEFw8VgKDMB9KwuZ8MKiLYwmegb7iAnEsqQ/https/animalbattlestats.com/images/icons/icon-192.png,https://animalbattlestats.com/images/icons/icon-192.png,0,2026-02-06T21:09:51.546000+00:00,⚔️ Battle Comparison,rich,0,,,false,,,,false,,,,,,,,,2026-02-06T21:09:51.940000+00:00,false,0,Animal Battle Stats,1446203750204047426
1469439692259856417,,,,,,true,,0000,0,,1446203750204047426,,0,Animal Battle Stats,,1446204139909550150,,,2026-02-06T21:08:43.504Z,,4491519,4,true,Visitor,Anonymous,true,🔗 Page,/,true,🌐 Location,"Milan, 25, IT",true,📱 Device,Chrome on Linux,true,📐 Screen,432x964,true,🌐 Language,it-IT,,,,,,,,,,,0,0,,,https://images-ext-1.discordapp.net/external/JNVOwhfRcEFw8VgKDMB9KwuZ8MKiLYwmegb7iAnEsqQ/https/animalbattlestats.com/images/icons/icon-192.png,https://animalbattlestats.com/images/icons/icon-192.png,0,2026-02-06T21:08:43.190000+00:00,👀 Site Visit,rich,0,,,false,,,,false,,,,,,,,,2026-02-06T21:08:43.504000+00:00,false,0,Animal Battle Stats,1446203750204047426
1469439577344184390,,,,,,true,,0000,0,,1446203750204047426,,0,Animal Battle Stats,,1446204139909550150,,,2026-02-06T21:08:16.106Z,,4491519,4,true,Visitor,Anonymous,true,🔗 Page,/compare,true,🌐 Location,"Milan, 25, IT",true,📱 Device,Chrome on Linux,true,📐 Screen,432x964,true,🌐 Language,it-IT,,,,,,,,,,,0,0,,,https://images-ext-1.discordapp.net/external/JNVOwhfRcEFw8VgKDMB9KwuZ8MKiLYwmegb7iAnEsqQ/https/animalbattlestats.com/images/icons/icon-192.png,https://animalbattlestats.com/images/icons/icon-192.png,0,2026-02-06T21:08:15.746000+00:00,👀 Site Visit,rich,0,,,false,,,,false,,,,,,,,,2026-02-06T21:08:16.106000+00:00,false,0,Animal Battle Stats,1446203750204047426
1469439573644935424,,,,,,true,,0000,0,,1446203750204047426,,0,Animal Battle Stats,,1446204139909550150,,,2026-02-06T21:08:15.224Z,,6710886,4,true,User,Anonymous,true,🔗 Page,/compare,true,🌐 Location,"Milan, 25, IT",true,🕐 Session Duration,1s,,,,,,,,,,,,,,,,,0,0,,,https://images-ext-1.discordapp.net/external/JNVOwhfRcEFw8VgKDMB9KwuZ8MKiLYwmegb7iAnEsqQ/https/animalbattlestats.com/images/icons/icon-192.png,https://animalbattlestats.com/images/icons/icon-192.png,0,2026-02-06T21:08:14.958000+00:00,👋 User Left Site,rich,0,,,false,,,,false,,,,,,,,,2026-02-06T21:08:15.224000+00:00,false,0,Animal Battle Stats,1446203750204047426
1469439565893730358,,,,,,true,,0000,0,,1446203750204047426,,0,Animal Battle Stats,,1446204139909550150,,,2026-02-06T21:08:13.376Z,,4491519,4,true,Visitor,Anonymous,true,🔗 Page,/compare,true,🌐 Location,"Milan, 25, IT",true,📱 Device,Chrome on Linux,true,📐 Screen,432x964,true,🌐 Language,it-IT,,,,,,,,,,,0,0,,,https://images-ext-1.discordapp.net/external/JNVOwhfRcEFw8VgKDMB9KwuZ8MKiLYwmegb7iAnEsqQ/https/animalbattlestats.com/images/icons/icon-192.png,https://animalbattlestats.com/images/icons/icon-192.png,0,2026-02-06T21:08:12.981000+00:00,👀 Site Visit,rich,0,,,false,,,,false,,,,,,,,,2026-02-06T21:08:13.376000+00:00,false,0,Animal Battle Stats,1446203750204047426
1469439563331272838,,,,,,true,,0000,0,,1446203750204047426,,0,Animal Battle Stats,,1446204139909550150,,,2026-02-06T21:08:12.765Z,,4491519,4,true,Visitor,Anonymous,true,🔗 Page,/,true,🌐 Location,"Milan, 25, IT",true,📱 Device,Chrome on Linux,true,📐 Screen,432x964,true,🌐 Language,it-IT,,,,,,,,,,,0,0,,,https://images-ext-1.discordapp.net/external/JNVOwhfRcEFw8VgKDMB9KwuZ8MKiLYwmegb7iAnEsqQ/https/animalbattlestats.com/images/icons/icon-192.png,https://animalbattlestats.com/images/icons/icon-192.png,0,2026-02-06T21:08:01.722000+00:00,👀 Site Visit,rich,0,,,false,,,,false,,,,,,,,,2026-02-06T21:08:12.765000+00:00,false,0,Animal Battle Stats,1446203750204047426
1469439559107350662,,,,,,true,,0000,0,,1446203750204047426,,0,Animal Battle Stats,,1446204139909550150,,,2026-02-06T21:08:11.758Z,,6710886,4,true,User,Anonymous,true,🔗 Page,/rankings,true,🌐 Location,"Milan, 25, IT",true,🕐 Session Duration,10s,,,,,,,,,,,,,,,,,0,0,,,https://images-ext-1.discordapp.net/external/JNVOwhfRcEFw8VgKDMB9KwuZ8MKiLYwmegb7iAnEsqQ/https/animalbattlestats.com/images/icons/icon-192.png,https://animalbattlestats.com/images/icons/icon-192.png,0,2026-02-06T21:08:11.502000+00:00,👋 User Left Site,rich,0,,,false,,,,false,,,,,,,,,2026-02-06T21:08:11.758000+00:00,false,0,Animal Battle Stats,1446203750204047426
1469439522537345064,,,,,,true,,0000,0,,1446203750204047426,,0,Animal Battle Stats,,1446204139909550150,,,2026-02-06T21:08:03.039Z,,4491519,4,true,Visitor,Anonymous,true,🔗 Page,/,true,🌐 Location,"Milan, 25, IT",true,📱 Device,Chrome on Linux,true,📐 Screen,432x964,true,🌐 Language,it-IT,,,,,,,,,,,0,0,,,https://images-ext-1.discordapp.net/external/JNVOwhfRcEFw8VgKDMB9KwuZ8MKiLYwmegb7iAnEsqQ/https/animalbattlestats.com/images/icons/icon-192.png,https://animalbattlestats.com/images/icons/icon-192.png,0,2026-02-06T21:03:30.525000+00:00,👀 Site Visit,rich,0,,,false,,,,false,,,,,,,,,2026-02-06T21:08:03.039000+00:00,false,0,Animal Battle Stats,1446203750204047426
1469434542422102037,,,,,,true,,0000,0,,1446203750204047426,,0,Animal Battle Stats,,1446204139909550150,,,2026-02-06T20:48:15.687Z,,16739072,4,false,Matchup,**Blue Whale** vs **Saltwater Crocodile**,true,User,Anonymous,true,🌐 Location,"Milan, 25, IT",true,📱 Device,Chrome on Linux,,,,,,,,,,,,,,,,,0,0,,,https://images-ext-1.discordapp.net/external/JNVOwhfRcEFw8VgKDMB9KwuZ8MKiLYwmegb7iAnEsqQ/https/animalbattlestats.com/images/icons/icon-192.png,https://animalbattlestats.com/images/icons/icon-192.png,0,2026-02-06T20:48:15.371000+00:00,⚔️ Battle Comparison,rich,0,,,false,,,,false,,,,,,,,,2026-02-06T20:48:15.687000+00:00,false,0,Animal Battle Stats,1446203750204047426
1469434360720654475,,,,,,true,,0000,0,,1446203750204047426,,0,Animal Battle Stats,,1446204139909550150,,,2026-02-06T20:47:32.366Z,,4491519,4,true,Visitor,Anonymous,true,🔗 Page,/compare,true,🌐 Location,"Milan, 25, IT",true,📱 Device,Chrome on Linux,true,📐 Screen,432x964,true,🌐 Language,it-IT,,,,,,,,,,,0,0,,,https://images-ext-1.discordapp.net/external/JNVOwhfRcEFw8VgKDMB9KwuZ8MKiLYwmegb7iAnEsqQ/https/animalbattlestats.com/images/icons/icon-192.png,https://animalbattlestats.com/images/icons/icon-192.png,0,2026-02-06T20:47:31.972000+00:00,👀 Site Visit,rich,0,,,false,,,,false,,,,,,,,,2026-02-06T20:47:32.366000+00:00,false,0,Animal Battle Stats,1446203750204047426
1469434357335851133,,,,,,true,,0000,0,,1446203750204047426,,0,Animal Battle Stats,,1446204139909550150,,,2026-02-06T20:47:31.559Z,,6710886,4,true,User,Anonymous,true,🔗 Page,/stats/tiger-shark,true,🌐 Location,"Milan, 25, IT",true,🕐 Session Duration,45s,,,,,,,,,,,,,,,,,0,0,,,https://images-ext-1.discordapp.net/external/JNVOwhfRcEFw8VgKDMB9KwuZ8MKiLYwmegb7iAnEsqQ/https/animalbattlestats.com/images/icons/icon-192.png,https://animalbattlestats.com/images/icons/icon-192.png,0,2026-02-06T20:47:31.076000+00:00,👋 User Left Site,rich,0,,,false,,,,false,,,,,,,,,2026-02-06T20:47:31.559000+00:00,false,0,Animal Battle Stats,1446203750204047426
1469432730180780246,,,,,,true,,0000,0,,1446203750204047426,,0,Animal Battle Stats,,1446204139909550150,,,2026-02-06T20:41:03.615Z,,4491519,4,true,Visitor,RamiNoodle733,true,🔗 Page,/rankings,true,🌐 Location,"Houston, TX, US",true,📱 Device,Safari on macOS,true,📐 Screen,402x874,true,🌐 Language,en-US,,,,,,,,,,,0,0,,,https://images-ext-1.discordapp.net/external/JNVOwhfRcEFw8VgKDMB9KwuZ8MKiLYwmegb7iAnEsqQ/https/animalbattlestats.com/images/icons/icon-192.png,https://animalbattlestats.com/images/icons/icon-192.png,0,2026-02-06T20:41:03.201000+00:00,👀 Site Visit,rich,0,,,false,,,,false,,,,,,,,,2026-02-06T20:41:03.615000+00:00,false,0,Animal Battle Stats,1446203750204047426
1469432706378236037,,,,,,true,,0000,0,,1446203750204047426,,0,Animal Battle Stats,,1446204139909550150,,,2026-02-06T20:40:57.940Z,,4491519,4,true,Visitor,RamiNoodle733,true,🔗 Page,/,true,🌐 Location,"Houston, TX, US",true,📱 Device,Safari on macOS,true,📐 Screen,402x874,true,🌐 Language,en-US,,,,,,,,,,,0,0,,,https://images-ext-1.discordapp.net/external/JNVOwhfRcEFw8VgKDMB9KwuZ8MKiLYwmegb7iAnEsqQ/https/animalbattlestats.com/images/icons/icon-192.png,https://animalbattlestats.com/images/icons/icon-192.png,0,2026-02-06T20:40:41.884000+00:00,👀 Site Visit,rich,0,,,false,,,,false,,,,,,,,,2026-02-06T20:40:57.940000+00:00,false,0,Animal Battle Stats,1446203750204047426
1469431077109240000,,,,,,true,,0000,0,,1446203750204047426,,0,Animal Battle Stats,,1446204139909550150,,,2026-02-06T20:34:29.492Z,,16739072,4,false,Matchup,**Gibbon** vs **Orangutan**,true,User,Anonymous,true,🌐 Location,"Ridderkerk, ZH, NL",true,📱 Device,Safari on macOS,,,,,,,,,,,,,,,,,0,0,,,https://images-ext-1.discordapp.net/external/JNVOwhfRcEFw8VgKDMB9KwuZ8MKiLYwmegb7iAnEsqQ/https/animalbattlestats.com/images/icons/icon-192.png,https://animalbattlestats.com/images/icons/icon-192.png,0,2026-02-06T20:34:29.210000+00:00,⚔️ Battle Comparison,rich,0,,,false,,,,false,,,,,,,,,2026-02-06T20:34:29.492000+00:00,false,0,Animal Battle Stats,1446203750204047426
1469430970598817984,,,,,,true,,0000,0,,1446203750204047426,,0,Animal Battle Stats,,1446204139909550150,,,2026-02-06T20:34:04.098Z,,4491519,4,true,Visitor,Anonymous,true,🔗 Page,/compare,true,🌐 Location,"Ridderkerk, ZH, NL",true,📱 Device,Safari on macOS,true,📐 Screen,375x667,true,🌐 Language,en-GB,,,,,,,,,,,0,0,,,https://images-ext-1.discordapp.net/external/JNVOwhfRcEFw8VgKDMB9KwuZ8MKiLYwmegb7iAnEsqQ/https/animalbattlestats.com/images/icons/icon-192.png,https://animalbattlestats.com/images/icons/icon-192.png,0,2026-02-06T20:34:03.790000+00:00,👀 Site Visit,rich,0,,,false,,,,false,,,,,,,,,2026-02-06T20:34:04.098000+00:00,false,0,Animal Battle Stats,1446203750204047426
1469430921760477234,,,,,,true,,0000,0,,1446203750204047426,,0,Animal Battle Stats,,1446204139909550150,,,2026-02-06T20:33:52.454Z,,4491519,4,true,Visitor,Anonymous,true,🔗 Page,/rankings,true,🌐 Location,"Ridderkerk, ZH, NL",true,📱 Device,Safari on macOS,true,📐 Screen,375x667,true,🌐 Language,en-GB,,,,,,,,,,,0,0,,,https://images-ext-1.discordapp.net/external/JNVOwhfRcEFw8VgKDMB9KwuZ8MKiLYwmegb7iAnEsqQ/https/animalbattlestats.com/images/icons/icon-192.png,https://animalbattlestats.com/images/icons/icon-192.png,0,2026-02-06T20:33:51.693000+00:00,👀 Site Visit,rich,0,,,false,,,,false,,,,,,,,,2026-02-06T20:33:52.454000+00:00,false,0,Animal Battle Stats,1446203750204047426
1469430905495093338,,,,,,true,,0000,0,,1446203750204047426,,0,Animal Battle Stats,,1446204139909550150,,,2026-02-06T20:33:48.576Z,,4491519,4,true,Visitor,Anonymous,true,🔗 Page,/stats,true,🌐 Location,"Ridderkerk, ZH, NL",true,📱 Device,Safari on macOS,true,📐 Screen,375x667,true,🌐 Language,en-GB,,,,,,,,,,,0,0,,,https://images-ext-1.discordapp.net/external/JNVOwhfRcEFw8VgKDMB9KwuZ8MKiLYwmegb7iAnEsqQ/https/animalbattlestats.com/images/icons/icon-192.png,https://animalbattlestats.com/images/icons/icon-192.png,0,2026-02-06T20:33:48.291000+00:00,👀 Site Visit,rich,0,,,false,,,,false,,,,,,,,,2026-02-06T20:33:48.576000+00:00,false,0,Animal Battle Stats,1446203750204047426
1469430847252987977,,,,,,true,,0000,0,,1446203750204047426,,0,Animal Battle Stats,,1446204139909550150,,,2026-02-06T20:33:34.690Z,,16739072,4,false,Matchup,**Chimpanzee** vs **Orangutan**,true,User,Anonymous,true,🌐 Location,"Ridderkerk, ZH, NL",true,📱 Device,Safari on macOS,,,,,,,,,,,,,,,,,0,0,,,https://images-ext-1.discordapp.net/external/JNVOwhfRcEFw8VgKDMB9KwuZ8MKiLYwmegb7iAnEsqQ/https/animalbattlestats.com/images/icons/icon-192.png,https://animalbattlestats.com/images/icons/icon-192.png,0,2026-02-06T20:33:34.332000+00:00,⚔️ Battle Comparison,rich,0,,,false,,,,false,,,,,,,,,2026-02-06T20:33:34.690000+00:00,false,0,Animal Battle Stats,1446203750204047426
1469430755703787696,,,,,,true,,0000,0,,1446203750204047426,,0,Animal Battle Stats,,1446204139909550150,,,2026-02-06T20:33:12.863Z,,16739072,4,false,Matchup,**Polar Bear** vs **Siberian Tiger**,true,User,Anonymous,true,🌐 Location,"Auburn, AL, US",true,🖥️ Device,Chrome on Windows,,,,,,,,,,,,,,,,,0,0,,,https://images-ext-1.discordapp.net/external/JNVOwhfRcEFw8VgKDMB9KwuZ8MKiLYwmegb7iAnEsqQ/https/animalbattlestats.com/images/icons/icon-192.png,https://animalbattlestats.com/images/icons/icon-192.png,0,2026-02-06T20:33:12.586000+00:00,⚔️ Battle Comparison,rich,0,,,false,,,,false,,,,,,,,,2026-02-06T20:33:12.863000+00:00,false,0,Animal Battle Stats,1446203750204047426
1469430750649651493,,,,,,true,,0000,0,,1446203750204047426,,0,Animal Battle Stats,,1446204139909550150,,,2026-02-06T20:33:11.658Z,,16739072,4,false,Matchup,**Harpy Eagle** vs **Orangutan**,true,User,Anonymous,true,🌐 Location,"Ridderkerk, ZH, NL",true,📱 Device,Safari on macOS,,,,,,,,,,,,,,,,,0,0,,,https://images-ext-1.discordapp.net/external/JNVOwhfRcEFw8VgKDMB9KwuZ8MKiLYwmegb7iAnEsqQ/https/animalbattlestats.com/images/icons/icon-192.png,https://animalbattlestats.com/images/icons/icon-192.png,0,2026-02-06T20:33:11.379000+00:00,⚔️ Battle Comparison,rich,0,,,false,,,,false,,,,,,,,,2026-02-06T20:33:11.658000+00:00,false,0,Animal Battle Stats,1446203750204047426
1469430672127955016,,,,,,true,,0000,0,,1446203750204047426,,0,Animal Battle Stats,,1446204139909550150,,,2026-02-06T20:32:52.937Z,,16739072,4,false,Matchup,**Bald Eagle** vs **Orangutan**,true,User,Anonymous,true,🌐 Location,"Ridderkerk, ZH, NL",true,📱 Device,Safari on macOS,,,,,,,,,,,,,,,,,0,0,,,https://images-ext-1.discordapp.net/external/JNVOwhfRcEFw8VgKDMB9KwuZ8MKiLYwmegb7iAnEsqQ/https/animalbattlestats.com/images/icons/icon-192.png,https://animalbattlestats.com/images/icons/icon-192.png,0,2026-02-06T20:32:52.567000+00:00,⚔️ Battle Comparison,rich,0,,,false,,,,false,,,,,,,,,2026-02-06T20:32:52.937000+00:00,false,0,Animal Battle Stats,1446203750204047426
1469430606986350623,,,,,,true,,0000,0,,1446203750204047426,,0,Animal Battle Stats,,1446204139909550150,,,2026-02-06T20:32:37.406Z,,16739072,4,false,Matchup,**Gray Wolf** vs **Orangutan**,true,User,Anonymous,true,🌐 Location,"Ridderkerk, ZH, NL",true,📱 Device,Safari on macOS,,,,,,,,,,,,,,,,,0,0,,,https://images-ext-1.discordapp.net/external/JNVOwhfRcEFw8VgKDMB9KwuZ8MKiLYwmegb7iAnEsqQ/https/animalbattlestats.com/images/icons/icon-192.png,https://animalbattlestats.com/images/icons/icon-192.png,0,2026-02-06T20:32:37.148000+00:00,⚔️ Battle Comparison,rich,0,,,false,,,,false,,,,,,,,,2026-02-06T20:32:37.406000+00:00,false,0,Animal Battle Stats,1446203750204047426
1469430552334565521,,,,,,true,,0000,0,,1446203750204047426,,0,Animal Battle Stats,,1446204139909550150,,,2026-02-06T20:32:24.376Z,,16739072,4,false,Matchup,**Siberian Tiger** vs **Sloth Bear**,true,User,Anonymous,true,🌐 Location,"Auburn, AL, US",true,🖥️ Device,Chrome on Windows,,,,,,,,,,,,,,,,,0,0,,,https://images-ext-1.discordapp.net/external/JNVOwhfRcEFw8VgKDMB9KwuZ8MKiLYwmegb7iAnEsqQ/https/animalbattlestats.com/images/icons/icon-192.png,https://animalbattlestats.com/images/icons/icon-192.png,0,2026-02-06T20:32:22.784000+00:00,⚔️ Battle Comparison,rich,0,,,false,,,,false,,,,,,,,,2026-02-06T20:32:24.376000+00:00,false,0,Animal Battle Stats,1446203750204047426
1469430502082740358,,,,,,true,,0000,0,,1446203750204047426,,0,Animal Battle Stats,,1446204139909550150,,,2026-02-06T20:32:12.395Z,,16739072,4,false,Matchup,**Sun Bear** vs **Orangutan**,true,User,Anonymous,true,🌐 Location,"Ridderkerk, ZH, NL",true,📱 Device,Safari on macOS,,,,,,,,,,,,,,,,,0,0,,,https://images-ext-1.discordapp.net/external/JNVOwhfRcEFw8VgKDMB9KwuZ8MKiLYwmegb7iAnEsqQ/https/animalbattlestats.com/images/icons/icon-192.png,https://animalbattlestats.com/images/icons/icon-192.png,0,2026-02-06T20:32:12.031000+00:00,⚔️ Battle Comparison,rich,0,,,false,,,,false,,,,,,,,,2026-02-06T20:32:12.395000+00:00,false,0,Animal Battle Stats,1446203750204047426
1469430382817575075,,,,,,true,,0000,0,,1446203750204047426,,0,Animal Battle Stats,,1446204139909550150,,,2026-02-06T20:31:43.960Z,,4491519,4,true,Visitor,Anonymous,true,🔗 Page,/,true,🌐 Location,"Ridderkerk, ZH, NL",true,📱 Device,Safari on macOS,true,📐 Screen,375x667,true,🌐 Language,en-GB,,,,,,,,,,,0,0,,,https://images-ext-1.discordapp.net/external/JNVOwhfRcEFw8VgKDMB9KwuZ8MKiLYwmegb7iAnEsqQ/https/animalbattlestats.com/images/icons/icon-192.png,https://animalbattlestats.com/images/icons/icon-192.png,0,2026-02-06T20:31:43.733000+00:00,👀 Site Visit,rich,0,,,false,,,,false,,,,,,,,,2026-02-06T20:31:43.960000+00:00,false,0,Animal Battle Stats,1446203750204047426
1469430381928513786,,,,,,true,,0000,0,,1446203750204047426,,0,Animal Battle Stats,,1446204139909550150,,,2026-02-06T20:31:43.748Z,,4491519,4,true,Visitor,Anonymous,true,🔗 Page,/,true,🌐 Location,"Houston, TX, US",true,📱 Device,Safari on macOS,true,📐 Screen,402x874,true,🌐 Language,en-US,,,,,,,,,,,0,0,,,https://images-ext-1.discordapp.net/external/JNVOwhfRcEFw8VgKDMB9KwuZ8MKiLYwmegb7iAnEsqQ/https/animalbattlestats.com/images/icons/icon-192.png,https://animalbattlestats.com/images/icons/icon-192.png,0,2026-02-06T20:31:32.157000+00:00,👀 Site Visit,rich,0,,,false,,,,false,,,,,,,,,2026-02-06T20:31:43.748000+00:00,false,0,Animal Battle Stats,1446203750204047426
1469430334872355002,,,,,,true,,0000,0,,1446203750204047426,,0,Animal Battle Stats,,1446204139909550150,,,2026-02-06T20:31:32.529Z,,4491519,4,true,Visitor,Anonymous,true,🔗 Page,/,true,🌐 Location,"Auburn, AL, US",true,🖥️ Device,Chrome on Windows,true,📐 Screen,2560x1440,true,🌐 Language,en-US,,,,,,,,,,,0,0,,,https://images-ext-1.discordapp.net/external/JNVOwhfRcEFw8VgKDMB9KwuZ8MKiLYwmegb7iAnEsqQ/https/animalbattlestats.com/images/icons/icon-192.png,https://animalbattlestats.com/images/icons/icon-192.png,0,2026-02-06T20:31:28.190000+00:00,👀 Site Visit,rich,0,,,false,,,,false,,,,,,,,,2026-02-06T20:31:32.529000+00:00,false,0,Animal Battle Stats,1446203750204047426
1469419129264931051,,,,,,true,,0000,0,,1446203750204047426,,0,Animal Battle Stats,,1446204139909550150,,,2026-02-06T19:47:00.904Z,,16739072,4,false,Matchup,**Polar Bear** vs **Saltwater Crocodile**,true,User,Anonymous,true,🌐 Location,"Phoenix, AZ, US",true,📱 Device,Chrome on Linux,,,,,,,,,,,,,,,,,0,0,,,https://images-ext-1.discordapp.net/external/JNVOwhfRcEFw8VgKDMB9KwuZ8MKiLYwmegb7iAnEsqQ/https/animalbattlestats.com/images/icons/icon-192.png,https://animalbattlestats.com/images/icons/icon-192.png,0,2026-02-06T19:47:00.317000+00:00,⚔️ Battle Comparison,rich,0,,,false,,,,false,,,,,,,,,2026-02-06T19:47:00.904000+00:00,false,0,Animal Battle Stats,1446203750204047426
1469418913166262363,,,,,,true,,0000,0,,1446203750204047426,,0,Animal Battle Stats,,1446204139909550150,,,2026-02-06T19:46:09.382Z,,16739072,4,false,Matchup,**Poison Dart Frog** vs **Axolotl**,true,User,Anonymous,true,🌐 Location,"Phoenix, AZ, US",true,📱 Device,Chrome on Linux,,,,,,,,,,,,,,,,,0,0,,,https://images-ext-1.discordapp.net/external/JNVOwhfRcEFw8VgKDMB9KwuZ8MKiLYwmegb7iAnEsqQ/https/animalbattlestats.com/images/icons/icon-192.png,https://animalbattlestats.com/images/icons/icon-192.png,0,2026-02-06T19:46:08.886000+00:00,⚔️ Battle Comparison,rich,0,,,false,,,,false,,,,,,,,,2026-02-06T19:46:09.382000+00:00,false,0,Animal Battle Stats,1446203750204047426
1469418696551174315,,,,,,true,,0000,0,,1446203750204047426,,0,Animal Battle Stats,,1446204139909550150,,,2026-02-06T19:45:17.737Z,,16739072,4,false,Matchup,**Megalodon** vs **Great White Shark**,true,User,Anonymous,true,🌐 Location,"Phoenix, AZ, US",true,📱 Device,Chrome on Linux,,,,,,,,,,,,,,,,,0,0,,,https://images-ext-1.discordapp.net/external/JNVOwhfRcEFw8VgKDMB9KwuZ8MKiLYwmegb7iAnEsqQ/https/animalbattlestats.com/images/icons/icon-192.png,https://animalbattlestats.com/images/icons/icon-192.png,0,2026-02-06T19:45:17.129000+00:00,⚔️ Battle Comparison,rich,0,,,false,,,,false,,,,,,,,,2026-02-06T19:45:17.737000+00:00,false,0,Animal Battle Stats,1446203750204047426
1469400151196958797,,,,,,true,,0000,0,,1446203750204047426,,0,Animal Battle Stats,,1446204139909550150,,,2026-02-06T18:31:36.180Z,,16739072,4,false,Matchup,**Polar Bear** vs **Great White Shark**,true,User,Anonymous,true,🌐 Location,"Vilnius, VL, LT",true,🖥️ Device,Firefox on Windows,,,,,,,,,,,,,,,,,0,0,,,https://images-ext-1.discordapp.net/external/JNVOwhfRcEFw8VgKDMB9KwuZ8MKiLYwmegb7iAnEsqQ/https/animalbattlestats.com/images/icons/icon-192.png,https://animalbattlestats.com/images/icons/icon-192.png,0,2026-02-06T18:31:35.724000+00:00,⚔️ Battle Comparison,rich,0,,,false,,,,false,,,,,,,,,2026-02-06T18:31:36.180000+00:00,false,0,Animal Battle Stats,1446203750204047426
1469399074632372355,,,,,,true,,0000,0,,1446203750204047426,,0,Animal Battle Stats,,1446204139909550150,,,2026-02-06T18:27:19.507Z,,16766720,4,true,User,Anonymous,true,Bracket Size,8 animals,true,Total Matches,7,true,🏆 Champion,**Hammerhead Shark**,true,🥈 2nd Place,Proboscis Monkey,true,🥉 3rd/4th,"Gaboon Viper, Cougar",false,Final Matches,"✓ Cougar beat Toucan
✓ Proboscis Monkey beat Stingray
✓ Gaboon Viper beat Red Panda
✓ Hammerhead Shark beat Wallaby
✓ Proboscis Monkey beat Cougar
✓ Hammerhead Shark beat Gaboon Viper
✓ Hammerhead Shark beat Proboscis Monkey",true,🌐 Location,"Vilnius, VL, LT",true,🖥️ Device,Firefox on Windows,,0,0,,,https://images-ext-1.discordapp.net/external/JNVOwhfRcEFw8VgKDMB9KwuZ8MKiLYwmegb7iAnEsqQ/https/animalbattlestats.com/images/icons/icon-192.png,https://animalbattlestats.com/images/icons/icon-192.png,0,2026-02-06T18:26:36.564000+00:00,🏆 Tournament Completed!,rich,0,,,false,,,,false,,,,,,,,,2026-02-06T18:27:19.507000+00:00,false,0,Animal Battle Stats,1446203750204047426
1469396047519285320,,,,,,true,,0000,0,,1446203750204047426,,0,Animal Battle Stats,,1446204139909550150,,,2026-02-06T18:15:17.787Z,,16739072,4,false,Matchup,**Colossal Squid** vs **Cassowary**,true,User,Anonymous,true,🌐 Location,"Vilnius, VL, LT",true,🖥️ Device,Chrome on Windows,,,,,,,,,,,,,,,,,0,0,,,https://images-ext-1.discordapp.net/external/JNVOwhfRcEFw8VgKDMB9KwuZ8MKiLYwmegb7iAnEsqQ/https/animalbattlestats.com/images/icons/icon-192.png,https://animalbattlestats.com/images/icons/icon-192.png,0,2026-02-06T18:15:17.496000+00:00,⚔️ Battle Comparison,rich,0,,,false,,,,false,,,,,,,,,2026-02-06T18:15:17.787000+00:00,false,0,Animal Battle Stats,1446203750204047426
1469395912181678151,,,,,,true,,0000,0,,1446203750204047426,,0,Animal Battle Stats,,1446204139909550150,,,2026-02-06T18:14:45.520Z,,16739072,4,false,Matchup,**Colossal Squid** vs **Cassowary**,true,User,Anonymous,true,🌐 Location,"Vilnius, VL, LT",true,🖥️ Device,Chrome on Windows,,,,,,,,,,,,,,,,,0,0,,,https://images-ext-1.discordapp.net/external/JNVOwhfRcEFw8VgKDMB9KwuZ8MKiLYwmegb7iAnEsqQ/https/animalbattlestats.com/images/icons/icon-192.png,https://animalbattlestats.com/images/icons/icon-192.png,0,2026-02-06T18:14:44.975000+00:00,⚔️ Battle Comparison,rich,0,,,false,,,,false,,,,,,,,,2026-02-06T18:14:45.520000+00:00,false,0,Animal Battle Stats,1446203750204047426
1469395742115369050,,,,,,true,,0000,0,,1446203750204047426,,0,Animal Battle Stats,,1446204139909550150,,,2026-02-06T18:14:04.973Z,,16739072,4,false,Matchup,**Colossal Squid** vs **Cassowary**,true,User,Anonymous,true,🌐 Location,"Vilnius, VL, LT",true,🖥️ Device,Chrome on Windows,,,,,,,,,,,,,,,,,0,0,,,https://images-ext-1.discordapp.net/external/JNVOwhfRcEFw8VgKDMB9KwuZ8MKiLYwmegb7iAnEsqQ/https/animalbattlestats.com/images/icons/icon-192.png,https://animalbattlestats.com/images/icons/icon-192.png,0,2026-02-06T18:14:04.376000+00:00,⚔️ Battle Comparison,rich,0,,,false,,,,false,,,,,,,,,2026-02-06T18:14:04.973000+00:00,false,0,Animal Battle Stats,1446203750204047426
1469391030779511042,,,,,,true,,0000,0,,1446203750204047426,,0,Animal Battle Stats,,1446204139909550150,,,2026-02-06T17:55:21.703Z,,16739072,4,false,Matchup,**Colossal Squid** vs **Cassowary**,true,User,Anonymous,true,🌐 Location,"Vilnius, VL, LT",true,🖥️ Device,Chrome on Windows,,,,,,,,,,,,,,,,,0,0,,,https://images-ext-1.discordapp.net/external/JNVOwhfRcEFw8VgKDMB9KwuZ8MKiLYwmegb7iAnEsqQ/https/animalbattlestats.com/images/icons/icon-192.png,https://animalbattlestats.com/images/icons/icon-192.png,0,2026-02-06T17:55:21.394000+00:00,⚔️ Battle Comparison,rich,0,,,false,,,,false,,,,,,,,,2026-02-06T17:55:21.703000+00:00,false,0,Animal Battle Stats,1446203750204047426
1469390840383279105,,,,,,true,,0000,0,,1446203750204047426,,0,Animal Battle Stats,,1446204139909550150,,,2026-02-06T17:54:36.309Z,,16739072,4,false,Matchup,**Colossal Squid** vs **Cassowary**,true,User,Anonymous,true,🌐 Location,"Vilnius, VL, LT",true,🖥️ Device,Chrome on Windows,,,,,,,,,,,,,,,,,0,0,,,https://images-ext-1.discordapp.net/external/JNVOwhfRcEFw8VgKDMB9KwuZ8MKiLYwmegb7iAnEsqQ/https/animalbattlestats.com/images/icons/icon-192.png,https://animalbattlestats.com/images/icons/icon-192.png,0,2026-02-06T17:54:35.297000+00:00,⚔️ Battle Comparison,rich,0,,,false,,,,false,,,,,,,,,2026-02-06T17:54:36.309000+00:00,false,0,Animal Battle Stats,1446203750204047426
1469390714117820663,,,,,,true,,0000,0,,1446203750204047426,,0,Animal Battle Stats,,1446204139909550150,,,2026-02-06T17:54:06.205Z,,16739072,4,false,Matchup,**Colossal Squid** vs **Cassowary**,true,User,Anonymous,true,🌐 Location,"Vilnius, VL, LT",true,🖥️ Device,Chrome on Windows,,,,,,,,,,,,,,,,,0,0,,,https://images-ext-1.discordapp.net/external/JNVOwhfRcEFw8VgKDMB9KwuZ8MKiLYwmegb7iAnEsqQ/https/animalbattlestats.com/images/icons/icon-192.png,https://animalbattlestats.com/images/icons/icon-192.png,0,2026-02-06T17:54:05.906000+00:00,⚔️ Battle Comparison,rich,0,,,false,,,,false,,,,,,,,,2026-02-06T17:54:06.205000+00:00,false,0,Animal Battle Stats,1446203750204047426
1469390552486383636,,,,,,true,,0000,0,,1446203750204047426,,0,Animal Battle Stats,,1446204139909550150,,,2026-02-06T17:53:27.669Z,,16739072,4,false,Matchup,**Colossal Squid** vs **Cassowary**,true,User,Anonymous,true,🌐 Location,"Vilnius, VL, LT",true,🖥️ Device,Chrome on Windows,,,,,,,,,,,,,,,,,0,0,,,https://images-ext-1.discordapp.net/external/JNVOwhfRcEFw8VgKDMB9KwuZ8MKiLYwmegb7iAnEsqQ/https/animalbattlestats.com/images/icons/icon-192.png,https://animalbattlestats.com/images/icons/icon-192.png,0,2026-02-06T17:53:27.403000+00:00,⚔️ Battle Comparison,rich,0,,,false,,,,false,,,,,,,,,2026-02-06T17:53:27.669000+00:00,false,0,Animal Battle Stats,1446203750204047426
1469390372269719603,,,,,,true,,0000,0,,1446203750204047426,,0,Animal Battle Stats,,1446204139909550150,,,2026-02-06T17:52:44.702Z,,16739072,4,false,Matchup,**Colossal Squid** vs **Cassowary**,true,User,Anonymous,true,🌐 Location,"Vilnius, VL, LT",true,🖥️ Device,Chrome on Windows,,,,,,,,,,,,,,,,,0,0,,,https://images-ext-1.discordapp.net/external/JNVOwhfRcEFw8VgKDMB9KwuZ8MKiLYwmegb7iAnEsqQ/https/animalbattlestats.com/images/icons/icon-192.png,https://animalbattlestats.com/images/icons/icon-192.png,0,2026-02-06T17:52:44.368000+00:00,⚔️ Battle Comparison,rich,0,,,false,,,,false,,,,,,,,,2026-02-06T17:52:44.702000+00:00,false,0,Animal Battle Stats,1446203750204047426
1469390133034877167,,,,,,true,,0000,0,,1446203750204047426,,0,Animal Battle Stats,,1446204139909550150,,,2026-02-06T17:51:47.664Z,,16739072,4,false,Matchup,**Colossal Squid** vs **Cassowary**,true,User,Anonymous,true,🌐 Location,"Vilnius, VL, LT",true,🖥️ Device,Chrome on Windows,,,,,,,,,,,,,,,,,0,0,,,https://images-ext-1.discordapp.net/external/JNVOwhfRcEFw8VgKDMB9KwuZ8MKiLYwmegb7iAnEsqQ/https/animalbattlestats.com/images/icons/icon-192.png,https://animalbattlestats.com/images/icons/icon-192.png,0,2026-02-06T17:51:47.097000+00:00,⚔️ Battle Comparison,rich,0,,,false,,,,false,,,,,,,,,2026-02-06T17:51:47.664000+00:00,false,0,Animal Battle Stats,1446203750204047426
1469388065192808448,,,,,,true,,0000,0,,1446203750204047426,,0,Animal Battle Stats,,1446204139909550150,,,2026-02-06T17:43:34.652Z,,16739072,4,false,Matchup,**Colossal Squid** vs **Cassowary**,true,User,Anonymous,true,🌐 Location,"Vilnius, VL, LT",true,🖥️ Device,Chrome on Windows,,,,,,,,,,,,,,,,,0,0,,,https://images-ext-1.discordapp.net/external/JNVOwhfRcEFw8VgKDMB9KwuZ8MKiLYwmegb7iAnEsqQ/https/animalbattlestats.com/images/icons/icon-192.png,https://animalbattlestats.com/images/icons/icon-192.png,0,2026-02-06T17:43:34.330000+00:00,⚔️ Battle Comparison,rich,0,,,false,,,,false,,,,,,,,,2026-02-06T17:43:34.652000+00:00,false,0,Animal Battle Stats,1446203750204047426
1469387733783941283,,,,,,true,,0000,0,,1446203750204047426,,0,Animal Battle Stats,,1446204139909550150,,,2026-02-06T17:42:15.638Z,,16739072,4,false,Matchup,**Colossal Squid** vs **Cassowary**,true,User,Anonymous,true,🌐 Location,"Vilnius, VL, LT",true,🖥️ Device,Chrome on Windows,,,,,,,,,,,,,,,,,0,0,,,https://images-ext-1.discordapp.net/external/JNVOwhfRcEFw8VgKDMB9KwuZ8MKiLYwmegb7iAnEsqQ/https/animalbattlestats.com/images/icons/icon-192.png,https://animalbattlestats.com/images/icons/icon-192.png,0,2026-02-06T17:42:15.408000+00:00,⚔️ Battle Comparison,rich,0,,,false,,,,false,,,,,,,,,2026-02-06T17:42:15.638000+00:00,false,0,Animal Battle Stats,1446203750204047426
1469387620609163507,,,,,,true,,0000,0,,1446203750204047426,,0,Animal Battle Stats,,1446204139909550150,,,2026-02-06T17:41:48.655Z,,16739072,4,false,Matchup,**Colossal Squid** vs **Cassowary**,true,User,Anonymous,true,🌐 Location,"Vilnius, VL, LT",true,🖥️ Device,Chrome on Windows,,,,,,,,,,,,,,,,,0,0,,,https://images-ext-1.discordapp.net/external/JNVOwhfRcEFw8VgKDMB9KwuZ8MKiLYwmegb7iAnEsqQ/https/animalbattlestats.com/images/icons/icon-192.png,https://animalbattlestats.com/images/icons/icon-192.png,0,2026-02-06T17:41:48.385000+00:00,⚔️ Battle Comparison,rich,0,,,false,,,,false,,,,,,,,,2026-02-06T17:41:48.655000+00:00,false,0,Animal Battle Stats,1446203750204047426
1469387557870637201,,,,,,true,,0000,0,,1446203750204047426,,0,Animal Battle Stats,,1446204139909550150,,,2026-02-06T17:41:33.697Z,,16739072,4,false,Matchup,**Colossal Squid** vs **Cassowary**,true,User,Anonymous,true,🌐 Location,"Vilnius, VL, LT",true,🖥️ Device,Chrome on Windows,,,,,,,,,,,,,,,,,0,0,,,https://images-ext-1.discordapp.net/external/JNVOwhfRcEFw8VgKDMB9KwuZ8MKiLYwmegb7iAnEsqQ/https/animalbattlestats.com/images/icons/icon-192.png,https://animalbattlestats.com/images/icons/icon-192.png,0,2026-02-06T17:41:33.317000+00:00,⚔️ Battle Comparison,rich,0,,,false,,,,false,,,,,,,,,2026-02-06T17:41:33.697000+00:00,false,0,Animal Battle Stats,1446203750204047426
1469387461150113854,,,,,,true,,0000,0,,1446203750204047426,,0,Animal Battle Stats,,1446204139909550150,,,2026-02-06T17:41:10.637Z,,16739072,4,false,Matchup,**Colossal Squid** vs **Cassowary**,true,User,Anonymous,true,🌐 Location,"Vilnius, VL, LT",true,🖥️ Device,Chrome on Windows,,,,,,,,,,,,,,,,,0,0,,,https://images-ext-1.discordapp.net/external/JNVOwhfRcEFw8VgKDMB9KwuZ8MKiLYwmegb7iAnEsqQ/https/animalbattlestats.com/images/icons/icon-192.png,https://animalbattlestats.com/images/icons/icon-192.png,0,2026-02-06T17:41:10.292000+00:00,⚔️ Battle Comparison,rich,0,,,false,,,,false,,,,,,,,,2026-02-06T17:41:10.637000+00:00,false,0,Animal Battle Stats,1446203750204047426
1469386889210364117,,,,,,true,,0000,0,,1446203750204047426,,0,Animal Battle Stats,,1446204139909550150,,,2026-02-06T17:38:54.276Z,,16739072,4,false,Matchup,**Colossal Squid** vs **Cassowary**,true,User,Anonymous,true,🌐 Location,"Vilnius, VL, LT",true,🖥️ Device,Chrome on Windows,,,,,,,,,,,,,,,,,0,0,,,https://images-ext-1.discordapp.net/external/JNVOwhfRcEFw8VgKDMB9KwuZ8MKiLYwmegb7iAnEsqQ/https/animalbattlestats.com/images/icons/icon-192.png,https://animalbattlestats.com/images/icons/icon-192.png,0,2026-02-06T17:38:53.761000+00:00,⚔️ Battle Comparison,rich,0,,,false,,,,false,,,,,,,,,2026-02-06T17:38:54.276000+00:00,false,0,Animal Battle Stats,1446203750204047426
1469386701267931402,,,,,,true,,0000,0,,1446203750204047426,,0,Animal Battle Stats,,1446204139909550150,,,2026-02-06T17:38:09.467Z,,4491519,4,true,Visitor,Anonymous,true,🔗 Page,/compare,true,🌐 Location,"Vilnius, VL, LT",true,🖥️ Device,Chrome on Windows,true,📐 Screen,2560x1440,true,🌐 Language,en-GB,,,,,,,,,,,0,0,,,https://images-ext-1.discordapp.net/external/JNVOwhfRcEFw8VgKDMB9KwuZ8MKiLYwmegb7iAnEsqQ/https/animalbattlestats.com/images/icons/icon-192.png,https://animalbattlestats.com/images/icons/icon-192.png,0,2026-02-06T17:38:09.120000+00:00,👀 Site Visit,rich,0,,,false,,,,false,,,,,,,,,2026-02-06T17:38:09.467000+00:00,false,0,Animal Battle Stats,1446203750204047426
1469386698684366890,,,,,,true,,0000,0,,1446203750204047426,,0,Animal Battle Stats,,1446204139909550150,,,2026-02-06T17:38:08.851Z,,4491519,4,true,Visitor,Anonymous,true,🔗 Page,/,true,🌐 Location,"Vilnius, VL, LT",true,🖥️ Device,Chrome on Windows,true,📐 Screen,2560x1440,true,🌐 Language,en-GB,,,,,,,,,,,0,0,,,https://images-ext-1.discordapp.net/external/JNVOwhfRcEFw8VgKDMB9KwuZ8MKiLYwmegb7iAnEsqQ/https/animalbattlestats.com/images/icons/icon-192.png,https://animalbattlestats.com/images/icons/icon-192.png,0,2026-02-06T17:32:26.609000+00:00,👀 Site Visit,rich,0,,,false,,,,false,,,,,,,,,2026-02-06T17:38:08.851000+00:00,false,0,Animal Battle Stats,1446203750204047426
1469386060646711502,,,,,,true,,0000,0,,1446203750204047426,,0,Animal Battle Stats,,1446204139909550150,,,2026-02-06T17:35:36.731Z,,16739072,4,false,Matchup,**Colossal Squid** vs **Cassowary**,true,User,Anonymous,true,🌐 Location,"Vilnius, VL, LT",true,🖥️ Device,Chrome on Windows,,,,,,,,,,,,,,,,,0,0,,,https://images-ext-1.discordapp.net/external/JNVOwhfRcEFw8VgKDMB9KwuZ8MKiLYwmegb7iAnEsqQ/https/animalbattlestats.com/images/icons/icon-192.png,https://animalbattlestats.com/images/icons/icon-192.png,0,2026-02-06T17:35:36.502000+00:00,⚔️ Battle Comparison,rich,0,,,false,,,,false,,,,,,,,,2026-02-06T17:35:36.731000+00:00,false,0,Animal Battle Stats,1446203750204047426
1469385854341353562,,,,,,true,,0000,0,,1446203750204047426,,0,Animal Battle Stats,,1446204139909550150,,,2026-02-06T17:34:47.544Z,,16739072,4,false,Matchup,**Llama** vs **Cassowary**,true,User,Anonymous,true,🌐 Location,"Vilnius, VL, LT",true,🖥️ Device,Chrome on Windows,,,,,,,,,,,,,,,,,0,0,,,https://images-ext-1.discordapp.net/external/JNVOwhfRcEFw8VgKDMB9KwuZ8MKiLYwmegb7iAnEsqQ/https/animalbattlestats.com/images/icons/icon-192.png,https://animalbattlestats.com/images/icons/icon-192.png,0,2026-02-06T17:34:47.195000+00:00,⚔️ Battle Comparison,rich,0,,,false,,,,false,,,,,,,,,2026-02-06T17:34:47.544000+00:00,false,0,Animal Battle Stats,1446203750204047426
1469385775278850090,,,,,,true,,0000,0,,1446203750204047426,,0,Animal Battle Stats,,1446204139909550150,,,2026-02-06T17:34:28.694Z,,16739072,4,false,Matchup,**Capybara** vs **Cassowary**,true,User,Anonymous,true,🌐 Location,"Vilnius, VL, LT",true,🖥️ Device,Chrome on Windows,,,,,,,,,,,,,,,,,0,0,,,https://images-ext-1.discordapp.net/external/JNVOwhfRcEFw8VgKDMB9KwuZ8MKiLYwmegb7iAnEsqQ/https/animalbattlestats.com/images/icons/icon-192.png,https://animalbattlestats.com/images/icons/icon-192.png,0,2026-02-06T17:34:28.311000+00:00,⚔️ Battle Comparison,rich,0,,,false,,,,false,,,,,,,,,2026-02-06T17:34:28.694000+00:00,false,0,Animal Battle Stats,1446203750204047426
1469385546294886676,,,,,,true,,0000,0,,1446203750204047426,,0,Animal Battle Stats,,1446204139909550150,,,2026-02-06T17:33:34.100Z,,16739072,4,false,Matchup,**Colossal Squid** vs **Porcupine**,true,User,Anonymous,true,🌐 Location,"Vilnius, VL, LT",true,🖥️ Device,Chrome on Windows,,,,,,,,,,,,,,,,,0,0,,,https://images-ext-1.discordapp.net/external/JNVOwhfRcEFw8VgKDMB9KwuZ8MKiLYwmegb7iAnEsqQ/https/animalbattlestats.com/images/icons/icon-192.png,https://animalbattlestats.com/images/icons/icon-192.png,0,2026-02-06T17:33:33.494000+00:00,⚔️ Battle Comparison,rich,0,,,false,,,,false,,,,,,,,,2026-02-06T17:33:34.100000+00:00,false,0,Animal Battle Stats,1446203750204047426
1469380979692142665,,,,,,true,,0000,0,,1446203750204047426,,0,Animal Battle Stats,,1446204139909550150,,,2026-02-06T17:15:25.337Z,,16739072,4,false,Matchup,**Gorilla** vs **Gray Wolf**,true,User,RamiNoodle733,true,🌐 Location,"Houston, TX, US",true,📱 Device,Safari on macOS,,,,,,,,,,,,,,,,,0,0,,,https://images-ext-1.discordapp.net/external/JNVOwhfRcEFw8VgKDMB9KwuZ8MKiLYwmegb7iAnEsqQ/https/animalbattlestats.com/images/icons/icon-192.png,https://animalbattlestats.com/images/icons/icon-192.png,0,2026-02-06T17:15:25.098000+00:00,⚔️ Battle Comparison,rich,0,,,false,,,,false,,,,,,,,,2026-02-06T17:15:25.337000+00:00,false,0,Animal Battle Stats,1446203750204047426
1469380928504594695,,,,,,true,,0000,0,,1446203750204047426,,0,Animal Battle Stats,,1446204139909550150,,,2026-02-06T17:15:13.133Z,,16739072,4,false,Matchup,**Gorilla** vs **Gray Wolf**,true,User,RamiNoodle733,true,🌐 Location,"Houston, TX, US",true,📱 Device,Safari on macOS,,,,,,,,,,,,,,,,,0,0,,,https://images-ext-1.discordapp.net/external/JNVOwhfRcEFw8VgKDMB9KwuZ8MKiLYwmegb7iAnEsqQ/https/animalbattlestats.com/images/icons/icon-192.png,https://animalbattlestats.com/images/icons/icon-192.png,0,2026-02-06T17:15:12.622000+00:00,⚔️ Battle Comparison,rich,0,,,false,,,,false,,,,,,,,,2026-02-06T17:15:13.133000+00:00,false,0,Animal Battle Stats,1446203750204047426
1469354859969904918,,,,,,true,,0000,0,,1446203750204047426,,0,Animal Battle Stats,,1446204139909550150,,,2026-02-06T15:31:37.910Z,,6710886,4,true,User,Anonymous,true,🔗 Page,/tournament,true,🌐 Location,"Bayonne, NJ, US",true,🕐 Session Duration,2m 44s,,,,,,,,,,,,,,,,,0,0,,,https://images-ext-1.discordapp.net/external/JNVOwhfRcEFw8VgKDMB9KwuZ8MKiLYwmegb7iAnEsqQ/https/animalbattlestats.com/images/icons/icon-192.png,https://animalbattlestats.com/images/icons/icon-192.png,0,2026-02-06T15:31:37.599000+00:00,👋 User Left Site,rich,0,,,false,,,,false,,,,,,,,,2026-02-06T15:31:37.910000+00:00,false,0,Animal Battle Stats,1446203750204047426
1469354171667845261,,,,,,true,,0000,0,,1446203750204047426,,0,Animal Battle Stats,,1446204139909550150,,,2026-02-06T15:28:53.806Z,,4491519,4,true,Visitor,Anonymous,true,🔗 Page,/,true,🌐 Location,"Bayonne, NJ, US",true,🖥️ Device,Chrome on Unknown,true,📐 Screen,1300x730,true,🌐 Language,en-US,,,,,,,,,,,0,0,,,https://images-ext-1.discordapp.net/external/JNVOwhfRcEFw8VgKDMB9KwuZ8MKiLYwmegb7iAnEsqQ/https/animalbattlestats.com/images/icons/icon-192.png,https://animalbattlestats.com/images/icons/icon-192.png,0,2026-02-06T15:28:53.523000+00:00,👀 Site Visit,rich,0,,,false,,,,false,,,,,,,,,2026-02-06T15:28:53.806000+00:00,false,0,Animal Battle Stats,1446203750204047426
1469354038087909503,,,,,,true,,0000,0,,1446203750204047426,,0,Animal Battle Stats,,1446204139909550150,,,2026-02-06T15:28:21.958Z,,16739072,4,false,Matchup,**African Elephant** vs **Orca**,true,User,Anonymous,true,🌐 Location,"Bayonne, NJ, US",true,🖥️ Device,Chrome on Unknown,,,,,,,,,,,,,,,,,0,0,,,https://images-ext-1.discordapp.net/external/JNVOwhfRcEFw8VgKDMB9KwuZ8MKiLYwmegb7iAnEsqQ/https/animalbattlestats.com/images/icons/icon-192.png,https://animalbattlestats.com/images/icons/icon-192.png,0,2026-02-06T15:28:21.528000+00:00,⚔️ Battle Comparison,rich,0,,,false,,,,false,,,,,,,,,2026-02-06T15:28:21.958000+00:00,false,0,Animal Battle Stats,1446203750204047426
1469353784059887738,,,,,,true,,0000,0,,1446203750204047426,,0,Animal Battle Stats,,1446204139909550150,,,2026-02-06T15:27:21.393Z,,4491519,4,true,Visitor,Anonymous,true,🔗 Page,/,true,🌐 Location,"Bayonne, NJ, US",true,🖥️ Device,Chrome on Unknown,true,📐 Screen,1366x768,true,🌐 Language,en-US,,,,,,,,,,,0,0,,,https://images-ext-1.discordapp.net/external/JNVOwhfRcEFw8VgKDMB9KwuZ8MKiLYwmegb7iAnEsqQ/https/animalbattlestats.com/images/icons/icon-192.png,https://animalbattlestats.com/images/icons/icon-192.png,0,2026-02-06T15:27:21.061000+00:00,👀 Site Visit,rich,0,,,false,,,,false,,,,,,,,,2026-02-06T15:27:21.393000+00:00,false,0,Animal Battle Stats,1446203750204047426
1469353779274186917,,,,,,true,,0000,0,,1446203750204047426,,0,Animal Battle Stats,,1446204139909550150,,,2026-02-06T15:27:20.252Z,,4491519,4,true,Visitor,Anonymous,true,🔗 Page,/compare,true,🌐 Location,"Bayonne, NJ, US",true,🖥️ Device,Chrome on Unknown,true,📐 Screen,1300x730,true,🌐 Language,en-US,,,,,,,,,,,0,0,,,https://images-ext-1.discordapp.net/external/JNVOwhfRcEFw8VgKDMB9KwuZ8MKiLYwmegb7iAnEsqQ/https/animalbattlestats.com/images/icons/icon-192.png,https://animalbattlestats.com/images/icons/icon-192.png,0,2026-02-06T15:27:14.838000+00:00,👀 Site Visit,rich,0,,,false,,,,false,,,,,,,,,2026-02-06T15:27:20.252000+00:00,false,0,Animal Battle Stats,1446203750204047426
1469109923349528741,,,,,,true,,0000,0,,1446203750204047426,,0,Animal Battle Stats,,1446204139909550150,,,2026-02-05T23:18:20.469Z,,4491519,4,true,Visitor,Anonymous,true,🔗 Page,/,true,🌐 Location,"Lodi, NJ, US",true,🖥️ Device,Safari on macOS,true,📐 Screen,820x1180,true,🌐 Language,en-US,,,,,,,,,,,0,0,,,https://images-ext-1.discordapp.net/external/JNVOwhfRcEFw8VgKDMB9KwuZ8MKiLYwmegb7iAnEsqQ/https/animalbattlestats.com/images/icons/icon-192.png,https://animalbattlestats.com/images/icons/icon-192.png,0,2026-02-05T23:18:20.072000+00:00,👀 Site Visit,rich,0,,,false,,,,false,,,,,,,,,2026-02-05T23:18:20.469000+00:00,false,0,Animal Battle Stats,1446203750204047426
1469109923123302615,,,,,,true,,0000,0,,1446203750204047426,,0,Animal Battle Stats,,1446204139909550150,,,2026-02-05T23:18:20.415Z,,4491519,4,true,Visitor,Anonymous,true,🔗 Page,/,true,🌐 Location,"Lodi, NJ, US",true,🖥️ Device,Safari on macOS,true,📐 Screen,820x1180,true,🌐 Language,en-US,,,,,,,,,,,0,0,,,https://images-ext-1.discordapp.net/external/JNVOwhfRcEFw8VgKDMB9KwuZ8MKiLYwmegb7iAnEsqQ/https/animalbattlestats.com/images/icons/icon-192.png,https://animalbattlestats.com/images/icons/icon-192.png,0,2026-02-05T23:17:48.880000+00:00,👀 Site Visit,rich,0,,,false,,,,false,,,,,,,,,2026-02-05T23:18:20.415000+00:00,false,0,Animal Battle Stats,1446203750204047426
1468953155017375956,,,,,,true,,0000,0,,1446203750204047426,,0,Animal Battle Stats,,1446204139909550150,,,2026-02-05T12:55:23.986Z,,4491519,4,true,Visitor,RamiNoodle733,true,🔗 Page,/signup,true,🌐 Location,"Houston, TX, US",true,📱 Device,Safari on macOS,true,📐 Screen,402x874,true,🌐 Language,en-US,,,,,,,,,,,0,0,,,https://images-ext-1.discordapp.net/external/JNVOwhfRcEFw8VgKDMB9KwuZ8MKiLYwmegb7iAnEsqQ/https/animalbattlestats.com/images/icons/icon-192.png,https://animalbattlestats.com/images/icons/icon-192.png,0,2026-02-05T12:55:23.667000+00:00,👀 Site Visit,rich,0,,,false,,,,false,,,,,,,,,2026-02-05T12:55:23.986000+00:00,false,0,Animal Battle Stats,1446203750204047426
1468953153272545321,,,,,,true,,0000,0,,1446203750204047426,,0,Animal Battle Stats,,1446204139909550150,,,2026-02-05T12:55:23.570Z,,6710886,4,true,User,Anonymous,true,🔗 Page,/,true,🌐 Location,"Skopje, MK",true,🕐 Session Duration,3m 23s,,,,,,,,,,,,,,,,,0,0,,,https://images-ext-1.discordapp.net/external/JNVOwhfRcEFw8VgKDMB9KwuZ8MKiLYwmegb7iAnEsqQ/https/animalbattlestats.com/images/icons/icon-192.png,https://animalbattlestats.com/images/icons/icon-192.png,0,2026-02-05T12:52:36.608000+00:00,👋 User Left Site,rich,0,,,false,,,,false,,,,,,,,,2026-02-05T12:55:23.570000+00:00,false,0,Animal Battle Stats,1446203750204047426
1468952399585743000,,,,,,true,,0000,0,,1446203750204047426,,0,Animal Battle Stats,,1446204139909550150,,,2026-02-05T12:52:23.877Z,,16739072,4,false,Matchup,**Rhinoceros** vs **Hippopotamus**,true,User,Anonymous,true,🌐 Location,"Skopje, MK",true,🖥️ Device,Edge on Windows,,,,,,,,,,,,,,,,,0,0,,,https://images-ext-1.discordapp.net/external/JNVOwhfRcEFw8VgKDMB9KwuZ8MKiLYwmegb7iAnEsqQ/https/animalbattlestats.com/images/icons/icon-192.png,https://animalbattlestats.com/images/icons/icon-192.png,0,2026-02-05T12:52:23.512000+00:00,⚔️ Battle Comparison,rich,0,,,false,,,,false,,,,,,,,,2026-02-05T12:52:23.877000+00:00,false,0,Animal Battle Stats,1446203750204047426
1468951705675890738,,,,,,true,,0000,0,,1446203750204047426,,0,Animal Battle Stats,,1446204139909550150,,,2026-02-05T12:49:38.436Z,,16739072,4,false,Matchup,**Grizzly Bear** vs **Siberian Tiger**,true,User,Anonymous,true,🌐 Location,"Skopje, MK",true,🖥️ Device,Edge on Windows,,,,,,,,,,,,,,,,,0,0,,,https://images-ext-1.discordapp.net/external/JNVOwhfRcEFw8VgKDMB9KwuZ8MKiLYwmegb7iAnEsqQ/https/animalbattlestats.com/images/icons/icon-192.png,https://animalbattlestats.com/images/icons/icon-192.png,0,2026-02-05T12:49:37.839000+00:00,⚔️ Battle Comparison,rich,0,,,false,,,,false,,,,,,,,,2026-02-05T12:49:38.436000+00:00,false,0,Animal Battle Stats,1446203750204047426
1468939297850786015,,,,,,true,,0000,0,,1446203750204047426,,0,Animal Battle Stats,,1446204139909550150,,,2026-02-05T12:00:20.180Z,,16739072,4,false,Matchup,**African Elephant** vs **Hippopotamus**,true,User,Anonymous,true,🌐 Location,"Weimar, TH, DE",true,🖥️ Device,Safari on macOS,,,,,,,,,,,,,,,,,0,0,,,https://images-ext-1.discordapp.net/external/JNVOwhfRcEFw8VgKDMB9KwuZ8MKiLYwmegb7iAnEsqQ/https/animalbattlestats.com/images/icons/icon-192.png,https://animalbattlestats.com/images/icons/icon-192.png,0,2026-02-05T12:00:19.622000+00:00,⚔️ Battle Comparison,rich,0,,,false,,,,false,,,,,,,,,2026-02-05T12:00:20.180000+00:00,false,0,Animal Battle Stats,1446203750204047426
1468925687187640352,,,,,,true,,0000,0,,1446203750204047426,,0,Animal Battle Stats,,1446204139909550150,,,2026-02-05T11:06:15.145Z,,16739072,4,false,Matchup,**Megalodon** vs **Jaguar**,true,User,Anonymous,true,🌐 Location,"Weimar, TH, DE",true,🖥️ Device,Safari on macOS,,,,,,,,,,,,,,,,,0,0,,,https://images-ext-1.discordapp.net/external/JNVOwhfRcEFw8VgKDMB9KwuZ8MKiLYwmegb7iAnEsqQ/https/animalbattlestats.com/images/icons/icon-192.png,https://animalbattlestats.com/images/icons/icon-192.png,0,2026-02-05T11:06:14.786000+00:00,⚔️ Battle Comparison,rich,0,,,false,,,,false,,,,,,,,,2026-02-05T11:06:15.145000+00:00,false,0,Animal Battle Stats,1446203750204047426
1468925366641889355,,,,,,true,,0000,0,,1446203750204047426,,0,Animal Battle Stats,,1446204139909550150,,,2026-02-05T11:04:58.721Z,,16739072,4,false,Matchup,**Black Panther** vs **Jaguar**,true,User,Anonymous,true,🌐 Location,"Weimar, TH, DE",true,🖥️ Device,Safari on macOS,,,,,,,,,,,,,,,,,0,0,,,https://images-ext-1.discordapp.net/external/JNVOwhfRcEFw8VgKDMB9KwuZ8MKiLYwmegb7iAnEsqQ/https/animalbattlestats.com/images/icons/icon-192.png,https://animalbattlestats.com/images/icons/icon-192.png,0,2026-02-05T11:04:58.369000+00:00,⚔️ Battle Comparison,rich,0,,,false,,,,false,,,,,,,,,2026-02-05T11:04:58.721000+00:00,false,0,Animal Battle Stats,1446203750204047426
1468924955738505329,,,,,,true,,0000,0,,1446203750204047426,,0,Animal Battle Stats,,1446204139909550150,,,2026-02-05T11:03:20.754Z,,16739072,4,false,Matchup,**Alligator** vs **Saltwater Crocodile**,true,User,Anonymous,true,🌐 Location,"Weimar, TH, DE",true,🖥️ Device,Safari on macOS,,,,,,,,,,,,,,,,,0,0,,,https://images-ext-1.discordapp.net/external/JNVOwhfRcEFw8VgKDMB9KwuZ8MKiLYwmegb7iAnEsqQ/https/animalbattlestats.com/images/icons/icon-192.png,https://animalbattlestats.com/images/icons/icon-192.png,0,2026-02-05T11:03:20.461000+00:00,⚔️ Battle Comparison,rich,0,,,false,,,,false,,,,,,,,,2026-02-05T11:03:20.754000+00:00,false,0,Animal Battle Stats,1446203750204047426
1468924838209917081,,,,,,true,,0000,0,,1446203750204047426,,0,Animal Battle Stats,,1446204139909550150,,,2026-02-05T11:02:52.733Z,,16739072,4,false,Matchup,**Alligator** vs **Python**,true,User,Anonymous,true,🌐 Location,"Weimar, TH, DE",true,🖥️ Device,Safari on macOS,,,,,,,,,,,,,,,,,0,0,,,https://images-ext-1.discordapp.net/external/JNVOwhfRcEFw8VgKDMB9KwuZ8MKiLYwmegb7iAnEsqQ/https/animalbattlestats.com/images/icons/icon-192.png,https://animalbattlestats.com/images/icons/icon-192.png,0,2026-02-05T11:02:52.359000+00:00,⚔️ Battle Comparison,rich,0,,,false,,,,false,,,,,,,,,2026-02-05T11:02:52.733000+00:00,false,0,Animal Battle Stats,1446203750204047426
1468924483342434410,,,,,,true,,0000,0,,1446203750204047426,,0,Animal Battle Stats,,1446204139909550150,,,2026-02-05T11:01:28.126Z,,16739072,4,false,Matchup,**Hippopotamus** vs **Black Rhinoceros**,true,User,Anonymous,true,🌐 Location,"Weimar, TH, DE",true,🖥️ Device,Safari on macOS,,,,,,,,,,,,,,,,,0,0,,,https://images-ext-1.discordapp.net/external/JNVOwhfRcEFw8VgKDMB9KwuZ8MKiLYwmegb7iAnEsqQ/https/animalbattlestats.com/images/icons/icon-192.png,https://animalbattlestats.com/images/icons/icon-192.png,0,2026-02-05T11:01:27.540000+00:00,⚔️ Battle Comparison,rich,0,,,false,,,,false,,,,,,,,,2026-02-05T11:01:28.126000+00:00,false,0,Animal Battle Stats,1446203750204047426
1468586995813978183,,,,,,true,,0000,0,,1446203750204047426,,0,Animal Battle Stats,,1446204139909550150,,,2026-02-04T12:40:24.829Z,,16739072,4,false,Matchup,**Siberian Tiger** vs **African Lion**,true,User,Anonymous,true,🌐 Location,"Berlin, BE, DE",true,🖥️ Device,Safari on macOS,,,,,,,,,,,,,,,,,0,0,,,https://images-ext-1.discordapp.net/external/JNVOwhfRcEFw8VgKDMB9KwuZ8MKiLYwmegb7iAnEsqQ/https/animalbattlestats.com/images/icons/icon-192.png,https://animalbattlestats.com/images/icons/icon-192.png,0,2026-02-04T12:40:24.486000+00:00,⚔️ Battle Comparison,rich,0,,,false,,,,false,,,,,,,,,2026-02-04T12:40:24.829000+00:00,false,0,Animal Battle Stats,1446203750204047426
1468586927073787938,,,,,,true,,0000,0,,1446203750204047426,,0,Animal Battle Stats,,1446204139909550150,,,2026-02-04T12:40:08.440Z,,4491519,4,true,Visitor,Anonymous,true,🔗 Page,/compare,true,🌐 Location,"Berlin, BE, DE",true,🖥️ Device,Safari on macOS,true,📐 Screen,1024x1366,true,🌐 Language,de-DE,,,,,,,,,,,0,0,,,https://images-ext-1.discordapp.net/external/JNVOwhfRcEFw8VgKDMB9KwuZ8MKiLYwmegb7iAnEsqQ/https/animalbattlestats.com/images/icons/icon-192.png,https://animalbattlestats.com/images/icons/icon-192.png,0,2026-02-04T12:40:08.098000+00:00,👀 Site Visit,rich,0,,,false,,,,false,,,,,,,,,2026-02-04T12:40:08.440000+00:00,false,0,Animal Battle Stats,1446203750204047426
1468586926490783975,,,,,,true,,0000,0,,1446203750204047426,,0,Animal Battle Stats,,1446204139909550150,,,2026-02-04T12:40:08.301Z,,4491519,4,true,Visitor,Anonymous,true,🔗 Page,/,true,🌐 Location,"Phoenix, AZ, US",true,🖥️ Device,Chrome on Windows,true,📐 Screen,1366x768,true,🌐 Language,en-US,,,,,,,,,,,0,0,,,https://images-ext-1.discordapp.net/external/JNVOwhfRcEFw8VgKDMB9KwuZ8MKiLYwmegb7iAnEsqQ/https/animalbattlestats.com/images/icons/icon-192.png,https://animalbattlestats.com/images/icons/icon-192.png,0,2026-02-04T12:34:51.853000+00:00,👀 Site Visit,rich,0,,,false,,,,false,,,,,,,,,2026-02-04T12:40:08.301000+00:00,false,0,Animal Battle Stats,1446203750204047426
1468414453803389150,,,,,,true,,0000,0,,1446203750204047426,,0,Animal Battle Stats,,1446204139909550150,,,2026-02-04T01:14:47.608Z,,4491519,4,true,Visitor,Anonymous,true,🔗 Page,/,true,🌐 Location,"Lodi, NJ, US",true,🖥️ Device,Safari on macOS,true,📐 Screen,820x1180,true,🌐 Language,en-US,,,,,,,,,,,0,0,,,https://images-ext-1.discordapp.net/external/JNVOwhfRcEFw8VgKDMB9KwuZ8MKiLYwmegb7iAnEsqQ/https/animalbattlestats.com/images/icons/icon-192.png,https://animalbattlestats.com/images/icons/icon-192.png,0,2026-02-04T01:14:47.346000+00:00,👀 Site Visit,rich,0,,,false,,,,false,,,,,,,,,2026-02-04T01:14:47.608000+00:00,false,0,Animal Battle Stats,1446203750204047426
1468414435940110361,,,,,,true,,0000,0,,1446203750204047426,,0,Animal Battle Stats,,1446204139909550150,,,2026-02-04T01:14:43.349Z,,4491519,4,true,Visitor,Anonymous,true,🔗 Page,/,true,🌐 Location,"Lodi, NJ, US",true,🖥️ Device,Safari on macOS,true,📐 Screen,820x1180,true,🌐 Language,en-US,,,,,,,,,,,0,0,,,https://images-ext-1.discordapp.net/external/JNVOwhfRcEFw8VgKDMB9KwuZ8MKiLYwmegb7iAnEsqQ/https/animalbattlestats.com/images/icons/icon-192.png,https://animalbattlestats.com/images/icons/icon-192.png,0,2026-02-04T01:14:43.143000+00:00,👀 Site Visit,rich,0,,,false,,,,false,,,,,,,,,2026-02-04T01:14:43.349000+00:00,false,0,Animal Battle Stats,1446203750204047426
1468414413337002059,,,,,,true,,0000,0,,1446203750204047426,,0,Animal Battle Stats,,1446204139909550150,,,2026-02-04T01:14:37.960Z,,4491519,4,true,Visitor,Anonymous,true,🔗 Page,/,true,🌐 Location,"Lodi, NJ, US",true,🖥️ Device,Safari on macOS,true,📐 Screen,820x1180,true,🌐 Language,en-US,,,,,,,,,,,0,0,,,https://images-ext-1.discordapp.net/external/JNVOwhfRcEFw8VgKDMB9KwuZ8MKiLYwmegb7iAnEsqQ/https/animalbattlestats.com/images/icons/icon-192.png,https://animalbattlestats.com/images/icons/icon-192.png,0,2026-02-04T01:13:28.957000+00:00,👀 Site Visit,rich,0,,,false,,,,false,,,,,,,,,2026-02-04T01:14:37.960000+00:00,false,0,Animal Battle Stats,1446203750204047426
1468414413324156950,,,,,,true,,0000,0,,1446203750204047426,,0,Animal Battle Stats,,1446204139909550150,,,2026-02-04T01:14:37.957Z,,4491519,4,true,Visitor,Anonymous,true,🔗 Page,/,true,🌐 Location,"Lodi, NJ, US",true,🖥️ Device,Safari on macOS,true,📐 Screen,820x1180,true,🌐 Language,en-US,,,,,,,,,,,0,0,,,https://images-ext-1.discordapp.net/external/JNVOwhfRcEFw8VgKDMB9KwuZ8MKiLYwmegb7iAnEsqQ/https/animalbattlestats.com/images/icons/icon-192.png,https://animalbattlestats.com/images/icons/icon-192.png,0,2026-02-04T01:14:37.670000+00:00,👀 Site Visit,rich,0,,,false,,,,false,,,,,,,,,2026-02-04T01:14:37.957000+00:00,false,0,Animal Battle Stats,1446203750204047426
1468334614283288820,,,,,,true,,0000,0,,1446203750204047426,,0,Animal Battle Stats,,1446204139909550150,,,2026-02-03T19:57:32.383Z,,16739072,4,false,Matchup,**Alligator** vs **Jaguar**,true,User,Anonymous,true,🌐 Location,"Weimar, TH, DE",true,🖥️ Device,Safari on macOS,,,,,,,,,,,,,,,,,0,0,,,https://images-ext-1.discordapp.net/external/JNVOwhfRcEFw8VgKDMB9KwuZ8MKiLYwmegb7iAnEsqQ/https/animalbattlestats.com/images/icons/icon-192.png,https://animalbattlestats.com/images/icons/icon-192.png,0,2026-02-03T19:57:31.629000+00:00,⚔️ Battle Comparison,rich,0,,,false,,,,false,,,,,,,,,2026-02-03T19:57:32.383000+00:00,false,0,Animal Battle Stats,1446203750204047426
1468288205789855846,,,,,,true,,0000,0,,1446203750204047426,,0,Animal Battle Stats,,1446204139909550150,,,2026-02-03T16:53:07.736Z,,4491519,4,true,Visitor,Anonymous,true,🔗 Page,/,true,🌐 Location,"Houston, TX, US",true,🖥️ Device,Firefox on macOS,true,📐 Screen,1728x1117,true,🌐 Language,en-US,,,,,,,,,,,0,0,,,https://images-ext-1.discordapp.net/external/JNVOwhfRcEFw8VgKDMB9KwuZ8MKiLYwmegb7iAnEsqQ/https/animalbattlestats.com/images/icons/icon-192.png,https://animalbattlestats.com/images/icons/icon-192.png,0,2026-02-03T16:53:07.270000+00:00,👀 Site Visit,rich,0,,,false,,,,false,,,,,,,,,2026-02-03T16:53:07.736000+00:00,false,0,Animal Battle Stats,1446203750204047426
1468288204707860623,,,,,,true,,0000,0,,1446203750204047426,,0,Animal Battle Stats,,1446204139909550150,,,2026-02-03T16:53:07.478Z,,4491519,4,true,Visitor,Anonymous,true,🔗 Page,/,true,🌐 Location,"Houston, TX, US",true,🖥️ Device,Chrome on macOS,true,📐 Screen,1470x956,true,🌐 Language,en-US,,,,,,,,,,,0,0,,,https://images-ext-1.discordapp.net/external/JNVOwhfRcEFw8VgKDMB9KwuZ8MKiLYwmegb7iAnEsqQ/https/animalbattlestats.com/images/icons/icon-192.png,https://animalbattlestats.com/images/icons/icon-192.png,0,2026-02-03T16:48:22.039000+00:00,👀 Site Visit,rich,0,,,false,,,,false,,,,,,,,,2026-02-03T16:53:07.478000+00:00,false,0,Animal Battle Stats,1446203750204047426
1468155213805256767,,,,,,true,,0000,0,,1446203750204047426,,0,Animal Battle Stats,,1446204139909550150,,,2026-02-03T08:04:39.976Z,,4491519,4,true,Visitor,Anonymous,true,🔗 Page,/stats,true,🌐 Location,"Nairobi, 30, KE",true,🖥️ Device,Chrome on Windows,true,📐 Screen,1920x1200,true,🌐 Language,en-US,,,,,,,,,,,0,0,,,https://images-ext-1.discordapp.net/external/JNVOwhfRcEFw8VgKDMB9KwuZ8MKiLYwmegb7iAnEsqQ/https/animalbattlestats.com/images/icons/icon-192.png,https://animalbattlestats.com/images/icons/icon-192.png,0,2026-02-03T08:03:34.694000+00:00,👀 Site Visit,rich,0,,,false,,,,false,,,,,,,,,2026-02-03T08:04:39.976000+00:00,false,0,Animal Battle Stats,1446203750204047426
1468154936905961554,,,,,,true,,0000,0,,1446203750204047426,,0,Animal Battle Stats,,1446204139909550150,,,2026-02-03T08:03:33.958Z,,6710886,4,true,User,Anonymous,true,🔗 Page,/,true,🌐 Location,"Nairobi, 30, KE",true,🕐 Session Duration,17s,,,,,,,,,,,,,,,,,0,0,,,https://images-ext-1.discordapp.net/external/JNVOwhfRcEFw8VgKDMB9KwuZ8MKiLYwmegb7iAnEsqQ/https/animalbattlestats.com/images/icons/icon-192.png,https://animalbattlestats.com/images/icons/icon-192.png,0,2026-02-03T08:02:16.209000+00:00,👋 User Left Site,rich,0,,,false,,,,false,,,,,,,,,2026-02-03T08:03:33.958000+00:00,false,0,Animal Battle Stats,1446203750204047426
1468044360112148613,,,,,,true,,0000,0,,1446203750204047426,,0,Animal Battle Stats,,1446204139909550150,,,2026-02-03T00:44:10.396Z,,6710886,4,true,User,Anonymous,true,🔗 Page,/,true,🌐 Location,"Cypress, TX, US",true,🕐 Session Duration,9s,,,,,,,,,,,,,,,,,0,0,,,https://images-ext-1.discordapp.net/external/JNVOwhfRcEFw8VgKDMB9KwuZ8MKiLYwmegb7iAnEsqQ/https/animalbattlestats.com/images/icons/icon-192.png,https://animalbattlestats.com/images/icons/icon-192.png,0,2026-02-03T00:44:10.102000+00:00,👋 User Left Site,rich,0,,,false,,,,false,,,,,,,,,2026-02-03T00:44:10.396000+00:00,false,0,Animal Battle Stats,1446203750204047426
1468044322229452800,,,,,,true,,0000,0,,1446203750204047426,,0,Animal Battle Stats,,1446204139909550150,,,2026-02-03T00:44:01.364Z,,4491519,4,true,Visitor,Anonymous,true,🔗 Page,/,true,🌐 Location,"Cypress, TX, US",true,📱 Device,Chrome on Linux,true,📐 Screen,360x780,true,🌐 Language,en-US,,,,,,,,,,,0,0,,,https://images-ext-1.discordapp.net/external/JNVOwhfRcEFw8VgKDMB9KwuZ8MKiLYwmegb7iAnEsqQ/https/animalbattlestats.com/images/icons/icon-192.png,https://animalbattlestats.com/images/icons/icon-192.png,0,2026-02-03T00:44:01.014000+00:00,👀 Site Visit,rich,0,,,false,,,,false,,,,,,,,,2026-02-03T00:44:01.364000+00:00,false,0,Animal Battle Stats,1446203750204047426
1468044198518329344,,,,,,true,,0000,0,,1446203750204047426,,0,Animal Battle Stats,,1446204139909550150,,,2026-02-03T00:43:31.869Z,,6710886,4,true,User,Anonymous,true,🔗 Page,/,true,🌐 Location,"Pearland, TX, US",true,🕐 Session Duration,25s,,,,,,,,,,,,,,,,,0,0,,,https://images-ext-1.discordapp.net/external/JNVOwhfRcEFw8VgKDMB9KwuZ8MKiLYwmegb7iAnEsqQ/https/animalbattlestats.com/images/icons/icon-192.png,https://animalbattlestats.com/images/icons/icon-192.png,0,2026-02-03T00:43:31.464000+00:00,👋 User Left Site,rich,0,,,false,,,,false,,,,,,,,,2026-02-03T00:43:31.869000+00:00,false,0,Animal Battle Stats,1446203750204047426
1468044091940933829,,,,,,true,,0000,0,,1446203750204047426,,0,Animal Battle Stats,,1446204139909550150,,,2026-02-03T00:43:06.459Z,,4491519,4,true,Visitor,Anonymous,true,🔗 Page,/,true,🌐 Location,"Pearland, TX, US",true,🖥️ Device,Chrome on Windows,true,📐 Screen,2560x1440,true,🌐 Language,en-US,,,,,,,,,,,0,0,,,https://images-ext-1.discordapp.net/external/JNVOwhfRcEFw8VgKDMB9KwuZ8MKiLYwmegb7iAnEsqQ/https/animalbattlestats.com/images/icons/icon-192.png,https://animalbattlestats.com/images/icons/icon-192.png,0,2026-02-03T00:43:06.030000+00:00,👀 Site Visit,rich,0,,,false,,,,false,,,,,,,,,2026-02-03T00:43:06.459000+00:00,false,0,Animal Battle Stats,1446203750204047426
1468042917905043649,,,,,,true,,0000,0,,1446203750204047426,,0,Animal Battle Stats,,1446204139909550150,,,2026-02-03T00:38:26.547Z,,4491519,4,true,Visitor,Anonymous,true,🔗 Page,/,true,🌐 Location,"Columbus, OH, US",true,📱 Device,Safari on macOS,true,📐 Screen,390x844,true,🌐 Language,en-US,,,,,,,,,,,0,0,,,https://images-ext-1.discordapp.net/external/JNVOwhfRcEFw8VgKDMB9KwuZ8MKiLYwmegb7iAnEsqQ/https/animalbattlestats.com/images/icons/icon-192.png,https://animalbattlestats.com/images/icons/icon-192.png,0,2026-02-03T00:38:26.268000+00:00,👀 Site Visit,rich,0,,,false,,,,false,,,,,,,,,2026-02-03T00:38:26.547000+00:00,false,0,Animal Battle Stats,1446203750204047426
1468042917661638752,,,,,,true,,0000,0,,1446203750204047426,,0,Animal Battle Stats,,1446204139909550150,,,2026-02-03T00:38:26.489Z,,4491519,4,true,Visitor,Anonymous,true,🔗 Page,/,true,🌐 Location,"Columbus, OH, US",true,📱 Device,Safari on macOS,true,📐 Screen,390x844,true,🌐 Language,en-US,,,,,,,,,,,0,0,,,https://images-ext-1.discordapp.net/external/JNVOwhfRcEFw8VgKDMB9KwuZ8MKiLYwmegb7iAnEsqQ/https/animalbattlestats.com/images/icons/icon-192.png,https://animalbattlestats.com/images/icons/icon-192.png,0,2026-02-03T00:37:17.751000+00:00,👀 Site Visit,rich,0,,,false,,,,false,,,,,,,,,2026-02-03T00:38:26.489000+00:00,false,0,Animal Battle Stats,1446203750204047426
1468031767662432277,,,,,,true,,0000,0,,1446203750204047426,,0,Animal Battle Stats,,1446204139909550150,,,2026-02-02T23:54:08.122Z,,6710886,4,true,User,Anonymous,true,🔗 Page,/stats,true,🌐 Location,"Houston, TX, US",true,🕐 Session Duration,2m 7s,,,,,,,,,,,,,,,,,0,0,,,https://images-ext-1.discordapp.net/external/JNVOwhfRcEFw8VgKDMB9KwuZ8MKiLYwmegb7iAnEsqQ/https/animalbattlestats.com/images/icons/icon-192.png,https://animalbattlestats.com/images/icons/icon-192.png,0,2026-02-02T23:54:07.854000+00:00,👋 User Left Site,rich,0,,,false,,,,false,,,,,,,,,2026-02-02T23:54:08.122000+00:00,false,0,Animal Battle Stats,1446203750204047426
1468031349762953368,,,,,,true,,0000,0,,1446203750204047426,,0,Animal Battle Stats,,1446204139909550150,,,2026-02-02T23:52:28.487Z,,16739072,4,false,Matchup,**Leatherback Sea Turtle** vs **Gazelle**,true,User,Anonymous,true,🌐 Location,"Houston, TX, US",true,🖥️ Device,Chrome on Windows,,,,,,,,,,,,,,,,,0,0,,,https://images-ext-1.discordapp.net/external/JNVOwhfRcEFw8VgKDMB9KwuZ8MKiLYwmegb7iAnEsqQ/https/animalbattlestats.com/images/icons/icon-192.png,https://animalbattlestats.com/images/icons/icon-192.png,0,2026-02-02T23:52:28.107000+00:00,⚔️ Battle Comparison,rich,0,,,false,,,,false,,,,,,,,,2026-02-02T23:52:28.487000+00:00,false,0,Animal Battle Stats,1446203750204047426
1468031236030337118,,,,,,true,,0000,0,,1446203750204047426,,0,Animal Battle Stats,,1446204139909550150,,,2026-02-02T23:52:01.371Z,,4491519,4,true,Visitor,Anonymous,true,🔗 Page,/compare,true,🌐 Location,"Houston, TX, US",true,🖥️ Device,Chrome on Windows,true,📐 Screen,1366x768,true,🌐 Language,en-US,,,,,,,,,,,0,0,,,https://images-ext-1.discordapp.net/external/JNVOwhfRcEFw8VgKDMB9KwuZ8MKiLYwmegb7iAnEsqQ/https/animalbattlestats.com/images/icons/icon-192.png,https://animalbattlestats.com/images/icons/icon-192.png,0,2026-02-02T23:52:01.090000+00:00,👀 Site Visit,rich,0,,,false,,,,false,,,,,,,,,2026-02-02T23:52:01.371000+00:00,false,0,Animal Battle Stats,1446203750204047426
1468031233920598090,,,,,,true,,0000,0,,1446203750204047426,,0,Animal Battle Stats,,1446204139909550150,,,2026-02-02T23:52:00.868Z,,6710886,4,true,User,RamiNoodle733,true,🔗 Page,/compare,true,🌐 Location,"Houston, TX, US",true,🕐 Session Duration,1h 22m,,,,,,,,,,,,,,,,,0,0,,,https://images-ext-1.discordapp.net/external/JNVOwhfRcEFw8VgKDMB9KwuZ8MKiLYwmegb7iAnEsqQ/https/animalbattlestats.com/images/icons/icon-192.png,https://animalbattlestats.com/images/icons/icon-192.png,0,2026-02-02T23:51:52.892000+00:00,👋 User Left Site,rich,0,,,false,,,,false,,,,,,,,,2026-02-02T23:52:00.868000+00:00,false,0,Animal Battle Stats,1446203750204047426
1467997343944020080,,,,,,true,,0000,0,,1446203750204047426,,0,Animal Battle Stats,,1446204139909550150,,,2026-02-02T21:37:20.868Z,,4491519,4,true,Visitor,Anonymous,true,🔗 Page,/,true,🌐 Location,"Lodi, NJ, US",true,🖥️ Device,Safari on macOS,true,📐 Screen,820x1180,true,🌐 Language,en-US,,,,,,,,,,,0,0,,,https://images-ext-1.discordapp.net/external/JNVOwhfRcEFw8VgKDMB9KwuZ8MKiLYwmegb7iAnEsqQ/https/animalbattlestats.com/images/icons/icon-192.png,https://animalbattlestats.com/images/icons/icon-192.png,0,2026-02-02T21:37:20.567000+00:00,👀 Site Visit,rich,0,,,false,,,,false,,,,,,,,,2026-02-02T21:37:20.868000+00:00,false,0,Animal Battle Stats,1446203750204047426
1467997343839293633,,,,,,true,,0000,0,,1446203750204047426,,0,Animal Battle Stats,,1446204139909550150,,,2026-02-02T21:37:20.843Z,,4491519,4,true,Visitor,Anonymous,true,🔗 Page,/,true,🌐 Location,"Lodi, NJ, US",true,🖥️ Device,Safari on macOS,true,📐 Screen,820x1180,true,🌐 Language,en-US,,,,,,,,,,,0,0,,,https://images-ext-1.discordapp.net/external/JNVOwhfRcEFw8VgKDMB9KwuZ8MKiLYwmegb7iAnEsqQ/https/animalbattlestats.com/images/icons/icon-192.png,https://animalbattlestats.com/images/icons/icon-192.png,0,2026-02-02T21:37:20.267000+00:00,👀 Site Visit,rich,0,,,false,,,,false,,,,,,,,,2026-02-02T21:37:20.843000+00:00,false,0,Animal Battle Stats,1446203750204047426
1467945383903887558,,,,,,true,,0000,0,,1446203750204047426,,0,Animal Battle Stats,,1446204139909550150,,,2026-02-02T18:10:52.629Z,,4491519,4,true,Visitor,RamiNoodle733,true,🔗 Page,/,true,🌐 Location,"Houston, TX, US",true,🖥️ Device,Chrome on Windows,true,📐 Screen,1366x768,true,🌐 Language,en-US,,,,,,,,,,,0,0,,,https://images-ext-1.discordapp.net/external/JNVOwhfRcEFw8VgKDMB9KwuZ8MKiLYwmegb7iAnEsqQ/https/animalbattlestats.com/images/icons/icon-192.png,https://animalbattlestats.com/images/icons/icon-192.png,0,2026-02-02T18:10:52.385000+00:00,👀 Site Visit,rich,0,,,false,,,,false,,,,,,,,,2026-02-02T18:10:52.629000+00:00,false,0,Animal Battle Stats,1446203750204047426
1467944989253173301,,,,,,true,,0000,0,,1446203750204047426,,0,Animal Battle Stats,,1446204139909550150,,,2026-02-02T18:09:18.537Z,,6710886,4,true,User,RamiNoodle733,true,🔗 Page,/,true,🌐 Location,"Houston, TX, US",true,🕐 Session Duration,41s,,,,,,,,,,,,,,,,,0,0,,,https://images-ext-1.discordapp.net/external/JNVOwhfRcEFw8VgKDMB9KwuZ8MKiLYwmegb7iAnEsqQ/https/animalbattlestats.com/images/icons/icon-192.png,https://animalbattlestats.com/images/icons/icon-192.png,0,2026-02-02T18:09:17.953000+00:00,👋 User Left Site,rich,0,,,false,,,,false,,,,,,,,,2026-02-02T18:09:18.537000+00:00,false,0,Animal Battle Stats,1446203750204047426
1467944814518599744,,,,,,true,,0000,0,,1446203750204047426,,0,Animal Battle Stats,,1446204139909550150,,,2026-02-02T18:08:36.877Z,,4491519,4,true,Visitor,RamiNoodle733,true,🔗 Page,/stats/black-rhinoceros,true,🌐 Location,"Houston, TX, US",true,🖥️ Device,Chrome on Windows,true,📐 Screen,1366x768,true,🌐 Language,en-US,,,,,,,,,,,0,0,,,https://images-ext-1.discordapp.net/external/JNVOwhfRcEFw8VgKDMB9KwuZ8MKiLYwmegb7iAnEsqQ/https/animalbattlestats.com/images/icons/icon-192.png,https://animalbattlestats.com/images/icons/icon-192.png,0,2026-02-02T18:08:36.572000+00:00,👀 Site Visit,rich,0,,,false,,,,false,,,,,,,,,2026-02-02T18:08:36.877000+00:00,false,0,Animal Battle Stats,1446203750204047426
1467944813038145761,,,,,,true,,0000,0,,1446203750204047426,,0,Animal Battle Stats,,1446204139909550150,,,2026-02-02T18:08:36.524Z,,6710886,4,true,User,RamiNoodle733,true,🔗 Page,/stats/black-rhinoceros,true,🌐 Location,"Houston, TX, US",true,🕐 Session Duration,1m 56s,,,,,,,,,,,,,,,,,0,0,,,https://images-ext-1.discordapp.net/external/JNVOwhfRcEFw8VgKDMB9KwuZ8MKiLYwmegb7iAnEsqQ/https/animalbattlestats.com/images/icons/icon-192.png,https://animalbattlestats.com/images/icons/icon-192.png,0,2026-02-02T18:08:35.401000+00:00,👋 User Left Site,rich,0,,,false,,,,false,,,,,,,,,2026-02-02T18:08:36.524000+00:00,false,0,Animal Battle Stats,1446203750204047426
1467944812933284023,,,,,,true,,0000,0,,1446203750204047426,,0,Animal Battle Stats,,1446204139909550150,,,2026-02-02T18:08:36.499Z,,4491519,4,true,Visitor,RamiNoodle733,true,🔗 Page,/,true,🌐 Location,"Houston, TX, US",true,🖥️ Device,Chrome on Windows,true,📐 Screen,1366x768,true,🌐 Language,en-US,,,,,,,,,,,0,0,,,https://images-ext-1.discordapp.net/external/JNVOwhfRcEFw8VgKDMB9KwuZ8MKiLYwmegb7iAnEsqQ/https/animalbattlestats.com/images/icons/icon-192.png,https://animalbattlestats.com/images/icons/icon-192.png,0,2026-02-02T18:06:38.937000+00:00,👀 Site Visit,rich,0,,,false,,,,false,,,,,,,,,2026-02-02T18:08:36.499000+00:00,false,0,Animal Battle Stats,1446203750204047426
1467941958134796615,,,,,,true,,0000,0,,1446203750204047426,,0,Animal Battle Stats,,1446204139909550150,,,2026-02-02T17:57:15.862Z,,4491519,4,true,Visitor,Anonymous,true,🔗 Page,/,true,🌐 Location,"Houston, TX, US",true,🖥️ Device,Chrome on macOS,true,📐 Screen,1440x900,true,🌐 Language,en-US,,,,,,,,,,,0,0,,,https://images-ext-1.discordapp.net/external/JNVOwhfRcEFw8VgKDMB9KwuZ8MKiLYwmegb7iAnEsqQ/https/animalbattlestats.com/images/icons/icon-192.png,https://animalbattlestats.com/images/icons/icon-192.png,0,2026-02-02T17:53:54.495000+00:00,👀 Site Visit,rich,0,,,false,,,,false,,,,,,,,,2026-02-02T17:57:15.862000+00:00,false,0,Animal Battle Stats,1446203750204047426
1467889859707535526,,,,,,true,,0000,0,,1446203750204047426,,0,Animal Battle Stats,,1446204139909550150,,,2026-02-02T14:30:14.629Z,,4491519,4,true,Visitor,Anonymous,true,🔗 Page,/,true,🌐 Location,"San Jose, CA, US",true,🖥️ Device,Chrome on Linux,true,📐 Screen,800x600,true,🌐 Language,en-US,false,🔗 Came From,https://animal-battle-stats-iznx4sigv-raminoodle733s-projects.vercel.app/,,,,,,,,0,0,,,https://images-ext-1.discordapp.net/external/JNVOwhfRcEFw8VgKDMB9KwuZ8MKiLYwmegb7iAnEsqQ/https/animalbattlestats.com/images/icons/icon-192.png,https://animalbattlestats.com/images/icons/icon-192.png,0,2026-02-02T14:30:14.302000+00:00,👀 Site Visit,rich,0,,,false,,,,false,,,,,,,,,2026-02-02T14:30:14.629000+00:00,false,0,Animal Battle Stats,1446203750204047426
1467889857832685791,,,,,,true,,0000,0,,1446203750204047426,,0,Animal Battle Stats,,1446204139909550150,,,2026-02-02T14:30:14.182Z,,6710886,4,true,User,Anonymous,true,🔗 Page,/,true,🌐 Location,"San Jose, CA, US",true,🕐 Session Duration,7s,,,,,,,,,,,,,,,,,0,0,,,https://images-ext-1.discordapp.net/external/JNVOwhfRcEFw8VgKDMB9KwuZ8MKiLYwmegb7iAnEsqQ/https/animalbattlestats.com/images/icons/icon-192.png,https://animalbattlestats.com/images/icons/icon-192.png,0,2026-02-02T14:30:13.272000+00:00,👋 User Left Site,rich,0,,,false,,,,false,,,,,,,,,2026-02-02T14:30:14.182000+00:00,false,0,Animal Battle Stats,1446203750204047426
1467889856003965231,,,,,,true,,0000,0,,1446203750204047426,,0,Animal Battle Stats,,1446204139909550150,,,2026-02-02T14:30:13.746Z,,4491519,4,true,Visitor,Anonymous,true,🔗 Page,/,true,🌐 Location,"San Jose, CA, US",true,🖥️ Device,Chrome on Linux,true,📐 Screen,800x600,true,🌐 Language,en-US,false,🔗 Came From,https://animal-battle-stats-iznx4sigv-raminoodle733s-projects.vercel.app/,,,,,,,,0,0,,,https://images-ext-1.discordapp.net/external/JNVOwhfRcEFw8VgKDMB9KwuZ8MKiLYwmegb7iAnEsqQ/https/animalbattlestats.com/images/icons/icon-192.png,https://animalbattlestats.com/images/icons/icon-192.png,0,2026-02-02T14:30:06.360000+00:00,👀 Site Visit,rich,0,,,false,,,,false,,,,,,,,,2026-02-02T14:30:13.746000+00:00,false,0,Animal Battle Stats,1446203750204047426
1467889855768952969,,,,,,true,,0000,0,,1446203750204047426,,0,Animal Battle Stats,,1446204139909550150,,,2026-02-02T14:30:13.690Z,,4491519,4,true,Visitor,Anonymous,true,🔗 Page,/,true,🌐 Location,"San Jose, CA, US",true,🖥️ Device,Chrome on Linux,true,📐 Screen,800x600,true,🌐 Language,en-US,false,🔗 Came From,https://animal-battle-stats-iznx4sigv-raminoodle733s-projects.vercel.app/,,,,,,,,0,0,,,https://images-ext-1.discordapp.net/external/JNVOwhfRcEFw8VgKDMB9KwuZ8MKiLYwmegb7iAnEsqQ/https/animalbattlestats.com/images/icons/icon-192.png,https://animalbattlestats.com/images/icons/icon-192.png,0,2026-02-02T14:30:06.214000+00:00,👀 Site Visit,rich,0,,,false,,,,false,,,,,,,,,2026-02-02T14:30:13.690000+00:00,false,0,Animal Battle Stats,1446203750204047426
1467888414312632342,,,,,,true,,0000,0,,1446203750204047426,,0,Animal Battle Stats,,1446204139909550150,,,2026-02-02T14:24:30.020Z,,6710886,4,true,User,Anonymous,true,🔗 Page,/compare,true,🌐 Location,"Bayonne, NJ, US",true,🕐 Session Duration,69h 21m,,,,,,,,,,,,,,,,,0,0,,,https://images-ext-1.discordapp.net/external/JNVOwhfRcEFw8VgKDMB9KwuZ8MKiLYwmegb7iAnEsqQ/https/animalbattlestats.com/images/icons/icon-192.png,https://animalbattlestats.com/images/icons/icon-192.png,0,2026-02-02T14:24:29.733000+00:00,👋 User Left Site,rich,0,,,false,,,,false,,,,,,,,,2026-02-02T14:24:30.020000+00:00,false,0,Animal Battle Stats,1446203750204047426
1467887671392079966,,,,,,true,,0000,0,,1446203750204047426,,0,Animal Battle Stats,,1446204139909550150,,,2026-02-02T14:21:32.894Z,,4491519,4,true,Visitor,Anonymous,true,🔗 Page,/,true,🌐 Location,"San Jose, CA, US",true,🖥️ Device,Chrome on Linux,true,📐 Screen,800x600,true,🌐 Language,en-US,false,🔗 Came From,https://animal-battle-stats-17onztp0i-raminoodle733s-projects.vercel.app/,,,,,,,,0,0,,,https://images-ext-1.discordapp.net/external/JNVOwhfRcEFw8VgKDMB9KwuZ8MKiLYwmegb7iAnEsqQ/https/animalbattlestats.com/images/icons/icon-192.png,https://animalbattlestats.com/images/icons/icon-192.png,0,2026-02-02T14:21:32.602000+00:00,👀 Site Visit,rich,0,,,false,,,,false,,,,,,,,,2026-02-02T14:21:32.894000+00:00,false,0,Animal Battle Stats,1446203750204047426
1467887670029189244,,,,,,true,,0000,0,,1446203750204047426,,0,Animal Battle Stats,,1446204139909550150,,,2026-02-02T14:21:32.569Z,,4491519,4,true,Visitor,Anonymous,true,🔗 Page,/,true,🌐 Location,"San Jose, CA, US",true,🖥️ Device,Chrome on Linux,true,📐 Screen,800x600,true,🌐 Language,en-US,false,🔗 Came From,https://animal-battle-stats-17onztp0i-raminoodle733s-projects.vercel.app/,,,,,,,,0,0,,,https://images-ext-1.discordapp.net/external/JNVOwhfRcEFw8VgKDMB9KwuZ8MKiLYwmegb7iAnEsqQ/https/animalbattlestats.com/images/icons/icon-192.png,https://animalbattlestats.com/images/icons/icon-192.png,0,2026-02-02T14:21:32.292000+00:00,👀 Site Visit,rich,0,,,false,,,,false,,,,,,,,,2026-02-02T14:21:32.569000+00:00,false,0,Animal Battle Stats,1446203750204047426
1467887667755614391,,,,,,true,,0000,0,,1446203750204047426,,0,Animal Battle Stats,,1446204139909550150,,,2026-02-02T14:21:32.027Z,,6710886,4,true,User,Anonymous,true,🔗 Page,/,true,🌐 Location,"San Jose, CA, US",true,🕐 Session Duration,7s,,,,,,,,,,,,,,,,,0,0,,,https://images-ext-1.discordapp.net/external/JNVOwhfRcEFw8VgKDMB9KwuZ8MKiLYwmegb7iAnEsqQ/https/animalbattlestats.com/images/icons/icon-192.png,https://animalbattlestats.com/images/icons/icon-192.png,0,2026-02-02T14:21:31.752000+00:00,👋 User Left Site,rich,0,,,false,,,,false,,,,,,,,,2026-02-02T14:21:32.027000+00:00,false,0,Animal Battle Stats,1446203750204047426
1467887665608392798,,,,,,true,,0000,0,,1446203750204047426,,0,Animal Battle Stats,,1446204139909550150,,,2026-02-02T14:21:31.515Z,,6710886,4,true,User,Anonymous,true,🔗 Page,/,true,🌐 Location,"San Jose, CA, US",true,🕐 Session Duration,7s,,,,,,,,,,,,,,,,,0,0,,,https://images-ext-1.discordapp.net/external/JNVOwhfRcEFw8VgKDMB9KwuZ8MKiLYwmegb7iAnEsqQ/https/animalbattlestats.com/images/icons/icon-192.png,https://animalbattlestats.com/images/icons/icon-192.png,0,2026-02-02T14:21:31.180000+00:00,👋 User Left Site,rich,0,,,false,,,,false,,,,,,,,,2026-02-02T14:21:31.515000+00:00,false,0,Animal Battle Stats,1446203750204047426
1467887665449009345,,,,,,true,,0000,0,,1446203750204047426,,0,Animal Battle Stats,,1446204139909550150,,,2026-02-02T14:21:31.477Z,,4491519,4,true,Visitor,Anonymous,true,🔗 Page,/,true,🌐 Location,"San Jose, CA, US",true,🖥️ Device,Chrome on Linux,true,📐 Screen,800x600,true,🌐 Language,en-US,false,🔗 Came From,https://animal-battle-stats-17onztp0i-raminoodle733s-projects.vercel.app/,,,,,,,,0,0,,,https://images-ext-1.discordapp.net/external/JNVOwhfRcEFw8VgKDMB9KwuZ8MKiLYwmegb7iAnEsqQ/https/animalbattlestats.com/images/icons/icon-192.png,https://animalbattlestats.com/images/icons/icon-192.png,0,2026-02-02T14:21:24.366000+00:00,👀 Site Visit,rich,0,,,false,,,,false,,,,,,,,,2026-02-02T14:21:31.477000+00:00,false,0,Animal Battle Stats,1446203750204047426
1467887637628190781,,,,,,true,,0000,0,,1446203750204047426,,0,Animal Battle Stats,,1446204139909550150,,,2026-02-02T14:21:24.844Z,,4491519,4,true,Visitor,Anonymous,true,🔗 Page,/,true,🌐 Location,"San Jose, CA, US",true,🖥️ Device,Chrome on Linux,true,📐 Screen,800x600,true,🌐 Language,en-US,false,🔗 Came From,https://animal-battle-stats-17onztp0i-raminoodle733s-projects.vercel.app/,,,,,,,,0,0,,,https://images-ext-1.discordapp.net/external/JNVOwhfRcEFw8VgKDMB9KwuZ8MKiLYwmegb7iAnEsqQ/https/animalbattlestats.com/images/icons/icon-192.png,https://animalbattlestats.com/images/icons/icon-192.png,0,2026-02-02T14:21:24.168000+00:00,👀 Site Visit,rich,0,,,false,,,,false,,,,,,,,,2026-02-02T14:21:24.844000+00:00,false,0,Animal Battle Stats,1446203750204047426
1467886218141241505,,,,,,true,,0000,0,,1446203750204047426,,0,Animal Battle Stats,,1446204139909550150,,,2026-02-02T14:15:46.412Z,,4491519,4,true,Visitor,Anonymous,true,🔗 Page,/,true,🌐 Location,"San Jose, CA, US",true,🖥️ Device,Chrome on Linux,true,📐 Screen,800x600,true,🌐 Language,en-US,false,🔗 Came From,https://animal-battle-stats-1jtrluyce-raminoodle733s-projects.vercel.app/,,,,,,,,0,0,,,https://images-ext-1.discordapp.net/external/JNVOwhfRcEFw8VgKDMB9KwuZ8MKiLYwmegb7iAnEsqQ/https/animalbattlestats.com/images/icons/icon-192.png,https://animalbattlestats.com/images/icons/icon-192.png,0,2026-02-02T14:15:46.147000+00:00,👀 Site Visit,rich,0,,,false,,,,false,,,,,,,,,2026-02-02T14:15:46.412000+00:00,false,0,Animal Battle Stats,1446203750204047426
1467886217915007079,,,,,,true,,0000,0,,1446203750204047426,,0,Animal Battle Stats,,1446204139909550150,,,2026-02-02T14:15:46.358Z,,6710886,4,true,User,Anonymous,true,🔗 Page,/,true,🌐 Location,"San Jose, CA, US",true,🕐 Session Duration,8s,,,,,,,,,,,,,,,,,0,0,,,https://images-ext-1.discordapp.net/external/JNVOwhfRcEFw8VgKDMB9KwuZ8MKiLYwmegb7iAnEsqQ/https/animalbattlestats.com/images/icons/icon-192.png,https://animalbattlestats.com/images/icons/icon-192.png,0,2026-02-02T14:15:45.198000+00:00,👋 User Left Site,rich,0,,,false,,,,false,,,,,,,,,2026-02-02T14:15:46.358000+00:00,false,0,Animal Battle Stats,1446203750204047426
1467886215247429760,,,,,,true,,0000,0,,1446203750204047426,,0,Animal Battle Stats,,1446204139909550150,,,2026-02-02T14:15:45.722Z,,6710886,4,true,User,Anonymous,true,🔗 Page,/,true,🌐 Location,"San Jose, CA, US",true,🕐 Session Duration,7s,,,,,,,,,,,,,,,,,0,0,,,https://images-ext-1.discordapp.net/external/JNVOwhfRcEFw8VgKDMB9KwuZ8MKiLYwmegb7iAnEsqQ/https/animalbattlestats.com/images/icons/icon-192.png,https://animalbattlestats.com/images/icons/icon-192.png,0,2026-02-02T14:15:45.012000+00:00,👋 User Left Site,rich,0,,,false,,,,false,,,,,,,,,2026-02-02T14:15:45.722000+00:00,false,0,Animal Battle Stats,1446203750204047426
1467886215218069770,,,,,,true,,0000,0,,1446203750204047426,,0,Animal Battle Stats,,1446204139909550150,,,2026-02-02T14:15:45.715Z,,4491519,4,true,Visitor,Anonymous,true,🔗 Page,/,true,🌐 Location,"San Jose, CA, US",true,🖥️ Device,Chrome on Linux,true,📐 Screen,800x600,true,🌐 Language,en-US,false,🔗 Came From,https://animal-battle-stats-1jtrluyce-raminoodle733s-projects.vercel.app/,,,,,,,,0,0,,,https://images-ext-1.discordapp.net/external/JNVOwhfRcEFw8VgKDMB9KwuZ8MKiLYwmegb7iAnEsqQ/https/animalbattlestats.com/images/icons/icon-192.png,https://animalbattlestats.com/images/icons/icon-192.png,0,2026-02-02T14:15:37.998000+00:00,👀 Site Visit,rich,0,,,false,,,,false,,,,,,,,,2026-02-02T14:15:45.715000+00:00,false,0,Animal Battle Stats,1446203750204047426
1467884043268919377,,,,,,true,,0000,0,,1446203750204047426,,0,Animal Battle Stats,,1446204139909550150,,,2026-02-02T14:07:07.882Z,,4491519,4,true,Visitor,Anonymous,true,🔗 Page,/,true,🌐 Location,"San Jose, CA, US",true,🖥️ Device,Chrome on Linux,true,📐 Screen,800x600,true,🌐 Language,en-US,false,🔗 Came From,https://animal-battle-stats-rljllcomd-raminoodle733s-projects.vercel.app/,,,,,,,,0,0,,,https://images-ext-1.discordapp.net/external/JNVOwhfRcEFw8VgKDMB9KwuZ8MKiLYwmegb7iAnEsqQ/https/animalbattlestats.com/images/icons/icon-192.png,https://animalbattlestats.com/images/icons/icon-192.png,0,2026-02-02T14:07:07.597000+00:00,👀 Site Visit,rich,0,,,false,,,,false,,,,,,,,,2026-02-02T14:07:07.882000+00:00,false,0,Animal Battle Stats,1446203750204047426
1467884042958409943,,,,,,true,,0000,0,,1446203750204047426,,0,Animal Battle Stats,,1446204139909550150,,,2026-02-02T14:07:07.808Z,,4491519,4,true,Visitor,Anonymous,true,🔗 Page,/,true,🌐 Location,"San Jose, CA, US",true,🖥️ Device,Chrome on Linux,true,📐 Screen,800x600,true,🌐 Language,en-US,false,🔗 Came From,https://animal-battle-stats-rljllcomd-raminoodle733s-projects.vercel.app/,,,,,,,,0,0,,,https://images-ext-1.discordapp.net/external/JNVOwhfRcEFw8VgKDMB9KwuZ8MKiLYwmegb7iAnEsqQ/https/animalbattlestats.com/images/icons/icon-192.png,https://animalbattlestats.com/images/icons/icon-192.png,0,2026-02-02T14:06:59.388000+00:00,👀 Site Visit,rich,0,,,false,,,,false,,,,,,,,,2026-02-02T14:07:07.808000+00:00,false,0,Animal Battle Stats,1446203750204047426
1467884042673197250,,,,,,true,,0000,0,,1446203750204047426,,0,Animal Battle Stats,,1446204139909550150,,,2026-02-02T14:07:07.740Z,,6710886,4,true,User,Anonymous,true,🔗 Page,/,true,🌐 Location,"San Jose, CA, US",true,🕐 Session Duration,8s,,,,,,,,,,,,,,,,,0,0,,,https://images-ext-1.discordapp.net/external/JNVOwhfRcEFw8VgKDMB9KwuZ8MKiLYwmegb7iAnEsqQ/https/animalbattlestats.com/images/icons/icon-192.png,https://animalbattlestats.com/images/icons/icon-192.png,0,2026-02-02T14:07:06.292000+00:00,👋 User Left Site,rich,0,,,false,,,,false,,,,,,,,,2026-02-02T14:07:07.740000+00:00,false,0,Animal Battle Stats,1446203750204047426
1467835234312785984,,,,,,true,,0000,0,,1446203750204047426,,0,Animal Battle Stats,,1446204139909550150,,,2026-02-02T10:53:10.920Z,,4491519,4,true,Visitor,Anonymous,true,🔗 Page,/,true,🌐 Location,"Leicester, ENG, GB",true,📱 Device,Chrome on Linux,true,📐 Screen,1280x800,true,🌐 Language,en-GB,,,,,,,,,,,0,0,,,https://images-ext-1.discordapp.net/external/JNVOwhfRcEFw8VgKDMB9KwuZ8MKiLYwmegb7iAnEsqQ/https/animalbattlestats.com/images/icons/icon-192.png,https://animalbattlestats.com/images/icons/icon-192.png,0,2026-02-02T10:53:10.654000+00:00,👀 Site Visit,rich,0,,,false,,,,false,,,,,,,,,2026-02-02T10:53:10.920000+00:00,false,0,Animal Battle Stats,1446203750204047426
1467835232144068773,,,,,,true,,0000,0,,1446203750204047426,,0,Animal Battle Stats,,1446204139909550150,,,2026-02-02T10:53:10.403Z,,4491519,4,true,Visitor,Anonymous,true,🔗 Page,/,true,🌐 Location,"Leicester, ENG, GB",true,📱 Device,Chrome on Linux,true,📐 Screen,1280x800,true,🌐 Language,en-GB,,,,,,,,,,,0,0,,,https://images-ext-1.discordapp.net/external/JNVOwhfRcEFw8VgKDMB9KwuZ8MKiLYwmegb7iAnEsqQ/https/animalbattlestats.com/images/icons/icon-192.png,https://animalbattlestats.com/images/icons/icon-192.png,0,2026-02-02T10:50:02.614000+00:00,👀 Site Visit,rich,0,,,false,,,,false,,,,,,,,,2026-02-02T10:53:10.403000+00:00,false,0,Animal Battle Stats,1446203750204047426
1467771325215932447,,,,,,true,,0000,0,,1446203750204047426,,0,Animal Battle Stats,,1446204139909550150,,,2026-02-02T06:39:13.804Z,,4491519,4,true,Visitor,Anonymous,true,🔗 Page,/,true,🌐 Location,"San Jose, CA, US",true,🖥️ Device,Chrome on Linux,true,📐 Screen,800x600,true,🌐 Language,en-US,false,🔗 Came From,https://animal-battle-stats-bps6vifrl-raminoodle733s-projects.vercel.app/,,,,,,,,0,0,,,https://images-ext-1.discordapp.net/external/JNVOwhfRcEFw8VgKDMB9KwuZ8MKiLYwmegb7iAnEsqQ/https/animalbattlestats.com/images/icons/icon-192.png,https://animalbattlestats.com/images/icons/icon-192.png,0,2026-02-02T06:39:13.473000+00:00,👀 Site Visit,rich,0,,,false,,,,false,,,,,,,,,2026-02-02T06:39:13.804000+00:00,false,0,Animal Battle Stats,1446203750204047426
1467771324649963585,,,,,,true,,0000,0,,1446203750204047426,,0,Animal Battle Stats,,1446204139909550150,,,2026-02-02T06:39:13.669Z,,4491519,4,true,Visitor,Anonymous,true,🔗 Page,/,true,🌐 Location,"San Jose, CA, US",true,🖥️ Device,Chrome on Linux,true,📐 Screen,600x800,true,🌐 Language,en-US,false,🔗 Came From,https://animal-battle-stats-bps6vifrl-raminoodle733s-projects.vercel.app/,,,,,,,,0,0,,,https://images-ext-1.discordapp.net/external/JNVOwhfRcEFw8VgKDMB9KwuZ8MKiLYwmegb7iAnEsqQ/https/animalbattlestats.com/images/icons/icon-192.png,https://animalbattlestats.com/images/icons/icon-192.png,0,2026-02-02T06:39:04.369000+00:00,👀 Site Visit,rich,0,,,false,,,,false,,,,,,,,,2026-02-02T06:39:13.669000+00:00,false,0,Animal Battle Stats,1446203750204047426
1467771321525211246,,,,,,true,,0000,0,,1446203750204047426,,0,Animal Battle Stats,,1446204139909550150,,,2026-02-02T06:39:12.924Z,,6710886,4,true,User,Anonymous,true,🔗 Page,/,true,🌐 Location,"San Jose, CA, US",true,🕐 Session Duration,8s,,,,,,,,,,,,,,,,,0,0,,,https://images-ext-1.discordapp.net/external/JNVOwhfRcEFw8VgKDMB9KwuZ8MKiLYwmegb7iAnEsqQ/https/animalbattlestats.com/images/icons/icon-192.png,https://animalbattlestats.com/images/icons/icon-192.png,0,2026-02-02T06:39:12.476000+00:00,👋 User Left Site,rich,0,,,false,,,,false,,,,,,,,,2026-02-02T06:39:12.924000+00:00,false,0,Animal Battle Stats,1446203750204047426
1467771320916770817,,,,,,true,,0000,0,,1446203750204047426,,0,Animal Battle Stats,,1446204139909550150,,,2026-02-02T06:39:12.779Z,,4491519,4,true,Visitor,Anonymous,true,🔗 Page,/,true,🌐 Location,"San Jose, CA, US",true,🖥️ Device,Chrome on Linux,true,📐 Screen,800x600,true,🌐 Language,en-US,false,🔗 Came From,https://animal-battle-stats-bps6vifrl-raminoodle733s-projects.vercel.app/,,,,,,,,0,0,,,https://images-ext-1.discordapp.net/external/JNVOwhfRcEFw8VgKDMB9KwuZ8MKiLYwmegb7iAnEsqQ/https/animalbattlestats.com/images/icons/icon-192.png,https://animalbattlestats.com/images/icons/icon-192.png,0,2026-02-02T06:39:04.402000+00:00,👀 Site Visit,rich,0,,,false,,,,false,,,,,,,,,2026-02-02T06:39:12.779000+00:00,false,0,Animal Battle Stats,1446203750204047426
1467771287006085150,,,,,,true,,0000,0,,1446203750204047426,,0,Animal Battle Stats,,1446204139909550150,,,2026-02-02T06:39:04.694Z,,4491519,4,true,Visitor,Anonymous,true,🔗 Page,/,true,🌐 Location,"Santa Clara, CA, US",true,🖥️ Device,Unknown on Unknown,true,📐 Screen,800x600,true,🌐 Language,en-US,false,🔗 Came From,https://animal-battle-stats-bps6vifrl-raminoodle733s-projects.vercel.app/,,,,,,,,0,0,,,https://images-ext-1.discordapp.net/external/JNVOwhfRcEFw8VgKDMB9KwuZ8MKiLYwmegb7iAnEsqQ/https/animalbattlestats.com/images/icons/icon-192.png,https://animalbattlestats.com/images/icons/icon-192.png,0,2026-02-02T06:39:04.286000+00:00,👀 Site Visit,rich,0,,,false,,,,false,,,,,,,,,2026-02-02T06:39:04.694000+00:00,false,0,Animal Battle Stats,1446203750204047426
1467770354981404695,,,,,,true,,0000,0,,1446203750204047426,,0,Animal Battle Stats,,1446204139909550150,,,2026-02-02T06:35:22.482Z,,4491519,4,true,Visitor,Anonymous,true,🔗 Page,/,true,🌐 Location,"San Jose, CA, US",true,🖥️ Device,Chrome on Linux,true,📐 Screen,600x800,true,🌐 Language,en-US,false,🔗 Came From,https://animal-battle-stats-iyjftf1et-raminoodle733s-projects.vercel.app/,,,,,,,,0,0,,,https://images-ext-1.discordapp.net/external/JNVOwhfRcEFw8VgKDMB9KwuZ8MKiLYwmegb7iAnEsqQ/https/animalbattlestats.com/images/icons/icon-192.png,https://animalbattlestats.com/images/icons/icon-192.png,0,2026-02-02T06:35:22.334000+00:00,👀 Site Visit,rich,0,,,false,,,,false,,,,,,,,,2026-02-02T06:35:22.482000+00:00,false,0,Animal Battle Stats,1446203750204047426
1467770353911861308,,,,,,true,,0000,0,,1446203750204047426,,0,Animal Battle Stats,,1446204139909550150,,,2026-02-02T06:35:22.227Z,,6710886,4,true,User,Anonymous,true,🔗 Page,/,true,🌐 Location,"San Jose, CA, US",true,🕐 Session Duration,10s,,,,,,,,,,,,,,,,,0,0,,,https://images-ext-1.discordapp.net/external/JNVOwhfRcEFw8VgKDMB9KwuZ8MKiLYwmegb7iAnEsqQ/https/animalbattlestats.com/images/icons/icon-192.png,https://animalbattlestats.com/images/icons/icon-192.png,0,2026-02-02T06:35:18.940000+00:00,👋 User Left Site,rich,0,,,false,,,,false,,,,,,,,,2026-02-02T06:35:22.227000+00:00,false,0,Animal Battle Stats,1446203750204047426
1467502792532033586,,,,,,true,,0000,0,,1446203750204047426,,0,Animal Battle Stats,,1446204139909550150,,,2026-02-01T12:52:10.623Z,,4491519,4,true,Visitor,Anonymous,true,🔗 Page,/,true,🌐 Location,"Lodi, NJ, US",true,🖥️ Device,Safari on macOS,true,📐 Screen,820x1180,true,🌐 Language,en-US,,,,,,,,,,,0,0,,,https://images-ext-1.discordapp.net/external/JNVOwhfRcEFw8VgKDMB9KwuZ8MKiLYwmegb7iAnEsqQ/https/animalbattlestats.com/images/icons/icon-192.png,https://animalbattlestats.com/images/icons/icon-192.png,0,2026-02-01T12:52:10.211000+00:00,👀 Site Visit,rich,0,,,false,,,,false,,,,,,,,,2026-02-01T12:52:10.623000+00:00,false,0,Animal Battle Stats,1446203750204047426
1467502782553657424,,,,,,true,,0000,0,,1446203750204047426,,0,Animal Battle Stats,,1446204139909550150,,,2026-02-01T12:52:08.244Z,,4491519,4,true,Visitor,Anonymous,true,🔗 Page,/,true,🌐 Location,"Lodi, NJ, US",true,🖥️ Device,Safari on macOS,true,📐 Screen,820x1180,true,🌐 Language,en-US,,,,,,,,,,,0,0,,,https://images-ext-1.discordapp.net/external/JNVOwhfRcEFw8VgKDMB9KwuZ8MKiLYwmegb7iAnEsqQ/https/animalbattlestats.com/images/icons/icon-192.png,https://animalbattlestats.com/images/icons/icon-192.png,0,2026-02-01T12:52:07.973000+00:00,👀 Site Visit,rich,0,,,false,,,,false,,,,,,,,,2026-02-01T12:52:08.244000+00:00,false,0,Animal Battle Stats,1446203750204047426
1467502420987871406,,,,,,true,,0000,0,,1446203750204047426,,0,Animal Battle Stats,,1446204139909550150,,,2026-02-01T12:50:42.040Z,,4491519,4,true,Visitor,Anonymous,true,🔗 Page,/tournament,true,🌐 Location,"Lodi, NJ, US",true,🖥️ Device,Safari on macOS,true,📐 Screen,820x1180,true,🌐 Language,en-US,,,,,,,,,,,0,0,,,https://images-ext-1.discordapp.net/external/JNVOwhfRcEFw8VgKDMB9KwuZ8MKiLYwmegb7iAnEsqQ/https/animalbattlestats.com/images/icons/icon-192.png,https://animalbattlestats.com/images/icons/icon-192.png,0,2026-02-01T12:50:41.619000+00:00,👀 Site Visit,rich,0,,,false,,,,false,,,,,,,,,2026-02-01T12:50:42.040000+00:00,false,0,Animal Battle Stats,1446203750204047426
1467502420652326958,,,,,,true,,0000,0,,1446203750204047426,,0,Animal Battle Stats,,1446204139909550150,,,2026-02-01T12:50:41.960Z,,4491519,4,true,Visitor,Anonymous,true,🔗 Page,/,true,🌐 Location,"Lodi, NJ, US",true,🖥️ Device,Safari on macOS,true,📐 Screen,820x1180,true,🌐 Language,en-US,,,,,,,,,,,0,0,,,https://images-ext-1.discordapp.net/external/JNVOwhfRcEFw8VgKDMB9KwuZ8MKiLYwmegb7iAnEsqQ/https/animalbattlestats.com/images/icons/icon-192.png,https://animalbattlestats.com/images/icons/icon-192.png,0,2026-02-01T12:48:51.377000+00:00,👀 Site Visit,rich,0,,,false,,,,false,,,,,,,,,2026-02-01T12:50:41.960000+00:00,false,0,Animal Battle Stats,1446203750204047426
1467225126046138680,,,,,,true,,0000,0,,1446203750204047426,,0,Animal Battle Stats,,1446204139909550150,,,2026-01-31T18:28:49.774Z,,16739072,4,false,Matchup,**Cassowary** vs **Box Jellyfish**,true,User,RamiNoodle733,true,🌐 Location,"Houston, TX, US",true,📱 Device,Safari on macOS,,,,,,,,,,,,,,,,,0,0,,,https://images-ext-1.discordapp.net/external/JNVOwhfRcEFw8VgKDMB9KwuZ8MKiLYwmegb7iAnEsqQ/https/animalbattlestats.com/images/icons/icon-192.png,https://animalbattlestats.com/images/icons/icon-192.png,0,2026-01-31T18:28:48.960000+00:00,⚔️ Battle Comparison,rich,0,,,false,,,,false,,,,,,,,,2026-01-31T18:28:49.774000+00:00,false,0,Animal Battle Stats,1446203750204047426
1467225042084560952,,,,,,true,,0000,0,,1446203750204047426,,0,Animal Battle Stats,,1446204139909550150,,,2026-01-31T18:28:29.756Z,,16739072,4,false,Matchup,**Cassowary** vs **Box Jellyfish**,true,User,RamiNoodle733,true,🌐 Location,"Houston, TX, US",true,📱 Device,Safari on macOS,,,,,,,,,,,,,,,,,0,0,,,https://images-ext-1.discordapp.net/external/JNVOwhfRcEFw8VgKDMB9KwuZ8MKiLYwmegb7iAnEsqQ/https/animalbattlestats.com/images/icons/icon-192.png,https://animalbattlestats.com/images/icons/icon-192.png,0,2026-01-31T18:28:28.328000+00:00,⚔️ Battle Comparison,rich,0,,,false,,,,false,,,,,,,,,2026-01-31T18:28:29.756000+00:00,false,0,Animal Battle Stats,1446203750204047426
1467224975038484573,,,,,,true,,0000,0,,1446203750204047426,,0,Animal Battle Stats,,1446204139909550150,,,2026-01-31T18:28:13.771Z,,16739072,4,false,Matchup,**Cassowary** vs **Box Jellyfish**,true,User,RamiNoodle733,true,🌐 Location,"Houston, TX, US",true,📱 Device,Safari on macOS,,,,,,,,,,,,,,,,,0,0,,,https://images-ext-1.discordapp.net/external/JNVOwhfRcEFw8VgKDMB9KwuZ8MKiLYwmegb7iAnEsqQ/https/animalbattlestats.com/images/icons/icon-192.png,https://animalbattlestats.com/images/icons/icon-192.png,0,2026-01-31T18:27:40.478000+00:00,⚔️ Battle Comparison,rich,0,,,false,,,,false,,,,,,,,,2026-01-31T18:28:13.771000+00:00,false,0,Animal Battle Stats,1446203750204047426
1467224909620183165,,,,,,true,,0000,0,,1446203750204047426,,0,Animal Battle Stats,,1446204139909550150,,,2026-01-31T18:27:58.174Z,,4491519,4,true,Visitor,RamiNoodle733,true,🔗 Page,/compare,true,🌐 Location,"Houston, TX, US",true,📱 Device,Safari on macOS,true,📐 Screen,402x874,true,🌐 Language,en-US,,,,,,,,,,,0,0,,,https://images-ext-1.discordapp.net/external/JNVOwhfRcEFw8VgKDMB9KwuZ8MKiLYwmegb7iAnEsqQ/https/animalbattlestats.com/images/icons/icon-192.png,https://animalbattlestats.com/images/icons/icon-192.png,0,2026-01-31T18:27:55.675000+00:00,👀 Site Visit,rich,0,,,false,,,,false,,,,,,,,,2026-01-31T18:27:58.174000+00:00,false,0,Animal Battle Stats,1446203750204047426
1467224905866285230,,,,,,true,,0000,0,,1446203750204047426,,0,Animal Battle Stats,,1446204139909550150,,,2026-01-31T18:27:57.279Z,,4491519,4,true,Visitor,RamiNoodle733,true,🔗 Page,/compare,true,🌐 Location,"Houston, TX, US",true,📱 Device,Safari on macOS,true,📐 Screen,402x874,true,🌐 Language,en-US,,,,,,,,,,,0,0,,,https://images-ext-1.discordapp.net/external/JNVOwhfRcEFw8VgKDMB9KwuZ8MKiLYwmegb7iAnEsqQ/https/animalbattlestats.com/images/icons/icon-192.png,https://animalbattlestats.com/images/icons/icon-192.png,0,2026-01-31T18:26:31.192000+00:00,👀 Site Visit,rich,0,,,false,,,,false,,,,,,,,,2026-01-31T18:27:57.279000+00:00,false,0,Animal Battle Stats,1446203750204047426
1467224775586746633,,,,,,true,,0000,0,,1446203750204047426,,0,Animal Battle Stats,,1446204139909550150,,,2026-01-31T18:27:26.218Z,,16739072,4,false,Matchup,**Cassowary** vs **Box Jellyfish**,true,User,RamiNoodle733,true,🌐 Location,"Houston, TX, US",true,📱 Device,Safari on macOS,,,,,,,,,,,,,,,,,0,0,,,https://images-ext-1.discordapp.net/external/JNVOwhfRcEFw8VgKDMB9KwuZ8MKiLYwmegb7iAnEsqQ/https/animalbattlestats.com/images/icons/icon-192.png,https://animalbattlestats.com/images/icons/icon-192.png,0,2026-01-31T18:27:14.219000+00:00,⚔️ Battle Comparison,rich,0,,,false,,,,false,,,,,,,,,2026-01-31T18:27:26.218000+00:00,false,0,Animal Battle Stats,1446203750204047426
1467222731325182017,,,,,,true,,0000,0,,1446203750204047426,,0,Animal Battle Stats,,1446204139909550150,,,2026-01-31T18:19:18.828Z,,16739072,4,false,Matchup,**Cassowary** vs **Box Jellyfish**,true,User,RamiNoodle733,true,🌐 Location,"Houston, TX, US",true,🖥️ Device,Chrome on Windows,,,,,,,,,,,,,,,,,0,0,,,https://images-ext-1.discordapp.net/external/JNVOwhfRcEFw8VgKDMB9KwuZ8MKiLYwmegb7iAnEsqQ/https/animalbattlestats.com/images/icons/icon-192.png,https://animalbattlestats.com/images/icons/icon-192.png,0,2026-01-31T18:19:18.537000+00:00,⚔️ Battle Comparison,rich,0,,,false,,,,false,,,,,,,,,2026-01-31T18:19:18.828000+00:00,false,0,Animal Battle Stats,1446203750204047426
1467222621866168513,,,,,,true,,0000,0,,1446203750204047426,,0,Animal Battle Stats,,1446204139909550150,,,2026-01-31T18:18:52.731Z,,16739072,4,false,Matchup,**Cassowary** vs **Box Jellyfish**,true,User,RamiNoodle733,true,🌐 Location,"Houston, TX, US",true,🖥️ Device,Chrome on Windows,,,,,,,,,,,,,,,,,0,0,,,https://images-ext-1.discordapp.net/external/JNVOwhfRcEFw8VgKDMB9KwuZ8MKiLYwmegb7iAnEsqQ/https/animalbattlestats.com/images/icons/icon-192.png,https://animalbattlestats.com/images/icons/icon-192.png,0,2026-01-31T18:18:52.498000+00:00,⚔️ Battle Comparison,rich,0,,,false,,,,false,,,,,,,,,2026-01-31T18:18:52.731000+00:00,false,0,Animal Battle Stats,1446203750204047426
1467222504870383638,,,,,,true,,0000,0,,1446203750204047426,,0,Animal Battle Stats,,1446204139909550150,,,2026-01-31T18:18:24.837Z,,16739072,4,false,Matchup,**Cassowary** vs **Box Jellyfish**,true,User,RamiNoodle733,true,🌐 Location,"Houston, TX, US",true,🖥️ Device,Chrome on Windows,,,,,,,,,,,,,,,,,0,0,,,https://images-ext-1.discordapp.net/external/JNVOwhfRcEFw8VgKDMB9KwuZ8MKiLYwmegb7iAnEsqQ/https/animalbattlestats.com/images/icons/icon-192.png,https://animalbattlestats.com/images/icons/icon-192.png,0,2026-01-31T18:18:24.478000+00:00,⚔️ Battle Comparison,rich,0,,,false,,,,false,,,,,,,,,2026-01-31T18:18:24.837000+00:00,false,0,Animal Battle Stats,1446203750204047426
1467221939826327644,,,,,,true,,0000,0,,1446203750204047426,,0,Animal Battle Stats,,1446204139909550150,,,2026-01-31T18:16:10.120Z,,16739072,4,false,Matchup,**Cassowary** vs **Box Jellyfish**,true,User,RamiNoodle733,true,🌐 Location,"Houston, TX, US",true,🖥️ Device,Chrome on Windows,,,,,,,,,,,,,,,,,0,0,,,https://images-ext-1.discordapp.net/external/JNVOwhfRcEFw8VgKDMB9KwuZ8MKiLYwmegb7iAnEsqQ/https/animalbattlestats.com/images/icons/icon-192.png,https://animalbattlestats.com/images/icons/icon-192.png,0,2026-01-31T18:16:09.696000+00:00,⚔️ Battle Comparison,rich,0,,,false,,,,false,,,,,,,,,2026-01-31T18:16:10.120000+00:00,false,0,Animal Battle Stats,1446203750204047426
1467221627250147502,,,,,,true,,0000,0,,1446203750204047426,,0,Animal Battle Stats,,1446204139909550150,,,2026-01-31T18:14:55.596Z,,16739072,4,false,Matchup,**Cassowary** vs **Box Jellyfish**,true,User,RamiNoodle733,true,🌐 Location,"Houston, TX, US",true,🖥️ Device,Chrome on Windows,,,,,,,,,,,,,,,,,0,0,,,https://images-ext-1.discordapp.net/external/JNVOwhfRcEFw8VgKDMB9KwuZ8MKiLYwmegb7iAnEsqQ/https/animalbattlestats.com/images/icons/icon-192.png,https://animalbattlestats.com/images/icons/icon-192.png,0,2026-01-31T18:14:55.186000+00:00,⚔️ Battle Comparison,rich,0,,,false,,,,false,,,,,,,,,2026-01-31T18:14:55.596000+00:00,false,0,Animal Battle Stats,1446203750204047426
1467221481615261872,,,,,,true,,0000,0,,1446203750204047426,,0,Animal Battle Stats,,1446204139909550150,,,2026-01-31T18:14:20.874Z,,16739072,4,false,Matchup,**Cassowary** vs **Box Jellyfish**,true,User,RamiNoodle733,true,🌐 Location,"Houston, TX, US",true,🖥️ Device,Chrome on Windows,,,,,,,,,,,,,,,,,0,0,,,https://images-ext-1.discordapp.net/external/JNVOwhfRcEFw8VgKDMB9KwuZ8MKiLYwmegb7iAnEsqQ/https/animalbattlestats.com/images/icons/icon-192.png,https://animalbattlestats.com/images/icons/icon-192.png,0,2026-01-31T18:14:20.417000+00:00,⚔️ Battle Comparison,rich,0,,,false,,,,false,,,,,,,,,2026-01-31T18:14:20.874000+00:00,false,0,Animal Battle Stats,1446203750204047426
1467220848271294606,,,,,,true,,0000,0,,1446203750204047426,,0,Animal Battle Stats,,1446204139909550150,,,2026-01-31T18:11:49.873Z,,4491519,4,true,Visitor,RamiNoodle733,true,🔗 Page,/,true,🌐 Location,"Houston, TX, US",true,🖥️ Device,Chrome on Windows,true,📐 Screen,1366x768,true,🌐 Language,en-US,,,,,,,,,,,0,0,,,https://images-ext-1.discordapp.net/external/JNVOwhfRcEFw8VgKDMB9KwuZ8MKiLYwmegb7iAnEsqQ/https/animalbattlestats.com/images/icons/icon-192.png,https://animalbattlestats.com/images/icons/icon-192.png,0,2026-01-31T18:11:49.596000+00:00,👀 Site Visit,rich,0,,,false,,,,false,,,,,,,,,2026-01-31T18:11:49.873000+00:00,false,0,Animal Battle Stats,1446203750204047426
1467220845910032447,,,,,,true,,0000,0,,1446203750204047426,,0,Animal Battle Stats,,1446204139909550150,,,2026-01-31T18:11:49.310Z,,6710886,4,true,User,RamiNoodle733,true,🔗 Page,/stats/cassowary,true,🌐 Location,"Houston, TX, US",true,🕐 Session Duration,8m 33s,,,,,,,,,,,,,,,,,0,0,,,https://images-ext-1.discordapp.net/external/JNVOwhfRcEFw8VgKDMB9KwuZ8MKiLYwmegb7iAnEsqQ/https/animalbattlestats.com/images/icons/icon-192.png,https://animalbattlestats.com/images/icons/icon-192.png,0,2026-01-31T18:08:27.704000+00:00,👋 User Left Site,rich,0,,,false,,,,false,,,,,,,,,2026-01-31T18:11:49.310000+00:00,false,0,Animal Battle Stats,1446203750204047426
1467219888727916648,,,,,,true,,0000,0,,1446203750204047426,,0,Animal Battle Stats,,1446204139909550150,,,2026-01-31T18:08:01.100Z,,16739072,4,false,Matchup,**Cassowary** vs **Kangaroo**,true,User,RamiNoodle733,true,🌐 Location,"Houston, TX, US",true,🖥️ Device,Chrome on Windows,,,,,,,,,,,,,,,,,0,0,,,https://images-ext-1.discordapp.net/external/JNVOwhfRcEFw8VgKDMB9KwuZ8MKiLYwmegb7iAnEsqQ/https/animalbattlestats.com/images/icons/icon-192.png,https://animalbattlestats.com/images/icons/icon-192.png,0,2026-01-31T18:08:00.858000+00:00,⚔️ Battle Comparison,rich,0,,,false,,,,false,,,,,,,,,2026-01-31T18:08:01.100000+00:00,false,0,Animal Battle Stats,1446203750204047426
1467219743852200032,,,,,,true,,0000,0,,1446203750204047426,,0,Animal Battle Stats,,1446204139909550150,,,2026-01-31T18:07:26.559Z,,16739072,4,false,Matchup,**Cassowary** vs **Kangaroo**,true,User,RamiNoodle733,true,🌐 Location,"Houston, TX, US",true,🖥️ Device,Chrome on Windows,,,,,,,,,,,,,,,,,0,0,,,https://images-ext-1.discordapp.net/external/JNVOwhfRcEFw8VgKDMB9KwuZ8MKiLYwmegb7iAnEsqQ/https/animalbattlestats.com/images/icons/icon-192.png,https://animalbattlestats.com/images/icons/icon-192.png,0,2026-01-31T18:07:26.116000+00:00,⚔️ Battle Comparison,rich,0,,,false,,,,false,,,,,,,,,2026-01-31T18:07:26.559000+00:00,false,0,Animal Battle Stats,1446203750204047426
1467218860859199783,,,,,,true,,0000,0,,1446203750204047426,,0,Animal Battle Stats,,1446204139909550150,,,2026-01-31T18:03:56.037Z,,16739072,4,false,Matchup,**Cassowary** vs **Kangaroo**,true,User,RamiNoodle733,true,🌐 Location,"Houston, TX, US",true,🖥️ Device,Chrome on Windows,,,,,,,,,,,,,,,,,0,0,,,https://images-ext-1.discordapp.net/external/JNVOwhfRcEFw8VgKDMB9KwuZ8MKiLYwmegb7iAnEsqQ/https/animalbattlestats.com/images/icons/icon-192.png,https://animalbattlestats.com/images/icons/icon-192.png,0,2026-01-31T18:03:55.017000+00:00,⚔️ Battle Comparison,rich,0,,,false,,,,false,,,,,,,,,2026-01-31T18:03:56.037000+00:00,false,0,Animal Battle Stats,1446203750204047426
1467217846491938917,,,,,,true,,0000,0,,1446203750204047426,,0,Animal Battle Stats,,1446204139909550150,,,2026-01-31T17:59:54.193Z,,4491519,4,true,Visitor,RamiNoodle733,true,🔗 Page,/,true,🌐 Location,"Houston, TX, US",true,🖥️ Device,Chrome on Windows,true,📐 Screen,1366x768,true,🌐 Language,en-US,,,,,,,,,,,0,0,,,https://images-ext-1.discordapp.net/external/JNVOwhfRcEFw8VgKDMB9KwuZ8MKiLYwmegb7iAnEsqQ/https/animalbattlestats.com/images/icons/icon-192.png,https://animalbattlestats.com/images/icons/icon-192.png,0,2026-01-31T17:59:53.927000+00:00,👀 Site Visit,rich,0,,,false,,,,false,,,,,,,,,2026-01-31T17:59:54.193000+00:00,false,0,Animal Battle Stats,1446203750204047426
1467217845019611209,,,,,,true,,0000,0,,1446203750204047426,,0,Animal Battle Stats,,1446204139909550150,,,2026-01-31T17:59:53.842Z,,4491519,4,true,Visitor,Anonymous,true,🔗 Page,/compare,true,🌐 Location,"Houston, TX, US",true,📱 Device,Safari on macOS,true,📐 Screen,402x874,true,🌐 Language,en-US,,,,,,,,,,,0,0,,,https://images-ext-1.discordapp.net/external/JNVOwhfRcEFw8VgKDMB9KwuZ8MKiLYwmegb7iAnEsqQ/https/animalbattlestats.com/images/icons/icon-192.png,https://animalbattlestats.com/images/icons/icon-192.png,0,2026-01-31T17:58:19.919000+00:00,👀 Site Visit,rich,0,,,false,,,,false,,,,,,,,,2026-01-31T17:59:53.842000+00:00,false,0,Animal Battle Stats,1446203750204047426
1467201849097453833,,,,,,true,,0000,0,,1446203750204047426,,0,Animal Battle Stats,,1446204139909550150,,,2026-01-31T16:56:20.117Z,,4491519,4,true,Visitor,Anonymous,true,🔗 Page,/,true,🌐 Location,"Lodi, NJ, US",true,🖥️ Device,Safari on macOS,true,📐 Screen,820x1180,true,🌐 Language,en-US,,,,,,,,,,,0,0,,,https://images-ext-1.discordapp.net/external/JNVOwhfRcEFw8VgKDMB9KwuZ8MKiLYwmegb7iAnEsqQ/https/animalbattlestats.com/images/icons/icon-192.png,https://animalbattlestats.com/images/icons/icon-192.png,0,2026-01-31T16:56:19.756000+00:00,👀 Site Visit,rich,0,,,false,,,,false,,,,,,,,,2026-01-31T16:56:20.117000+00:00,false,0,Animal Battle Stats,1446203750204047426
1467201812217073799,,,,,,true,,0000,0,,1446203750204047426,,0,Animal Battle Stats,,1446204139909550150,,,2026-01-31T16:56:11.324Z,,4491519,4,true,Visitor,Anonymous,true,🔗 Page,/,true,🌐 Location,"Lodi, NJ, US",true,🖥️ Device,Safari on macOS,true,📐 Screen,820x1180,true,🌐 Language,en-US,,,,,,,,,,,0,0,,,https://images-ext-1.discordapp.net/external/JNVOwhfRcEFw8VgKDMB9KwuZ8MKiLYwmegb7iAnEsqQ/https/animalbattlestats.com/images/icons/icon-192.png,https://animalbattlestats.com/images/icons/icon-192.png,0,2026-01-31T16:55:50.281000+00:00,👀 Site Visit,rich,0,,,false,,,,false,,,,,,,,,2026-01-31T16:56:11.324000+00:00,false,0,Animal Battle Stats,1446203750204047426
1466987870945546312,,,,,,true,,0000,0,,1446203750204047426,,0,Animal Battle Stats,,1446204139909550150,,,2026-01-31T02:46:03.750Z,,4491519,4,true,Visitor,Anonymous,true,🔗 Page,/,true,🌐 Location,"Lodi, NJ, US",true,🖥️ Device,Safari on macOS,true,📐 Screen,820x1180,true,🌐 Language,en-US,,,,,,,,,,,0,0,,,https://images-ext-1.discordapp.net/external/JNVOwhfRcEFw8VgKDMB9KwuZ8MKiLYwmegb7iAnEsqQ/https/animalbattlestats.com/images/icons/icon-192.png,https://animalbattlestats.com/images/icons/icon-192.png,0,2026-01-31T02:46:03.433000+00:00,👀 Site Visit,rich,0,,,false,,,,false,,,,,,,,,2026-01-31T02:46:03.750000+00:00,false,0,Animal Battle Stats,1446203750204047426
1466987855896379462,,,,,,true,,0000,0,,1446203750204047426,,0,Animal Battle Stats,,1446204139909550150,,,2026-01-31T02:46:00.162Z,,4491519,4,true,Visitor,Anonymous,true,🔗 Page,/,true,🌐 Location,"Lodi, NJ, US",true,🖥️ Device,Safari on macOS,true,📐 Screen,820x1180,true,🌐 Language,en-US,,,,,,,,,,,0,0,,,https://images-ext-1.discordapp.net/external/JNVOwhfRcEFw8VgKDMB9KwuZ8MKiLYwmegb7iAnEsqQ/https/animalbattlestats.com/images/icons/icon-192.png,https://animalbattlestats.com/images/icons/icon-192.png,0,2026-01-31T02:45:59.680000+00:00,👀 Site Visit,rich,0,,,false,,,,false,,,,,,,,,2026-01-31T02:46:00.162000+00:00,false,0,Animal Battle Stats,1446203750204047426
1466987170010108150,,,,,,true,,0000,0,,1446203750204047426,,0,Animal Battle Stats,,1446204139909550150,,,2026-01-31T02:43:16.634Z,,4491519,4,true,Visitor,Anonymous,true,🔗 Page,/,true,🌐 Location,"Lodi, NJ, US",true,🖥️ Device,Safari on macOS,true,📐 Screen,820x1180,true,🌐 Language,en-US,,,,,,,,,,,0,0,,,https://images-ext-1.discordapp.net/external/JNVOwhfRcEFw8VgKDMB9KwuZ8MKiLYwmegb7iAnEsqQ/https/animalbattlestats.com/images/icons/icon-192.png,https://animalbattlestats.com/images/icons/icon-192.png,0,2026-01-31T02:43:16.266000+00:00,👀 Site Visit,rich,0,,,false,,,,false,,,,,,,,,2026-01-31T02:43:16.634000+00:00,false,0,Animal Battle Stats,1446203750204047426
1466986326262943784,,,,,,true,,0000,0,,1446203750204047426,,0,Animal Battle Stats,,1446204139909550150,,,2026-01-31T02:39:55.469Z,,4491519,4,true,Visitor,Anonymous,true,🔗 Page,/,true,🌐 Location,"Lodi, NJ, US",true,🖥️ Device,Safari on macOS,true,📐 Screen,820x1180,true,🌐 Language,en-US,,,,,,,,,,,0,0,,,https://images-ext-1.discordapp.net/external/JNVOwhfRcEFw8VgKDMB9KwuZ8MKiLYwmegb7iAnEsqQ/https/animalbattlestats.com/images/icons/icon-192.png,https://animalbattlestats.com/images/icons/icon-192.png,0,2026-01-31T02:39:55.157000+00:00,👀 Site Visit,rich,0,,,false,,,,false,,,,,,,,,2026-01-31T02:39:55.469000+00:00,false,0,Animal Battle Stats,1446203750204047426
1466986169308020905,,,,,,true,,0000,0,,1446203750204047426,,0,Animal Battle Stats,,1446204139909550150,,,2026-01-31T02:39:18.048Z,,4491519,4,true,Visitor,Anonymous,true,🔗 Page,/,true,🌐 Location,"Lodi, NJ, US",true,🖥️ Device,Safari on macOS,true,📐 Screen,820x1180,true,🌐 Language,en-US,,,,,,,,,,,0,0,,,https://images-ext-1.discordapp.net/external/JNVOwhfRcEFw8VgKDMB9KwuZ8MKiLYwmegb7iAnEsqQ/https/animalbattlestats.com/images/icons/icon-192.png,https://animalbattlestats.com/images/icons/icon-192.png,0,2026-01-31T02:39:17.752000+00:00,👀 Site Visit,rich,0,,,false,,,,false,,,,,,,,,2026-01-31T02:39:18.048000+00:00,false,0,Animal Battle Stats,1446203750204047426
1466986169303826573,,,,,,true,,0000,0,,1446203750204047426,,0,Animal Battle Stats,,1446204139909550150,,,2026-01-31T02:39:18.047Z,,4491519,4,true,Visitor,Anonymous,true,🔗 Page,/,true,🌐 Location,"Lodi, NJ, US",true,🖥️ Device,Safari on macOS,true,📐 Screen,820x1180,true,🌐 Language,en-US,,,,,,,,,,,0,0,,,https://images-ext-1.discordapp.net/external/JNVOwhfRcEFw8VgKDMB9KwuZ8MKiLYwmegb7iAnEsqQ/https/animalbattlestats.com/images/icons/icon-192.png,https://animalbattlestats.com/images/icons/icon-192.png,0,2026-01-31T02:39:10.652000+00:00,👀 Site Visit,rich,0,,,false,,,,false,,,,,,,,,2026-01-31T02:39:18.047000+00:00,false,0,Animal Battle Stats,1446203750204047426
1466860701997072641,,,,,,true,,0000,0,,1446203750204047426,,0,Animal Battle Stats,,1446204139909550150,,,2026-01-30T18:20:44.310Z,,4491519,4,true,Visitor,Anonymous,true,🔗 Page,/compare,true,🌐 Location,"Bayonne, NJ, US",true,🖥️ Device,Chrome on Unknown,true,📐 Screen,1366x768,true,🌐 Language,en-US,,,,,,,,,,,0,0,,,https://images-ext-1.discordapp.net/external/JNVOwhfRcEFw8VgKDMB9KwuZ8MKiLYwmegb7iAnEsqQ/https/animalbattlestats.com/images/icons/icon-192.png,https://animalbattlestats.com/images/icons/icon-192.png,0,2026-01-30T18:20:43.999000+00:00,👀 Site Visit,rich,0,,,false,,,,false,,,,,,,,,2026-01-30T18:20:44.310000+00:00,false,0,Animal Battle Stats,1446203750204047426
1466860633571201270,,,,,,true,,0000,0,,1446203750204047426,,0,Animal Battle Stats,,1446204139909550150,,,2026-01-30T18:20:27.996Z,,4491519,4,true,Visitor,Anonymous,true,🔗 Page,/compare,true,🌐 Location,"Chennai, TN, IN",true,📱 Device,Chrome on Linux,true,📐 Screen,360x780,true,🌐 Language,en-GB,,,,,,,,,,,0,0,,,https://images-ext-1.discordapp.net/external/JNVOwhfRcEFw8VgKDMB9KwuZ8MKiLYwmegb7iAnEsqQ/https/animalbattlestats.com/images/icons/icon-192.png,https://animalbattlestats.com/images/icons/icon-192.png,0,2026-01-30T18:20:27.778000+00:00,👀 Site Visit,rich,0,,,false,,,,false,,,,,,,,,2026-01-30T18:20:27.996000+00:00,false,0,Animal Battle Stats,1446203750204047426
1466860630639247655,,,,,,true,,0000,0,,1446203750204047426,,0,Animal Battle Stats,,1446204139909550150,,,2026-01-30T18:20:27.297Z,,4491519,4,true,Visitor,Anonymous,true,🔗 Page,/,true,🌐 Location,"Houston, TX, US",true,📱 Device,Unknown on macOS,true,📐 Screen,390x844,true,🌐 Language,en-US,,,,,,,,,,,0,0,,,https://images-ext-1.discordapp.net/external/JNVOwhfRcEFw8VgKDMB9KwuZ8MKiLYwmegb7iAnEsqQ/https/animalbattlestats.com/images/icons/icon-192.png,https://animalbattlestats.com/images/icons/icon-192.png,0,2026-01-30T18:19:56.578000+00:00,👀 Site Visit,rich,0,,,false,,,,false,,,,,,,,,2026-01-30T18:20:27.297000+00:00,false,0,Animal Battle Stats,1446203750204047426
1466823443470352568,,,,,,true,,0000,0,,1446203750204047426,,0,Animal Battle Stats,,1446204139909550150,,,2026-01-30T15:52:41.185Z,,6710886,4,true,User,Anonymous,true,🔗 Page,/compare,true,🌐 Location,"Bayonne, NJ, US",true,🕐 Session Duration,0s,,,,,,,,,,,,,,,,,0,0,,,https://images-ext-1.discordapp.net/external/JNVOwhfRcEFw8VgKDMB9KwuZ8MKiLYwmegb7iAnEsqQ/https/animalbattlestats.com/images/icons/icon-192.png,https://animalbattlestats.com/images/icons/icon-192.png,0,2026-01-30T15:52:40.924000+00:00,👋 User Left Site,rich,0,,,false,,,,false,,,,,,,,,2026-01-30T15:52:41.185000+00:00,false,0,Animal Battle Stats,1446203750204047426
1466823426864840899,,,,,,true,,0000,0,,1446203750204047426,,0,Animal Battle Stats,,1446204139909550150,,,2026-01-30T15:52:37.226Z,,16739072,4,false,Matchup,**African Elephant** vs **Black Rhinoceros**,true,User,Anonymous,true,🌐 Location,"Bayonne, NJ, US",true,🖥️ Device,Chrome on Unknown,,,,,,,,,,,,,,,,,0,0,,,https://images-ext-1.discordapp.net/external/JNVOwhfRcEFw8VgKDMB9KwuZ8MKiLYwmegb7iAnEsqQ/https/animalbattlestats.com/images/icons/icon-192.png,https://animalbattlestats.com/images/icons/icon-192.png,0,2026-01-30T15:52:36.853000+00:00,⚔️ Battle Comparison,rich,0,,,false,,,,false,,,,,,,,,2026-01-30T15:52:37.226000+00:00,false,0,Animal Battle Stats,1446203750204047426
1466823397995708428,,,,,,true,,0000,0,,1446203750204047426,,0,Animal Battle Stats,,1446204139909550150,,,2026-01-30T15:52:30.343Z,,16739072,4,false,Matchup,**African Elephant** vs **Black Rhinoceros**,true,User,Anonymous,true,🌐 Location,"Bayonne, NJ, US",true,🖥️ Device,Chrome on Unknown,,,,,,,,,,,,,,,,,0,0,,,https://images-ext-1.discordapp.net/external/JNVOwhfRcEFw8VgKDMB9KwuZ8MKiLYwmegb7iAnEsqQ/https/animalbattlestats.com/images/icons/icon-192.png,https://animalbattlestats.com/images/icons/icon-192.png,0,2026-01-30T15:52:30.070000+00:00,⚔️ Battle Comparison,rich,0,,,false,,,,false,,,,,,,,,2026-01-30T15:52:30.343000+00:00,false,0,Animal Battle Stats,1446203750204047426
1466823385886625974,,,,,,true,,0000,0,,1446203750204047426,,0,Animal Battle Stats,,1446204139909550150,,,2026-01-30T15:52:27.456Z,,6710886,4,true,User,Anonymous,true,🔗 Page,/compare,true,🌐 Location,"Bayonne, NJ, US",true,🕐 Session Duration,6m 57s,,,,,,,,,,,,,,,,,0,0,,,https://images-ext-1.discordapp.net/external/JNVOwhfRcEFw8VgKDMB9KwuZ8MKiLYwmegb7iAnEsqQ/https/animalbattlestats.com/images/icons/icon-192.png,https://animalbattlestats.com/images/icons/icon-192.png,0,2026-01-30T15:52:27.201000+00:00,👋 User Left Site,rich,0,,,false,,,,false,,,,,,,,,2026-01-30T15:52:27.456000+00:00,false,0,Animal Battle Stats,1446203750204047426
1466823385010143386,,,,,,true,,0000,0,,1446203750204047426,,0,Animal Battle Stats,,1446204139909550150,,,2026-01-30T15:52:27.247Z,,6710886,4,true,User,Anonymous,true,🔗 Page,/compare,true,🌐 Location,"Bayonne, NJ, US",true,🕐 Session Duration,6m 57s,,,,,,,,,,,,,,,,,0,0,,,https://images-ext-1.discordapp.net/external/JNVOwhfRcEFw8VgKDMB9KwuZ8MKiLYwmegb7iAnEsqQ/https/animalbattlestats.com/images/icons/icon-192.png,https://animalbattlestats.com/images/icons/icon-192.png,0,2026-01-30T15:52:26.941000+00:00,👋 User Left Site,rich,0,,,false,,,,false,,,,,,,,,2026-01-30T15:52:27.247000+00:00,false,0,Animal Battle Stats,1446203750204047426
1466823351837393067,,,,,,true,,0000,0,,1446203750204047426,,0,Animal Battle Stats,,1446204139909550150,,,2026-01-30T15:52:19.338Z,,16739072,4,false,Matchup,**Gorilla** vs **Anaconda**,true,User,Anonymous,true,🌐 Location,"Bayonne, NJ, US",true,🖥️ Device,Chrome on Unknown,,,,,,,,,,,,,,,,,0,0,,,https://images-ext-1.discordapp.net/external/JNVOwhfRcEFw8VgKDMB9KwuZ8MKiLYwmegb7iAnEsqQ/https/animalbattlestats.com/images/icons/icon-192.png,https://animalbattlestats.com/images/icons/icon-192.png,0,2026-01-30T15:52:19.070000+00:00,⚔️ Battle Comparison,rich,0,,,false,,,,false,,,,,,,,,2026-01-30T15:52:19.338000+00:00,false,0,Animal Battle Stats,1446203750204047426
1466823343087816956,,,,,,true,,0000,0,,1446203750204047426,,0,Animal Battle Stats,,1446204139909550150,,,2026-01-30T15:52:17.252Z,,4491519,4,true,Visitor,Anonymous,true,🔗 Page,/compare,true,🌐 Location,"Bayonne, NJ, US",true,🖥️ Device,Chrome on Unknown,true,📐 Screen,1366x768,true,🌐 Language,en-US,,,,,,,,,,,0,0,,,https://images-ext-1.discordapp.net/external/JNVOwhfRcEFw8VgKDMB9KwuZ8MKiLYwmegb7iAnEsqQ/https/animalbattlestats.com/images/icons/icon-192.png,https://animalbattlestats.com/images/icons/icon-192.png,0,2026-01-30T15:52:16.985000+00:00,👀 Site Visit,rich,0,,,false,,,,false,,,,,,,,,2026-01-30T15:52:17.252000+00:00,false,0,Animal Battle Stats,1446203750204047426
1466823300373020785,,,,,,true,,0000,0,,1446203750204047426,,0,Animal Battle Stats,,1446204139909550150,,,2026-01-30T15:52:07.068Z,,6710886,4,true,User,Anonymous,true,🔗 Page,/compare,true,🌐 Location,"Bayonne, NJ, US",true,🕐 Session Duration,7m 18s,,,,,,,,,,,,,,,,,0,0,,,https://images-ext-1.discordapp.net/external/JNVOwhfRcEFw8VgKDMB9KwuZ8MKiLYwmegb7iAnEsqQ/https/animalbattlestats.com/images/icons/icon-192.png,https://animalbattlestats.com/images/icons/icon-192.png,0,2026-01-30T15:52:06.799000+00:00,👋 User Left Site,rich,0,,,false,,,,false,,,,,,,,,2026-01-30T15:52:07.068000+00:00,false,0,Animal Battle Stats,1446203750204047426
1466823285676179559,,,,,,true,,0000,0,,1446203750204047426,,0,Animal Battle Stats,,1446204139909550150,,,2026-01-30T15:52:03.564Z,,6710886,4,true,User,Anonymous,true,🔗 Page,/compare,true,🌐 Location,"Bayonne, NJ, US",true,🕐 Session Duration,6m 56s,,,,,,,,,,,,,,,,,0,0,,,https://images-ext-1.discordapp.net/external/JNVOwhfRcEFw8VgKDMB9KwuZ8MKiLYwmegb7iAnEsqQ/https/animalbattlestats.com/images/icons/icon-192.png,https://animalbattlestats.com/images/icons/icon-192.png,0,2026-01-30T15:52:03.269000+00:00,👋 User Left Site,rich,0,,,false,,,,false,,,,,,,,,2026-01-30T15:52:03.564000+00:00,false,0,Animal Battle Stats,1446203750204047426
1466823276469686282,,,,,,true,,0000,0,,1446203750204047426,,0,Animal Battle Stats,,1446204139909550150,,,2026-01-30T15:52:01.369Z,,6710886,4,true,User,Anonymous,true,🔗 Page,/rankings,true,🌐 Location,"Bayonne, NJ, US",true,🕐 Session Duration,9m 25s,,,,,,,,,,,,,,,,,0,0,,,https://images-ext-1.discordapp.net/external/JNVOwhfRcEFw8VgKDMB9KwuZ8MKiLYwmegb7iAnEsqQ/https/animalbattlestats.com/images/icons/icon-192.png,https://animalbattlestats.com/images/icons/icon-192.png,0,2026-01-30T15:52:01.070000+00:00,👋 User Left Site,rich,0,,,false,,,,false,,,,,,,,,2026-01-30T15:52:01.369000+00:00,false,0,Animal Battle Stats,1446203750204047426
1466823248904851549,,,,,,true,,0000,0,,1446203750204047426,,0,Animal Battle Stats,,1446204139909550150,,,2026-01-30T15:51:54.797Z,,6710886,4,true,User,Anonymous,true,🔗 Page,/compare,true,🌐 Location,"Bayonne, NJ, US",true,🕐 Session Duration,12m 49s,,,,,,,,,,,,,,,,,0,0,,,https://images-ext-1.discordapp.net/external/JNVOwhfRcEFw8VgKDMB9KwuZ8MKiLYwmegb7iAnEsqQ/https/animalbattlestats.com/images/icons/icon-192.png,https://animalbattlestats.com/images/icons/icon-192.png,0,2026-01-30T15:51:54.401000+00:00,👋 User Left Site,rich,0,,,false,,,,false,,,,,,,,,2026-01-30T15:51:54.797000+00:00,false,0,Animal Battle Stats,1446203750204047426
1466823233776128195,,,,,,true,,0000,0,,1446203750204047426,,0,Animal Battle Stats,,1446204139909550150,,,2026-01-30T15:51:51.190Z,,16739072,4,false,Matchup,**Bactrian Camel** vs **Camel**,true,User,Anonymous,true,🌐 Location,"Bayonne, NJ, US",true,🖥️ Device,Chrome on Unknown,,,,,,,,,,,,,,,,,0,0,,,https://images-ext-1.discordapp.net/external/JNVOwhfRcEFw8VgKDMB9KwuZ8MKiLYwmegb7iAnEsqQ/https/animalbattlestats.com/images/icons/icon-192.png,https://animalbattlestats.com/images/icons/icon-192.png,0,2026-01-30T15:51:50.839000+00:00,⚔️ Battle Comparison,rich,0,,,false,,,,false,,,,,,,,,2026-01-30T15:51:51.190000+00:00,false,0,Animal Battle Stats,1446203750204047426
1466823134488559822,,,,,,true,,0000,0,,1446203750204047426,,0,Animal Battle Stats,,1446204139909550150,,,2026-01-30T15:51:27.518Z,,16739072,4,false,Matchup,**Hippopotamus** vs **African Elephant**,true,User,Anonymous,true,🌐 Location,"Bayonne, NJ, US",true,🖥️ Device,Chrome on Unknown,,,,,,,,,,,,,,,,,0,0,,,https://images-ext-1.discordapp.net/external/JNVOwhfRcEFw8VgKDMB9KwuZ8MKiLYwmegb7iAnEsqQ/https/animalbattlestats.com/images/icons/icon-192.png,https://animalbattlestats.com/images/icons/icon-192.png,0,2026-01-30T15:51:27.255000+00:00,⚔️ Battle Comparison,rich,0,,,false,,,,false,,,,,,,,,2026-01-30T15:51:27.518000+00:00,false,0,Animal Battle Stats,1446203750204047426
1466823068751106080,,,,,,true,,0000,0,,1446203750204047426,,0,Animal Battle Stats,,1446204139909550150,,,2026-01-30T15:51:11.845Z,,16739072,4,false,Matchup,**Bactrian Camel** vs **Sloth Bear**,true,User,Anonymous,true,🌐 Location,"Bayonne, NJ, US",true,🖥️ Device,Chrome on Unknown,,,,,,,,,,,,,,,,,0,0,,,https://images-ext-1.discordapp.net/external/JNVOwhfRcEFw8VgKDMB9KwuZ8MKiLYwmegb7iAnEsqQ/https/animalbattlestats.com/images/icons/icon-192.png,https://animalbattlestats.com/images/icons/icon-192.png,0,2026-01-30T15:51:11.130000+00:00,⚔️ Battle Comparison,rich,0,,,false,,,,false,,,,,,,,,2026-01-30T15:51:11.845000+00:00,false,0,Animal Battle Stats,1446203750204047426
1466822987591192689,,,,,,true,,0000,0,,1446203750204047426,,0,Animal Battle Stats,,1446204139909550150,,,2026-01-30T15:50:52.495Z,,16739072,4,false,Matchup,**Jaguar** vs **Black Panther**,true,User,Anonymous,true,🌐 Location,"Bayonne, NJ, US",true,🖥️ Device,Chrome on Unknown,,,,,,,,,,,,,,,,,0,0,,,https://images-ext-1.discordapp.net/external/JNVOwhfRcEFw8VgKDMB9KwuZ8MKiLYwmegb7iAnEsqQ/https/animalbattlestats.com/images/icons/icon-192.png,https://animalbattlestats.com/images/icons/icon-192.png,0,2026-01-30T15:50:52.173000+00:00,⚔️ Battle Comparison,rich,0,,,false,,,,false,,,,,,,,,2026-01-30T15:50:52.495000+00:00,false,0,Animal Battle Stats,1446203750204047426
1466822951449002172,,,,,,true,,0000,0,,1446203750204047426,,0,Animal Battle Stats,,1446204139909550150,,,2026-01-30T15:50:43.878Z,,6710886,4,true,User,Anonymous,true,🔗 Page,/login,true,🌐 Location,"Bayonne, NJ, US",true,🕐 Session Duration,2m 53s,,,,,,,,,,,,,,,,,0,0,,,https://images-ext-1.discordapp.net/external/JNVOwhfRcEFw8VgKDMB9KwuZ8MKiLYwmegb7iAnEsqQ/https/animalbattlestats.com/images/icons/icon-192.png,https://animalbattlestats.com/images/icons/icon-192.png,0,2026-01-30T15:50:43.612000+00:00,👋 User Left Site,rich,0,,,false,,,,false,,,,,,,,,2026-01-30T15:50:43.878000+00:00,false,0,Animal Battle Stats,1446203750204047426
1466822885766205575,,,,,,true,,0000,0,,1446203750204047426,,0,Animal Battle Stats,,1446204139909550150,,,2026-01-30T15:50:28.218Z,,16766720,4,true,User,Anonymous,true,Bracket Size,8 animals,true,Total Matches,7,true,🏆 Champion,**Box Jellyfish**,true,🥈 2nd Place,African Wild Dog,true,🥉 3rd/4th,"Guanaco, African Elephant",false,Final Matches,"✓ African Elephant beat Stoat
✓ Box Jellyfish beat Ostrich
✓ Guanaco beat Ring-tailed Lemur
✓ African Wild Dog beat Musk Ox
✓ Box Jellyfish beat African Elephant
✓ African Wild Dog beat Guanaco
✓ Box Jellyfish beat African Wild Dog",true,🌐 Location,"Bayonne, NJ, US",true,🖥️ Device,Chrome on Unknown,,0,0,,,https://images-ext-1.discordapp.net/external/JNVOwhfRcEFw8VgKDMB9KwuZ8MKiLYwmegb7iAnEsqQ/https/animalbattlestats.com/images/icons/icon-192.png,https://animalbattlestats.com/images/icons/icon-192.png,0,2026-01-30T15:50:27.948000+00:00,🏆 Tournament Completed!,rich,0,,,false,,,,false,,,,,,,,,2026-01-30T15:50:28.218000+00:00,false,0,Animal Battle Stats,1446203750204047426
1466822870129967114,,,,,,true,,0000,0,,1446203750204047426,,0,Animal Battle Stats,,1446204139909550150,,,2026-01-30T15:50:24.490Z,,16766720,4,true,User,Anonymous,true,Bracket Size,8 animals,true,Total Matches,7,true,🏆 Champion,**Cockatoo**,true,🥈 2nd Place,Osprey,true,🥉 3rd/4th,"Green Anaconda, Lobster",false,Final Matches,"✓ Lobster beat Peregrine Falcon
✓ Osprey beat Mandrill
✓ Cockatoo beat Raccoon
✓ Green Anaconda beat Tiger Shark
✓ Osprey beat Lobster
✓ Cockatoo beat Green Anaconda
✓ Cockatoo beat Osprey",true,🌐 Location,"Bayonne, NJ, US",true,🖥️ Device,Chrome on Unknown,,0,0,,,https://images-ext-1.discordapp.net/external/JNVOwhfRcEFw8VgKDMB9KwuZ8MKiLYwmegb7iAnEsqQ/https/animalbattlestats.com/images/icons/icon-192.png,https://animalbattlestats.com/images/icons/icon-192.png,0,2026-01-30T15:50:23.684000+00:00,🏆 Tournament Completed!,rich,0,,,false,,,,false,,,,,,,,,2026-01-30T15:50:24.490000+00:00,false,0,Animal Battle Stats,1446203750204047426
1466822869253230808,,,,,,true,,0000,0,,1446203750204047426,,0,Animal Battle Stats,,1446204139909550150,,,2026-01-30T15:50:24.281Z,,16739072,4,false,Matchup,**Hippopotamus** vs **Saltwater Crocodile**,true,User,Anonymous,true,🌐 Location,"Bayonne, NJ, US",true,🖥️ Device,Chrome on Unknown,,,,,,,,,,,,,,,,,0,0,,,https://images-ext-1.discordapp.net/external/JNVOwhfRcEFw8VgKDMB9KwuZ8MKiLYwmegb7iAnEsqQ/https/animalbattlestats.com/images/icons/icon-192.png,https://animalbattlestats.com/images/icons/icon-192.png,0,2026-01-30T15:50:23.792000+00:00,⚔️ Battle Comparison,rich,0,,,false,,,,false,,,,,,,,,2026-01-30T15:50:24.281000+00:00,false,0,Animal Battle Stats,1446203750204047426
1466822811216773334,,,,,,true,,0000,0,,1446203750204047426,,0,Animal Battle Stats,,1446204139909550150,,,2026-01-30T15:50:10.444Z,,16739072,4,false,Matchup,**Megalodon** vs **Hippopotamus**,true,User,Anonymous,true,🌐 Location,"Bayonne, NJ, US",true,🖥️ Device,Chrome on Unknown,,,,,,,,,,,,,,,,,0,0,,,https://images-ext-1.discordapp.net/external/JNVOwhfRcEFw8VgKDMB9KwuZ8MKiLYwmegb7iAnEsqQ/https/animalbattlestats.com/images/icons/icon-192.png,https://animalbattlestats.com/images/icons/icon-192.png,0,2026-01-30T15:50:10.134000+00:00,⚔️ Battle Comparison,rich,0,,,false,,,,false,,,,,,,,,2026-01-30T15:50:10.444000+00:00,false,0,Animal Battle Stats,1446203750204047426
1466822706799312896,,,,,,true,,0000,0,,1446203750204047426,,0,Animal Battle Stats,,1446204139909550150,,,2026-01-30T15:49:45.549Z,,16739072,4,false,Matchup,**Megalodon** vs **African Elephant**,true,User,Anonymous,true,🌐 Location,"Bayonne, NJ, US",true,🖥️ Device,Chrome on Unknown,,,,,,,,,,,,,,,,,0,0,,,https://images-ext-1.discordapp.net/external/JNVOwhfRcEFw8VgKDMB9KwuZ8MKiLYwmegb7iAnEsqQ/https/animalbattlestats.com/images/icons/icon-192.png,https://animalbattlestats.com/images/icons/icon-192.png,0,2026-01-30T15:49:45.217000+00:00,⚔️ Battle Comparison,rich,0,,,false,,,,false,,,,,,,,,2026-01-30T15:49:45.549000+00:00,false,0,Animal Battle Stats,1446203750204047426
1466822659265400944,,,,,,true,,0000,0,,1446203750204047426,,0,Animal Battle Stats,,1446204139909550150,,,2026-01-30T15:49:34.216Z,,16739072,4,false,Matchup,**Leatherback Sea Turtle** vs **Box Jellyfish**,true,User,Anonymous,true,🌐 Location,"Bayonne, NJ, US",true,🖥️ Device,Chrome on Unknown,,,,,,,,,,,,,,,,,0,0,,,https://images-ext-1.discordapp.net/external/JNVOwhfRcEFw8VgKDMB9KwuZ8MKiLYwmegb7iAnEsqQ/https/animalbattlestats.com/images/icons/icon-192.png,https://animalbattlestats.com/images/icons/icon-192.png,0,2026-01-30T15:49:33.939000+00:00,⚔️ Battle Comparison,rich,0,,,false,,,,false,,,,,,,,,2026-01-30T15:49:34.216000+00:00,false,0,Animal Battle Stats,1446203750204047426
1466822585995235445,,,,,,true,,0000,0,,1446203750204047426,,0,Animal Battle Stats,,1446204139909550150,,,2026-01-30T15:49:16.747Z,,16739072,4,false,Matchup,**Megalodon** vs **Blue Whale**,true,User,Anonymous,true,🌐 Location,"Bayonne, NJ, US",true,🖥️ Device,Chrome on Unknown,,,,,,,,,,,,,,,,,0,0,,,https://images-ext-1.discordapp.net/external/JNVOwhfRcEFw8VgKDMB9KwuZ8MKiLYwmegb7iAnEsqQ/https/animalbattlestats.com/images/icons/icon-192.png,https://animalbattlestats.com/images/icons/icon-192.png,0,2026-01-30T15:49:16.476000+00:00,⚔️ Battle Comparison,rich,0,,,false,,,,false,,,,,,,,,2026-01-30T15:49:16.747000+00:00,false,0,Animal Battle Stats,1446203750204047426
1466822541074235393,,,,,,true,,0000,0,,1446203750204047426,,0,Animal Battle Stats,,1446204139909550150,,,2026-01-30T15:49:06.037Z,,6710886,4,true,User,Anonymous,true,🔗 Page,/stats,true,🌐 Location,"Bayonne, NJ, US",true,🕐 Session Duration,3m 51s,,,,,,,,,,,,,,,,,0,0,,,https://images-ext-1.discordapp.net/external/JNVOwhfRcEFw8VgKDMB9KwuZ8MKiLYwmegb7iAnEsqQ/https/animalbattlestats.com/images/icons/icon-192.png,https://animalbattlestats.com/images/icons/icon-192.png,0,2026-01-30T15:49:05.701000+00:00,👋 User Left Site,rich,0,,,false,,,,false,,,,,,,,,2026-01-30T15:49:06.037000+00:00,false,0,Animal Battle Stats,1446203750204047426
1466822529380515850,,,,,,true,,0000,0,,1446203750204047426,,0,Animal Battle Stats,,1446204139909550150,,,2026-01-30T15:49:03.249Z,,16739072,4,false,Matchup,**Megalodon** vs **Polar Bear**,true,User,Anonymous,true,🌐 Location,"Bayonne, NJ, US",true,🖥️ Device,Chrome on Unknown,,,,,,,,,,,,,,,,,0,0,,,https://images-ext-1.discordapp.net/external/JNVOwhfRcEFw8VgKDMB9KwuZ8MKiLYwmegb7iAnEsqQ/https/animalbattlestats.com/images/icons/icon-192.png,https://animalbattlestats.com/images/icons/icon-192.png,0,2026-01-30T15:49:02.969000+00:00,⚔️ Battle Comparison,rich,0,,,false,,,,false,,,,,,,,,2026-01-30T15:49:03.249000+00:00,false,0,Animal Battle Stats,1446203750204047426
1466822471461371935,,,,,,true,,0000,0,,1446203750204047426,,0,Animal Battle Stats,,1446204139909550150,,,2026-01-30T15:48:49.440Z,,16739072,4,false,Matchup,**Beluga Whale** vs **Blue Whale**,true,User,Anonymous,true,🌐 Location,"Bayonne, NJ, US",true,🖥️ Device,Chrome on Unknown,,,,,,,,,,,,,,,,,0,0,,,https://images-ext-1.discordapp.net/external/JNVOwhfRcEFw8VgKDMB9KwuZ8MKiLYwmegb7iAnEsqQ/https/animalbattlestats.com/images/icons/icon-192.png,https://animalbattlestats.com/images/icons/icon-192.png,0,2026-01-30T15:48:49.137000+00:00,⚔️ Battle Comparison,rich,0,,,false,,,,false,,,,,,,,,2026-01-30T15:48:49.440000+00:00,false,0,Animal Battle Stats,1446203750204047426
1466822453509619753,,,,,,true,,0000,0,,1446203750204047426,,0,Animal Battle Stats,,1446204139909550150,,,2026-01-30T15:48:45.160Z,,6710886,4,true,User,Anonymous,true,🔗 Page,/compare,true,🌐 Location,"Bayonne, NJ, US",true,🕐 Session Duration,3m 17s,,,,,,,,,,,,,,,,,0,0,,,https://images-ext-1.discordapp.net/external/JNVOwhfRcEFw8VgKDMB9KwuZ8MKiLYwmegb7iAnEsqQ/https/animalbattlestats.com/images/icons/icon-192.png,https://animalbattlestats.com/images/icons/icon-192.png,0,2026-01-30T15:48:44.904000+00:00,👋 User Left Site,rich,0,,,false,,,,false,,,,,,,,,2026-01-30T15:48:45.160000+00:00,false,0,Animal Battle Stats,1446203750204047426
1466822413613535284,,,,,,true,,0000,0,,1446203750204047426,,0,Animal Battle Stats,,1446204139909550150,,,2026-01-30T15:48:35.648Z,,16739072,4,false,Matchup,**Great White Shark** vs **Giant Squid**,true,User,Anonymous,true,🌐 Location,"Bayonne, NJ, US",true,🖥️ Device,Chrome on Unknown,,,,,,,,,,,,,,,,,0,0,,,https://images-ext-1.discordapp.net/external/JNVOwhfRcEFw8VgKDMB9KwuZ8MKiLYwmegb7iAnEsqQ/https/animalbattlestats.com/images/icons/icon-192.png,https://animalbattlestats.com/images/icons/icon-192.png,0,2026-01-30T15:48:35.400000+00:00,⚔️ Battle Comparison,rich,0,,,false,,,,false,,,,,,,,,2026-01-30T15:48:35.648000+00:00,false,0,Animal Battle Stats,1446203750204047426
1466822403584950349,,,,,,true,,0000,0,,1446203750204047426,,0,Animal Battle Stats,,1446204139909550150,,,2026-01-30T15:48:33.257Z,,16739072,4,false,Matchup,**African Elephant** vs **Giraffe**,true,User,Anonymous,true,🌐 Location,"Bayonne, NJ, US",true,🖥️ Device,Chrome on Unknown,,,,,,,,,,,,,,,,,0,0,,,https://images-ext-1.discordapp.net/external/JNVOwhfRcEFw8VgKDMB9KwuZ8MKiLYwmegb7iAnEsqQ/https/animalbattlestats.com/images/icons/icon-192.png,https://animalbattlestats.com/images/icons/icon-192.png,0,2026-01-30T15:48:33.011000+00:00,⚔️ Battle Comparison,rich,0,,,false,,,,false,,,,,,,,,2026-01-30T15:48:33.257000+00:00,false,0,Animal Battle Stats,1446203750204047426
1466822266229756006,,,,,,true,,0000,0,,1446203750204047426,,0,Animal Battle Stats,,1446204139909550150,,,2026-01-30T15:48:00.509Z,,16739072,4,false,Matchup,**Cape Buffalo** vs **Great White Shark**,true,User,Anonymous,true,🌐 Location,"Bayonne, NJ, US",true,🖥️ Device,Chrome on Unknown,,,,,,,,,,,,,,,,,0,0,,,https://images-ext-1.discordapp.net/external/JNVOwhfRcEFw8VgKDMB9KwuZ8MKiLYwmegb7iAnEsqQ/https/animalbattlestats.com/images/icons/icon-192.png,https://animalbattlestats.com/images/icons/icon-192.png,0,2026-01-30T15:48:00.161000+00:00,⚔️ Battle Comparison,rich,0,,,false,,,,false,,,,,,,,,2026-01-30T15:48:00.509000+00:00,false,0,Animal Battle Stats,1446203750204047426
1466822264707092551,,,,,,true,,0000,0,,1446203750204047426,,0,Animal Battle Stats,,1446204139909550150,,,2026-01-30T15:48:00.146Z,,16739072,4,false,Matchup,**Megalodon** vs **Tiger Shark**,true,User,Anonymous,true,🌐 Location,"Bayonne, NJ, US",true,🖥️ Device,Chrome on Unknown,,,,,,,,,,,,,,,,,0,0,,,https://images-ext-1.discordapp.net/external/JNVOwhfRcEFw8VgKDMB9KwuZ8MKiLYwmegb7iAnEsqQ/https/animalbattlestats.com/images/icons/icon-192.png,https://animalbattlestats.com/images/icons/icon-192.png,0,2026-01-30T15:47:59.824000+00:00,⚔️ Battle Comparison,rich,0,,,false,,,,false,,,,,,,,,2026-01-30T15:48:00.146000+00:00,false,0,Animal Battle Stats,1446203750204047426
1466822263256121578,,,,,,true,,0000,0,,1446203750204047426,,0,Animal Battle Stats,,1446204139909550150,,,2026-01-30T15:47:59.800Z,,16739072,4,false,Matchup,**Black Mamba** vs **King Cobra**,true,User,Anonymous,true,🌐 Location,"Bayonne, NJ, US",true,🖥️ Device,Chrome on Unknown,,,,,,,,,,,,,,,,,0,0,,,https://images-ext-1.discordapp.net/external/JNVOwhfRcEFw8VgKDMB9KwuZ8MKiLYwmegb7iAnEsqQ/https/animalbattlestats.com/images/icons/icon-192.png,https://animalbattlestats.com/images/icons/icon-192.png,0,2026-01-30T15:47:59.476000+00:00,⚔️ Battle Comparison,rich,0,,,false,,,,false,,,,,,,,,2026-01-30T15:47:59.800000+00:00,false,0,Animal Battle Stats,1446203750204047426
1466822226329341982,,,,,,true,,0000,0,,1446203750204047426,,0,Animal Battle Stats,,1446204139909550150,,,2026-01-30T15:47:50.996Z,,4491519,4,true,Visitor,Anonymous,true,🔗 Page,/,true,🌐 Location,"Bayonne, NJ, US",true,🖥️ Device,Chrome on Unknown,true,📐 Screen,1517x852,true,🌐 Language,en-US,,,,,,,,,,,0,0,,,https://images-ext-1.discordapp.net/external/JNVOwhfRcEFw8VgKDMB9KwuZ8MKiLYwmegb7iAnEsqQ/https/animalbattlestats.com/images/icons/icon-192.png,https://animalbattlestats.com/images/icons/icon-192.png,0,2026-01-30T15:47:50.715000+00:00,👀 Site Visit,rich,0,,,false,,,,false,,,,,,,,,2026-01-30T15:47:50.996000+00:00,false,0,Animal Battle Stats,1446203750204047426
1466822188379406356,,,,,,true,,0000,0,,1446203750204047426,,0,Animal Battle Stats,,1446204139909550150,,,2026-01-30T15:47:41.948Z,,16766720,4,true,User,Anonymous,true,Bracket Size,8 animals,true,Total Matches,7,true,🏆 Champion,**Rhinoceros**,true,🥈 2nd Place,Dhole,true,🥉 3rd/4th,"Stag Beetle, Serval",false,Final Matches,"✓ Serval beat Gazelle
✓ Rhinoceros beat Cheetah
✓ Stag Beetle beat Hellbender
✓ Dhole beat Barn Owl
✓ Rhinoceros beat Serval
✓ Dhole beat Stag Beetle
✓ Rhinoceros beat Dhole",true,🌐 Location,"Bayonne, NJ, US",true,🖥️ Device,Chrome on Unknown,,0,0,,,https://images-ext-1.discordapp.net/external/JNVOwhfRcEFw8VgKDMB9KwuZ8MKiLYwmegb7iAnEsqQ/https/animalbattlestats.com/images/icons/icon-192.png,https://animalbattlestats.com/images/icons/icon-192.png,0,2026-01-30T15:47:35.748000+00:00,🏆 Tournament Completed!,rich,0,,,false,,,,false,,,,,,,,,2026-01-30T15:47:41.948000+00:00,false,0,Animal Battle Stats,1446203750204047426
1466822148776788079,,,,,,true,,0000,0,,1446203750204047426,,0,Animal Battle Stats,,1446204139909550150,,,2026-01-30T15:47:32.506Z,,16739072,4,false,Matchup,**Black Rhinoceros** vs **Orca**,true,User,Anonymous,true,🌐 Location,"Bayonne, NJ, US",true,🖥️ Device,Chrome on Unknown,,,,,,,,,,,,,,,,,0,0,,,https://images-ext-1.discordapp.net/external/JNVOwhfRcEFw8VgKDMB9KwuZ8MKiLYwmegb7iAnEsqQ/https/animalbattlestats.com/images/icons/icon-192.png,https://animalbattlestats.com/images/icons/icon-192.png,0,2026-01-30T15:47:32.221000+00:00,⚔️ Battle Comparison,rich,0,,,false,,,,false,,,,,,,,,2026-01-30T15:47:32.506000+00:00,false,0,Animal Battle Stats,1446203750204047426
1466822067247779921,,,,,,true,,0000,0,,1446203750204047426,,0,Animal Battle Stats,,1446204139909550150,,,2026-01-30T15:47:13.068Z,,16737095,4,true,User,Anonymous,true,Bracket Size,64 animals,true,Progress,3/63 (5%),false,Last Votes,"Capybara beat Red Panda
Narwhal beat Coconut Crab
Camel Spider beat Caracal",true,🌐 Location,"Bayonne, NJ, US",,,,,,,,,,,,,,0,0,,,https://images-ext-1.discordapp.net/external/JNVOwhfRcEFw8VgKDMB9KwuZ8MKiLYwmegb7iAnEsqQ/https/animalbattlestats.com/images/icons/icon-192.png,https://animalbattlestats.com/images/icons/icon-192.png,0,2026-01-30T15:47:09.177000+00:00,🚪 Tournament Quit,rich,0,,,false,,,,false,,,,,,,,,2026-01-30T15:47:13.068000+00:00,false,0,Animal Battle Stats,1446203750204047426
1466822060931289088,,,,,,true,,0000,0,,1446203750204047426,,0,Animal Battle Stats,,1446204139909550150,,,2026-01-30T15:47:11.562Z,,16739072,4,false,Matchup,**Green Anaconda** vs **Reticulated Python**,true,User,Anonymous,true,🌐 Location,"Bayonne, NJ, US",true,🖥️ Device,Chrome on Unknown,,,,,,,,,,,,,,,,,0,0,,,https://images-ext-1.discordapp.net/external/JNVOwhfRcEFw8VgKDMB9KwuZ8MKiLYwmegb7iAnEsqQ/https/animalbattlestats.com/images/icons/icon-192.png,https://animalbattlestats.com/images/icons/icon-192.png,0,2026-01-30T15:47:11.256000+00:00,⚔️ Battle Comparison,rich,0,,,false,,,,false,,,,,,,,,2026-01-30T15:47:11.562000+00:00,false,0,Animal Battle Stats,1446203750204047426
1466821967477870781,,,,,,true,,0000,0,,1446203750204047426,,0,Animal Battle Stats,,1446204139909550150,,,2026-01-30T15:46:49.281Z,,16739072,4,false,Matchup,**Clouded Leopard** vs **Anaconda**,true,User,Anonymous,true,🌐 Location,"Bayonne, NJ, US",true,🖥️ Device,Chrome on Unknown,,,,,,,,,,,,,,,,,0,0,,,https://images-ext-1.discordapp.net/external/JNVOwhfRcEFw8VgKDMB9KwuZ8MKiLYwmegb7iAnEsqQ/https/animalbattlestats.com/images/icons/icon-192.png,https://animalbattlestats.com/images/icons/icon-192.png,0,2026-01-30T15:46:48.912000+00:00,⚔️ Battle Comparison,rich,0,,,false,,,,false,,,,,,,,,2026-01-30T15:46:49.281000+00:00,false,0,Animal Battle Stats,1446203750204047426
1466821865355088086,,,,,,true,,0000,0,,1446203750204047426,,0,Animal Battle Stats,,1446204139909550150,,,2026-01-30T15:46:24.933Z,,16739072,4,false,Matchup,**Hippopotamus** vs **Megalodon**,true,User,Anonymous,true,🌐 Location,"Bayonne, NJ, US",true,🖥️ Device,Chrome on Unknown,,,,,,,,,,,,,,,,,0,0,,,https://images-ext-1.discordapp.net/external/JNVOwhfRcEFw8VgKDMB9KwuZ8MKiLYwmegb7iAnEsqQ/https/animalbattlestats.com/images/icons/icon-192.png,https://animalbattlestats.com/images/icons/icon-192.png,0,2026-01-30T15:46:24.688000+00:00,⚔️ Battle Comparison,rich,0,,,false,,,,false,,,,,,,,,2026-01-30T15:46:24.933000+00:00,false,0,Animal Battle Stats,1446203750204047426
1466821859843510409,,,,,,true,,0000,0,,1446203750204047426,,0,Animal Battle Stats,,1446204139909550150,,,2026-01-30T15:46:23.619Z,,16739072,4,false,Matchup,**Hippopotamus** vs **Megalodon**,true,User,Anonymous,true,🌐 Location,"Bayonne, NJ, US",true,🖥️ Device,Chrome on Unknown,,,,,,,,,,,,,,,,,0,0,,,https://images-ext-1.discordapp.net/external/JNVOwhfRcEFw8VgKDMB9KwuZ8MKiLYwmegb7iAnEsqQ/https/animalbattlestats.com/images/icons/icon-192.png,https://animalbattlestats.com/images/icons/icon-192.png,0,2026-01-30T15:46:23.322000+00:00,⚔️ Battle Comparison,rich,0,,,false,,,,false,,,,,,,,,2026-01-30T15:46:23.619000+00:00,false,0,Animal Battle Stats,1446203750204047426
1466821853074030816,,,,,,true,,0000,0,,1446203750204047426,,0,Animal Battle Stats,,1446204139909550150,,,2026-01-30T15:46:22.005Z,,16739072,4,false,Matchup,**Grizzly Bear** vs **Bison**,true,User,Anonymous,true,🌐 Location,"Bayonne, NJ, US",true,🖥️ Device,Chrome on Unknown,,,,,,,,,,,,,,,,,0,0,,,https://images-ext-1.discordapp.net/external/JNVOwhfRcEFw8VgKDMB9KwuZ8MKiLYwmegb7iAnEsqQ/https/animalbattlestats.com/images/icons/icon-192.png,https://animalbattlestats.com/images/icons/icon-192.png,0,2026-01-30T15:46:21.713000+00:00,⚔️ Battle Comparison,rich,0,,,false,,,,false,,,,,,,,,2026-01-30T15:46:22.005000+00:00,false,0,Animal Battle Stats,1446203750204047426
1466821851874594910,,,,,,true,,0000,0,,1446203750204047426,,0,Animal Battle Stats,,1446204139909550150,,,2026-01-30T15:46:21.719Z,,16739072,4,false,Matchup,**Hippopotamus** vs **Megalodon**,true,User,Anonymous,true,🌐 Location,"Bayonne, NJ, US",true,🖥️ Device,Chrome on Unknown,,,,,,,,,,,,,,,,,0,0,,,https://images-ext-1.discordapp.net/external/JNVOwhfRcEFw8VgKDMB9KwuZ8MKiLYwmegb7iAnEsqQ/https/animalbattlestats.com/images/icons/icon-192.png,https://animalbattlestats.com/images/icons/icon-192.png,0,2026-01-30T15:46:21.333000+00:00,⚔️ Battle Comparison,rich,0,,,false,,,,false,,,,,,,,,2026-01-30T15:46:21.719000+00:00,false,0,Animal Battle Stats,1446203750204047426
1466821844949536830,,,,,,true,,0000,0,,1446203750204047426,,0,Animal Battle Stats,,1446204139909550150,,,2026-01-30T15:46:20.068Z,,16739072,4,false,Matchup,**Hippopotamus** vs **Megalodon**,true,User,Anonymous,true,🌐 Location,"Bayonne, NJ, US",true,🖥️ Device,Chrome on Unknown,,,,,,,,,,,,,,,,,0,0,,,https://images-ext-1.discordapp.net/external/JNVOwhfRcEFw8VgKDMB9KwuZ8MKiLYwmegb7iAnEsqQ/https/animalbattlestats.com/images/icons/icon-192.png,https://animalbattlestats.com/images/icons/icon-192.png,0,2026-01-30T15:46:19.746000+00:00,⚔️ Battle Comparison,rich,0,,,false,,,,false,,,,,,,,,2026-01-30T15:46:20.068000+00:00,false,0,Animal Battle Stats,1446203750204047426
1466821834723819571,,,,,,true,,0000,0,,1446203750204047426,,0,Animal Battle Stats,,1446204139909550150,,,2026-01-30T15:46:17.630Z,,16739072,4,false,Matchup,**Hippopotamus** vs **Megalodon**,true,User,Anonymous,true,🌐 Location,"Bayonne, NJ, US",true,🖥️ Device,Chrome on Unknown,,,,,,,,,,,,,,,,,0,0,,,https://images-ext-1.discordapp.net/external/JNVOwhfRcEFw8VgKDMB9KwuZ8MKiLYwmegb7iAnEsqQ/https/animalbattlestats.com/images/icons/icon-192.png,https://animalbattlestats.com/images/icons/icon-192.png,0,2026-01-30T15:46:17.300000+00:00,⚔️ Battle Comparison,rich,0,,,false,,,,false,,,,,,,,,2026-01-30T15:46:17.630000+00:00,false,0,Animal Battle Stats,1446203750204047426
1466821802238935327,,,,,,true,,0000,0,,1446203750204047426,,0,Animal Battle Stats,,1446204139909550150,,,2026-01-30T15:46:09.885Z,,16739072,4,false,Matchup,**Saltwater Crocodile** vs **Hippopotamus**,true,User,Anonymous,true,🌐 Location,"Bayonne, NJ, US",true,🖥️ Device,Chrome on Unknown,,,,,,,,,,,,,,,,,0,0,,,https://images-ext-1.discordapp.net/external/JNVOwhfRcEFw8VgKDMB9KwuZ8MKiLYwmegb7iAnEsqQ/https/animalbattlestats.com/images/icons/icon-192.png,https://animalbattlestats.com/images/icons/icon-192.png,0,2026-01-30T15:46:09.587000+00:00,⚔️ Battle Comparison,rich,0,,,false,,,,false,,,,,,,,,2026-01-30T15:46:09.885000+00:00,false,0,Animal Battle Stats,1446203750204047426
1466821795058421874,,,,,,true,,0000,0,,1446203750204047426,,0,Animal Battle Stats,,1446204139909550150,,,2026-01-30T15:46:08.173Z,,16739072,4,false,Matchup,**Saltwater Crocodile** vs **Hippopotamus**,true,User,Anonymous,true,🌐 Location,"Bayonne, NJ, US",true,🖥️ Device,Chrome on Unknown,,,,,,,,,,,,,,,,,0,0,,,https://images-ext-1.discordapp.net/external/JNVOwhfRcEFw8VgKDMB9KwuZ8MKiLYwmegb7iAnEsqQ/https/animalbattlestats.com/images/icons/icon-192.png,https://animalbattlestats.com/images/icons/icon-192.png,0,2026-01-30T15:46:07.956000+00:00,⚔️ Battle Comparison,rich,0,,,false,,,,false,,,,,,,,,2026-01-30T15:46:08.173000+00:00,false,0,Animal Battle Stats,1446203750204047426
1466821786040795299,,,,,,true,,0000,0,,1446203750204047426,,0,Animal Battle Stats,,1446204139909550150,,,2026-01-30T15:46:06.023Z,,16739072,4,false,Matchup,**Siberian Tiger** vs **Jaguar**,true,User,Anonymous,true,🌐 Location,"Bayonne, NJ, US",true,🖥️ Device,Chrome on Unknown,,,,,,,,,,,,,,,,,0,0,,,https://images-ext-1.discordapp.net/external/JNVOwhfRcEFw8VgKDMB9KwuZ8MKiLYwmegb7iAnEsqQ/https/animalbattlestats.com/images/icons/icon-192.png,https://animalbattlestats.com/images/icons/icon-192.png,0,2026-01-30T15:46:05.735000+00:00,⚔️ Battle Comparison,rich,0,,,false,,,,false,,,,,,,,,2026-01-30T15:46:06.023000+00:00,false,0,Animal Battle Stats,1446203750204047426
1466821780319506512,,,,,,true,,0000,0,,1446203750204047426,,0,Animal Battle Stats,,1446204139909550150,,,2026-01-30T15:46:04.659Z,,16739072,4,false,Matchup,**Saltwater Crocodile** vs **Hippopotamus**,true,User,Anonymous,true,🌐 Location,"Bayonne, NJ, US",true,🖥️ Device,Chrome on Unknown,,,,,,,,,,,,,,,,,0,0,,,https://images-ext-1.discordapp.net/external/JNVOwhfRcEFw8VgKDMB9KwuZ8MKiLYwmegb7iAnEsqQ/https/animalbattlestats.com/images/icons/icon-192.png,https://animalbattlestats.com/images/icons/icon-192.png,0,2026-01-30T15:46:04.146000+00:00,⚔️ Battle Comparison,rich,0,,,false,,,,false,,,,,,,,,2026-01-30T15:46:04.659000+00:00,false,0,Animal Battle Stats,1446203750204047426
1466821694579806281,,,,,,true,,0000,0,,1446203750204047426,,0,Animal Battle Stats,,1446204139909550150,,,2026-01-30T15:45:44.217Z,,16739072,4,false,Matchup,**Black Rhinoceros** vs **Hippopotamus**,true,User,Anonymous,true,🌐 Location,"Bayonne, NJ, US",true,🖥️ Device,Chrome on Unknown,,,,,,,,,,,,,,,,,0,0,,,https://images-ext-1.discordapp.net/external/JNVOwhfRcEFw8VgKDMB9KwuZ8MKiLYwmegb7iAnEsqQ/https/animalbattlestats.com/images/icons/icon-192.png,https://animalbattlestats.com/images/icons/icon-192.png,0,2026-01-30T15:45:43.989000+00:00,⚔️ Battle Comparison,rich,0,,,false,,,,false,,,,,,,,,2026-01-30T15:45:44.217000+00:00,false,0,Animal Battle Stats,1446203750204047426
1466821693577363496,,,,,,true,,0000,0,,1446203750204047426,,0,Animal Battle Stats,,1446204139909550150,,,2026-01-30T15:45:43.978Z,,16739072,4,false,Matchup,**Black Rhinoceros** vs **Hippopotamus**,true,User,Anonymous,true,🌐 Location,"Bayonne, NJ, US",true,🖥️ Device,Chrome on Unknown,,,,,,,,,,,,,,,,,0,0,,,https://images-ext-1.discordapp.net/external/JNVOwhfRcEFw8VgKDMB9KwuZ8MKiLYwmegb7iAnEsqQ/https/animalbattlestats.com/images/icons/icon-192.png,https://animalbattlestats.com/images/icons/icon-192.png,0,2026-01-30T15:45:43.717000+00:00,⚔️ Battle Comparison,rich,0,,,false,,,,false,,,,,,,,,2026-01-30T15:45:43.978000+00:00,false,0,Animal Battle Stats,1446203750204047426
1466821685910175937,,,,,,true,,0000,0,,1446203750204047426,,0,Animal Battle Stats,,1446204139909550150,,,2026-01-30T15:45:42.150Z,,4491519,4,true,Visitor,Anonymous,true,🔗 Page,/,true,🌐 Location,"Bayonne, NJ, US",true,🖥️ Device,Chrome on Unknown,true,📐 Screen,1517x852,true,🌐 Language,en-US,,,,,,,,,,,0,0,,,https://images-ext-1.discordapp.net/external/JNVOwhfRcEFw8VgKDMB9KwuZ8MKiLYwmegb7iAnEsqQ/https/animalbattlestats.com/images/icons/icon-192.png,https://animalbattlestats.com/images/icons/icon-192.png,0,2026-01-30T15:45:41.969000+00:00,👀 Site Visit,rich,0,,,false,,,,false,,,,,,,,,2026-01-30T15:45:42.150000+00:00,false,0,Animal Battle Stats,1446203750204047426
1466821634252869834,,,,,,true,,0000,0,,1446203750204047426,,0,Animal Battle Stats,,1446204139909550150,,,2026-01-30T15:45:29.834Z,,4491519,4,true,Visitor,Anonymous,true,🔗 Page,/,true,🌐 Location,"Bayonne, NJ, US",true,🖥️ Device,Chrome on Unknown,true,📐 Screen,1366x768,true,🌐 Language,en-US,,,,,,,,,,,0,0,,,https://images-ext-1.discordapp.net/external/JNVOwhfRcEFw8VgKDMB9KwuZ8MKiLYwmegb7iAnEsqQ/https/animalbattlestats.com/images/icons/icon-192.png,https://animalbattlestats.com/images/icons/icon-192.png,0,2026-01-30T15:45:29.530000+00:00,👀 Site Visit,rich,0,,,false,,,,false,,,,,,,,,2026-01-30T15:45:29.834000+00:00,false,0,Animal Battle Stats,1446203750204047426
1466821630360551535,,,,,,true,,0000,0,,1446203750204047426,,0,Animal Battle Stats,,1446204139909550150,,,2026-01-30T15:45:28.906Z,,4491519,4,true,Visitor,Anonymous,true,🔗 Page,/,true,🌐 Location,"Bayonne, NJ, US",true,🖥️ Device,Chrome on Unknown,true,📐 Screen,1366x768,true,🌐 Language,en-US,,,,,,,,,,,0,0,,,https://images-ext-1.discordapp.net/external/JNVOwhfRcEFw8VgKDMB9KwuZ8MKiLYwmegb7iAnEsqQ/https/animalbattlestats.com/images/icons/icon-192.png,https://animalbattlestats.com/images/icons/icon-192.png,0,2026-01-30T15:45:28.639000+00:00,👀 Site Visit,rich,0,,,false,,,,false,,,,,,,,,2026-01-30T15:45:28.906000+00:00,false,0,Animal Battle Stats,1446203750204047426
1466821626984267816,,,,,,true,,0000,0,,1446203750204047426,,0,Animal Battle Stats,,1446204139909550150,,,2026-01-30T15:45:28.101Z,,4491519,4,true,Visitor,Anonymous,true,🔗 Page,/,true,🌐 Location,"Bayonne, NJ, US",true,🖥️ Device,Chrome on Unknown,true,📐 Screen,1366x768,true,🌐 Language,en-US,,,,,,,,,,,0,0,,,https://images-ext-1.discordapp.net/external/JNVOwhfRcEFw8VgKDMB9KwuZ8MKiLYwmegb7iAnEsqQ/https/animalbattlestats.com/images/icons/icon-192.png,https://animalbattlestats.com/images/icons/icon-192.png,0,2026-01-30T15:45:27.853000+00:00,👀 Site Visit,rich,0,,,false,,,,false,,,,,,,,,2026-01-30T15:45:28.101000+00:00,false,0,Animal Battle Stats,1446203750204047426
1466821626162319450,,,,,,true,,0000,0,,1446203750204047426,,0,Animal Battle Stats,,1446204139909550150,,,2026-01-30T15:45:27.905Z,,4491519,4,true,Visitor,Anonymous,true,🔗 Page,/,true,🌐 Location,"Bayonne, NJ, US",true,🖥️ Device,Chrome on Unknown,true,📐 Screen,1366x768,true,🌐 Language,en-US,,,,,,,,,,,0,0,,,https://images-ext-1.discordapp.net/external/JNVOwhfRcEFw8VgKDMB9KwuZ8MKiLYwmegb7iAnEsqQ/https/animalbattlestats.com/images/icons/icon-192.png,https://animalbattlestats.com/images/icons/icon-192.png,0,2026-01-30T15:45:27.595000+00:00,👀 Site Visit,rich,0,,,false,,,,false,,,,,,,,,2026-01-30T15:45:27.905000+00:00,false,0,Animal Battle Stats,1446203750204047426
1466821577634222190,,,,,,true,,0000,0,,1446203750204047426,,0,Animal Battle Stats,,1446204139909550150,,,2026-01-30T15:45:16.335Z,,16739072,4,false,Matchup,**Polar Bear** vs **Siberian Tiger**,true,User,Anonymous,true,🌐 Location,"Bayonne, NJ, US",true,🖥️ Device,Chrome on Unknown,,,,,,,,,,,,,,,,,0,0,,,https://images-ext-1.discordapp.net/external/JNVOwhfRcEFw8VgKDMB9KwuZ8MKiLYwmegb7iAnEsqQ/https/animalbattlestats.com/images/icons/icon-192.png,https://animalbattlestats.com/images/icons/icon-192.png,0,2026-01-30T15:45:16.047000+00:00,⚔️ Battle Comparison,rich,0,,,false,,,,false,,,,,,,,,2026-01-30T15:45:16.335000+00:00,false,0,Animal Battle Stats,1446203750204047426
1466821573867737323,,,,,,true,,0000,0,,1446203750204047426,,0,Animal Battle Stats,,1446204139909550150,,,2026-01-30T15:45:15.437Z,,4491519,4,true,Visitor,Anonymous,true,🔗 Page,/,true,🌐 Location,"Bayonne, NJ, US",true,🖥️ Device,Chrome on Unknown,true,📐 Screen,1366x768,true,🌐 Language,en-US,,,,,,,,,,,0,0,,,https://images-ext-1.discordapp.net/external/JNVOwhfRcEFw8VgKDMB9KwuZ8MKiLYwmegb7iAnEsqQ/https/animalbattlestats.com/images/icons/icon-192.png,https://animalbattlestats.com/images/icons/icon-192.png,0,2026-01-30T15:45:15.034000+00:00,👀 Site Visit,rich,0,,,false,,,,false,,,,,,,,,2026-01-30T15:45:15.437000+00:00,false,0,Animal Battle Stats,1446203750204047426
1466821539487023258,,,,,,true,,0000,0,,1446203750204047426,,0,Animal Battle Stats,,1446204139909550150,,,2026-01-30T15:45:07.240Z,,4491519,4,true,Visitor,Anonymous,true,🔗 Page,/,true,🌐 Location,"Bayonne, NJ, US",true,🖥️ Device,Chrome on Unknown,true,📐 Screen,1300x730,true,🌐 Language,en-US,,,,,,,,,,,0,0,,,https://images-ext-1.discordapp.net/external/JNVOwhfRcEFw8VgKDMB9KwuZ8MKiLYwmegb7iAnEsqQ/https/animalbattlestats.com/images/icons/icon-192.png,https://animalbattlestats.com/images/icons/icon-192.png,0,2026-01-30T15:45:06.957000+00:00,👀 Site Visit,rich,0,,,false,,,,false,,,,,,,,,2026-01-30T15:45:07.240000+00:00,false,0,Animal Battle Stats,1446203750204047426
1466821506829914142,,,,,,true,,0000,0,,1446203750204047426,,0,Animal Battle Stats,,1446204139909550150,,,2026-01-30T15:44:59.454Z,,16739072,4,false,Matchup,**Black Bear** vs **Siberian Tiger**,true,User,Anonymous,true,🌐 Location,"Bayonne, NJ, US",true,🖥️ Device,Chrome on Unknown,,,,,,,,,,,,,,,,,0,0,,,https://images-ext-1.discordapp.net/external/JNVOwhfRcEFw8VgKDMB9KwuZ8MKiLYwmegb7iAnEsqQ/https/animalbattlestats.com/images/icons/icon-192.png,https://animalbattlestats.com/images/icons/icon-192.png,0,2026-01-30T15:44:59.171000+00:00,⚔️ Battle Comparison,rich,0,,,false,,,,false,,,,,,,,,2026-01-30T15:44:59.454000+00:00,false,0,Animal Battle Stats,1446203750204047426
1466821495396372602,,,,,,true,,0000,0,,1446203750204047426,,0,Animal Battle Stats,,1446204139909550150,,,2026-01-30T15:44:56.728Z,,6710886,4,true,User,Anonymous,true,🔗 Page,/tournament,true,🌐 Location,"Bayonne, NJ, US",true,🕐 Session Duration,1m 17s,,,,,,,,,,,,,,,,,0,0,,,https://images-ext-1.discordapp.net/external/JNVOwhfRcEFw8VgKDMB9KwuZ8MKiLYwmegb7iAnEsqQ/https/animalbattlestats.com/images/icons/icon-192.png,https://animalbattlestats.com/images/icons/icon-192.png,0,2026-01-30T15:44:56.435000+00:00,👋 User Left Site,rich,0,,,false,,,,false,,,,,,,,,2026-01-30T15:44:56.728000+00:00,false,0,Animal Battle Stats,1446203750204047426
1466821478220828816,,,,,,true,,0000,0,,1446203750204047426,,0,Animal Battle Stats,,1446204139909550150,,,2026-01-30T15:44:52.633Z,,6710886,4,true,User,Anonymous,true,🔗 Page,/,true,🌐 Location,"Bayonne, NJ, US",true,🕐 Session Duration,2m 6s,,,,,,,,,,,,,,,,,0,0,,,https://images-ext-1.discordapp.net/external/JNVOwhfRcEFw8VgKDMB9KwuZ8MKiLYwmegb7iAnEsqQ/https/animalbattlestats.com/images/icons/icon-192.png,https://animalbattlestats.com/images/icons/icon-192.png,0,2026-01-30T15:44:52.199000+00:00,👋 User Left Site,rich,0,,,false,,,,false,,,,,,,,,2026-01-30T15:44:52.633000+00:00,false,0,Animal Battle Stats,1446203750204047426
1466821462295056557,,,,,,true,,0000,0,,1446203750204047426,,0,Animal Battle Stats,,1446204139909550150,,,2026-01-30T15:44:48.836Z,,4491519,4,true,Visitor,Anonymous,true,🔗 Page,/,true,🌐 Location,"Bayonne, NJ, US",true,🖥️ Device,Chrome on Unknown,true,📐 Screen,1366x768,true,🌐 Language,en-US,,,,,,,,,,,0,0,,,https://images-ext-1.discordapp.net/external/JNVOwhfRcEFw8VgKDMB9KwuZ8MKiLYwmegb7iAnEsqQ/https/animalbattlestats.com/images/icons/icon-192.png,https://animalbattlestats.com/images/icons/icon-192.png,0,2026-01-30T15:44:48.510000+00:00,👀 Site Visit,rich,0,,,false,,,,false,,,,,,,,,2026-01-30T15:44:48.836000+00:00,false,0,Animal Battle Stats,1446203750204047426
1466821384574468138,,,,,,true,,0000,0,,1446203750204047426,,0,Animal Battle Stats,,1446204139909550150,,,2026-01-30T15:44:30.306Z,,16739072,4,false,Matchup,**African Lion** vs **Siberian Tiger**,true,User,Anonymous,true,🌐 Location,"Bayonne, NJ, US",true,🖥️ Device,Chrome on Unknown,,,,,,,,,,,,,,,,,0,0,,,https://images-ext-1.discordapp.net/external/JNVOwhfRcEFw8VgKDMB9KwuZ8MKiLYwmegb7iAnEsqQ/https/animalbattlestats.com/images/icons/icon-192.png,https://animalbattlestats.com/images/icons/icon-192.png,0,2026-01-30T15:44:30.031000+00:00,⚔️ Battle Comparison,rich,0,,,false,,,,false,,,,,,,,,2026-01-30T15:44:30.306000+00:00,false,0,Animal Battle Stats,1446203750204047426
1466821353947533458,,,,,,true,,0000,0,,1446203750204047426,,0,Animal Battle Stats,,1446204139909550150,,,2026-01-30T15:44:23.004Z,,16739072,4,false,Matchup,**Megalodon** vs **Saltwater Crocodile**,true,User,Anonymous,true,🌐 Location,"Bayonne, NJ, US",true,🖥️ Device,Chrome on Unknown,,,,,,,,,,,,,,,,,0,0,,,https://images-ext-1.discordapp.net/external/JNVOwhfRcEFw8VgKDMB9KwuZ8MKiLYwmegb7iAnEsqQ/https/animalbattlestats.com/images/icons/icon-192.png,https://animalbattlestats.com/images/icons/icon-192.png,0,2026-01-30T15:44:22.730000+00:00,⚔️ Battle Comparison,rich,0,,,false,,,,false,,,,,,,,,2026-01-30T15:44:23.004000+00:00,false,0,Animal Battle Stats,1446203750204047426
1466821270166569233,,,,,,true,,0000,0,,1446203750204047426,,0,Animal Battle Stats,,1446204139909550150,,,2026-01-30T15:44:03.029Z,,16739072,4,false,Matchup,**Megalodon** vs **Orca**,true,User,Anonymous,true,🌐 Location,"Bayonne, NJ, US",true,🖥️ Device,Chrome on Unknown,,,,,,,,,,,,,,,,,0,0,,,https://images-ext-1.discordapp.net/external/JNVOwhfRcEFw8VgKDMB9KwuZ8MKiLYwmegb7iAnEsqQ/https/animalbattlestats.com/images/icons/icon-192.png,https://animalbattlestats.com/images/icons/icon-192.png,0,2026-01-30T15:44:02.533000+00:00,⚔️ Battle Comparison,rich,0,,,false,,,,false,,,,,,,,,2026-01-30T15:44:03.029000+00:00,false,0,Animal Battle Stats,1446203750204047426
1466821172196016360,,,,,,true,,0000,0,,1446203750204047426,,0,Animal Battle Stats,,1446204139909550150,,,2026-01-30T15:43:39.671Z,,4491519,4,true,Visitor,Anonymous,true,🔗 Page,/,true,🌐 Location,"Bayonne, NJ, US",true,🖥️ Device,Chrome on Unknown,true,📐 Screen,1366x768,true,🌐 Language,en-US,,,,,,,,,,,0,0,,,https://images-ext-1.discordapp.net/external/JNVOwhfRcEFw8VgKDMB9KwuZ8MKiLYwmegb7iAnEsqQ/https/animalbattlestats.com/images/icons/icon-192.png,https://animalbattlestats.com/images/icons/icon-192.png,0,2026-01-30T15:43:39.392000+00:00,👀 Site Visit,rich,0,,,false,,,,false,,,,,,,,,2026-01-30T15:43:39.671000+00:00,false,0,Animal Battle Stats,1446203750204047426
1466821132450795799,,,,,,true,,0000,0,,1446203750204047426,,0,Animal Battle Stats,,1446204139909550150,,,2026-01-30T15:43:30.195Z,,16739072,4,false,Matchup,**Deathstalker Scorpion** vs **Emperor Scorpion**,true,User,Anonymous,true,🌐 Location,"Bayonne, NJ, US",true,🖥️ Device,Chrome on Unknown,,,,,,,,,,,,,,,,,0,0,,,https://images-ext-1.discordapp.net/external/JNVOwhfRcEFw8VgKDMB9KwuZ8MKiLYwmegb7iAnEsqQ/https/animalbattlestats.com/images/icons/icon-192.png,https://animalbattlestats.com/images/icons/icon-192.png,0,2026-01-30T15:43:29.864000+00:00,⚔️ Battle Comparison,rich,0,,,false,,,,false,,,,,,,,,2026-01-30T15:43:30.195000+00:00,false,0,Animal Battle Stats,1446203750204047426
1466821039379189982,,,,,,true,,0000,0,,1446203750204047426,,0,Animal Battle Stats,,1446204139909550150,,,2026-01-30T15:43:08.005Z,,16739072,4,false,Matchup,**Megalodon** vs **Polar Bear**,true,User,Anonymous,true,🌐 Location,"Bayonne, NJ, US",true,🖥️ Device,Chrome on Unknown,,,,,,,,,,,,,,,,,0,0,,,https://images-ext-1.discordapp.net/external/JNVOwhfRcEFw8VgKDMB9KwuZ8MKiLYwmegb7iAnEsqQ/https/animalbattlestats.com/images/icons/icon-192.png,https://animalbattlestats.com/images/icons/icon-192.png,0,2026-01-30T15:43:07.741000+00:00,⚔️ Battle Comparison,rich,0,,,false,,,,false,,,,,,,,,2026-01-30T15:43:08.005000+00:00,false,0,Animal Battle Stats,1446203750204047426
1466821034496753745,,,,,,true,,0000,0,,1446203750204047426,,0,Animal Battle Stats,,1446204139909550150,,,2026-01-30T15:43:06.841Z,,16739072,4,false,Matchup,**Megalodon** vs **Polar Bear**,true,User,Anonymous,true,🌐 Location,"Bayonne, NJ, US",true,🖥️ Device,Chrome on Unknown,,,,,,,,,,,,,,,,,0,0,,,https://images-ext-1.discordapp.net/external/JNVOwhfRcEFw8VgKDMB9KwuZ8MKiLYwmegb7iAnEsqQ/https/animalbattlestats.com/images/icons/icon-192.png,https://animalbattlestats.com/images/icons/icon-192.png,0,2026-01-30T15:43:06.570000+00:00,⚔️ Battle Comparison,rich,0,,,false,,,,false,,,,,,,,,2026-01-30T15:43:06.841000+00:00,false,0,Animal Battle Stats,1446203750204047426
1466821029622972507,,,,,,true,,0000,0,,1446203750204047426,,0,Animal Battle Stats,,1446204139909550150,,,2026-01-30T15:43:05.679Z,,16739072,4,false,Matchup,**Megalodon** vs **Polar Bear**,true,User,Anonymous,true,🌐 Location,"Bayonne, NJ, US",true,🖥️ Device,Chrome on Unknown,,,,,,,,,,,,,,,,,0,0,,,https://images-ext-1.discordapp.net/external/JNVOwhfRcEFw8VgKDMB9KwuZ8MKiLYwmegb7iAnEsqQ/https/animalbattlestats.com/images/icons/icon-192.png,https://animalbattlestats.com/images/icons/icon-192.png,0,2026-01-30T15:43:05.389000+00:00,⚔️ Battle Comparison,rich,0,,,false,,,,false,,,,,,,,,2026-01-30T15:43:05.679000+00:00,false,0,Animal Battle Stats,1446203750204047426
1466821021872161001,,,,,,true,,0000,0,,1446203750204047426,,0,Animal Battle Stats,,1446204139909550150,,,2026-01-30T15:43:03.831Z,,16739072,4,false,Matchup,**Megalodon** vs **Polar Bear**,true,User,Anonymous,true,🌐 Location,"Bayonne, NJ, US",true,🖥️ Device,Chrome on Unknown,,,,,,,,,,,,,,,,,0,0,,,https://images-ext-1.discordapp.net/external/JNVOwhfRcEFw8VgKDMB9KwuZ8MKiLYwmegb7iAnEsqQ/https/animalbattlestats.com/images/icons/icon-192.png,https://animalbattlestats.com/images/icons/icon-192.png,0,2026-01-30T15:43:03.540000+00:00,⚔️ Battle Comparison,rich,0,,,false,,,,false,,,,,,,,,2026-01-30T15:43:03.831000+00:00,false,0,Animal Battle Stats,1446203750204047426
1466820946647318570,,,,,,true,,0000,0,,1446203750204047426,,0,Animal Battle Stats,,1446204139909550150,,,2026-01-30T15:42:45.896Z,,4491519,4,true,Visitor,Anonymous,true,🔗 Page,/,true,🌐 Location,"Bayonne, NJ, US",true,🖥️ Device,Chrome on Unknown,true,📐 Screen,1300x730,true,🌐 Language,en-US,,,,,,,,,,,0,0,,,https://images-ext-1.discordapp.net/external/JNVOwhfRcEFw8VgKDMB9KwuZ8MKiLYwmegb7iAnEsqQ/https/animalbattlestats.com/images/icons/icon-192.png,https://animalbattlestats.com/images/icons/icon-192.png,0,2026-01-30T15:42:45.688000+00:00,👀 Site Visit,rich,0,,,false,,,,false,,,,,,,,,2026-01-30T15:42:45.896000+00:00,false,0,Animal Battle Stats,1446203750204047426
1466820906792779891,,,,,,true,,0000,0,,1446203750204047426,,0,Animal Battle Stats,,1446204139909550150,,,2026-01-30T15:42:36.394Z,,4491519,4,true,Visitor,Anonymous,true,🔗 Page,/,true,🌐 Location,"Bayonne, NJ, US",true,🖥️ Device,Chrome on Unknown,true,📐 Screen,1366x768,true,🌐 Language,en-US,,,,,,,,,,,0,0,,,https://images-ext-1.discordapp.net/external/JNVOwhfRcEFw8VgKDMB9KwuZ8MKiLYwmegb7iAnEsqQ/https/animalbattlestats.com/images/icons/icon-192.png,https://animalbattlestats.com/images/icons/icon-192.png,0,2026-01-30T15:42:36.059000+00:00,👀 Site Visit,rich,0,,,false,,,,false,,,,,,,,,2026-01-30T15:42:36.394000+00:00,false,0,Animal Battle Stats,1446203750204047426
1466820796348366971,,,,,,true,,0000,0,,1446203750204047426,,0,Animal Battle Stats,,1446204139909550150,,,2026-01-30T15:42:10.062Z,,16739072,4,false,Matchup,**Goliath Birdeater** vs **Koala**,true,User,Anonymous,true,🌐 Location,"Bayonne, NJ, US",true,🖥️ Device,Chrome on Unknown,,,,,,,,,,,,,,,,,0,0,,,https://images-ext-1.discordapp.net/external/JNVOwhfRcEFw8VgKDMB9KwuZ8MKiLYwmegb7iAnEsqQ/https/animalbattlestats.com/images/icons/icon-192.png,https://animalbattlestats.com/images/icons/icon-192.png,0,2026-01-30T15:42:09.776000+00:00,⚔️ Battle Comparison,rich,0,,,false,,,,false,,,,,,,,,2026-01-30T15:42:10.062000+00:00,false,0,Animal Battle Stats,1446203750204047426
1466820519642005624,,,,,,true,,0000,0,,1446203750204047426,,0,Animal Battle Stats,,1446204139909550150,,,2026-01-30T15:41:04.090Z,,16739072,4,false,Matchup,**Cape Buffalo** vs **Tiger Shark**,true,User,Anonymous,true,🌐 Location,"Bayonne, NJ, US",true,🖥️ Device,Chrome on Unknown,,,,,,,,,,,,,,,,,0,0,,,https://images-ext-1.discordapp.net/external/JNVOwhfRcEFw8VgKDMB9KwuZ8MKiLYwmegb7iAnEsqQ/https/animalbattlestats.com/images/icons/icon-192.png,https://animalbattlestats.com/images/icons/icon-192.png,0,2026-01-30T15:41:03.281000+00:00,⚔️ Battle Comparison,rich,0,,,false,,,,false,,,,,,,,,2026-01-30T15:41:04.090000+00:00,false,0,Animal Battle Stats,1446203750204047426
1466820475702481175,,,,,,true,,0000,0,,1446203750204047426,,0,Animal Battle Stats,,1446204139909550150,,,2026-01-30T15:40:53.614Z,,16739072,4,false,Matchup,**Cape Buffalo** vs **Tiger Shark**,true,User,Anonymous,true,🌐 Location,"Bayonne, NJ, US",true,🖥️ Device,Chrome on Unknown,,,,,,,,,,,,,,,,,0,0,,,https://images-ext-1.discordapp.net/external/JNVOwhfRcEFw8VgKDMB9KwuZ8MKiLYwmegb7iAnEsqQ/https/animalbattlestats.com/images/icons/icon-192.png,https://animalbattlestats.com/images/icons/icon-192.png,0,2026-01-30T15:40:53.228000+00:00,⚔️ Battle Comparison,rich,0,,,false,,,,false,,,,,,,,,2026-01-30T15:40:53.614000+00:00,false,0,Animal Battle Stats,1446203750204047426
1466820362154152140,,,,,,true,,0000,0,,1446203750204047426,,0,Animal Battle Stats,,1446204139909550150,,,2026-01-30T15:40:26.542Z,,16739072,4,false,Matchup,**Peregrine Falcon** vs **Great Horned Owl**,true,User,Anonymous,true,🌐 Location,"Bayonne, NJ, US",true,🖥️ Device,Chrome on Unknown,,,,,,,,,,,,,,,,,0,0,,,https://images-ext-1.discordapp.net/external/JNVOwhfRcEFw8VgKDMB9KwuZ8MKiLYwmegb7iAnEsqQ/https/animalbattlestats.com/images/icons/icon-192.png,https://animalbattlestats.com/images/icons/icon-192.png,0,2026-01-30T15:40:25.748000+00:00,⚔️ Battle Comparison,rich,0,,,false,,,,false,,,,,,,,,2026-01-30T15:40:26.542000+00:00,false,0,Animal Battle Stats,1446203750204047426
1466820249373380694,,,,,,true,,0000,0,,1446203750204047426,,0,Animal Battle Stats,,1446204139909550150,,,2026-01-30T15:39:59.653Z,,16739072,4,false,Matchup,**Honey Badger** vs **Giant Squid**,true,User,Anonymous,true,🌐 Location,"Bayonne, NJ, US",true,🖥️ Device,Chrome on Unknown,,,,,,,,,,,,,,,,,0,0,,,https://images-ext-1.discordapp.net/external/JNVOwhfRcEFw8VgKDMB9KwuZ8MKiLYwmegb7iAnEsqQ/https/animalbattlestats.com/images/icons/icon-192.png,https://animalbattlestats.com/images/icons/icon-192.png,0,2026-01-30T15:39:59.294000+00:00,⚔️ Battle Comparison,rich,0,,,false,,,,false,,,,,,,,,2026-01-30T15:39:59.653000+00:00,false,0,Animal Battle Stats,1446203750204047426
1466820172001050826,,,,,,true,,0000,0,,1446203750204047426,,0,Animal Battle Stats,,1446204139909550150,,,2026-01-30T15:39:41.206Z,,16739072,4,false,Matchup,**Peregrine Falcon** vs **Giant Squid**,true,User,Anonymous,true,🌐 Location,"Bayonne, NJ, US",true,🖥️ Device,Chrome on Unknown,,,,,,,,,,,,,,,,,0,0,,,https://images-ext-1.discordapp.net/external/JNVOwhfRcEFw8VgKDMB9KwuZ8MKiLYwmegb7iAnEsqQ/https/animalbattlestats.com/images/icons/icon-192.png,https://animalbattlestats.com/images/icons/icon-192.png,0,2026-01-30T15:39:40.964000+00:00,⚔️ Battle Comparison,rich,0,,,false,,,,false,,,,,,,,,2026-01-30T15:39:41.206000+00:00,false,0,Animal Battle Stats,1446203750204047426
1466820048235659441,,,,,,true,,0000,0,,1446203750204047426,,0,Animal Battle Stats,,1446204139909550150,,,2026-01-30T15:39:11.698Z,,16739072,4,false,Matchup,**African Elephant** vs **Hippopotamus**,true,User,Anonymous,true,🌐 Location,"Bayonne, NJ, US",true,🖥️ Device,Chrome on Unknown,,,,,,,,,,,,,,,,,0,0,,,https://images-ext-1.discordapp.net/external/JNVOwhfRcEFw8VgKDMB9KwuZ8MKiLYwmegb7iAnEsqQ/https/animalbattlestats.com/images/icons/icon-192.png,https://animalbattlestats.com/images/icons/icon-192.png,0,2026-01-30T15:39:11.432000+00:00,⚔️ Battle Comparison,rich,0,,,false,,,,false,,,,,,,,,2026-01-30T15:39:11.698000+00:00,false,0,Animal Battle Stats,1446203750204047426
1466820023644455045,,,,,,true,,0000,0,,1446203750204047426,,0,Animal Battle Stats,,1446204139909550150,,,2026-01-30T15:39:05.835Z,,4491519,4,true,Visitor,Anonymous,true,🔗 Page,/compare,true,🌐 Location,"Bayonne, NJ, US",true,🖥️ Device,Chrome on Unknown,true,📐 Screen,1366x768,true,🌐 Language,en-US,,,,,,,,,,,0,0,,,https://images-ext-1.discordapp.net/external/JNVOwhfRcEFw8VgKDMB9KwuZ8MKiLYwmegb7iAnEsqQ/https/animalbattlestats.com/images/icons/icon-192.png,https://animalbattlestats.com/images/icons/icon-192.png,0,2026-01-30T15:39:05.483000+00:00,👀 Site Visit,rich,0,,,false,,,,false,,,,,,,,,2026-01-30T15:39:05.835000+00:00,false,0,Animal Battle Stats,1446203750204047426
1466819990694002710,,,,,,true,,0000,0,,1446203750204047426,,0,Animal Battle Stats,,1446204139909550150,,,2026-01-30T15:38:57.979Z,,6710886,4,true,User,Anonymous,true,🔗 Page,/compare,true,🌐 Location,"Bayonne, NJ, US",true,🕐 Session Duration,1m 42s,,,,,,,,,,,,,,,,,0,0,,,https://images-ext-1.discordapp.net/external/JNVOwhfRcEFw8VgKDMB9KwuZ8MKiLYwmegb7iAnEsqQ/https/animalbattlestats.com/images/icons/icon-192.png,https://animalbattlestats.com/images/icons/icon-192.png,0,2026-01-30T15:38:57.797000+00:00,👋 User Left Site,rich,0,,,false,,,,false,,,,,,,,,2026-01-30T15:38:57.979000+00:00,false,0,Animal Battle Stats,1446203750204047426
1466819938806403122,,,,,,true,,0000,0,,1446203750204047426,,0,Animal Battle Stats,,1446204139909550150,,,2026-01-30T15:38:45.608Z,,16739072,4,false,Matchup,**Cuttlefish** vs **Giraffe**,true,User,Anonymous,true,🌐 Location,"Bayonne, NJ, US",true,🖥️ Device,Chrome on Unknown,,,,,,,,,,,,,,,,,0,0,,,https://images-ext-1.discordapp.net/external/JNVOwhfRcEFw8VgKDMB9KwuZ8MKiLYwmegb7iAnEsqQ/https/animalbattlestats.com/images/icons/icon-192.png,https://animalbattlestats.com/images/icons/icon-192.png,0,2026-01-30T15:38:43.086000+00:00,⚔️ Battle Comparison,rich,0,,,false,,,,false,,,,,,,,,2026-01-30T15:38:45.608000+00:00,false,0,Animal Battle Stats,1446203750204047426
1466819563545952296,,,,,,true,,0000,0,,1446203750204047426,,0,Animal Battle Stats,,1446204139909550150,,,2026-01-30T15:37:16.139Z,,4491519,4,true,Visitor,Anonymous,true,🔗 Page,/compare,true,🌐 Location,"Bayonne, NJ, US",true,🖥️ Device,Chrome on Unknown,true,📐 Screen,1366x768,true,🌐 Language,en-US,,,,,,,,,,,0,0,,,https://images-ext-1.discordapp.net/external/JNVOwhfRcEFw8VgKDMB9KwuZ8MKiLYwmegb7iAnEsqQ/https/animalbattlestats.com/images/icons/icon-192.png,https://animalbattlestats.com/images/icons/icon-192.png,0,2026-01-30T15:37:15.918000+00:00,👀 Site Visit,rich,0,,,false,,,,false,,,,,,,,,2026-01-30T15:37:16.139000+00:00,false,0,Animal Battle Stats,1446203750204047426
1466819560026935390,,,,,,true,,0000,0,,1446203750204047426,,0,Animal Battle Stats,,1446204139909550150,,,2026-01-30T15:37:15.300Z,,4491519,4,true,Visitor,Anonymous,true,🔗 Page,/compare,true,🌐 Location,"Bayonne, NJ, US",true,🖥️ Device,Chrome on Unknown,true,📐 Screen,1366x768,true,🌐 Language,en-US,,,,,,,,,,,0,0,,,https://images-ext-1.discordapp.net/external/JNVOwhfRcEFw8VgKDMB9KwuZ8MKiLYwmegb7iAnEsqQ/https/animalbattlestats.com/images/icons/icon-192.png,https://animalbattlestats.com/images/icons/icon-192.png,0,2026-01-30T15:35:27.950000+00:00,👀 Site Visit,rich,0,,,false,,,,false,,,,,,,,,2026-01-30T15:37:15.300000+00:00,false,0,Animal Battle Stats,1446203750204047426
1466819559741853717,,,,,,true,,0000,0,,1446203750204047426,,0,Animal Battle Stats,,1446204139909550150,,,2026-01-30T15:37:15.232Z,,6710886,4,true,User,Anonymous,true,🔗 Page,/compare,true,🌐 Location,"Bayonne, NJ, US",true,🕐 Session Duration,1m 37s,,,,,,,,,,,,,,,,,0,0,,,https://images-ext-1.discordapp.net/external/JNVOwhfRcEFw8VgKDMB9KwuZ8MKiLYwmegb7iAnEsqQ/https/animalbattlestats.com/images/icons/icon-192.png,https://animalbattlestats.com/images/icons/icon-192.png,0,2026-01-30T15:37:04.782000+00:00,👋 User Left Site,rich,0,,,false,,,,false,,,,,,,,,2026-01-30T15:37:15.232000+00:00,false,0,Animal Battle Stats,1446203750204047426
1466819491236413501,,,,,,true,,0000,0,,1446203750204047426,,0,Animal Battle Stats,,1446204139909550150,,,2026-01-30T15:36:58.899Z,,16739072,4,false,Matchup,**Musk Ox** vs **Bison**,true,User,Anonymous,true,🌐 Location,"Bayonne, NJ, US",true,🖥️ Device,Chrome on Unknown,,,,,,,,,,,,,,,,,0,0,,,https://images-ext-1.discordapp.net/external/JNVOwhfRcEFw8VgKDMB9KwuZ8MKiLYwmegb7iAnEsqQ/https/animalbattlestats.com/images/icons/icon-192.png,https://animalbattlestats.com/images/icons/icon-192.png,0,2026-01-30T15:36:58.521000+00:00,⚔️ Battle Comparison,rich,0,,,false,,,,false,,,,,,,,,2026-01-30T15:36:58.899000+00:00,false,0,Animal Battle Stats,1446203750204047426
1466819107956457729,,,,,,true,,0000,0,,1446203750204047426,,0,Animal Battle Stats,,1446204139909550150,,,2026-01-30T15:35:27.518Z,,6710886,4,true,User,Anonymous,true,🔗 Page,/compare,true,🌐 Location,"Bayonne, NJ, US",true,🕐 Session Duration,12s,,,,,,,,,,,,,,,,,0,0,,,https://images-ext-1.discordapp.net/external/JNVOwhfRcEFw8VgKDMB9KwuZ8MKiLYwmegb7iAnEsqQ/https/animalbattlestats.com/images/icons/icon-192.png,https://animalbattlestats.com/images/icons/icon-192.png,0,2026-01-30T15:35:07.651000+00:00,👋 User Left Site,rich,0,,,false,,,,false,,,,,,,,,2026-01-30T15:35:27.518000+00:00,false,0,Animal Battle Stats,1446203750204047426
1466564334011416872,,,,,,true,,0000,0,,1446203750204047426,,0,Animal Battle Stats,,1446204139909550150,,,2026-01-29T22:43:04.676Z,,4491519,4,true,Visitor,Anonymous,true,🔗 Page,/rankings,true,🌐 Location,"Toronto, ON, CA",true,📱 Device,Unknown on macOS,true,📐 Screen,440x956,true,🌐 Language,en-US,,,,,,,,,,,0,0,,,https://images-ext-1.discordapp.net/external/JNVOwhfRcEFw8VgKDMB9KwuZ8MKiLYwmegb7iAnEsqQ/https/animalbattlestats.com/images/icons/icon-192.png,https://animalbattlestats.com/images/icons/icon-192.png,0,2026-01-29T22:43:04.393000+00:00,👀 Site Visit,rich,0,,,false,,,,false,,,,,,,,,2026-01-29T22:43:04.676000+00:00,false,0,Animal Battle Stats,1446203750204047426
1466564333533270099,,,,,,true,,0000,0,,1446203750204047426,,0,Animal Battle Stats,,1446204139909550150,,,2026-01-29T22:43:04.562Z,,4491519,4,true,Visitor,Anonymous,true,🔗 Page,/compare,true,🌐 Location,"Toronto, ON, CA",true,📱 Device,Unknown on macOS,true,📐 Screen,440x956,true,🌐 Language,en-US,,,,,,,,,,,0,0,,,https://images-ext-1.discordapp.net/external/JNVOwhfRcEFw8VgKDMB9KwuZ8MKiLYwmegb7iAnEsqQ/https/animalbattlestats.com/images/icons/icon-192.png,https://animalbattlestats.com/images/icons/icon-192.png,0,2026-01-29T22:43:01.300000+00:00,👀 Site Visit,rich,0,,,false,,,,false,,,,,,,,,2026-01-29T22:43:04.562000+00:00,false,0,Animal Battle Stats,1446203750204047426
1466500038246273211,,,,,,true,,0000,0,,1446203750204047426,,0,Animal Battle Stats,,1446204139909550150,,,2026-01-29T18:27:35.371Z,,4491519,4,true,Visitor,Anonymous,true,🔗 Page,/compare,true,🌐 Location,"Chennai, TN, IN",true,📱 Device,Chrome on Linux,true,📐 Screen,360x780,true,🌐 Language,en-GB,,,,,,,,,,,0,0,,,https://images-ext-1.discordapp.net/external/JNVOwhfRcEFw8VgKDMB9KwuZ8MKiLYwmegb7iAnEsqQ/https/animalbattlestats.com/images/icons/icon-192.png,https://animalbattlestats.com/images/icons/icon-192.png,0,2026-01-29T18:27:34.989000+00:00,👀 Site Visit,rich,0,,,false,,,,false,,,,,,,,,2026-01-29T18:27:35.371000+00:00,false,0,Animal Battle Stats,1446203750204047426
1466500035737813236,,,,,,true,,0000,0,,1446203750204047426,,0,Animal Battle Stats,,1446204139909550150,,,2026-01-29T18:27:34.773Z,,4491519,4,true,Visitor,Anonymous,true,🔗 Page,/compare,true,🌐 Location,"Chennai, TN, IN",true,📱 Device,Chrome on Linux,true,📐 Screen,360x780,true,🌐 Language,en-GB,,,,,,,,,,,0,0,,,https://images-ext-1.discordapp.net/external/JNVOwhfRcEFw8VgKDMB9KwuZ8MKiLYwmegb7iAnEsqQ/https/animalbattlestats.com/images/icons/icon-192.png,https://animalbattlestats.com/images/icons/icon-192.png,0,2026-01-29T18:27:28.269000+00:00,👀 Site Visit,rich,0,,,false,,,,false,,,,,,,,,2026-01-29T18:27:34.773000+00:00,false,0,Animal Battle Stats,1446203750204047426
1466486973043834913,,,,,,true,,0000,0,,1446203750204047426,,0,Animal Battle Stats,,1446204139909550150,,,2026-01-29T17:35:40.384Z,,4491519,4,true,Visitor,RamiNoodle733,true,🔗 Page,/rankings,true,🌐 Location,"Houston, TX, US",true,📱 Device,Safari on macOS,true,📐 Screen,402x874,true,🌐 Language,en-US,,,,,,,,,,,0,0,,,https://images-ext-1.discordapp.net/external/JNVOwhfRcEFw8VgKDMB9KwuZ8MKiLYwmegb7iAnEsqQ/https/animalbattlestats.com/images/icons/icon-192.png,https://animalbattlestats.com/images/icons/icon-192.png,0,2026-01-29T17:35:18.838000+00:00,👀 Site Visit,rich,0,,,false,,,,false,,,,,,,,,2026-01-29T17:35:40.384000+00:00,false,0,Animal Battle Stats,1446203750204047426
1466486906177978408,,,,,,true,,0000,0,,1446203750204047426,,0,Animal Battle Stats,,1446204139909550150,,,2026-01-29T17:35:24.442Z,,4491519,4,true,Visitor,RamiNoodle733,true,🔗 Page,/,true,🌐 Location,"Houston, TX, US",true,📱 Device,Safari on macOS,true,📐 Screen,402x874,true,🌐 Language,en-US,,,,,,,,,,,0,0,,,https://images-ext-1.discordapp.net/external/JNVOwhfRcEFw8VgKDMB9KwuZ8MKiLYwmegb7iAnEsqQ/https/animalbattlestats.com/images/icons/icon-192.png,https://animalbattlestats.com/images/icons/icon-192.png,0,2026-01-29T17:35:04.831000+00:00,👀 Site Visit,rich,0,,,false,,,,false,,,,,,,,,2026-01-29T17:35:24.442000+00:00,false,0,Animal Battle Stats,1446203750204047426
1466359232600346685,,,,,,true,,0000,0,,1446203750204047426,,0,Animal Battle Stats,,1446204139909550150,,,2026-01-29T09:08:04.689Z,,4491519,4,true,Visitor,Anonymous,true,🔗 Page,/community,true,🌐 Location,"Dubai, DU, AE",true,📱 Device,Safari on macOS,true,📐 Screen,414x896,true,🌐 Language,en-US,,,,,,,,,,,0,0,,,https://images-ext-1.discordapp.net/external/JNVOwhfRcEFw8VgKDMB9KwuZ8MKiLYwmegb7iAnEsqQ/https/animalbattlestats.com/images/icons/icon-192.png,https://animalbattlestats.com/images/icons/icon-192.png,0,2026-01-29T09:08:04.242000+00:00,👀 Site Visit,rich,0,,,false,,,,false,,,,,,,,,2026-01-29T09:08:04.689000+00:00,false,0,Animal Battle Stats,1446203750204047426
1466359217211445338,,,,,,true,,0000,0,,1446203750204047426,,0,Animal Battle Stats,,1446204139909550150,,,2026-01-29T09:08:01.020Z,,4491519,4,true,Visitor,Anonymous,true,🔗 Page,/compare,true,🌐 Location,"Dubai, DU, AE",true,📱 Device,Safari on macOS,true,📐 Screen,414x896,true,🌐 Language,en-US,,,,,,,,,,,0,0,,,https://images-ext-1.discordapp.net/external/JNVOwhfRcEFw8VgKDMB9KwuZ8MKiLYwmegb7iAnEsqQ/https/animalbattlestats.com/images/icons/icon-192.png,https://animalbattlestats.com/images/icons/icon-192.png,0,2026-01-29T09:08:00.754000+00:00,👀 Site Visit,rich,0,,,false,,,,false,,,,,,,,,2026-01-29T09:08:01.020000+00:00,false,0,Animal Battle Stats,1446203750204047426
1466359156003836028,,,,,,true,,0000,0,,1446203750204047426,,0,Animal Battle Stats,,1446204139909550150,,,2026-01-29T09:07:46.427Z,,4491519,4,true,Visitor,Anonymous,true,🔗 Page,/,true,🌐 Location,"Dubai, DU, AE",true,📱 Device,Safari on macOS,true,📐 Screen,414x896,true,🌐 Language,en-US,,,,,,,,,,,0,0,,,https://images-ext-1.discordapp.net/external/JNVOwhfRcEFw8VgKDMB9KwuZ8MKiLYwmegb7iAnEsqQ/https/animalbattlestats.com/images/icons/icon-192.png,https://animalbattlestats.com/images/icons/icon-192.png,0,2026-01-29T09:07:46.074000+00:00,👀 Site Visit,rich,0,,,false,,,,false,,,,,,,,,2026-01-29T09:07:46.427000+00:00,false,0,Animal Battle Stats,1446203750204047426
1466359154305273867,,,,,,true,,0000,0,,1446203750204047426,,0,Animal Battle Stats,,1446204139909550150,,,2026-01-29T09:07:46.022Z,,4491519,4,true,Visitor,Anonymous,true,🔗 Page,/,true,🌐 Location,"Birmingham, ENG, GB",true,📱 Device,Safari on macOS,true,📐 Screen,430x932,true,🌐 Language,en-GB,,,,,,,,,,,0,0,,,https://images-ext-1.discordapp.net/external/JNVOwhfRcEFw8VgKDMB9KwuZ8MKiLYwmegb7iAnEsqQ/https/animalbattlestats.com/images/icons/icon-192.png,https://animalbattlestats.com/images/icons/icon-192.png,0,2026-01-29T09:06:29.261000+00:00,👀 Site Visit,rich,0,,,false,,,,false,,,,,,,,,2026-01-29T09:07:46.022000+00:00,false,0,Animal Battle Stats,1446203750204047426
1466334257835409469,,,,,,true,,0000,0,,1446203750204047426,,0,Animal Battle Stats,,1446204139909550150,,,2026-01-29T07:28:50.241Z,,4491519,4,true,Visitor,Anonymous,true,🔗 Page,/,true,🌐 Location,"Pune, MH, IN",true,📱 Device,Chrome on Linux,true,📐 Screen,412x915,true,🌐 Language,en-US,,,,,,,,,,,0,0,,,https://images-ext-1.discordapp.net/external/JNVOwhfRcEFw8VgKDMB9KwuZ8MKiLYwmegb7iAnEsqQ/https/animalbattlestats.com/images/icons/icon-192.png,https://animalbattlestats.com/images/icons/icon-192.png,0,2026-01-29T07:28:49.852000+00:00,👀 Site Visit,rich,0,,,false,,,,false,,,,,,,,,2026-01-29T07:28:50.241000+00:00,false,0,Animal Battle Stats,1446203750204047426
1466332956053475404,,,,,,true,,0000,0,,1446203750204047426,,0,Animal Battle Stats,,1446204139909550150,,,2026-01-29T07:23:39.872Z,,4491519,4,true,Visitor,Anonymous,true,🔗 Page,/,true,🌐 Location,"Pretoria, GP, ZA",true,📱 Device,Chrome on Linux,true,📐 Screen,384x832,true,🌐 Language,en-GB,,,,,,,,,,,0,0,,,https://images-ext-1.discordapp.net/external/JNVOwhfRcEFw8VgKDMB9KwuZ8MKiLYwmegb7iAnEsqQ/https/animalbattlestats.com/images/icons/icon-192.png,https://animalbattlestats.com/images/icons/icon-192.png,0,2026-01-29T07:23:39.547000+00:00,👀 Site Visit,rich,0,,,false,,,,false,,,,,,,,,2026-01-29T07:23:39.872000+00:00,false,0,Animal Battle Stats,1446203750204047426
1466332253939306506,,,,,,true,,0000,0,,1446203750204047426,,0,Animal Battle Stats,,1446204139909550150,,,2026-01-29T07:20:52.475Z,,16739072,4,false,Matchup,**Megalodon** vs **Hippopotamus**,true,User,Anonymous,true,🌐 Location,"Chennai, TN, IN",true,📱 Device,Chrome on Linux,,,,,,,,,,,,,,,,,0,0,,,https://images-ext-1.discordapp.net/external/JNVOwhfRcEFw8VgKDMB9KwuZ8MKiLYwmegb7iAnEsqQ/https/animalbattlestats.com/images/icons/icon-192.png,https://animalbattlestats.com/images/icons/icon-192.png,0,2026-01-29T07:20:52.181000+00:00,⚔️ Battle Comparison,rich,0,,,false,,,,false,,,,,,,,,2026-01-29T07:20:52.475000+00:00,false,0,Animal Battle Stats,1446203750204047426
1466332191633178764,,,,,,true,,0000,0,,1446203750204047426,,0,Animal Battle Stats,,1446204139909550150,,,2026-01-29T07:20:37.620Z,,4491519,4,true,Visitor,Anonymous,true,🔗 Page,/compare,true,🌐 Location,"Chennai, TN, IN",true,📱 Device,Chrome on Linux,true,📐 Screen,360x780,true,🌐 Language,en-GB,,,,,,,,,,,0,0,,,https://images-ext-1.discordapp.net/external/JNVOwhfRcEFw8VgKDMB9KwuZ8MKiLYwmegb7iAnEsqQ/https/animalbattlestats.com/images/icons/icon-192.png,https://animalbattlestats.com/images/icons/icon-192.png,0,2026-01-29T07:20:37.341000+00:00,👀 Site Visit,rich,0,,,false,,,,false,,,,,,,,,2026-01-29T07:20:37.620000+00:00,false,0,Animal Battle Stats,1446203750204047426
1466332186138378306,,,,,,true,,0000,0,,1446203750204047426,,0,Animal Battle Stats,,1446204139909550150,,,2026-01-29T07:20:36.310Z,,6710886,4,true,User,Anonymous,true,🔗 Page,/rankings,true,🌐 Location,"Chennai, TN, IN",true,🕐 Session Duration,4s,,,,,,,,,,,,,,,,,0,0,,,https://images-ext-1.discordapp.net/external/JNVOwhfRcEFw8VgKDMB9KwuZ8MKiLYwmegb7iAnEsqQ/https/animalbattlestats.com/images/icons/icon-192.png,https://animalbattlestats.com/images/icons/icon-192.png,0,2026-01-29T07:20:36.045000+00:00,👋 User Left Site,rich,0,,,false,,,,false,,,,,,,,,2026-01-29T07:20:36.310000+00:00,false,0,Animal Battle Stats,1446203750204047426
1466332170460205229,,,,,,true,,0000,0,,1446203750204047426,,0,Animal Battle Stats,,1446204139909550150,,,2026-01-29T07:20:32.572Z,,4491519,4,true,Visitor,Anonymous,true,🔗 Page,/rankings,true,🌐 Location,"Chennai, TN, IN",true,📱 Device,Chrome on Linux,true,📐 Screen,360x780,true,🌐 Language,en-GB,,,,,,,,,,,0,0,,,https://images-ext-1.discordapp.net/external/JNVOwhfRcEFw8VgKDMB9KwuZ8MKiLYwmegb7iAnEsqQ/https/animalbattlestats.com/images/icons/icon-192.png,https://animalbattlestats.com/images/icons/icon-192.png,0,2026-01-29T07:20:32.265000+00:00,👀 Site Visit,rich,0,,,false,,,,false,,,,,,,,,2026-01-29T07:20:32.572000+00:00,false,0,Animal Battle Stats,1446203750204047426
1466332166488068242,,,,,,true,,0000,0,,1446203750204047426,,0,Animal Battle Stats,,1446204139909550150,,,2026-01-29T07:20:31.625Z,,6710886,4,true,User,Anonymous,true,🔗 Page,/compare,true,🌐 Location,"Chennai, TN, IN",true,🕐 Session Duration,2s,,,,,,,,,,,,,,,,,0,0,,,https://images-ext-1.discordapp.net/external/JNVOwhfRcEFw8VgKDMB9KwuZ8MKiLYwmegb7iAnEsqQ/https/animalbattlestats.com/images/icons/icon-192.png,https://animalbattlestats.com/images/icons/icon-192.png,0,2026-01-29T07:20:31.326000+00:00,👋 User Left Site,rich,0,,,false,,,,false,,,,,,,,,2026-01-29T07:20:31.625000+00:00,false,0,Animal Battle Stats,1446203750204047426
1466332157860384925,,,,,,true,,0000,0,,1446203750204047426,,0,Animal Battle Stats,,1446204139909550150,,,2026-01-29T07:20:29.568Z,,4491519,4,true,Visitor,Anonymous,true,🔗 Page,/compare,true,🌐 Location,"Chennai, TN, IN",true,📱 Device,Chrome on Linux,true,📐 Screen,360x780,true,🌐 Language,en-GB,,,,,,,,,,,0,0,,,https://images-ext-1.discordapp.net/external/JNVOwhfRcEFw8VgKDMB9KwuZ8MKiLYwmegb7iAnEsqQ/https/animalbattlestats.com/images/icons/icon-192.png,https://animalbattlestats.com/images/icons/icon-192.png,0,2026-01-29T07:20:29.379000+00:00,👀 Site Visit,rich,0,,,false,,,,false,,,,,,,,,2026-01-29T07:20:29.568000+00:00,false,0,Animal Battle Stats,1446203750204047426
1466332154131779737,,,,,,true,,0000,0,,1446203750204047426,,0,Animal Battle Stats,,1446204139909550150,,,2026-01-29T07:20:28.679Z,,6710886,4,true,User,Anonymous,true,🔗 Page,/stats,true,🌐 Location,"Chennai, TN, IN",true,🕐 Session Duration,35s,,,,,,,,,,,,,,,,,0,0,,,https://images-ext-1.discordapp.net/external/JNVOwhfRcEFw8VgKDMB9KwuZ8MKiLYwmegb7iAnEsqQ/https/animalbattlestats.com/images/icons/icon-192.png,https://animalbattlestats.com/images/icons/icon-192.png,0,2026-01-29T07:20:28.276000+00:00,👋 User Left Site,rich,0,,,false,,,,false,,,,,,,,,2026-01-29T07:20:28.679000+00:00,false,0,Animal Battle Stats,1446203750204047426
1466332008237109269,,,,,,true,,0000,0,,1446203750204047426,,0,Animal Battle Stats,,1446204139909550150,,,2026-01-29T07:19:53.895Z,,4491519,4,true,Visitor,Anonymous,true,🔗 Page,/,true,🌐 Location,"Chennai, TN, IN",true,📱 Device,Chrome on Linux,true,📐 Screen,360x780,true,🌐 Language,en-GB,,,,,,,,,,,0,0,,,https://images-ext-1.discordapp.net/external/JNVOwhfRcEFw8VgKDMB9KwuZ8MKiLYwmegb7iAnEsqQ/https/animalbattlestats.com/images/icons/icon-192.png,https://animalbattlestats.com/images/icons/icon-192.png,0,2026-01-29T07:19:53.608000+00:00,👀 Site Visit,rich,0,,,false,,,,false,,,,,,,,,2026-01-29T07:19:53.895000+00:00,false,0,Animal Battle Stats,1446203750204047426
1466331584922648658,,,,,,true,,0000,0,,1446203750204047426,,0,Animal Battle Stats,,1446204139909550150,,,2026-01-29T07:18:12.969Z,,4491519,4,true,Visitor,Anonymous,true,🔗 Page,/tournament,true,🌐 Location,"Glossop, ENG, GB",true,📱 Device,Chrome on Linux,true,📐 Screen,360x780,true,🌐 Language,en-GB,,,,,,,,,,,0,0,,,https://images-ext-1.discordapp.net/external/JNVOwhfRcEFw8VgKDMB9KwuZ8MKiLYwmegb7iAnEsqQ/https/animalbattlestats.com/images/icons/icon-192.png,https://animalbattlestats.com/images/icons/icon-192.png,0,2026-01-29T07:18:12.688000+00:00,👀 Site Visit,rich,0,,,false,,,,false,,,,,,,,,2026-01-29T07:18:12.969000+00:00,false,0,Animal Battle Stats,1446203750204047426
1466331582754193569,,,,,,true,,0000,0,,1446203750204047426,,0,Animal Battle Stats,,1446204139909550150,,,2026-01-29T07:18:12.452Z,,4491519,4,true,Visitor,Anonymous,true,🔗 Page,/,true,🌐 Location,"Glossop, ENG, GB",true,📱 Device,Chrome on Linux,true,📐 Screen,360x780,true,🌐 Language,en-GB,,,,,,,,,,,0,0,,,https://images-ext-1.discordapp.net/external/JNVOwhfRcEFw8VgKDMB9KwuZ8MKiLYwmegb7iAnEsqQ/https/animalbattlestats.com/images/icons/icon-192.png,https://animalbattlestats.com/images/icons/icon-192.png,0,2026-01-29T07:16:29.937000+00:00,👀 Site Visit,rich,0,,,false,,,,false,,,,,,,,,2026-01-29T07:18:12.452000+00:00,false,0,Animal Battle Stats,1446203750204047426
1466306274877509665,,,,,,true,,0000,0,,1446203750204047426,,0,Animal Battle Stats,,1446204139909550150,,,2026-01-29T05:37:38.584Z,,6710886,4,true,User,RamiNoodle733,true,🔗 Page,/,true,🌐 Location,"Houston, TX, US",true,🕐 Session Duration,7h 14m,,,,,,,,,,,,,,,,,0,0,,,https://images-ext-1.discordapp.net/external/JNVOwhfRcEFw8VgKDMB9KwuZ8MKiLYwmegb7iAnEsqQ/https/animalbattlestats.com/images/icons/icon-192.png,https://animalbattlestats.com/images/icons/icon-192.png,0,2026-01-29T05:37:38.326000+00:00,👋 User Left Site,rich,0,,,false,,,,false,,,,,,,,,2026-01-29T05:37:38.584000+00:00,false,0,Animal Battle Stats,1446203750204047426
1466306017057968179,,,,,,true,,0000,0,,1446203750204047426,,0,Animal Battle Stats,,1446204139909550150,,,2026-01-29T05:36:37.115Z,,6710886,4,true,User,Anonymous,true,🔗 Page,/,true,🌐 Location,"Dubai, DU, AE",true,🕐 Session Duration,13s,,,,,,,,,,,,,,,,,0,0,,,https://images-ext-1.discordapp.net/external/JNVOwhfRcEFw8VgKDMB9KwuZ8MKiLYwmegb7iAnEsqQ/https/animalbattlestats.com/images/icons/icon-192.png,https://animalbattlestats.com/images/icons/icon-192.png,0,2026-01-29T05:36:36.799000+00:00,👋 User Left Site,rich,0,,,false,,,,false,,,,,,,,,2026-01-29T05:36:37.115000+00:00,false,0,Animal Battle Stats,1446203750204047426
1466305964293619835,,,,,,true,,0000,0,,1446203750204047426,,0,Animal Battle Stats,,1446204139909550150,,,2026-01-29T05:36:24.535Z,,4491519,4,true,Visitor,Anonymous,true,🔗 Page,/,true,🌐 Location,"Dubai, DU, AE",true,🖥️ Device,Chrome on macOS,true,📐 Screen,1800x1169,true,🌐 Language,en-US,,,,,,,,,,,0,0,,,https://images-ext-1.discordapp.net/external/JNVOwhfRcEFw8VgKDMB9KwuZ8MKiLYwmegb7iAnEsqQ/https/animalbattlestats.com/images/icons/icon-192.png,https://animalbattlestats.com/images/icons/icon-192.png,0,2026-01-29T05:36:24.247000+00:00,👀 Site Visit,rich,0,,,false,,,,false,,,,,,,,,2026-01-29T05:36:24.535000+00:00,false,0,Animal Battle Stats,1446203750204047426
1466305961709928520,,,,,,true,,0000,0,,1446203750204047426,,0,Animal Battle Stats,,1446204139909550150,,,2026-01-29T05:36:23.919Z,,4491519,4,true,Visitor,Anonymous,true,🔗 Page,/,true,🌐 Location,"Manchester, ENG, GB",true,🖥️ Device,Chrome on Linux,true,📐 Screen,1280x720,true,🌐 Language,en-US@posix,,,,,,,,,,,0,0,,,https://images-ext-1.discordapp.net/external/JNVOwhfRcEFw8VgKDMB9KwuZ8MKiLYwmegb7iAnEsqQ/https/animalbattlestats.com/images/icons/icon-192.png,https://animalbattlestats.com/images/icons/icon-192.png,0,2026-01-29T05:35:36.642000+00:00,👀 Site Visit,rich,0,,,false,,,,false,,,,,,,,,2026-01-29T05:36:23.919000+00:00,false,0,Animal Battle Stats,1446203750204047426
1466295043231846563,,,,,,true,,0000,0,,1446203750204047426,,0,Animal Battle Stats,,1446204139909550150,,,2026-01-29T04:53:00.751Z,,16739072,4,false,Matchup,**Hornet** vs **Toucan**,true,User,Anonymous,true,🌐 Location,"Gijón, AS, ES",true,🖥️ Device,Chrome on Windows,,,,,,,,,,,,,,,,,0,0,,,https://images-ext-1.discordapp.net/external/JNVOwhfRcEFw8VgKDMB9KwuZ8MKiLYwmegb7iAnEsqQ/https/animalbattlestats.com/images/icons/icon-192.png,https://animalbattlestats.com/images/icons/icon-192.png,0,2026-01-29T04:53:00.485000+00:00,⚔️ Battle Comparison,rich,0,,,false,,,,false,,,,,,,,,2026-01-29T04:53:00.751000+00:00,false,0,Animal Battle Stats,1446203750204047426
1466294966346317844,,,,,,true,,0000,0,,1446203750204047426,,0,Animal Battle Stats,,1446204139909550150,,,2026-01-29T04:52:42.420Z,,16739072,4,false,Matchup,**Llama** vs **Donkey**,true,User,Anonymous,true,🌐 Location,"Gijón, AS, ES",true,🖥️ Device,Chrome on Windows,,,,,,,,,,,,,,,,,0,0,,,https://images-ext-1.discordapp.net/external/JNVOwhfRcEFw8VgKDMB9KwuZ8MKiLYwmegb7iAnEsqQ/https/animalbattlestats.com/images/icons/icon-192.png,https://animalbattlestats.com/images/icons/icon-192.png,0,2026-01-29T04:52:42.136000+00:00,⚔️ Battle Comparison,rich,0,,,false,,,,false,,,,,,,,,2026-01-29T04:52:42.420000+00:00,false,0,Animal Battle Stats,1446203750204047426
1466294889762390099,,,,,,true,,0000,0,,1446203750204047426,,0,Animal Battle Stats,,1446204139909550150,,,2026-01-29T04:52:24.161Z,,16739072,4,false,Matchup,**Llama** vs **Octopus**,true,User,Anonymous,true,🌐 Location,"Gijón, AS, ES",true,🖥️ Device,Chrome on Windows,,,,,,,,,,,,,,,,,0,0,,,https://images-ext-1.discordapp.net/external/JNVOwhfRcEFw8VgKDMB9KwuZ8MKiLYwmegb7iAnEsqQ/https/animalbattlestats.com/images/icons/icon-192.png,https://animalbattlestats.com/images/icons/icon-192.png,0,2026-01-29T04:52:23.853000+00:00,⚔️ Battle Comparison,rich,0,,,false,,,,false,,,,,,,,,2026-01-29T04:52:24.161000+00:00,false,0,Animal Battle Stats,1446203750204047426
1466294806144745635,,,,,,true,,0000,0,,1446203750204047426,,0,Animal Battle Stats,,1446204139909550150,,,2026-01-29T04:52:04.225Z,,16739072,4,false,Matchup,**Camel Spider** vs **Octopus**,true,User,Anonymous,true,🌐 Location,"Gijón, AS, ES",true,🖥️ Device,Chrome on Windows,,,,,,,,,,,,,,,,,0,0,,,https://images-ext-1.discordapp.net/external/JNVOwhfRcEFw8VgKDMB9KwuZ8MKiLYwmegb7iAnEsqQ/https/animalbattlestats.com/images/icons/icon-192.png,https://animalbattlestats.com/images/icons/icon-192.png,0,2026-01-29T04:52:03.894000+00:00,⚔️ Battle Comparison,rich,0,,,false,,,,false,,,,,,,,,2026-01-29T04:52:04.225000+00:00,false,0,Animal Battle Stats,1446203750204047426
1466294806069117061,,,,,,true,,0000,0,,1446203750204047426,,0,Animal Battle Stats,,1446204139909550150,,,2026-01-29T04:52:04.207Z,,16739072,4,false,Matchup,**Camel Spider** vs **Octopus**,true,User,Anonymous,true,🌐 Location,"Gijón, AS, ES",true,🖥️ Device,Chrome on Windows,,,,,,,,,,,,,,,,,0,0,,,https://images-ext-1.discordapp.net/external/JNVOwhfRcEFw8VgKDMB9KwuZ8MKiLYwmegb7iAnEsqQ/https/animalbattlestats.com/images/icons/icon-192.png,https://animalbattlestats.com/images/icons/icon-192.png,0,2026-01-29T04:52:03.659000+00:00,⚔️ Battle Comparison,rich,0,,,false,,,,false,,,,,,,,,2026-01-29T04:52:04.207000+00:00,false,0,Animal Battle Stats,1446203750204047426
1466291015626395815,,,,,,true,,0000,0,,1446203750204047426,,0,Animal Battle Stats,,1446204139909550150,,,2026-01-29T04:37:00.495Z,,6710886,4,true,User,Anonymous,true,🔗 Page,/,true,🌐 Location,"Sharjah, SH, AE",true,🕐 Session Duration,13s,,,,,,,,,,,,,,,,,0,0,,,https://images-ext-1.discordapp.net/external/JNVOwhfRcEFw8VgKDMB9KwuZ8MKiLYwmegb7iAnEsqQ/https/animalbattlestats.com/images/icons/icon-192.png,https://animalbattlestats.com/images/icons/icon-192.png,0,2026-01-29T04:36:22.853000+00:00,👋 User Left Site,rich,0,,,false,,,,false,,,,,,,,,2026-01-29T04:37:00.495000+00:00,false,0,Animal Battle Stats,1446203750204047426
1466288303975305219,,,,,,true,,0000,0,,1446203750204047426,,0,Animal Battle Stats,,1446204139909550150,,,2026-01-29T04:26:13.987Z,,4491519,4,true,Visitor,Anonymous,true,🔗 Page,/,true,🌐 Location,"Dubai, DU, AE",true,📱 Device,Chrome on Linux,true,📐 Screen,348x755,true,🌐 Language,en-US,,,,,,,,,,,0,0,,,https://images-ext-1.discordapp.net/external/JNVOwhfRcEFw8VgKDMB9KwuZ8MKiLYwmegb7iAnEsqQ/https/animalbattlestats.com/images/icons/icon-192.png,https://animalbattlestats.com/images/icons/icon-192.png,0,2026-01-29T04:21:21.102000+00:00,👀 Site Visit,rich,0,,,false,,,,false,,,,,,,,,2026-01-29T04:26:13.987000+00:00,false,0,Animal Battle Stats,1446203750204047426
1466277636551475262,,,,,,true,,0000,0,,1446203750204047426,,0,Animal Battle Stats,,1446204139909550150,,,2026-01-29T03:43:50.675Z,,4491519,4,true,Visitor,Anonymous,true,🔗 Page,/,true,🌐 Location,US,true,🖥️ Device,Safari on macOS,true,📐 Screen,1920x1080,true,🌐 Language,en-US,,,,,,,,,,,0,0,,,https://images-ext-1.discordapp.net/external/JNVOwhfRcEFw8VgKDMB9KwuZ8MKiLYwmegb7iAnEsqQ/https/animalbattlestats.com/images/icons/icon-192.png,https://animalbattlestats.com/images/icons/icon-192.png,0,2026-01-29T03:43:50.380000+00:00,👀 Site Visit,rich,0,,,false,,,,false,,,,,,,,,2026-01-29T03:43:50.675000+00:00,false,0,Animal Battle Stats,1446203750204047426
1466277600094720072,,,,,,true,,0000,0,,1446203750204047426,,0,Animal Battle Stats,,1446204139909550150,,,2026-01-29T03:43:41.983Z,,4491519,4,true,Visitor,Anonymous,true,🔗 Page,/,true,🌐 Location,"Houston, TX, US",true,📱 Device,Unknown on macOS,true,📐 Screen,402x874,true,🌐 Language,en-US,,,,,,,,,,,0,0,,,https://images-ext-1.discordapp.net/external/JNVOwhfRcEFw8VgKDMB9KwuZ8MKiLYwmegb7iAnEsqQ/https/animalbattlestats.com/images/icons/icon-192.png,https://animalbattlestats.com/images/icons/icon-192.png,0,2026-01-29T03:43:39.143000+00:00,👀 Site Visit,rich,0,,,false,,,,false,,,,,,,,,2026-01-29T03:43:41.983000+00:00,false,0,Animal Battle Stats,1446203750204047426
1466269194210251085,,,,,,true,,0000,0,,1446203750204047426,,0,Animal Battle Stats,,1446204139909550150,,,2026-01-29T03:10:17.864Z,,4491519,4,true,Visitor,Anonymous,true,🔗 Page,/rankings,true,🌐 Location,"Dubai, DU, AE",true,📱 Device,Chrome on Linux,true,📐 Screen,412x846,true,🌐 Language,en-GB,,,,,,,,,,,0,0,,,https://images-ext-1.discordapp.net/external/JNVOwhfRcEFw8VgKDMB9KwuZ8MKiLYwmegb7iAnEsqQ/https/animalbattlestats.com/images/icons/icon-192.png,https://animalbattlestats.com/images/icons/icon-192.png,0,2026-01-29T03:10:17.589000+00:00,👀 Site Visit,rich,0,,,false,,,,false,,,,,,,,,2026-01-29T03:10:17.864000+00:00,false,0,Animal Battle Stats,1446203750204047426
1466269190531846419,,,,,,true,,0000,0,,1446203750204047426,,0,Animal Battle Stats,,1446204139909550150,,,2026-01-29T03:10:16.987Z,,6710886,4,true,User,Anonymous,true,🔗 Page,/compare,true,🌐 Location,"Dubai, DU, AE",true,🕐 Session Duration,20s,,,,,,,,,,,,,,,,,0,0,,,https://images-ext-1.discordapp.net/external/JNVOwhfRcEFw8VgKDMB9KwuZ8MKiLYwmegb7iAnEsqQ/https/animalbattlestats.com/images/icons/icon-192.png,https://animalbattlestats.com/images/icons/icon-192.png,0,2026-01-29T03:10:16.639000+00:00,👋 User Left Site,rich,0,,,false,,,,false,,,,,,,,,2026-01-29T03:10:16.987000+00:00,false,0,Animal Battle Stats,1446203750204047426
1466269118146809938,,,,,,true,,0000,0,,1446203750204047426,,0,Animal Battle Stats,,1446204139909550150,,,2026-01-29T03:09:59.729Z,,4491519,4,true,Visitor,Anonymous,true,🔗 Page,/compare,true,🌐 Location,US,true,📱 Device,Chrome on Linux,true,📐 Screen,400x400,true,🌐 Language,en-US,,,,,,,,,,,0,0,,,https://images-ext-1.discordapp.net/external/JNVOwhfRcEFw8VgKDMB9KwuZ8MKiLYwmegb7iAnEsqQ/https/animalbattlestats.com/images/icons/icon-192.png,https://animalbattlestats.com/images/icons/icon-192.png,0,2026-01-29T03:09:59.437000+00:00,👀 Site Visit,rich,0,,,false,,,,false,,,,,,,,,2026-01-29T03:09:59.729000+00:00,false,0,Animal Battle Stats,1446203750204047426
1466269105572155564,,,,,,true,,0000,0,,1446203750204047426,,0,Animal Battle Stats,,1446204139909550150,,,2026-01-29T03:09:56.731Z,,4491519,4,true,Visitor,Anonymous,true,🔗 Page,/compare,true,🌐 Location,"Dubai, DU, AE",true,📱 Device,Chrome on Linux,true,📐 Screen,412x846,true,🌐 Language,en-GB,,,,,,,,,,,0,0,,,https://images-ext-1.discordapp.net/external/JNVOwhfRcEFw8VgKDMB9KwuZ8MKiLYwmegb7iAnEsqQ/https/animalbattlestats.com/images/icons/icon-192.png,https://animalbattlestats.com/images/icons/icon-192.png,0,2026-01-29T03:09:56.350000+00:00,👀 Site Visit,rich,0,,,false,,,,false,,,,,,,,,2026-01-29T03:09:56.731000+00:00,false,0,Animal Battle Stats,1446203750204047426
1466269097485664441,,,,,,true,,0000,0,,1446203750204047426,,0,Animal Battle Stats,,1446204139909550150,,,2026-01-29T03:09:54.803Z,,6710886,4,true,User,Anonymous,true,🔗 Page,/stats/african-elephant,true,🌐 Location,"Dubai, DU, AE",true,🕐 Session Duration,59s,,,,,,,,,,,,,,,,,0,0,,,https://images-ext-1.discordapp.net/external/JNVOwhfRcEFw8VgKDMB9KwuZ8MKiLYwmegb7iAnEsqQ/https/animalbattlestats.com/images/icons/icon-192.png,https://animalbattlestats.com/images/icons/icon-192.png,0,2026-01-29T03:09:54.507000+00:00,👋 User Left Site,rich,0,,,false,,,,false,,,,,,,,,2026-01-29T03:09:54.803000+00:00,false,0,Animal Battle Stats,1446203750204047426
1466268851170971856,,,,,,true,,0000,0,,1446203750204047426,,0,Animal Battle Stats,,1446204139909550150,,,2026-01-29T03:08:56.077Z,,4491519,4,true,Visitor,Anonymous,true,🔗 Page,/,true,🌐 Location,"Dubai, DU, AE",true,📱 Device,Chrome on Linux,true,📐 Screen,412x846,true,🌐 Language,en-GB,,,,,,,,,,,0,0,,,https://images-ext-1.discordapp.net/external/JNVOwhfRcEFw8VgKDMB9KwuZ8MKiLYwmegb7iAnEsqQ/https/animalbattlestats.com/images/icons/icon-192.png,https://animalbattlestats.com/images/icons/icon-192.png,0,2026-01-29T03:08:55.711000+00:00,👀 Site Visit,rich,0,,,false,,,,false,,,,,,,,,2026-01-29T03:08:56.077000+00:00,false,0,Animal Battle Stats,1446203750204047426
1466267746458145075,,,,,,true,,0000,0,,1446203750204047426,,0,Animal Battle Stats,,1446204139909550150,,,2026-01-29T03:04:32.693Z,,4491519,4,true,Visitor,Anonymous,true,🔗 Page,/,true,🌐 Location,"Dubai, DU, AE",true,📱 Device,Chrome on Linux,true,📐 Screen,412x892,true,🌐 Language,en-GB,,,,,,,,,,,0,0,,,https://images-ext-1.discordapp.net/external/JNVOwhfRcEFw8VgKDMB9KwuZ8MKiLYwmegb7iAnEsqQ/https/animalbattlestats.com/images/icons/icon-192.png,https://animalbattlestats.com/images/icons/icon-192.png,0,2026-01-29T03:04:32.424000+00:00,👀 Site Visit,rich,0,,,false,,,,false,,,,,,,,,2026-01-29T03:04:32.693000+00:00,false,0,Animal Battle Stats,1446203750204047426
1466267304722567374,,,,,,true,,0000,0,,1446203750204047426,,0,Animal Battle Stats,,1446204139909550150,,,2026-01-29T03:02:47.375Z,,4491519,4,true,Visitor,Anonymous,true,🔗 Page,/,true,🌐 Location,"Houston, TX, US",true,📱 Device,Unknown on macOS,true,📐 Screen,402x874,true,🌐 Language,en-US,,,,,,,,,,,0,0,,,https://images-ext-1.discordapp.net/external/JNVOwhfRcEFw8VgKDMB9KwuZ8MKiLYwmegb7iAnEsqQ/https/animalbattlestats.com/images/icons/icon-192.png,https://animalbattlestats.com/images/icons/icon-192.png,0,2026-01-29T03:02:47.094000+00:00,👀 Site Visit,rich,0,,,false,,,,false,,,,,,,,,2026-01-29T03:02:47.375000+00:00,false,0,Animal Battle Stats,1446203750204047426
1466267304454131884,,,,,,true,,0000,0,,1446203750204047426,,0,Animal Battle Stats,,1446204139909550150,,,2026-01-29T03:02:47.311Z,,4491519,4,true,Visitor,Anonymous,true,🔗 Page,/,true,🌐 Location,"Dubai, DU, AE",true,📱 Device,Chrome on Linux,true,📐 Screen,348x755,true,🌐 Language,en-US,,,,,,,,,,,0,0,,,https://images-ext-1.discordapp.net/external/JNVOwhfRcEFw8VgKDMB9KwuZ8MKiLYwmegb7iAnEsqQ/https/animalbattlestats.com/images/icons/icon-192.png,https://animalbattlestats.com/images/icons/icon-192.png,0,2026-01-29T02:57:50.082000+00:00,👀 Site Visit,rich,0,,,false,,,,false,,,,,,,,,2026-01-29T03:02:47.311000+00:00,false,0,Animal Battle Stats,1446203750204047426
1466264235272044614,,,,,,true,,0000,0,,1446203750204047426,,0,Animal Battle Stats,,1446204139909550150,,,2026-01-29T02:50:35.561Z,,6710886,4,true,User,Anonymous,true,🔗 Page,/,true,🌐 Location,"Abu Dhabi, AZ, AE",true,🕐 Session Duration,53s,,,,,,,,,,,,,,,,,0,0,,,https://images-ext-1.discordapp.net/external/JNVOwhfRcEFw8VgKDMB9KwuZ8MKiLYwmegb7iAnEsqQ/https/animalbattlestats.com/images/icons/icon-192.png,https://animalbattlestats.com/images/icons/icon-192.png,0,2026-01-29T02:50:35.310000+00:00,👋 User Left Site,rich,0,,,false,,,,false,,,,,,,,,2026-01-29T02:50:35.561000+00:00,false,0,Animal Battle Stats,1446203750204047426
1466264014127370241,,,,,,true,,0000,0,,1446203750204047426,,0,Animal Battle Stats,,1446204139909550150,,,2026-01-29T02:49:42.836Z,,4491519,4,true,Visitor,Anonymous,true,🔗 Page,/stats,true,🌐 Location,"Abu Dhabi, AZ, AE",true,📱 Device,Firefox on Android,true,📐 Screen,360x780,true,🌐 Language,en-GB,,,,,,,,,,,0,0,,,https://images-ext-1.discordapp.net/external/JNVOwhfRcEFw8VgKDMB9KwuZ8MKiLYwmegb7iAnEsqQ/https/animalbattlestats.com/images/icons/icon-192.png,https://animalbattlestats.com/images/icons/icon-192.png,0,2026-01-29T02:49:42.474000+00:00,👀 Site Visit,rich,0,,,false,,,,false,,,,,,,,,2026-01-29T02:49:42.836000+00:00,false,0,Animal Battle Stats,1446203750204047426
1466264003801121003,,,,,,true,,0000,0,,1446203750204047426,,0,Animal Battle Stats,,1446204139909550150,,,2026-01-29T02:49:40.374Z,,6710886,4,true,User,Anonymous,true,🔗 Page,/community,true,🌐 Location,"Abu Dhabi, AZ, AE",true,🕐 Session Duration,7s,,,,,,,,,,,,,,,,,0,0,,,https://images-ext-1.discordapp.net/external/JNVOwhfRcEFw8VgKDMB9KwuZ8MKiLYwmegb7iAnEsqQ/https/animalbattlestats.com/images/icons/icon-192.png,https://animalbattlestats.com/images/icons/icon-192.png,0,2026-01-29T02:49:39.987000+00:00,👋 User Left Site,rich,0,,,false,,,,false,,,,,,,,,2026-01-29T02:49:40.374000+00:00,false,0,Animal Battle Stats,1446203750204047426
1466263974780600381,,,,,,true,,0000,0,,1446203750204047426,,0,Animal Battle Stats,,1446204139909550150,,,2026-01-29T02:49:33.455Z,,4491519,4,true,Visitor,Anonymous,true,🔗 Page,/community,true,🌐 Location,"Abu Dhabi, AZ, AE",true,📱 Device,Firefox on Android,true,📐 Screen,360x780,true,🌐 Language,en-GB,,,,,,,,,,,0,0,,,https://images-ext-1.discordapp.net/external/JNVOwhfRcEFw8VgKDMB9KwuZ8MKiLYwmegb7iAnEsqQ/https/animalbattlestats.com/images/icons/icon-192.png,https://animalbattlestats.com/images/icons/icon-192.png,0,2026-01-29T02:49:33.096000+00:00,👀 Site Visit,rich,0,,,false,,,,false,,,,,,,,,2026-01-29T02:49:33.455000+00:00,false,0,Animal Battle Stats,1446203750204047426
1466263933366046998,,,,,,true,,0000,0,,1446203750204047426,,0,Animal Battle Stats,,1446204139909550150,,,2026-01-29T02:49:23.581Z,,4491519,4,true,Visitor,Anonymous,true,🔗 Page,/,true,🌐 Location,"Dubai, DU, AE",true,📱 Device,Safari on macOS,true,📐 Screen,428x926,true,🌐 Language,en-US,,,,,,,,,,,0,0,,,https://images-ext-1.discordapp.net/external/JNVOwhfRcEFw8VgKDMB9KwuZ8MKiLYwmegb7iAnEsqQ/https/animalbattlestats.com/images/icons/icon-192.png,https://animalbattlestats.com/images/icons/icon-192.png,0,2026-01-29T02:49:23.129000+00:00,👀 Site Visit,rich,0,,,false,,,,false,,,,,,,,,2026-01-29T02:49:23.581000+00:00,false,0,Animal Battle Stats,1446203750204047426
1466263310264700959,,,,,,true,,0000,0,,1446203750204047426,,0,Animal Battle Stats,,1446204139909550150,,,2026-01-29T02:46:55.022Z,,4491519,4,true,Visitor,Anonymous,true,🔗 Page,/rankings,true,🌐 Location,"Abu Dhabi, AZ, AE",true,📱 Device,Firefox on Android,true,📐 Screen,360x780,true,🌐 Language,en-GB,,,,,,,,,,,0,0,,,https://images-ext-1.discordapp.net/external/JNVOwhfRcEFw8VgKDMB9KwuZ8MKiLYwmegb7iAnEsqQ/https/animalbattlestats.com/images/icons/icon-192.png,https://animalbattlestats.com/images/icons/icon-192.png,0,2026-01-29T02:46:54.735000+00:00,👀 Site Visit,rich,0,,,false,,,,false,,,,,,,,,2026-01-29T02:46:55.022000+00:00,false,0,Animal Battle Stats,1446203750204047426
1466263305512550512,,,,,,true,,0000,0,,1446203750204047426,,0,Animal Battle Stats,,1446204139909550150,,,2026-01-29T02:46:53.889Z,,6710886,4,true,User,Anonymous,true,🔗 Page,/community,true,🌐 Location,"Abu Dhabi, AZ, AE",true,🕐 Session Duration,1m 25s,,,,,,,,,,,,,,,,,0,0,,,https://images-ext-1.discordapp.net/external/JNVOwhfRcEFw8VgKDMB9KwuZ8MKiLYwmegb7iAnEsqQ/https/animalbattlestats.com/images/icons/icon-192.png,https://animalbattlestats.com/images/icons/icon-192.png,0,2026-01-29T02:46:53.623000+00:00,👋 User Left Site,rich,0,,,false,,,,false,,,,,,,,,2026-01-29T02:46:53.889000+00:00,false,0,Animal Battle Stats,1446203750204047426
1466262948925280378,,,,,,true,,0000,0,,1446203750204047426,,0,Animal Battle Stats,,1446204139909550150,,,2026-01-29T02:45:28.872Z,,4491519,4,true,Visitor,Anonymous,true,🔗 Page,/community,true,🌐 Location,"Abu Dhabi, AZ, AE",true,📱 Device,Firefox on Android,true,📐 Screen,360x780,true,🌐 Language,en-GB,,,,,,,,,,,0,0,,,https://images-ext-1.discordapp.net/external/JNVOwhfRcEFw8VgKDMB9KwuZ8MKiLYwmegb7iAnEsqQ/https/animalbattlestats.com/images/icons/icon-192.png,https://animalbattlestats.com/images/icons/icon-192.png,0,2026-01-29T02:45:28.579000+00:00,👀 Site Visit,rich,0,,,false,,,,false,,,,,,,,,2026-01-29T02:45:28.872000+00:00,false,0,Animal Battle Stats,1446203750204047426
1466262938393379093,,,,,,true,,0000,0,,1446203750204047426,,0,Animal Battle Stats,,1446204139909550150,,,2026-01-29T02:45:26.361Z,,6710886,4,true,User,Anonymous,true,🔗 Page,/rankings,true,🌐 Location,"Abu Dhabi, AZ, AE",true,🕐 Session Duration,55s,,,,,,,,,,,,,,,,,0,0,,,https://images-ext-1.discordapp.net/external/JNVOwhfRcEFw8VgKDMB9KwuZ8MKiLYwmegb7iAnEsqQ/https/animalbattlestats.com/images/icons/icon-192.png,https://animalbattlestats.com/images/icons/icon-192.png,0,2026-01-29T02:45:26.085000+00:00,👋 User Left Site,rich,0,,,false,,,,false,,,,,,,,,2026-01-29T02:45:26.361000+00:00,false,0,Animal Battle Stats,1446203750204047426
1466262708490993811,,,,,,true,,0000,0,,1446203750204047426,,0,Animal Battle Stats,,1446204139909550150,,,2026-01-29T02:44:31.548Z,,4491519,4,true,Visitor,Anonymous,true,🔗 Page,/rankings,true,🌐 Location,"Abu Dhabi, AZ, AE",true,📱 Device,Firefox on Android,true,📐 Screen,360x780,true,🌐 Language,en-GB,,,,,,,,,,,0,0,,,https://images-ext-1.discordapp.net/external/JNVOwhfRcEFw8VgKDMB9KwuZ8MKiLYwmegb7iAnEsqQ/https/animalbattlestats.com/images/icons/icon-192.png,https://animalbattlestats.com/images/icons/icon-192.png,0,2026-01-29T02:44:31.267000+00:00,👀 Site Visit,rich,0,,,false,,,,false,,,,,,,,,2026-01-29T02:44:31.548000+00:00,false,0,Animal Battle Stats,1446203750204047426
1466262701838700626,,,,,,true,,0000,0,,1446203750204047426,,0,Animal Battle Stats,,1446204139909550150,,,2026-01-29T02:44:29.962Z,,6710886,4,true,User,Anonymous,true,🔗 Page,/compare,true,🌐 Location,"Abu Dhabi, AZ, AE",true,🕐 Session Duration,59s,,,,,,,,,,,,,,,,,0,0,,,https://images-ext-1.discordapp.net/external/JNVOwhfRcEFw8VgKDMB9KwuZ8MKiLYwmegb7iAnEsqQ/https/animalbattlestats.com/images/icons/icon-192.png,https://animalbattlestats.com/images/icons/icon-192.png,0,2026-01-29T02:44:29.619000+00:00,👋 User Left Site,rich,0,,,false,,,,false,,,,,,,,,2026-01-29T02:44:29.962000+00:00,false,0,Animal Battle Stats,1446203750204047426
1466262616740724769,,,,,,true,,0000,0,,1446203750204047426,,0,Animal Battle Stats,,1446204139909550150,,,2026-01-29T02:44:09.673Z,,16739072,4,false,Matchup,**Hippopotamus** vs **Red-Eyed Tree Frog**,true,User,Anonymous,true,🌐 Location,"Abu Dhabi, AZ, AE",true,📱 Device,Firefox on Android,,,,,,,,,,,,,,,,,0,0,,,https://images-ext-1.discordapp.net/external/JNVOwhfRcEFw8VgKDMB9KwuZ8MKiLYwmegb7iAnEsqQ/https/animalbattlestats.com/images/icons/icon-192.png,https://animalbattlestats.com/images/icons/icon-192.png,0,2026-01-29T02:44:09.333000+00:00,⚔️ Battle Comparison,rich,0,,,false,,,,false,,,,,,,,,2026-01-29T02:44:09.673000+00:00,false,0,Animal Battle Stats,1446203750204047426
1466262455729786920,,,,,,true,,0000,0,,1446203750204047426,,0,Animal Battle Stats,,1446204139909550150,,,2026-01-29T02:43:31.285Z,,4491519,4,true,Visitor,Anonymous,true,🔗 Page,/compare,true,🌐 Location,"Abu Dhabi, AZ, AE",true,📱 Device,Firefox on Android,true,📐 Screen,360x780,true,🌐 Language,en-GB,,,,,,,,,,,0,0,,,https://images-ext-1.discordapp.net/external/JNVOwhfRcEFw8VgKDMB9KwuZ8MKiLYwmegb7iAnEsqQ/https/animalbattlestats.com/images/icons/icon-192.png,https://animalbattlestats.com/images/icons/icon-192.png,0,2026-01-29T02:43:31.004000+00:00,👀 Site Visit,rich,0,,,false,,,,false,,,,,,,,,2026-01-29T02:43:31.285000+00:00,false,0,Animal Battle Stats,1446203750204047426
1466262445843808348,,,,,,true,,0000,0,,1446203750204047426,,0,Animal Battle Stats,,1446204139909550150,,,2026-01-29T02:43:28.928Z,,6710886,4,true,User,Anonymous,true,🔗 Page,/stats/african-elephant,true,🌐 Location,"Abu Dhabi, AZ, AE",true,🕐 Session Duration,56s,,,,,,,,,,,,,,,,,0,0,,,https://images-ext-1.discordapp.net/external/JNVOwhfRcEFw8VgKDMB9KwuZ8MKiLYwmegb7iAnEsqQ/https/animalbattlestats.com/images/icons/icon-192.png,https://animalbattlestats.com/images/icons/icon-192.png,0,2026-01-29T02:43:28.627000+00:00,👋 User Left Site,rich,0,,,false,,,,false,,,,,,,,,2026-01-29T02:43:28.928000+00:00,false,0,Animal Battle Stats,1446203750204047426
1466262211877015552,,,,,,true,,0000,0,,1446203750204047426,,0,Animal Battle Stats,,1446204139909550150,,,2026-01-29T02:42:33.146Z,,4491519,4,true,Visitor,Anonymous,true,🔗 Page,/stats,true,🌐 Location,"Abu Dhabi, AZ, AE",true,📱 Device,Firefox on Android,true,📐 Screen,360x780,true,🌐 Language,en-GB,,,,,,,,,,,0,0,,,https://images-ext-1.discordapp.net/external/JNVOwhfRcEFw8VgKDMB9KwuZ8MKiLYwmegb7iAnEsqQ/https/animalbattlestats.com/images/icons/icon-192.png,https://animalbattlestats.com/images/icons/icon-192.png,0,2026-01-29T02:42:32.814000+00:00,👀 Site Visit,rich,0,,,false,,,,false,,,,,,,,,2026-01-29T02:42:33.146000+00:00,false,0,Animal Battle Stats,1446203750204047426
1466262203874283680,,,,,,true,,0000,0,,1446203750204047426,,0,Animal Battle Stats,,1446204139909550150,,,2026-01-29T02:42:31.238Z,,6710886,4,true,User,Anonymous,true,🔗 Page,/compare,true,🌐 Location,"Abu Dhabi, AZ, AE",true,🕐 Session Duration,9s,,,,,,,,,,,,,,,,,0,0,,,https://images-ext-1.discordapp.net/external/JNVOwhfRcEFw8VgKDMB9KwuZ8MKiLYwmegb7iAnEsqQ/https/animalbattlestats.com/images/icons/icon-192.png,https://animalbattlestats.com/images/icons/icon-192.png,0,2026-01-29T02:42:30.990000+00:00,👋 User Left Site,rich,0,,,false,,,,false,,,,,,,,,2026-01-29T02:42:31.238000+00:00,false,0,Animal Battle Stats,1446203750204047426
1466262166502904010,,,,,,true,,0000,0,,1446203750204047426,,0,Animal Battle Stats,,1446204139909550150,,,2026-01-29T02:42:22.328Z,,4491519,4,true,Visitor,Anonymous,true,🔗 Page,/compare,true,🌐 Location,"Abu Dhabi, AZ, AE",true,📱 Device,Firefox on Android,true,📐 Screen,360x780,true,🌐 Language,en-GB,,,,,,,,,,,0,0,,,https://images-ext-1.discordapp.net/external/JNVOwhfRcEFw8VgKDMB9KwuZ8MKiLYwmegb7iAnEsqQ/https/animalbattlestats.com/images/icons/icon-192.png,https://animalbattlestats.com/images/icons/icon-192.png,0,2026-01-29T02:42:22.048000+00:00,👀 Site Visit,rich,0,,,false,,,,false,,,,,,,,,2026-01-29T02:42:22.328000+00:00,false,0,Animal Battle Stats,1446203750204047426
1466262156927307809,,,,,,true,,0000,0,,1446203750204047426,,0,Animal Battle Stats,,1446204139909550150,,,2026-01-29T02:42:20.045Z,,6710886,4,true,User,Anonymous,true,🔗 Page,/stats/clouded-leopard,true,🌐 Location,"Abu Dhabi, AZ, AE",true,🕐 Session Duration,2m 35s,,,,,,,,,,,,,,,,,0,0,,,https://images-ext-1.discordapp.net/external/JNVOwhfRcEFw8VgKDMB9KwuZ8MKiLYwmegb7iAnEsqQ/https/animalbattlestats.com/images/icons/icon-192.png,https://animalbattlestats.com/images/icons/icon-192.png,0,2026-01-29T02:42:19.541000+00:00,👋 User Left Site,rich,0,,,false,,,,false,,,,,,,,,2026-01-29T02:42:20.045000+00:00,false,0,Animal Battle Stats,1446203750204047426
1466261503345692683,,,,,,true,,0000,0,,1446203750204047426,,0,Animal Battle Stats,,1446204139909550150,,,2026-01-29T02:39:44.219Z,,4491519,4,true,Visitor,Anonymous,true,🔗 Page,/,true,🌐 Location,"Abu Dhabi, AZ, AE",true,📱 Device,Firefox on Android,true,📐 Screen,360x780,true,🌐 Language,en-GB,,,,,,,,,,,0,0,,,https://images-ext-1.discordapp.net/external/JNVOwhfRcEFw8VgKDMB9KwuZ8MKiLYwmegb7iAnEsqQ/https/animalbattlestats.com/images/icons/icon-192.png,https://animalbattlestats.com/images/icons/icon-192.png,0,2026-01-29T02:39:43.949000+00:00,👀 Site Visit,rich,0,,,false,,,,false,,,,,,,,,2026-01-29T02:39:44.219000+00:00,false,0,Animal Battle Stats,1446203750204047426
1466260860484845651,,,,,,true,,0000,0,,1446203750204047426,,0,Animal Battle Stats,,1446204139909550150,,,2026-01-29T02:37:10.949Z,,4491519,4,true,Visitor,Anonymous,true,🔗 Page,/tournament,true,🌐 Location,"WA, US",true,🖥️ Device,Chrome on Unknown,true,📐 Screen,800x600,true,🌐 Language,en-US,,,,,,,,,,,0,0,,,https://images-ext-1.discordapp.net/external/JNVOwhfRcEFw8VgKDMB9KwuZ8MKiLYwmegb7iAnEsqQ/https/animalbattlestats.com/images/icons/icon-192.png,https://animalbattlestats.com/images/icons/icon-192.png,0,2026-01-29T02:37:09.291000+00:00,👀 Site Visit,rich,0,,,false,,,,false,,,,,,,,,2026-01-29T02:37:10.949000+00:00,false,0,Animal Battle Stats,1446203750204047426
1466260852893028353,,,,,,true,,0000,0,,1446203750204047426,,0,Animal Battle Stats,,1446204139909550150,,,2026-01-29T02:37:09.139Z,,4491519,4,true,Visitor,Anonymous,true,🔗 Page,/stats,true,🌐 Location,"WA, US",true,🖥️ Device,Chrome on Unknown,true,📐 Screen,800x600,true,🌐 Language,en-US,,,,,,,,,,,0,0,,,https://images-ext-1.discordapp.net/external/JNVOwhfRcEFw8VgKDMB9KwuZ8MKiLYwmegb7iAnEsqQ/https/animalbattlestats.com/images/icons/icon-192.png,https://animalbattlestats.com/images/icons/icon-192.png,0,2026-01-29T02:37:07.895000+00:00,👀 Site Visit,rich,0,,,false,,,,false,,,,,,,,,2026-01-29T02:37:09.139000+00:00,false,0,Animal Battle Stats,1446203750204047426
1466259181509152929,,,,,,true,,0000,0,,1446203750204047426,,0,Animal Battle Stats,,1446204139909550150,,,2026-01-29T02:30:30.650Z,,4491519,4,true,Visitor,Anonymous,true,🔗 Page,/,true,🌐 Location,"San Jose, CA, US",true,📱 Device,Chrome on Linux,true,📐 Screen,384x832,true,🌐 Language,en-GB,,,,,,,,,,,0,0,,,https://images-ext-1.discordapp.net/external/JNVOwhfRcEFw8VgKDMB9KwuZ8MKiLYwmegb7iAnEsqQ/https/animalbattlestats.com/images/icons/icon-192.png,https://animalbattlestats.com/images/icons/icon-192.png,0,2026-01-29T02:30:30.292000+00:00,👀 Site Visit,rich,0,,,false,,,,false,,,,,,,,,2026-01-29T02:30:30.650000+00:00,false,0,Animal Battle Stats,1446203750204047426
1466259179244359785,,,,,,true,,0000,0,,1446203750204047426,,0,Animal Battle Stats,,1446204139909550150,,,2026-01-29T02:30:30.110Z,,4491519,4,true,Visitor,Anonymous,true,🔗 Page,/,true,🌐 Location,"Dubai, DU, AE",true,📱 Device,Safari on macOS,true,📐 Screen,428x926,true,🌐 Language,en-US,,,,,,,,,,,0,0,,,https://images-ext-1.discordapp.net/external/JNVOwhfRcEFw8VgKDMB9KwuZ8MKiLYwmegb7iAnEsqQ/https/animalbattlestats.com/images/icons/icon-192.png,https://animalbattlestats.com/images/icons/icon-192.png,0,2026-01-29T02:30:09.127000+00:00,👀 Site Visit,rich,0,,,false,,,,false,,,,,,,,,2026-01-29T02:30:30.110000+00:00,false,0,Animal Battle Stats,1446203750204047426
1466257551879573536,,,,,,true,,0000,0,,1446203750204047426,,0,Animal Battle Stats,,1446204139909550150,,,2026-01-29T02:24:02.116Z,,4491519,4,true,Visitor,Anonymous,true,🔗 Page,/,true,🌐 Location,"Brooklyn, NY, US",true,📱 Device,Safari on macOS,true,📐 Screen,440x956,true,🌐 Language,en-US,,,,,,,,,,,0,0,,,https://images-ext-1.discordapp.net/external/JNVOwhfRcEFw8VgKDMB9KwuZ8MKiLYwmegb7iAnEsqQ/https/animalbattlestats.com/images/icons/icon-192.png,https://animalbattlestats.com/images/icons/icon-192.png,0,2026-01-29T02:24:01.774000+00:00,👀 Site Visit,rich,0,,,false,,,,false,,,,,,,,,2026-01-29T02:24:02.116000+00:00,false,0,Animal Battle Stats,1446203750204047426
1466257461865480327,,,,,,true,,0000,0,,1446203750204047426,,0,Animal Battle Stats,,1446204139909550150,,,2026-01-29T02:23:40.655Z,,4491519,4,true,Visitor,Anonymous,true,🔗 Page,/,true,🌐 Location,"Dubai, DU, AE",true,📱 Device,Chrome on Linux,true,📐 Screen,393x851,true,🌐 Language,en-IN,,,,,,,,,,,0,0,,,https://images-ext-1.discordapp.net/external/JNVOwhfRcEFw8VgKDMB9KwuZ8MKiLYwmegb7iAnEsqQ/https/animalbattlestats.com/images/icons/icon-192.png,https://animalbattlestats.com/images/icons/icon-192.png,0,2026-01-29T02:23:40.356000+00:00,👀 Site Visit,rich,0,,,false,,,,false,,,,,,,,,2026-01-29T02:23:40.655000+00:00,false,0,Animal Battle Stats,1446203750204047426
1466256791779278910,,,,,,true,,0000,0,,1446203750204047426,,0,Animal Battle Stats,,1446204139909550150,,,2026-01-29T02:21:00.894Z,,6710886,4,true,User,Anonymous,true,🔗 Page,/tournament,true,🌐 Location,"Hyderabad, TS, IN",true,🕐 Session Duration,38s,,,,,,,,,,,,,,,,,0,0,,,https://images-ext-1.discordapp.net/external/JNVOwhfRcEFw8VgKDMB9KwuZ8MKiLYwmegb7iAnEsqQ/https/animalbattlestats.com/images/icons/icon-192.png,https://animalbattlestats.com/images/icons/icon-192.png,0,2026-01-29T02:21:00.603000+00:00,👋 User Left Site,rich,0,,,false,,,,false,,,,,,,,,2026-01-29T02:21:00.894000+00:00,false,0,Animal Battle Stats,1446203750204047426
1466256653765574801,,,,,,true,,0000,0,,1446203750204047426,,0,Animal Battle Stats,,1446204139909550150,,,2026-01-29T02:20:27.989Z,,4491519,4,true,Visitor,Anonymous,true,🔗 Page,/,true,🌐 Location,"Singapore, SG",true,📱 Device,Safari on macOS,true,📐 Screen,390x844,true,🌐 Language,en-US,,,,,,,,,,,0,0,,,https://images-ext-1.discordapp.net/external/JNVOwhfRcEFw8VgKDMB9KwuZ8MKiLYwmegb7iAnEsqQ/https/animalbattlestats.com/images/icons/icon-192.png,https://animalbattlestats.com/images/icons/icon-192.png,0,2026-01-29T02:20:27.815000+00:00,👀 Site Visit,rich,0,,,false,,,,false,,,,,,,,,2026-01-29T02:20:27.989000+00:00,false,0,Animal Battle Stats,1446203750204047426
1466256631309406365,,,,,,true,,0000,0,,1446203750204047426,,0,Animal Battle Stats,,1446204139909550150,,,2026-01-29T02:20:22.635Z,,4491519,4,true,Visitor,Anonymous,true,🔗 Page,/,true,🌐 Location,"Hyderabad, TS, IN",true,🖥️ Device,Edge on Windows,true,📐 Screen,1280x720,true,🌐 Language,en-US,,,,,,,,,,,0,0,,,https://images-ext-1.discordapp.net/external/JNVOwhfRcEFw8VgKDMB9KwuZ8MKiLYwmegb7iAnEsqQ/https/animalbattlestats.com/images/icons/icon-192.png,https://animalbattlestats.com/images/icons/icon-192.png,0,2026-01-29T02:20:22.396000+00:00,👀 Site Visit,rich,0,,,false,,,,false,,,,,,,,,2026-01-29T02:20:22.635000+00:00,false,0,Animal Battle Stats,1446203750204047426
1466256628503281947,,,,,,true,,0000,0,,1446203750204047426,,0,Animal Battle Stats,,1446204139909550150,,,2026-01-29T02:20:21.966Z,,4491519,4,true,Visitor,RamiNoodle733,true,🔗 Page,/,true,🌐 Location,"Houston, TX, US",true,📱 Device,Safari on macOS,true,📐 Screen,402x874,true,🌐 Language,en-US,,,,,,,,,,,0,0,,,https://images-ext-1.discordapp.net/external/JNVOwhfRcEFw8VgKDMB9KwuZ8MKiLYwmegb7iAnEsqQ/https/animalbattlestats.com/images/icons/icon-192.png,https://animalbattlestats.com/images/icons/icon-192.png,0,2026-01-29T02:19:19.990000+00:00,👀 Site Visit,rich,0,,,false,,,,false,,,,,,,,,2026-01-29T02:20:21.966000+00:00,false,0,Animal Battle Stats,1446203750204047426
1466240587551215754,,,,,,true,,0000,0,,1446203750204047426,,0,Animal Battle Stats,,1446204139909550150,,,2026-01-29T01:16:37.505Z,,4491519,4,true,Visitor,RamiNoodle733,true,🔗 Page,/stats,true,🌐 Location,"Houston, TX, US",true,📱 Device,Safari on macOS,true,📐 Screen,402x874,true,🌐 Language,en-US,,,,,,,,,,,0,0,,,https://images-ext-1.discordapp.net/external/JNVOwhfRcEFw8VgKDMB9KwuZ8MKiLYwmegb7iAnEsqQ/https/animalbattlestats.com/images/icons/icon-192.png,https://animalbattlestats.com/images/icons/icon-192.png,0,2026-01-29T01:16:37.159000+00:00,👀 Site Visit,rich,0,,,false,,,,false,,,,,,,,,2026-01-29T01:16:37.505000+00:00,false,0,Animal Battle Stats,1446203750204047426
1466240587501142195,,,,,,true,,0000,0,,1446203750204047426,,0,Animal Battle Stats,,1446204139909550150,,,2026-01-29T01:16:37.493Z,,4491519,4,true,Visitor,RamiNoodle733,true,🔗 Page,/stats,true,🌐 Location,"Houston, TX, US",true,📱 Device,Safari on macOS,true,📐 Screen,402x874,true,🌐 Language,en-US,,,,,,,,,,,0,0,,,https://images-ext-1.discordapp.net/external/JNVOwhfRcEFw8VgKDMB9KwuZ8MKiLYwmegb7iAnEsqQ/https/animalbattlestats.com/images/icons/icon-192.png,https://animalbattlestats.com/images/icons/icon-192.png,0,2026-01-29T01:16:05.752000+00:00,👀 Site Visit,rich,0,,,false,,,,false,,,,,,,,,2026-01-29T01:16:37.493000+00:00,false,0,Animal Battle Stats,1446203750204047426
1466222117577166970,,,,,,true,,0000,0,,1446203750204047426,,0,Animal Battle Stats,,1446204139909550150,,,2026-01-29T00:03:13.920Z,,6710886,4,true,User,RamiNoodle733,true,🔗 Page,/stats,true,🌐 Location,"Houston, TX, US",true,🕐 Session Duration,6m 24s,,,,,,,,,,,,,,,,,0,0,,,https://images-ext-1.discordapp.net/external/JNVOwhfRcEFw8VgKDMB9KwuZ8MKiLYwmegb7iAnEsqQ/https/animalbattlestats.com/images/icons/icon-192.png,https://animalbattlestats.com/images/icons/icon-192.png,0,2026-01-29T00:03:13.619000+00:00,👋 User Left Site,rich,0,,,false,,,,false,,,,,,,,,2026-01-29T00:03:13.920000+00:00,false,0,Animal Battle Stats,1446203750204047426
1466221464238686300,,,,,,true,,0000,0,,1446203750204047426,,0,Animal Battle Stats,,1446204139909550150,,,2026-01-29T00:00:38.152Z,,4491519,4,true,Visitor,RamiNoodle733,true,🔗 Page,/,true,🌐 Location,"Houston, TX, US",true,📱 Device,Safari on macOS,true,📐 Screen,402x874,true,🌐 Language,en-US,,,,,,,,,,,0,0,,,https://images-ext-1.discordapp.net/external/JNVOwhfRcEFw8VgKDMB9KwuZ8MKiLYwmegb7iAnEsqQ/https/animalbattlestats.com/images/icons/icon-192.png,https://animalbattlestats.com/images/icons/icon-192.png,0,2026-01-29T00:00:37.815000+00:00,👀 Site Visit,rich,0,,,false,,,,false,,,,,,,,,2026-01-29T00:00:38.152000+00:00,false,0,Animal Battle Stats,1446203750204047426
1466220508432564407,,,,,,true,,0000,0,,1446203750204047426,,0,Animal Battle Stats,,1446204139909550150,,,2026-01-28T23:56:50.270Z,,4491519,4,true,Visitor,RamiNoodle733,true,🔗 Page,/,true,🌐 Location,"Houston, TX, US",true,🖥️ Device,Chrome on Windows,true,📐 Screen,1366x768,true,🌐 Language,en-US,,,,,,,,,,,0,0,,,https://images-ext-1.discordapp.net/external/JNVOwhfRcEFw8VgKDMB9KwuZ8MKiLYwmegb7iAnEsqQ/https/animalbattlestats.com/images/icons/icon-192.png,https://animalbattlestats.com/images/icons/icon-192.png,0,2026-01-28T23:56:49.953000+00:00,👀 Site Visit,rich,0,,,false,,,,false,,,,,,,,,2026-01-28T23:56:50.270000+00:00,false,0,Animal Battle Stats,1446203750204047426
1466220408691753142,,,,,,true,,0000,0,,1446203750204047426,,0,Animal Battle Stats,,1446204139909550150,,,2026-01-28T23:56:26.490Z,,4491519,4,true,Visitor,Anonymous,true,🔗 Page,/,true,🌐 Location,US,true,📱 Device,Chrome on Linux,true,📐 Screen,412x732,true,🌐 Language,en-US,,,,,,,,,,,0,0,,,https://images-ext-1.discordapp.net/external/JNVOwhfRcEFw8VgKDMB9KwuZ8MKiLYwmegb7iAnEsqQ/https/animalbattlestats.com/images/icons/icon-192.png,https://animalbattlestats.com/images/icons/icon-192.png,0,2026-01-28T23:56:26.193000+00:00,👀 Site Visit,rich,0,,,false,,,,false,,,,,,,,,2026-01-28T23:56:26.490000+00:00,false,0,Animal Battle Stats,1446203750204047426
1466220095826166037,,,,,,true,,0000,0,,1446203750204047426,,0,Animal Battle Stats,,1446204139909550150,,,2026-01-28T23:55:11.897Z,,4491519,4,true,Visitor,Anonymous,true,🔗 Page,/,true,🌐 Location,"Houston, TX, US",true,📱 Device,Unknown on macOS,true,📐 Screen,402x874,true,🌐 Language,en-US,,,,,,,,,,,0,0,,,https://images-ext-1.discordapp.net/external/JNVOwhfRcEFw8VgKDMB9KwuZ8MKiLYwmegb7iAnEsqQ/https/animalbattlestats.com/images/icons/icon-192.png,https://animalbattlestats.com/images/icons/icon-192.png,0,2026-01-28T23:55:11.487000+00:00,👀 Site Visit,rich,0,,,false,,,,false,,,,,,,,,2026-01-28T23:55:11.897000+00:00,false,0,Animal Battle Stats,1446203750204047426
1466220094391849044,,,,,,true,,0000,0,,1446203750204047426,,0,Animal Battle Stats,,1446204139909550150,,,2026-01-28T23:55:11.555Z,,4491519,4,true,Visitor,Anonymous,true,🔗 Page,/,true,🌐 Location,"Queens, NY, US",true,🖥️ Device,Chrome on Windows,true,📐 Screen,1920x1080,true,🌐 Language,en-US,,,,,,,,,,,0,0,,,https://images-ext-1.discordapp.net/external/JNVOwhfRcEFw8VgKDMB9KwuZ8MKiLYwmegb7iAnEsqQ/https/animalbattlestats.com/images/icons/icon-192.png,https://animalbattlestats.com/images/icons/icon-192.png,0,2026-01-28T23:52:18.232000+00:00,👀 Site Visit,rich,0,,,false,,,,false,,,,,,,,,2026-01-28T23:55:11.555000+00:00,false,0,Animal Battle Stats,1446203750204047426
1466219368705818822,,,,,,true,,0000,0,,1446203750204047426,,0,Animal Battle Stats,,1446204139909550150,,,2026-01-28T23:52:18.538Z,,4491519,4,true,Visitor,Anonymous,true,🔗 Page,/,true,🌐 Location,US,true,🖥️ Device,Unknown on Unknown,true,📐 Screen,1366x1400,true,🌐 Language,en-US,,,,,,,,,,,0,0,,,https://images-ext-1.discordapp.net/external/JNVOwhfRcEFw8VgKDMB9KwuZ8MKiLYwmegb7iAnEsqQ/https/animalbattlestats.com/images/icons/icon-192.png,https://animalbattlestats.com/images/icons/icon-192.png,0,2026-01-28T23:52:17.782000+00:00,👀 Site Visit,rich,0,,,false,,,,false,,,,,,,,,2026-01-28T23:52:18.538000+00:00,false,0,Animal Battle Stats,1446203750204047426
1466219368659812494,,,,,,true,,0000,0,,1446203750204047426,,0,Animal Battle Stats,,1446204139909550150,,,2026-01-28T23:52:18.527Z,,4491519,4,true,Visitor,Anonymous,true,🔗 Page,/,true,🌐 Location,US,true,🖥️ Device,Chrome on Windows,true,📐 Screen,1920x1080,true,🌐 Language,en-US,,,,,,,,,,,0,0,,,https://images-ext-1.discordapp.net/external/JNVOwhfRcEFw8VgKDMB9KwuZ8MKiLYwmegb7iAnEsqQ/https/animalbattlestats.com/images/icons/icon-192.png,https://animalbattlestats.com/images/icons/icon-192.png,0,2026-01-28T23:52:17.928000+00:00,👀 Site Visit,rich,0,,,false,,,,false,,,,,,,,,2026-01-28T23:52:18.527000+00:00,false,0,Animal Battle Stats,1446203750204047426
1466176261071179978,,,,,,true,,0000,0,,1446203750204047426,,0,Animal Battle Stats,,1446204139909550150,,,2026-01-28T21:01:00.877Z,,4491519,4,true,Visitor,RamiNoodle733,true,🔗 Page,/,true,🌐 Location,"Houston, TX, US",true,🖥️ Device,Chrome on Windows,true,📐 Screen,1366x768,true,🌐 Language,en-US,,,,,,,,,,,0,0,,,https://images-ext-1.discordapp.net/external/JNVOwhfRcEFw8VgKDMB9KwuZ8MKiLYwmegb7iAnEsqQ/https/animalbattlestats.com/images/icons/icon-192.png,https://animalbattlestats.com/images/icons/icon-192.png,0,2026-01-28T21:00:59.255000+00:00,👀 Site Visit,rich,0,,,false,,,,false,,,,,,,,,2026-01-28T21:01:00.877000+00:00,false,0,Animal Battle Stats,1446203750204047426
1466168428686741799,,,,,,true,,0000,0,,1446203750204047426,,0,Animal Battle Stats,,1446204139909550150,,,2026-01-28T20:29:53.491Z,,5793266,4,true,User,RamiNoodle733,false,Message,Let us comment on compare page!,true,🌐 Location,"Houston, TX, US",true,🖥️ Device,Chrome on Windows,,,,,,,,,,,,,,,,,0,0,,,https://images-ext-1.discordapp.net/external/JNVOwhfRcEFw8VgKDMB9KwuZ8MKiLYwmegb7iAnEsqQ/https/animalbattlestats.com/images/icons/icon-192.png,https://animalbattlestats.com/images/icons/icon-192.png,0,2026-01-28T20:29:52.770000+00:00,💬 Community Chat,rich,0,,,false,,,,false,,,,,,,,,2026-01-28T20:29:53.491000+00:00,false,0,Animal Battle Stats,1446203750204047426
1466167400809627688,,,,,,true,,0000,0,,1446203750204047426,,0,Animal Battle Stats,,1446204139909550150,,,2026-01-28T20:25:48.426Z,,52360,4,true,By,RamiNoodle733,true,Comment Author,RamiNoodle733,true,On,Gibbon,true,🌐 Location,"Houston, TX, US",true,🖥️ Device,Chrome on Windows,,,,,,,,,,,,,,0,0,,,https://images-ext-1.discordapp.net/external/JNVOwhfRcEFw8VgKDMB9KwuZ8MKiLYwmegb7iAnEsqQ/https/animalbattlestats.com/images/icons/icon-192.png,https://animalbattlestats.com/images/icons/icon-192.png,0,2026-01-28T20:25:48.080000+00:00,👍 Comment Upvoted,rich,0,,,false,,,,false,,,,,,,,,2026-01-28T20:25:48.426000+00:00,false,0,Animal Battle Stats,1446203750204047426
1466167381146603594,,,,,,true,,0000,0,,1446203750204047426,,0,Animal Battle Stats,,1446204139909550150,,,2026-01-28T20:25:43.738Z,,54527,4,true,User,RamiNoodle733,true,Target,Gibbon,false,Comment,Should be higher!!,true,🌐 Location,"Houston, TX, US",true,🖥️ Device,Chrome on Windows,,,,,,,,,,,,,,0,0,,,https://images-ext-1.discordapp.net/external/JNVOwhfRcEFw8VgKDMB9KwuZ8MKiLYwmegb7iAnEsqQ/https/animalbattlestats.com/images/icons/icon-192.png,https://animalbattlestats.com/images/icons/icon-192.png,0,2026-01-28T20:25:43.218000+00:00,💬 New Comment,rich,0,,,false,,,,false,,,,,,,,,2026-01-28T20:25:43.738000+00:00,false,0,Animal Battle Stats,1446203750204047426
1466167342450081971,,,,,,true,,0000,0,,1446203750204047426,,0,Animal Battle Stats,,1446204139909550150,,,2026-01-28T20:25:34.512Z,,65416,4,true,User,RamiNoodle733,true,Animal,Gibbon,true,Vote,👍 Upvote,true,🌐 Location,"Houston, TX, US",true,🖥️ Device,Chrome on Windows,,,,,,,,,,,,,,0,0,,,https://images-ext-1.discordapp.net/external/JNVOwhfRcEFw8VgKDMB9KwuZ8MKiLYwmegb7iAnEsqQ/https/animalbattlestats.com/images/icons/icon-192.png,https://animalbattlestats.com/images/icons/icon-192.png,0,2026-01-28T20:25:34.291000+00:00,👍 New Vote,rich,0,,,false,,,,false,,,,,,,,,2026-01-28T20:25:34.512000+00:00,false,0,Animal Battle Stats,1446203750204047426
1466167215131857169,,,,,,true,,0000,0,,1446203750204047426,,0,Animal Battle Stats,,1446204139909550150,,,2026-01-28T20:25:04.157Z,,65416,4,true,User,RamiNoodle733,true,Animal,Grizzly Bear,true,Vote,👍 Upvote,true,🌐 Location,"Houston, TX, US",true,🖥️ Device,Chrome on Windows,,,,,,,,,,,,,,0,0,,,https://images-ext-1.discordapp.net/external/JNVOwhfRcEFw8VgKDMB9KwuZ8MKiLYwmegb7iAnEsqQ/https/animalbattlestats.com/images/icons/icon-192.png,https://animalbattlestats.com/images/icons/icon-192.png,0,2026-01-28T20:25:03.804000+00:00,👍 New Vote,rich,0,,,false,,,,false,,,,,,,,,2026-01-28T20:25:04.157000+00:00,false,0,Animal Battle Stats,1446203750204047426
1466166900949127503,,,,,,true,,0000,0,,1446203750204047426,,0,Animal Battle Stats,,1446204139909550150,,,2026-01-28T20:23:49.250Z,,16739072,4,false,Matchup,**Gorilla** vs **Gray Wolf**,true,User,RamiNoodle733,true,🌐 Location,"Houston, TX, US",true,🖥️ Device,Chrome on Windows,,,,,,,,,,,,,,,,,0,0,,,https://images-ext-1.discordapp.net/external/JNVOwhfRcEFw8VgKDMB9KwuZ8MKiLYwmegb7iAnEsqQ/https/animalbattlestats.com/images/icons/icon-192.png,https://animalbattlestats.com/images/icons/icon-192.png,0,2026-01-28T20:23:48.658000+00:00,⚔️ Battle Comparison,rich,0,,,false,,,,false,,,,,,,,,2026-01-28T20:23:49.250000+00:00,false,0,Animal Battle Stats,1446203750204047426
1466165226155151491,,,,,,true,,0000,0,,1446203750204047426,,0,Animal Battle Stats,,1446204139909550150,,,2026-01-28T20:17:09.948Z,,65416,4,true,User,RamiNoodle733,true,Animal,Red-Eyed Tree Frog,true,Vote,👍 Upvote,true,🌐 Location,"Houston, TX, US",true,🖥️ Device,Chrome on Windows,,,,,,,,,,,,,,0,0,,,https://images-ext-1.discordapp.net/external/JNVOwhfRcEFw8VgKDMB9KwuZ8MKiLYwmegb7iAnEsqQ/https/animalbattlestats.com/images/icons/icon-192.png,https://animalbattlestats.com/images/icons/icon-192.png,0,2026-01-28T20:17:09.559000+00:00,👍 New Vote,rich,0,,,false,,,,false,,,,,,,,,2026-01-28T20:17:09.948000+00:00,false,0,Animal Battle Stats,1446203750204047426
1466164821308346513,,,,,,true,,0000,0,,1446203750204047426,,0,Animal Battle Stats,,1446204139909550150,,,2026-01-28T20:15:33.425Z,,16739072,4,false,Matchup,**Jaguar** vs **Gorilla**,true,User,RamiNoodle733,true,🌐 Location,"Houston, TX, US",true,🖥️ Device,Chrome on Windows,,,,,,,,,,,,,,,,,0,0,,,https://images-ext-1.discordapp.net/external/JNVOwhfRcEFw8VgKDMB9KwuZ8MKiLYwmegb7iAnEsqQ/https/animalbattlestats.com/images/icons/icon-192.png,https://animalbattlestats.com/images/icons/icon-192.png,0,2026-01-28T20:15:32.854000+00:00,⚔️ Battle Comparison,rich,0,,,false,,,,false,,,,,,,,,2026-01-28T20:15:33.425000+00:00,false,0,Animal Battle Stats,1446203750204047426
1466159631641346241,,,,,,true,,0000,0,,1446203750204047426,,0,Animal Battle Stats,,1446204139909550150,,,2026-01-28T19:54:56.112Z,,16724838,4,true,User,RamiNoodle733,true,Animal,Hippopotamus,true,Vote,👎 Downvote,true,🌐 Location,"Houston, TX, US",true,🖥️ Device,Chrome on Windows,,,,,,,,,,,,,,0,0,,,https://images-ext-1.discordapp.net/external/JNVOwhfRcEFw8VgKDMB9KwuZ8MKiLYwmegb7iAnEsqQ/https/animalbattlestats.com/images/icons/icon-192.png,https://animalbattlestats.com/images/icons/icon-192.png,0,2026-01-28T19:54:55.732000+00:00,👎 New Vote,rich,0,,,false,,,,false,,,,,,,,,2026-01-28T19:54:56.112000+00:00,false,0,Animal Battle Stats,1446203750204047426
1466159579879444543,,,,,,true,,0000,0,,1446203750204047426,,0,Animal Battle Stats,,1446204139909550150,,,2026-01-28T19:54:43.771Z,,65416,4,true,User,RamiNoodle733,true,Animal,African Lion,true,Vote,👍 Upvote,true,🌐 Location,"Houston, TX, US",true,🖥️ Device,Chrome on Windows,,,,,,,,,,,,,,0,0,,,https://images-ext-1.discordapp.net/external/JNVOwhfRcEFw8VgKDMB9KwuZ8MKiLYwmegb7iAnEsqQ/https/animalbattlestats.com/images/icons/icon-192.png,https://animalbattlestats.com/images/icons/icon-192.png,0,2026-01-28T19:54:43.347000+00:00,👍 New Vote,rich,0,,,false,,,,false,,,,,,,,,2026-01-28T19:54:43.771000+00:00,false,0,Animal Battle Stats,1446203750204047426
1466159319299916063,,,,,,true,,0000,0,,1446203750204047426,,0,Animal Battle Stats,,1446204139909550150,,,2026-01-28T19:53:41.644Z,,16739072,4,false,Matchup,**Gray Wolf** vs **Gorilla**,true,User,RamiNoodle733,true,🌐 Location,"Houston, TX, US",true,🖥️ Device,Chrome on Windows,,,,,,,,,,,,,,,,,0,0,,,https://images-ext-1.discordapp.net/external/JNVOwhfRcEFw8VgKDMB9KwuZ8MKiLYwmegb7iAnEsqQ/https/animalbattlestats.com/images/icons/icon-192.png,https://animalbattlestats.com/images/icons/icon-192.png,0,2026-01-28T19:53:40.882000+00:00,⚔️ Battle Comparison,rich,0,,,false,,,,false,,,,,,,,,2026-01-28T19:53:41.644000+00:00,false,0,Animal Battle Stats,1446203750204047426
1466157639896400218,,,,,,true,,0000,0,,1446203750204047426,,0,Animal Battle Stats,,1446204139909550150,,,2026-01-28T19:47:01.243Z,,4491519,4,true,Visitor,RamiNoodle733,true,🔗 Page,/,true,🌐 Location,"Houston, TX, US",true,🖥️ Device,Chrome on Windows,true,📐 Screen,1366x768,true,🌐 Language,en-US,,,,,,,,,,,0,0,,,https://images-ext-1.discordapp.net/external/JNVOwhfRcEFw8VgKDMB9KwuZ8MKiLYwmegb7iAnEsqQ/https/animalbattlestats.com/images/icons/icon-192.png,https://animalbattlestats.com/images/icons/icon-192.png,0,2026-01-28T19:47:00.874000+00:00,👀 Site Visit,rich,0,,,false,,,,false,,,,,,,,,2026-01-28T19:47:01.243000+00:00,false,0,Animal Battle Stats,1446203750204047426
1466157637363040464,,,,,,true,,0000,0,,1446203750204047426,,0,Animal Battle Stats,,1446204139909550150,,,2026-01-28T19:47:00.639Z,,6710886,4,true,User,RamiNoodle733,true,🔗 Page,/,true,🌐 Location,"Houston, TX, US",true,🕐 Session Duration,21m 57s,,,,,,,,,,,,,,,,,0,0,,,https://images-ext-1.discordapp.net/external/JNVOwhfRcEFw8VgKDMB9KwuZ8MKiLYwmegb7iAnEsqQ/https/animalbattlestats.com/images/icons/icon-192.png,https://animalbattlestats.com/images/icons/icon-192.png,0,2026-01-28T19:46:57.782000+00:00,👋 User Left Site,rich,0,,,false,,,,false,,,,,,,,,2026-01-28T19:47:00.639000+00:00,false,0,Animal Battle Stats,1446203750204047426
1466155972807491892,,,,,,true,,0000,0,,1446203750204047426,,0,Animal Battle Stats,,1446204139909550150,,,2026-01-28T19:40:23.778Z,,5793266,4,true,User,RamiNoodle733,false,Message,Make it better!,true,🌐 Location,"Houston, TX, US",true,🖥️ Device,Chrome on Windows,,,,,,,,,,,,,,,,,0,0,,,https://images-ext-1.discordapp.net/external/JNVOwhfRcEFw8VgKDMB9KwuZ8MKiLYwmegb7iAnEsqQ/https/animalbattlestats.com/images/icons/icon-192.png,https://animalbattlestats.com/images/icons/icon-192.png,0,2026-01-28T19:40:23.168000+00:00,💬 Community Chat,rich,0,,,false,,,,false,,,,,,,,,2026-01-28T19:40:23.778000+00:00,false,0,Animal Battle Stats,1446203750204047426
1466154962168975382,,,,,,true,,0000,0,,1446203750204047426,,0,Animal Battle Stats,,1446204139909550150,,,2026-01-28T19:36:22.823Z,,16724838,4,true,User,RamiNoodle733,true,Animal,Cape Buffalo,true,Vote,👎 Downvote,true,🌐 Location,"Houston, TX, US",true,🖥️ Device,Chrome on Windows,,,,,,,,,,,,,,0,0,,,https://images-ext-1.discordapp.net/external/JNVOwhfRcEFw8VgKDMB9KwuZ8MKiLYwmegb7iAnEsqQ/https/animalbattlestats.com/images/icons/icon-192.png,https://animalbattlestats.com/images/icons/icon-192.png,0,2026-01-28T19:36:22.504000+00:00,👎 New Vote,rich,0,,,false,,,,false,,,,,,,,,2026-01-28T19:36:22.823000+00:00,false,0,Animal Battle Stats,1446203750204047426
1466154950190174250,,,,,,true,,0000,0,,1446203750204047426,,0,Animal Battle Stats,,1446204139909550150,,,2026-01-28T19:36:19.967Z,,65416,4,true,User,RamiNoodle733,true,Animal,Polar Bear,true,Vote,👍 Upvote,true,🌐 Location,"Houston, TX, US",true,🖥️ Device,Chrome on Windows,,,,,,,,,,,,,,0,0,,,https://images-ext-1.discordapp.net/external/JNVOwhfRcEFw8VgKDMB9KwuZ8MKiLYwmegb7iAnEsqQ/https/animalbattlestats.com/images/icons/icon-192.png,https://animalbattlestats.com/images/icons/icon-192.png,0,2026-01-28T19:36:19.112000+00:00,👍 New Vote,rich,0,,,false,,,,false,,,,,,,,,2026-01-28T19:36:19.967000+00:00,false,0,Animal Battle Stats,1446203750204047426
1466154690067824818,,,,,,true,,0000,0,,1446203750204047426,,0,Animal Battle Stats,,1446204139909550150,,,2026-01-28T19:35:17.949Z,,16739072,4,false,Matchup,**Gorilla** vs **Orangutan**,true,User,RamiNoodle733,true,🌐 Location,"Houston, TX, US",true,🖥️ Device,Chrome on Windows,,,,,,,,,,,,,,,,,0,0,,,https://images-ext-1.discordapp.net/external/JNVOwhfRcEFw8VgKDMB9KwuZ8MKiLYwmegb7iAnEsqQ/https/animalbattlestats.com/images/icons/icon-192.png,https://animalbattlestats.com/images/icons/icon-192.png,0,2026-01-28T19:35:17.406000+00:00,⚔️ Battle Comparison,rich,0,,,false,,,,false,,,,,,,,,2026-01-28T19:35:17.949000+00:00,false,0,Animal Battle Stats,1446203750204047426
1466152096767152358,,,,,,true,,0000,0,,1446203750204047426,,0,Animal Battle Stats,,1446204139909550150,,,2026-01-28T19:24:59.658Z,,4491519,4,true,Visitor,RamiNoodle733,true,🔗 Page,/,true,🌐 Location,"Houston, TX, US",true,🖥️ Device,Chrome on Windows,true,📐 Screen,1366x768,true,🌐 Language,en-US,,,,,,,,,,,0,0,,,https://images-ext-1.discordapp.net/external/JNVOwhfRcEFw8VgKDMB9KwuZ8MKiLYwmegb7iAnEsqQ/https/animalbattlestats.com/images/icons/icon-192.png,https://animalbattlestats.com/images/icons/icon-192.png,0,2026-01-28T19:24:59.436000+00:00,👀 Site Visit,rich,0,,,false,,,,false,,,,,,,,,2026-01-28T19:24:59.658000+00:00,false,0,Animal Battle Stats,1446203750204047426
1466152094401564836,,,,,,true,,0000,0,,1446203750204047426,,0,Animal Battle Stats,,1446204139909550150,,,2026-01-28T19:24:59.094Z,,6710886,4,true,User,RamiNoodle733,true,🔗 Page,/,true,🌐 Location,"Houston, TX, US",true,🕐 Session Duration,9m 30s,,,,,,,,,,,,,,,,,0,0,,,https://images-ext-1.discordapp.net/external/JNVOwhfRcEFw8VgKDMB9KwuZ8MKiLYwmegb7iAnEsqQ/https/animalbattlestats.com/images/icons/icon-192.png,https://animalbattlestats.com/images/icons/icon-192.png,0,2026-01-28T19:24:58.181000+00:00,👋 User Left Site,rich,0,,,false,,,,false,,,,,,,,,2026-01-28T19:24:59.094000+00:00,false,0,Animal Battle Stats,1446203750204047426
1466151717430362122,,,,,,true,,0000,0,,1446203750204047426,,0,Animal Battle Stats,,1446204139909550150,,,2026-01-28T19:23:29.217Z,,52326,4,true,Username,RamiNoodle733,true,🌐 Location,"Houston, TX, US",true,🖥️ Device,Chrome on Windows,,,,,,,,,,,,,,,,,,,,0,0,,,https://images-ext-1.discordapp.net/external/JNVOwhfRcEFw8VgKDMB9KwuZ8MKiLYwmegb7iAnEsqQ/https/animalbattlestats.com/images/icons/icon-192.png,https://animalbattlestats.com/images/icons/icon-192.png,0,2026-01-28T19:23:28.438000+00:00,🔓 User Login,rich,0,,,false,,,,false,,,,,,,,,2026-01-28T19:23:29.217000+00:00,false,0,Animal Battle Stats,1446203750204047426
1466151424768610507,,,,,,true,,0000,0,,1446203750204047426,,0,Animal Battle Stats,,1446204139909550150,,,2026-01-28T19:22:19.441Z,,65416,4,true,User,RamiNoodle733,true,Animal,Praying Mantis,true,Vote,👍 Upvote,true,🌐 Location,"Houston, TX, US",true,🖥️ Device,Chrome on Windows,,,,,,,,,,,,,,0,0,,,https://images-ext-1.discordapp.net/external/JNVOwhfRcEFw8VgKDMB9KwuZ8MKiLYwmegb7iAnEsqQ/https/animalbattlestats.com/images/icons/icon-192.png,https://animalbattlestats.com/images/icons/icon-192.png,0,2026-01-28T19:22:19.169000+00:00,👍 New Vote,rich,0,,,false,,,,false,,,,,,,,,2026-01-28T19:22:19.441000+00:00,false,0,Animal Battle Stats,1446203750204047426
1466151420267856080,,,,,,true,,0000,0,,1446203750204047426,,0,Animal Battle Stats,,1446204139909550150,,,2026-01-28T19:22:18.368Z,,8947848,4,true,User,RamiNoodle733,true,Animal,Praying Mantis,true,Removed,👎 Was Downvote,true,🌐 Location,"Houston, TX, US",true,🖥️ Device,Chrome on Windows,,,,,,,,,,,,,,0,0,,,https://images-ext-1.discordapp.net/external/JNVOwhfRcEFw8VgKDMB9KwuZ8MKiLYwmegb7iAnEsqQ/https/animalbattlestats.com/images/icons/icon-192.png,https://animalbattlestats.com/images/icons/icon-192.png,0,2026-01-28T19:22:18.142000+00:00,🗑️ Vote Removed,rich,0,,,false,,,,false,,,,,,,,,2026-01-28T19:22:18.368000+00:00,false,0,Animal Battle Stats,1446203750204047426
1466151396511318193,,,,,,true,,0000,0,,1446203750204047426,,0,Animal Battle Stats,,1446204139909550150,,,2026-01-28T19:22:12.704Z,,16724838,4,true,User,RamiNoodle733,true,Animal,Praying Mantis,true,Vote,👎 Downvote,true,🌐 Location,"Houston, TX, US",true,🖥️ Device,Chrome on Windows,,,,,,,,,,,,,,0,0,,,https://images-ext-1.discordapp.net/external/JNVOwhfRcEFw8VgKDMB9KwuZ8MKiLYwmegb7iAnEsqQ/https/animalbattlestats.com/images/icons/icon-192.png,https://animalbattlestats.com/images/icons/icon-192.png,0,2026-01-28T19:22:12.227000+00:00,👎 New Vote,rich,0,,,false,,,,false,,,,,,,,,2026-01-28T19:22:12.704000+00:00,false,0,Animal Battle Stats,1446203750204047426
1466151034299744317,,,,,,true,,0000,0,,1446203750204047426,,0,Animal Battle Stats,,1446204139909550150,,,2026-01-28T19:20:46.346Z,,16724838,4,true,User,RamiNoodle733,true,Animal,Bullet Ant,true,Vote,👎 Downvote,true,🌐 Location,"Houston, TX, US",true,🖥️ Device,Chrome on Windows,,,,,,,,,,,,,,0,0,,,https://images-ext-1.discordapp.net/external/JNVOwhfRcEFw8VgKDMB9KwuZ8MKiLYwmegb7iAnEsqQ/https/animalbattlestats.com/images/icons/icon-192.png,https://animalbattlestats.com/images/icons/icon-192.png,0,2026-01-28T19:20:46.013000+00:00,👎 New Vote,rich,0,,,false,,,,false,,,,,,,,,2026-01-28T19:20:46.346000+00:00,false,0,Animal Battle Stats,1446203750204047426
1466150668791316601,,,,,,true,,0000,0,,1446203750204047426,,0,Animal Battle Stats,,1446204139909550150,,,2026-01-28T19:19:19.202Z,,16724838,4,true,User,RamiNoodle733,true,Animal,Orca,true,Vote,👎 Downvote,true,🌐 Location,"Houston, TX, US",true,🖥️ Device,Chrome on Windows,,,,,,,,,,,,,,0,0,,,https://images-ext-1.discordapp.net/external/JNVOwhfRcEFw8VgKDMB9KwuZ8MKiLYwmegb7iAnEsqQ/https/animalbattlestats.com/images/icons/icon-192.png,https://animalbattlestats.com/images/icons/icon-192.png,0,2026-01-28T19:19:18.946000+00:00,👎 New Vote,rich,0,,,false,,,,false,,,,,,,,,2026-01-28T19:19:19.202000+00:00,false,0,Animal Battle Stats,1446203750204047426
1466150643906510912,,,,,,true,,0000,0,,1446203750204047426,,0,Animal Battle Stats,,1446204139909550150,,,2026-01-28T19:19:13.269Z,,65416,4,true,User,RamiNoodle733,true,Animal,African Elephant,true,Vote,👍 Upvote,true,🌐 Location,"Houston, TX, US",true,🖥️ Device,Chrome on Windows,,,,,,,,,,,,,,0,0,,,https://images-ext-1.discordapp.net/external/JNVOwhfRcEFw8VgKDMB9KwuZ8MKiLYwmegb7iAnEsqQ/https/animalbattlestats.com/images/icons/icon-192.png,https://animalbattlestats.com/images/icons/icon-192.png,0,2026-01-28T19:19:12.905000+00:00,👍 New Vote,rich,0,,,false,,,,false,,,,,,,,,2026-01-28T19:19:13.269000+00:00,false,0,Animal Battle Stats,1446203750204047426