id,activity,application,application_id,attachments,author.avatar,author.bot,author.clan,author.discriminator,author.flags,author.global_name,author.id,author.primary_guild,author.public_flags,author.username,call,channel_id,components,content,date,edited_timestamp,embeds.0.color,embeds.0.content_scan_version,embeds.0.description,embeds.0.fields.0.inline,embeds.0.fields.0.name,embeds.0.fields.0.value,embeds.0.fields.1.inline,embeds.0.fields.1.name,embeds.0.fields.1.value,embeds.0.fields.2.inline,embeds.0.fields.2.name,embeds.0.fields.2.value,embeds.0.fields.3.inline,embeds.0.fields.3.name,embeds.0.fields.3.value,embeds.0.fields.4.inline,embeds.0.fields.4.name,embeds.0.fields.4.value,embeds.0.fields.5.inline,embeds.0.fields.5.name,embeds.0.fields.5.value,embeds.0.fields.6.inline,embeds.0.fields.6.name,embeds.0.fields.6.value,embeds.0.fields.7.inline,embeds.0.fields.7.name,embeds.0.fields.7.value,embeds.0.timestamp,embeds.0.title,embeds.0.type,flags,interaction,mention_channels,mention_everyone,mentions,message_reference,nonce,pinned,position,reactions,referenced_message,resolved,role_subscription_data,sticker_items,stickers,thread,timestamp,tts,type,userName,webhook_id
1463698180305846325,,,,,,true,,0000,0,,1446203750204047426,,0,Animal Battle Stats,,1446204139909550150,,,2026-01-22T00:54:00.382Z,,52360,0,,true,By,RamiNoodle733,true,Comment Author,RamiNoodle733,true,On,Megalodon,true,🌐 Location,"Houston, TX, US",,,,,,,,,,,,,2026-01-22T00:54:00.140000+00:00,👍 Comment Upvoted,rich,0,,,false,,,,false,,,,,,,,,2026-01-22T00:54:00.382000+00:00,false,0,Animal Battle Stats,1446203750204047426
1463698172567093319,,,,,,true,,0000,0,,1446203750204047426,,0,Animal Battle Stats,,1446204139909550150,,,2026-01-22T00:53:58.537Z,,52360,0,,true,By,RamiNoodle733,true,Comment Author,RamiNoodle733,true,On,Megalodon,true,🌐 Location,"Houston, TX, US",,,,,,,,,,,,,2026-01-22T00:53:58.174000+00:00,👍 Comment Upvoted,rich,0,,,false,,,,false,,,,,,,,,2026-01-22T00:53:58.537000+00:00,false,0,Animal Battle Stats,1446203750204047426
1463698164476543120,,,,,,true,,0000,0,,1446203750204047426,,0,Animal Battle Stats,,1446204139909550150,,,2026-01-22T00:53:56.608Z,,13382502,0,,true,By,RamiNoodle733,true,Comment Author,RamiNoodle733,true,On,Megalodon,true,🌐 Location,"Houston, TX, US",,,,,,,,,,,,,2026-01-22T00:53:56.115000+00:00,👎 Comment Downvoted,rich,0,,,false,,,,false,,,,,,,,,2026-01-22T00:53:56.608000+00:00,false,0,Animal Battle Stats,1446203750204047426
1463692988235513909,,,,,,true,,0000,0,,1446203750204047426,,0,Animal Battle Stats,,1446204139909550150,,,2026-01-22T00:33:22.496Z,,65416,0,,true,User,RamiNoodle733,true,Animal,Hippopotamus,true,Vote,👍 Upvote,true,🌐 Location,"Houston, TX, US",,,,,,,,,,,,,2026-01-22T00:33:22.256000+00:00,👍 New Vote,rich,0,,,false,,,,false,,,,,,,,,2026-01-22T00:33:22.496000+00:00,false,0,Animal Battle Stats,1446203750204047426
1463692912994029704,,,,,,true,,0000,0,,1446203750204047426,,0,Animal Battle Stats,,1446204139909550150,,,2026-01-22T00:33:04.557Z,,4491519,0,,true,Visitor,RamiNoodle733,true,🌐 Location,"Houston, TX, US",,,,,,,,,,,,,,,,,,,2026-01-22T00:33:04.273000+00:00,👀 Site Visit,rich,0,,,false,,,,false,,,,,,,,,2026-01-22T00:33:04.557000+00:00,false,0,Animal Battle Stats,1446203750204047426
1463692732227649669,,,,,,true,,0000,0,,1446203750204047426,,0,Animal Battle Stats,,1446204139909550150,,,2026-01-22T00:32:21.459Z,,16766720,0,,true,User,RamiNoodle733,true,Bracket Size,64 animals,true,Total Matches,63,true,🏆 Champion,African Elephant,true,2nd Place,Cassowary,true,3rd/4th Place,"Rhinoceros, Gorilla",false,Recent Matches,"Orca beat Sloth Bear
African Elephant beat Baboon
Gorilla beat Coyote
Rhinoceros beat Yak
Cassowary beat Orca
African Elephant beat Gorilla
Cassowary beat Rhinoceros
African Elephant beat Cassowary",true,🌐 Location,"Houston, TX, US",2026-01-22T00:28:59.605000+00:00,🏆 Tournament Completed,rich,0,,,false,,,,false,,,,,,,,,2026-01-22T00:32:21.459000+00:00,false,0,Animal Battle Stats,1446203750204047426
1463692460319440979,,,,,,true,,0000,0,,1446203750204047426,,0,Animal Battle Stats,,1446204139909550150,,,2026-01-22T00:31:16.631Z,,4491519,0,,true,Visitor,RamiNoodle733,true,🌐 Location,"Houston, TX, US",,,,,,,,,,,,,,,,,,,2026-01-22T00:31:16.345000+00:00,👀 Site Visit,rich,0,,,false,,,,false,,,,,,,,,2026-01-22T00:31:16.631000+00:00,false,0,Animal Battle Stats,1446203750204047426
1463692459698815089,,,,,,true,,0000,0,,1446203750204047426,,0,Animal Battle Stats,,1446204139909550150,,,2026-01-22T00:31:16.483Z,,4491519,0,,true,Visitor,RamiNoodle733,true,🌐 Location,"Houston, TX, US",,,,,,,,,,,,,,,,,,,2026-01-22T00:29:07.791000+00:00,👀 Site Visit,rich,0,,,false,,,,false,,,,,,,,,2026-01-22T00:31:16.483000+00:00,false,0,Animal Battle Stats,1446203750204047426
1463692035402760192,,,,,,true,,0000,0,,1446203750204047426,,0,Animal Battle Stats,,1446204139909550150,,,2026-01-22T00:29:35.323Z,,65416,0,,true,User,RamiNoodle733,true,Animal,Cassowary,true,Vote,👍 Upvote,true,🌐 Location,"Houston, TX, US",,,,,,,,,,,,,2026-01-22T00:29:34.964000+00:00,👍 New Vote,rich,0,,,false,,,,false,,,,,,,,,2026-01-22T00:29:35.323000+00:00,false,0,Animal Battle Stats,1446203750204047426
1463689824991973518,,,,,,true,,0000,0,,1446203750204047426,,0,Animal Battle Stats,,1446204139909550150,,,2026-01-22T00:20:48.320Z,,4491519,0,,true,Visitor,RamiNoodle733,true,🌐 Location,"Houston, TX, US",,,,,,,,,,,,,,,,,,,2026-01-22T00:20:48.073000+00:00,👀 Site Visit,rich,0,,,false,,,,false,,,,,,,,,2026-01-22T00:20:48.320000+00:00,false,0,Animal Battle Stats,1446203750204047426
1463689817039835388,,,,,,true,,0000,0,,1446203750204047426,,0,Animal Battle Stats,,1446204139909550150,,,2026-01-22T00:20:46.424Z,,4491519,0,,true,Visitor,RamiNoodle733,true,🌐 Location,"Houston, TX, US",,,,,,,,,,,,,,,,,,,2026-01-22T00:20:46.044000+00:00,👀 Site Visit,rich,0,,,false,,,,false,,,,,,,,,2026-01-22T00:20:46.424000+00:00,false,0,Animal Battle Stats,1446203750204047426
1463689784844357725,,,,,,true,,0000,0,,1446203750204047426,,0,Animal Battle Stats,,1446204139909550150,,,2026-01-22T00:20:38.748Z,,4491519,0,,true,Visitor,RamiNoodle733,true,🌐 Location,"Houston, TX, US",,,,,,,,,,,,,,,,,,,2026-01-22T00:20:38.455000+00:00,👀 Site Visit,rich,0,,,false,,,,false,,,,,,,,,2026-01-22T00:20:38.748000+00:00,false,0,Animal Battle Stats,1446203750204047426
1463689759850369126,,,,,,true,,0000,0,,1446203750204047426,,0,Animal Battle Stats,,1446204139909550150,,,2026-01-22T00:20:32.789Z,,4491519,0,,true,Visitor,RamiNoodle733,true,🌐 Location,"Houston, TX, US",,,,,,,,,,,,,,,,,,,2026-01-22T00:20:32.523000+00:00,👀 Site Visit,rich,0,,,false,,,,false,,,,,,,,,2026-01-22T00:20:32.789000+00:00,false,0,Animal Battle Stats,1446203750204047426
1463689719605891259,,,,,,true,,0000,0,,1446203750204047426,,0,Animal Battle Stats,,1446204139909550150,,,2026-01-22T00:20:23.194Z,,4491519,0,,true,Visitor,RamiNoodle733,true,🌐 Location,"Houston, TX, US",,,,,,,,,,,,,,,,,,,2026-01-22T00:20:22.750000+00:00,👀 Site Visit,rich,0,,,false,,,,false,,,,,,,,,2026-01-22T00:20:23.194000+00:00,false,0,Animal Battle Stats,1446203750204047426
1463689707522097283,,,,,,true,,0000,0,,1446203750204047426,,0,Animal Battle Stats,,1446204139909550150,,,2026-01-22T00:20:20.313Z,,4491519,0,,true,Visitor,RamiNoodle733,true,🌐 Location,"Houston, TX, US",,,,,,,,,,,,,,,,,,,2026-01-22T00:20:20.017000+00:00,👀 Site Visit,rich,0,,,false,,,,false,,,,,,,,,2026-01-22T00:20:20.313000+00:00,false,0,Animal Battle Stats,1446203750204047426
1463689680607514787,,,,,,true,,0000,0,,1446203750204047426,,0,Animal Battle Stats,,1446204139909550150,,,2026-01-22T00:20:13.896Z,,4491519,0,,true,Visitor,RamiNoodle733,true,🌐 Location,"Houston, TX, US",,,,,,,,,,,,,,,,,,,2026-01-22T00:20:13.597000+00:00,👀 Site Visit,rich,0,,,false,,,,false,,,,,,,,,2026-01-22T00:20:13.896000+00:00,false,0,Animal Battle Stats,1446203750204047426
1463689651201118479,,,,,,true,,0000,0,,1446203750204047426,,0,Animal Battle Stats,,1446204139909550150,,,2026-01-22T00:20:06.885Z,,4491519,0,,true,Visitor,RamiNoodle733,true,🌐 Location,"Houston, TX, US",,,,,,,,,,,,,,,,,,,2026-01-22T00:20:06.616000+00:00,👀 Site Visit,rich,0,,,false,,,,false,,,,,,,,,2026-01-22T00:20:06.885000+00:00,false,0,Animal Battle Stats,1446203750204047426
1463689628967239700,,,,,,true,,0000,0,,1446203750204047426,,0,Animal Battle Stats,,1446204139909550150,,,2026-01-22T00:20:01.584Z,,4491519,0,,true,Visitor,RamiNoodle733,true,🌐 Location,"Houston, TX, US",,,,,,,,,,,,,,,,,,,2026-01-22T00:20:01.252000+00:00,👀 Site Visit,rich,0,,,false,,,,false,,,,,,,,,2026-01-22T00:20:01.584000+00:00,false,0,Animal Battle Stats,1446203750204047426
1463689628115534020,,,,,,true,,0000,0,,1446203750204047426,,0,Animal Battle Stats,,1446204139909550150,,,2026-01-22T00:20:01.381Z,,4491519,0,,true,Visitor,RamiNoodle733,true,🌐 Location,"Houston, TX, US",,,,,,,,,,,,,,,,,,,2026-01-22T00:19:54.405000+00:00,👀 Site Visit,rich,0,,,false,,,,false,,,,,,,,,2026-01-22T00:20:01.381000+00:00,false,0,Animal Battle Stats,1446203750204047426
1463683586665480267,,,,,,true,,0000,0,,1446203750204047426,,0,Animal Battle Stats,,1446204139909550150,,,2026-01-21T23:56:00.987Z,,4491519,0,,true,Visitor,RamiNoodle733,true,🌐 Location,"Houston, TX, US",,,,,,,,,,,,,,,,,,,2026-01-21T23:56:00.798000+00:00,👀 Site Visit,rich,0,,,false,,,,false,,,,,,,,,2026-01-21T23:56:00.987000+00:00,false,0,Animal Battle Stats,1446203750204047426
1463683581648830495,,,,,,true,,0000,0,,1446203750204047426,,0,Animal Battle Stats,,1446204139909550150,,,2026-01-21T23:55:59.791Z,,4491519,0,,true,Visitor,RamiNoodle733,true,🌐 Location,"Houston, TX, US",,,,,,,,,,,,,,,,,,,2026-01-21T23:55:59.455000+00:00,👀 Site Visit,rich,0,,,false,,,,false,,,,,,,,,2026-01-21T23:55:59.791000+00:00,false,0,Animal Battle Stats,1446203750204047426
1463683573973258250,,,,,,true,,0000,0,,1446203750204047426,,0,Animal Battle Stats,,1446204139909550150,,,2026-01-21T23:55:57.961Z,,4491519,0,,true,Visitor,RamiNoodle733,true,🌐 Location,"Houston, TX, US",,,,,,,,,,,,,,,,,,,2026-01-21T23:55:57.653000+00:00,👀 Site Visit,rich,0,,,false,,,,false,,,,,,,,,2026-01-21T23:55:57.961000+00:00,false,0,Animal Battle Stats,1446203750204047426
1463683567845376021,,,,,,true,,0000,0,,1446203750204047426,,0,Animal Battle Stats,,1446204139909550150,,,2026-01-21T23:55:56.500Z,,4491519,0,,true,Visitor,RamiNoodle733,true,🌐 Location,"Houston, TX, US",,,,,,,,,,,,,,,,,,,2026-01-21T23:55:56.250000+00:00,👀 Site Visit,rich,0,,,false,,,,false,,,,,,,,,2026-01-21T23:55:56.500000+00:00,false,0,Animal Battle Stats,1446203750204047426
1463683562501963818,,,,,,true,,0000,0,,1446203750204047426,,0,Animal Battle Stats,,1446204139909550150,,,2026-01-21T23:55:55.226Z,,4491519,0,,true,Visitor,RamiNoodle733,true,🌐 Location,"Houston, TX, US",,,,,,,,,,,,,,,,,,,2026-01-21T23:55:54.863000+00:00,👀 Site Visit,rich,0,,,false,,,,false,,,,,,,,,2026-01-21T23:55:55.226000+00:00,false,0,Animal Battle Stats,1446203750204047426
1463683555656863816,,,,,,true,,0000,0,,1446203750204047426,,0,Animal Battle Stats,,1446204139909550150,,,2026-01-21T23:55:53.594Z,,4491519,0,,true,Visitor,RamiNoodle733,true,🌐 Location,"Houston, TX, US",,,,,,,,,,,,,,,,,,,2026-01-21T23:55:52.493000+00:00,👀 Site Visit,rich,0,,,false,,,,false,,,,,,,,,2026-01-21T23:55:53.594000+00:00,false,0,Animal Battle Stats,1446203750204047426
1463683515269906641,,,,,,true,,0000,0,,1446203750204047426,,0,Animal Battle Stats,,1446204139909550150,,,2026-01-21T23:55:43.965Z,,4491519,0,,true,Visitor,RamiNoodle733,true,🌐 Location,"Houston, TX, US",,,,,,,,,,,,,,,,,,,2026-01-21T23:55:43.710000+00:00,👀 Site Visit,rich,0,,,false,,,,false,,,,,,,,,2026-01-21T23:55:43.965000+00:00,false,0,Animal Battle Stats,1446203750204047426
1463683502066372629,,,,,,true,,0000,0,,1446203750204047426,,0,Animal Battle Stats,,1446204139909550150,,,2026-01-21T23:55:40.817Z,,4491519,0,,true,Visitor,RamiNoodle733,true,🌐 Location,"Houston, TX, US",,,,,,,,,,,,,,,,,,,2026-01-21T23:55:40.577000+00:00,👀 Site Visit,rich,0,,,false,,,,false,,,,,,,,,2026-01-21T23:55:40.817000+00:00,false,0,Animal Battle Stats,1446203750204047426
1463683473033134101,,,,,,true,,0000,0,,1446203750204047426,,0,Animal Battle Stats,,1446204139909550150,,,2026-01-21T23:55:33.895Z,,4491519,0,,true,Visitor,RamiNoodle733,true,🌐 Location,"Houston, TX, US",,,,,,,,,,,,,,,,,,,2026-01-21T23:55:33.603000+00:00,👀 Site Visit,rich,0,,,false,,,,false,,,,,,,,,2026-01-21T23:55:33.895000+00:00,false,0,Animal Battle Stats,1446203750204047426
1463683455106682930,,,,,,true,,0000,0,,1446203750204047426,,0,Animal Battle Stats,,1446204139909550150,,,2026-01-21T23:55:29.621Z,,4491519,0,,true,Visitor,RamiNoodle733,true,🌐 Location,"Houston, TX, US",,,,,,,,,,,,,,,,,,,2026-01-21T23:55:29.350000+00:00,👀 Site Visit,rich,0,,,false,,,,false,,,,,,,,,2026-01-21T23:55:29.621000+00:00,false,0,Animal Battle Stats,1446203750204047426
1463683454029009093,,,,,,true,,0000,0,,1446203750204047426,,0,Animal Battle Stats,,1446204139909550150,,,2026-01-21T23:55:29.364Z,,4491519,0,,true,Visitor,RamiNoodle733,true,🌐 Location,"Houston, TX, US",,,,,,,,,,,,,,,,,,,2026-01-21T23:55:27.072000+00:00,👀 Site Visit,rich,0,,,false,,,,false,,,,,,,,,2026-01-21T23:55:29.364000+00:00,false,0,Animal Battle Stats,1446203750204047426
1463680522319298590,,,,,,true,,0000,0,,1446203750204047426,,0,Animal Battle Stats,,1446204139909550150,,,2026-01-21T23:43:50.390Z,,8421504,0,"{""user"":""RamiNoodle733"",""content"":""test"",""location"":{""city"":""Houston"",""region"":""TX"",""country"":""US"",""formatted"":""Houston, TX, US""}}",,,,,,,,,,,,,,,,,,,,,,,,,2026-01-21T23:43:49.810000+00:00,Event: chat_reply,rich,0,,,false,,,,false,,,,,,,,,2026-01-21T23:43:50.390000+00:00,false,0,Animal Battle Stats,1446203750204047426
1463680386784825568,,,,,,true,,0000,0,,1446203750204047426,,0,Animal Battle Stats,,1446204139909550150,,,2026-01-21T23:43:18.076Z,,52360,0,,true,By,RamiNoodle733,true,Comment Author,RamiNoodle733,true,On,Hippopotamus,true,🌐 Location,"Houston, TX, US",,,,,,,,,,,,,2026-01-21T23:43:17.694000+00:00,👍 Comment Upvoted,rich,0,,,false,,,,false,,,,,,,,,2026-01-21T23:43:18.076000+00:00,false,0,Animal Battle Stats,1446203750204047426
1463680316534165681,,,,,,true,,0000,0,,1446203750204047426,,0,Animal Battle Stats,,1446204139909550150,,,2026-01-21T23:43:01.327Z,,4491519,0,,true,Visitor,RamiNoodle733,true,🌐 Location,"Houston, TX, US",,,,,,,,,,,,,,,,,,,2026-01-21T23:43:01.003000+00:00,👀 Site Visit,rich,0,,,false,,,,false,,,,,,,,,2026-01-21T23:43:01.327000+00:00,false,0,Animal Battle Stats,1446203750204047426
1463680314818691155,,,,,,true,,0000,0,,1446203750204047426,,0,Animal Battle Stats,,1446204139909550150,,,2026-01-21T23:43:00.918Z,,6710886,0,,true,User,RamiNoodle733,true,🌐 Location,"Houston, TX, US",,,,,,,,,,,,,,,,,,,2026-01-21T23:43:00.038000+00:00,👋 User Left Site,rich,0,,,false,,,,false,,,,,,,,,2026-01-21T23:43:00.918000+00:00,false,0,Animal Battle Stats,1446203750204047426
1463679666270502923,,,,,,true,,0000,0,,1446203750204047426,,0,Animal Battle Stats,,1446204139909550150,,,2026-01-21T23:40:26.292Z,,4491519,0,,true,Visitor,RamiNoodle733,true,🌐 Location,"Houston, TX, US",,,,,,,,,,,,,,,,,,,2026-01-21T23:40:26.008000+00:00,👀 Site Visit,rich,0,,,false,,,,false,,,,,,,,,2026-01-21T23:40:26.292000+00:00,false,0,Animal Battle Stats,1446203750204047426
1463679662072004848,,,,,,true,,0000,0,,1446203750204047426,,0,Animal Battle Stats,,1446204139909550150,,,2026-01-21T23:40:25.291Z,,6710886,0,,true,User,RamiNoodle733,true,🌐 Location,"Houston, TX, US",,,,,,,,,,,,,,,,,,,2026-01-21T23:40:24.996000+00:00,👋 User Left Site,rich,0,,,false,,,,false,,,,,,,,,2026-01-21T23:40:25.291000+00:00,false,0,Animal Battle Stats,1446203750204047426
1463679473093316609,,,,,,true,,0000,0,,1446203750204047426,,0,Animal Battle Stats,,1446204139909550150,,,2026-01-21T23:39:40.235Z,,52360,0,,true,By,RamiNoodle733,true,Comment Author,RamiNoodle733,true,On,Megalodon,true,🌐 Location,"Houston, TX, US",,,,,,,,,,,,,2026-01-21T23:39:39.751000+00:00,👍 Comment Upvoted,rich,0,,,false,,,,false,,,,,,,,,2026-01-21T23:39:40.235000+00:00,false,0,Animal Battle Stats,1446203750204047426
1463679329689931786,,,,,,true,,0000,0,,1446203750204047426,,0,Animal Battle Stats,,1446204139909550150,,,2026-01-21T23:39:06.045Z,,4491519,0,,true,Visitor,RamiNoodle733,true,🌐 Location,"Houston, TX, US",,,,,,,,,,,,,,,,,,,2026-01-21T23:39:05.716000+00:00,👀 Site Visit,rich,0,,,false,,,,false,,,,,,,,,2026-01-21T23:39:06.045000+00:00,false,0,Animal Battle Stats,1446203750204047426
1463679327894769731,,,,,,true,,0000,0,,1446203750204047426,,0,Animal Battle Stats,,1446204139909550150,,,2026-01-21T23:39:05.617Z,,6710886,0,,true,User,RamiNoodle733,true,🌐 Location,"Houston, TX, US",,,,,,,,,,,,,,,,,,,2026-01-21T23:38:52.138000+00:00,👋 User Left Site,rich,0,,,false,,,,false,,,,,,,,,2026-01-21T23:39:05.617000+00:00,false,0,Animal Battle Stats,1446203750204047426
1463678981093068975,,,,,,true,,0000,0,,1446203750204047426,,0,Animal Battle Stats,,1446204139909550150,,,2026-01-21T23:37:42.933Z,,4491519,0,,true,Visitor,RamiNoodle733,true,🌐 Location,"Houston, TX, US",,,,,,,,,,,,,,,,,,,2026-01-21T23:37:41.807000+00:00,👀 Site Visit,rich,0,,,false,,,,false,,,,,,,,,2026-01-21T23:37:42.933000+00:00,false,0,Animal Battle Stats,1446203750204047426
1463678975447535666,,,,,,true,,0000,0,,1446203750204047426,,0,Animal Battle Stats,,1446204139909550150,,,2026-01-21T23:37:41.587Z,,6710886,0,,true,User,RamiNoodle733,true,🌐 Location,"Houston, TX, US",,,,,,,,,,,,,,,,,,,2026-01-21T23:37:40.528000+00:00,👋 User Left Site,rich,0,,,false,,,,false,,,,,,,,,2026-01-21T23:37:41.587000+00:00,false,0,Animal Battle Stats,1446203750204047426
1463670260447314032,,,,,,true,,0000,0,,1446203750204047426,,0,Animal Battle Stats,,1446204139909550150,,,2026-01-21T23:03:03.769Z,,4491519,0,,true,Visitor,RamiNoodle733,true,🌐 Location,"Houston, TX, US",,,,,,,,,,,,,,,,,,,2026-01-21T23:03:03.486000+00:00,👀 Site Visit,rich,0,,,false,,,,false,,,,,,,,,2026-01-21T23:03:03.769000+00:00,false,0,Animal Battle Stats,1446203750204047426
1463670248589889713,,,,,,true,,0000,0,,1446203750204047426,,0,Animal Battle Stats,,1446204139909550150,,,2026-01-21T23:03:00.942Z,,4491519,0,,true,Visitor,RamiNoodle733,true,🌐 Location,"Houston, TX, US",,,,,,,,,,,,,,,,,,,2026-01-21T23:02:59.357000+00:00,👀 Site Visit,rich,0,,,false,,,,false,,,,,,,,,2026-01-21T23:03:00.942000+00:00,false,0,Animal Battle Stats,1446203750204047426
1463670242248233094,,,,,,true,,0000,0,,1446203750204047426,,0,Animal Battle Stats,,1446204139909550150,,,2026-01-21T23:02:59.430Z,,4491519,0,,true,Visitor,RamiNoodle733,true,🌐 Location,"Houston, TX, US",,,,,,,,,,,,,,,,,,,2026-01-21T23:02:58.149000+00:00,👀 Site Visit,rich,0,,,false,,,,false,,,,,,,,,2026-01-21T23:02:59.430000+00:00,false,0,Animal Battle Stats,1446203750204047426
1463668905980723373,,,,,,true,,0000,0,,1446203750204047426,,0,Animal Battle Stats,,1446204139909550150,,,2026-01-21T22:57:40.839Z,,4491519,0,,true,Visitor,RamiNoodle733,true,🌐 Location,"Houston, TX, US",,,,,,,,,,,,,,,,,,,2026-01-21T22:57:39.552000+00:00,👀 Site Visit,rich,0,,,false,,,,false,,,,,,,,,2026-01-21T22:57:40.839000+00:00,false,0,Animal Battle Stats,1446203750204047426
1463668901295689884,,,,,,true,,0000,0,,1446203750204047426,,0,Animal Battle Stats,,1446204139909550150,,,2026-01-21T22:57:39.722Z,,4491519,0,,true,Visitor,Anonymous,true,🌐 Location,"Santa Clara, CA, US",,,,,,,,,,,,,,,,,,,2026-01-21T22:57:34.946000+00:00,👀 Site Visit,rich,0,,,false,,,,false,,,,,,,,,2026-01-21T22:57:39.722000+00:00,false,0,Animal Battle Stats,1446203750204047426
1463668898632302690,,,,,,true,,0000,0,,1446203750204047426,,0,Animal Battle Stats,,1446204139909550150,,,2026-01-21T22:57:39.087Z,,4491519,0,,true,Visitor,RamiNoodle733,true,🌐 Location,"Houston, TX, US",,,,,,,,,,,,,,,,,,,2026-01-21T22:57:28.121000+00:00,👀 Site Visit,rich,0,,,false,,,,false,,,,,,,,,2026-01-21T22:57:39.087000+00:00,false,0,Animal Battle Stats,1446203750204047426
1463652720459387043,,,,,,true,,0000,0,,1446203750204047426,,0,Animal Battle Stats,,1446204139909550150,,,2026-01-21T21:53:21.910Z,,16739072,0,,false,Matchup,Hercules Beetle vs Stag Beetle,true,User,Anonymous,true,🌐 Location,"Lodi, NJ, US",,,,,,,,,,,,,,,,2026-01-21T21:53:21.536000+00:00,⚔️ Battle Comparison,rich,0,,,false,,,,false,,,,,,,,,2026-01-21T21:53:21.910000+00:00,false,0,Animal Battle Stats,1446203750204047426
1463645738969075893,,,,,,true,,0000,0,,1446203750204047426,,0,Animal Battle Stats,,1446204139909550150,,,2026-01-21T21:25:37.393Z,,4491519,0,,true,Visitor,RamiNoodle733,true,🌐 Location,"Houston, TX, US",,,,,,,,,,,,,,,,,,,2026-01-21T21:25:36.425000+00:00,👀 Site Visit,rich,0,,,false,,,,false,,,,,,,,,2026-01-21T21:25:37.393000+00:00,false,0,Animal Battle Stats,1446203750204047426
1463645149669097657,,,,,,true,,0000,0,,1446203750204047426,,0,Animal Battle Stats,,1446204139909550150,,,2026-01-21T21:23:16.893Z,,4491519,0,,true,Visitor,RamiNoodle733,true,🌐 Location,"Houston, TX, US",,,,,,,,,,,,,,,,,,,2026-01-21T21:23:16.531000+00:00,👀 Site Visit,rich,0,,,false,,,,false,,,,,,,,,2026-01-21T21:23:16.893000+00:00,false,0,Animal Battle Stats,1446203750204047426
1463645147362361407,,,,,,true,,0000,0,,1446203750204047426,,0,Animal Battle Stats,,1446204139909550150,,,2026-01-21T21:23:16.343Z,,6710886,0,,true,User,RamiNoodle733,true,🌐 Location,"Houston, TX, US",,,,,,,,,,,,,,,,,,,2026-01-21T21:23:15.362000+00:00,👋 User Left Site,rich,0,,,false,,,,false,,,,,,,,,2026-01-21T21:23:16.343000+00:00,false,0,Animal Battle Stats,1446203750204047426
1463640921169203242,,,,,,true,,0000,0,,1446203750204047426,,0,Animal Battle Stats,,1446204139909550150,,,2026-01-21T21:06:28.740Z,,4491519,0,,true,Visitor,RamiNoodle733,true,🌐 Location,"Houston, TX, US",,,,,,,,,,,,,,,,,,,2026-01-21T21:06:28.450000+00:00,👀 Site Visit,rich,0,,,false,,,,false,,,,,,,,,2026-01-21T21:06:28.740000+00:00,false,0,Animal Battle Stats,1446203750204047426
1463640904270090452,,,,,,true,,0000,0,,1446203750204047426,,0,Animal Battle Stats,,1446204139909550150,,,2026-01-21T21:06:24.711Z,,4491519,0,,true,Visitor,RamiNoodle733,true,🌐 Location,"Houston, TX, US",,,,,,,,,,,,,,,,,,,2026-01-21T21:06:24.467000+00:00,👀 Site Visit,rich,0,,,false,,,,false,,,,,,,,,2026-01-21T21:06:24.711000+00:00,false,0,Animal Battle Stats,1446203750204047426
1463640764365148354,,,,,,true,,0000,0,,1446203750204047426,,0,Animal Battle Stats,,1446204139909550150,,,2026-01-21T21:05:51.355Z,,4491519,0,,true,Visitor,RamiNoodle733,true,🌐 Location,"Houston, TX, US",,,,,,,,,,,,,,,,,,,2026-01-21T21:05:51.090000+00:00,👀 Site Visit,rich,0,,,false,,,,false,,,,,,,,,2026-01-21T21:05:51.355000+00:00,false,0,Animal Battle Stats,1446203750204047426
1463640761278136403,,,,,,true,,0000,0,,1446203750204047426,,0,Animal Battle Stats,,1446204139909550150,,,2026-01-21T21:05:50.619Z,,6710886,0,,true,User,RamiNoodle733,true,🌐 Location,"Houston, TX, US",,,,,,,,,,,,,,,,,,,2026-01-21T21:05:50.434000+00:00,👋 User Left Site,rich,0,,,false,,,,false,,,,,,,,,2026-01-21T21:05:50.619000+00:00,false,0,Animal Battle Stats,1446203750204047426
1463640718886047873,,,,,,true,,0000,0,,1446203750204047426,,0,Animal Battle Stats,,1446204139909550150,,,2026-01-21T21:05:40.512Z,,4491519,0,,true,Visitor,RamiNoodle733,true,🌐 Location,"Houston, TX, US",,,,,,,,,,,,,,,,,,,2026-01-21T21:05:40.136000+00:00,👀 Site Visit,rich,0,,,false,,,,false,,,,,,,,,2026-01-21T21:05:40.512000+00:00,false,0,Animal Battle Stats,1446203750204047426
1463640716369465407,,,,,,true,,0000,0,,1446203750204047426,,0,Animal Battle Stats,,1446204139909550150,,,2026-01-21T21:05:39.912Z,,6710886,0,,true,User,RamiNoodle733,true,🌐 Location,"Houston, TX, US",,,,,,,,,,,,,,,,,,,2026-01-21T21:05:39.034000+00:00,👋 User Left Site,rich,0,,,false,,,,false,,,,,,,,,2026-01-21T21:05:39.912000+00:00,false,0,Animal Battle Stats,1446203750204047426
1463637231444037763,,,,,,true,,0000,0,,1446203750204047426,,0,Animal Battle Stats,,1446204139909550150,,,2026-01-21T20:51:49.041Z,,4491519,0,,true,Visitor,RamiNoodle733,true,🌐 Location,"Houston, TX, US",,,,,,,,,,,,,,,,,,,2026-01-21T20:51:48.758000+00:00,👀 Site Visit,rich,0,,,false,,,,false,,,,,,,,,2026-01-21T20:51:49.041000+00:00,false,0,Animal Battle Stats,1446203750204047426
1463637216705122325,,,,,,true,,0000,0,,1446203750204047426,,0,Animal Battle Stats,,1446204139909550150,,,2026-01-21T20:51:45.527Z,,4491519,0,,true,Visitor,RamiNoodle733,true,🌐 Location,"Houston, TX, US",,,,,,,,,,,,,,,,,,,2026-01-21T20:51:45.175000+00:00,👀 Site Visit,rich,0,,,false,,,,false,,,,,,,,,2026-01-21T20:51:45.527000+00:00,false,0,Animal Battle Stats,1446203750204047426
1463637214712823967,,,,,,true,,0000,0,,1446203750204047426,,0,Animal Battle Stats,,1446204139909550150,,,2026-01-21T20:51:45.052Z,,4491519,0,,true,Visitor,RamiNoodle733,true,🌐 Location,"Houston, TX, US",,,,,,,,,,,,,,,,,,,2026-01-21T20:51:43.867000+00:00,👀 Site Visit,rich,0,,,false,,,,false,,,,,,,,,2026-01-21T20:51:45.052000+00:00,false,0,Animal Battle Stats,1446203750204047426
1463623046828130315,,,,,,true,,0000,0,,1446203750204047426,,0,Animal Battle Stats,,1446204139909550150,,,2026-01-21T19:55:27.165Z,,5793266,0,,true,User,RamiNoodle733,false,Message,Working on the site,true,🌐 Location,"Houston, TX, US",,,,,,,,,,,,,,,,2026-01-21T19:55:26.670000+00:00,💬 General Chat Message,rich,0,,,false,,,,false,,,,,,,,,2026-01-21T19:55:27.165000+00:00,false,0,Animal Battle Stats,1446203750204047426
1463475559492489228,,,,,,true,,0000,0,,1446203750204047426,,0,Animal Battle Stats,,1446204139909550150,,,2026-01-21T10:09:23.444Z,,4491519,0,,true,Visitor,RamiNoodle733,true,🌐 Location,"Houston, TX, US",,,,,,,,,,,,,,,,,,,2026-01-21T10:09:23.068000+00:00,👀 Site Visit,rich,0,,,false,,,,false,,,,,,,,,2026-01-21T10:09:23.444000+00:00,false,0,Animal Battle Stats,1446203750204047426
1463475550822600784,,,,,,true,,0000,0,,1446203750204047426,,0,Animal Battle Stats,,1446204139909550150,,,2026-01-21T10:09:21.377Z,,4491519,0,,true,Visitor,RamiNoodle733,true,🌐 Location,"Houston, TX, US",,,,,,,,,,,,,,,,,,,2026-01-21T10:09:21.124000+00:00,👀 Site Visit,rich,0,,,false,,,,false,,,,,,,,,2026-01-21T10:09:21.377000+00:00,false,0,Animal Battle Stats,1446203750204047426
1463475421432778932,,,,,,true,,0000,0,,1446203750204047426,,0,Animal Battle Stats,,1446204139909550150,,,2026-01-21T10:08:50.528Z,,4491519,0,,true,Visitor,RamiNoodle733,true,🌐 Location,"Houston, TX, US",,,,,,,,,,,,,,,,,,,2026-01-21T10:08:50.236000+00:00,👀 Site Visit,rich,0,,,false,,,,false,,,,,,,,,2026-01-21T10:08:50.528000+00:00,false,0,Animal Battle Stats,1446203750204047426
1463475420065435819,,,,,,true,,0000,0,,1446203750204047426,,0,Animal Battle Stats,,1446204139909550150,,,2026-01-21T10:08:50.202Z,,4491519,0,,true,Visitor,RamiNoodle733,true,🌐 Location,"Houston, TX, US",,,,,,,,,,,,,,,,,,,2026-01-21T10:08:43.975000+00:00,👀 Site Visit,rich,0,,,false,,,,false,,,,,,,,,2026-01-21T10:08:50.202000+00:00,false,0,Animal Battle Stats,1446203750204047426
1463369618381865218,,,,,,true,,0000,0,,1446203750204047426,,0,Animal Battle Stats,,1446204139909550150,,,2026-01-21T03:08:25.115Z,,4491519,0,,true,Visitor,RamiNoodle733,true,🌐 Location,"Houston, TX, US",,,,,,,,,,,,,,,,,,,2026-01-21T03:08:24.810000+00:00,👀 Site Visit,rich,0,,,false,,,,false,,,,,,,,,2026-01-21T03:08:25.115000+00:00,false,0,Animal Battle Stats,1446203750204047426
1463369567643500564,,,,,,true,,0000,0,,1446203750204047426,,0,Animal Battle Stats,,1446204139909550150,,,2026-01-21T03:08:13.018Z,,4491519,0,,true,Visitor,RamiNoodle733,true,🌐 Location,"Houston, TX, US",,,,,,,,,,,,,,,,,,,2026-01-21T03:08:12.665000+00:00,👀 Site Visit,rich,0,,,false,,,,false,,,,,,,,,2026-01-21T03:08:13.018000+00:00,false,0,Animal Battle Stats,1446203750204047426
1463368961910505473,,,,,,true,,0000,0,,1446203750204047426,,0,Animal Battle Stats,,1446204139909550150,,,2026-01-21T03:05:48.600Z,,4491519,0,,true,Visitor,RamiNoodle733,true,🌐 Location,"Houston, TX, US",,,,,,,,,,,,,,,,,,,2026-01-21T03:05:48.203000+00:00,👀 Site Visit,rich,0,,,false,,,,false,,,,,,,,,2026-01-21T03:05:48.600000+00:00,false,0,Animal Battle Stats,1446203750204047426
1463368930012954757,,,,,,true,,0000,0,,1446203750204047426,,0,Animal Battle Stats,,1446204139909550150,,,2026-01-21T03:05:40.995Z,,4491519,0,,true,Visitor,RamiNoodle733,true,🌐 Location,"Houston, TX, US",,,,,,,,,,,,,,,,,,,2026-01-21T03:05:40.739000+00:00,👀 Site Visit,rich,0,,,false,,,,false,,,,,,,,,2026-01-21T03:05:40.995000+00:00,false,0,Animal Battle Stats,1446203750204047426
1463368912736616580,,,,,,true,,0000,0,,1446203750204047426,,0,Animal Battle Stats,,1446204139909550150,,,2026-01-21T03:05:36.876Z,,4491519,0,,true,Visitor,RamiNoodle733,true,🌐 Location,"Houston, TX, US",,,,,,,,,,,,,,,,,,,2026-01-21T03:05:36.555000+00:00,👀 Site Visit,rich,0,,,false,,,,false,,,,,,,,,2026-01-21T03:05:36.876000+00:00,false,0,Animal Battle Stats,1446203750204047426
1463368903232196711,,,,,,true,,0000,0,,1446203750204047426,,0,Animal Battle Stats,,1446204139909550150,,,2026-01-21T03:05:34.610Z,,4491519,0,,true,Visitor,RamiNoodle733,true,🌐 Location,"Houston, TX, US",,,,,,,,,,,,,,,,,,,2026-01-21T03:05:34.361000+00:00,👀 Site Visit,rich,0,,,false,,,,false,,,,,,,,,2026-01-21T03:05:34.610000+00:00,false,0,Animal Battle Stats,1446203750204047426
1463368890875646154,,,,,,true,,0000,0,,1446203750204047426,,0,Animal Battle Stats,,1446204139909550150,,,2026-01-21T03:05:31.664Z,,4491519,0,,true,Visitor,RamiNoodle733,true,🌐 Location,"Houston, TX, US",,,,,,,,,,,,,,,,,,,2026-01-21T03:05:31.346000+00:00,👀 Site Visit,rich,0,,,false,,,,false,,,,,,,,,2026-01-21T03:05:31.664000+00:00,false,0,Animal Battle Stats,1446203750204047426
1463368868784373781,,,,,,true,,0000,0,,1446203750204047426,,0,Animal Battle Stats,,1446204139909550150,,,2026-01-21T03:05:26.397Z,,4491519,0,,true,Visitor,RamiNoodle733,true,🌐 Location,"Houston, TX, US",,,,,,,,,,,,,,,,,,,2026-01-21T03:05:26.103000+00:00,👀 Site Visit,rich,0,,,false,,,,false,,,,,,,,,2026-01-21T03:05:26.397000+00:00,false,0,Animal Battle Stats,1446203750204047426
1463368856931139669,,,,,,true,,0000,0,,1446203750204047426,,0,Animal Battle Stats,,1446204139909550150,,,2026-01-21T03:05:23.571Z,,4491519,0,,true,Visitor,RamiNoodle733,true,🌐 Location,"Houston, TX, US",,,,,,,,,,,,,,,,,,,2026-01-21T03:05:23.194000+00:00,👀 Site Visit,rich,0,,,false,,,,false,,,,,,,,,2026-01-21T03:05:23.571000+00:00,false,0,Animal Battle Stats,1446203750204047426
1463368770935586826,,,,,,true,,0000,0,,1446203750204047426,,0,Animal Battle Stats,,1446204139909550150,,,2026-01-21T03:05:03.068Z,,4491519,0,,true,Visitor,RamiNoodle733,true,🌐 Location,"Houston, TX, US",,,,,,,,,,,,,,,,,,,2026-01-21T03:05:02.790000+00:00,👀 Site Visit,rich,0,,,false,,,,false,,,,,,,,,2026-01-21T03:05:03.068000+00:00,false,0,Animal Battle Stats,1446203750204047426
1463368762379075626,,,,,,true,,0000,0,,1446203750204047426,,0,Animal Battle Stats,,1446204139909550150,,,2026-01-21T03:05:01.028Z,,4491519,0,,true,Visitor,RamiNoodle733,true,🌐 Location,"Houston, TX, US",,,,,,,,,,,,,,,,,,,2026-01-21T03:05:00.715000+00:00,👀 Site Visit,rich,0,,,false,,,,false,,,,,,,,,2026-01-21T03:05:01.028000+00:00,false,0,Animal Battle Stats,1446203750204047426
1463368719693512799,,,,,,true,,0000,0,,1446203750204047426,,0,Animal Battle Stats,,1446204139909550150,,,2026-01-21T03:04:50.851Z,,4491519,0,,true,Visitor,RamiNoodle733,true,🌐 Location,"Houston, TX, US",,,,,,,,,,,,,,,,,,,2026-01-21T03:04:50.586000+00:00,👀 Site Visit,rich,0,,,false,,,,false,,,,,,,,,2026-01-21T03:04:50.851000+00:00,false,0,Animal Battle Stats,1446203750204047426
1463368675066380564,,,,,,true,,0000,0,,1446203750204047426,,0,Animal Battle Stats,,1446204139909550150,,,2026-01-21T03:04:40.211Z,,4491519,0,,true,Visitor,RamiNoodle733,true,🌐 Location,"Houston, TX, US",,,,,,,,,,,,,,,,,,,2026-01-21T03:04:39.923000+00:00,👀 Site Visit,rich,0,,,false,,,,false,,,,,,,,,2026-01-21T03:04:40.211000+00:00,false,0,Animal Battle Stats,1446203750204047426
1463368666312871936,,,,,,true,,0000,0,,1446203750204047426,,0,Animal Battle Stats,,1446204139909550150,,,2026-01-21T03:04:38.124Z,,4491519,0,,true,Visitor,RamiNoodle733,true,🌐 Location,"Houston, TX, US",,,,,,,,,,,,,,,,,,,2026-01-21T03:04:37.833000+00:00,👀 Site Visit,rich,0,,,false,,,,false,,,,,,,,,2026-01-21T03:04:38.124000+00:00,false,0,Animal Battle Stats,1446203750204047426
1463368627372687413,,,,,,true,,0000,0,,1446203750204047426,,0,Animal Battle Stats,,1446204139909550150,,,2026-01-21T03:04:28.840Z,,4491519,0,,true,Visitor,RamiNoodle733,true,🌐 Location,"Houston, TX, US",,,,,,,,,,,,,,,,,,,2026-01-21T03:04:28.420000+00:00,👀 Site Visit,rich,0,,,false,,,,false,,,,,,,,,2026-01-21T03:04:28.840000+00:00,false,0,Animal Battle Stats,1446203750204047426
1463368625397170335,,,,,,true,,0000,0,,1446203750204047426,,0,Animal Battle Stats,,1446204139909550150,,,2026-01-21T03:04:28.369Z,,6710886,0,,true,User,RamiNoodle733,true,🌐 Location,"Houston, TX, US",,,,,,,,,,,,,,,,,,,2026-01-21T03:04:27.478000+00:00,👋 User Left Site,rich,0,,,false,,,,false,,,,,,,,,2026-01-21T03:04:28.369000+00:00,false,0,Animal Battle Stats,1446203750204047426
1463367175166230621,,,,,,true,,0000,0,,1446203750204047426,,0,Animal Battle Stats,,1446204139909550150,,,2026-01-21T02:58:42.607Z,,4491519,0,,true,Visitor,RamiNoodle733,true,🌐 Location,"Houston, TX, US",,,,,,,,,,,,,,,,,,,2026-01-21T02:58:42.409000+00:00,👀 Site Visit,rich,0,,,false,,,,false,,,,,,,,,2026-01-21T02:58:42.607000+00:00,false,0,Animal Battle Stats,1446203750204047426
1463366383164461077,,,,,,true,,0000,0,,1446203750204047426,,0,Animal Battle Stats,,1446204139909550150,,,2026-01-21T02:55:33.779Z,,4491519,0,,true,Visitor,RamiNoodle733,true,🌐 Location,"Houston, TX, US",,,,,,,,,,,,,,,,,,,2026-01-21T02:55:33.482000+00:00,👀 Site Visit,rich,0,,,false,,,,false,,,,,,,,,2026-01-21T02:55:33.779000+00:00,false,0,Animal Battle Stats,1446203750204047426
1463366363459358813,,,,,,true,,0000,0,,1446203750204047426,,0,Animal Battle Stats,,1446204139909550150,,,2026-01-21T02:55:29.081Z,,4491519,0,,true,Visitor,RamiNoodle733,true,🌐 Location,"Houston, TX, US",,,,,,,,,,,,,,,,,,,2026-01-21T02:55:28.757000+00:00,👀 Site Visit,rich,0,,,false,,,,false,,,,,,,,,2026-01-21T02:55:29.081000+00:00,false,0,Animal Battle Stats,1446203750204047426
1463366362406588608,,,,,,true,,0000,0,,1446203750204047426,,0,Animal Battle Stats,,1446204139909550150,,,2026-01-21T02:55:28.830Z,,4491519,0,,true,Visitor,RamiNoodle733,true,🌐 Location,"Houston, TX, US",,,,,,,,,,,,,,,,,,,2026-01-21T02:55:16.455000+00:00,👀 Site Visit,rich,0,,,false,,,,false,,,,,,,,,2026-01-21T02:55:28.830000+00:00,false,0,Animal Battle Stats,1446203750204047426
1463361881400938710,,,,,,true,,0000,0,,1446203750204047426,,0,Animal Battle Stats,,1446204139909550150,,,2026-01-21T02:37:40.475Z,,4491519,0,,true,Visitor,RamiNoodle733,true,🌐 Location,"Houston, TX, US",,,,,,,,,,,,,,,,,,,2026-01-21T02:37:40.187000+00:00,👀 Site Visit,rich,0,,,false,,,,false,,,,,,,,,2026-01-21T02:37:40.475000+00:00,false,0,Animal Battle Stats,1446203750204047426
1463361864133120030,,,,,,true,,0000,0,,1446203750204047426,,0,Animal Battle Stats,,1446204139909550150,,,2026-01-21T02:37:36.358Z,,4491519,0,,true,Visitor,RamiNoodle733,true,🌐 Location,"Houston, TX, US",,,,,,,,,,,,,,,,,,,2026-01-21T02:37:36.051000+00:00,👀 Site Visit,rich,0,,,false,,,,false,,,,,,,,,2026-01-21T02:37:36.358000+00:00,false,0,Animal Battle Stats,1446203750204047426
1463361857804046336,,,,,,true,,0000,0,,1446203750204047426,,0,Animal Battle Stats,,1446204139909550150,,,2026-01-21T02:37:34.849Z,,4491519,0,,true,Visitor,RamiNoodle733,true,🌐 Location,"Houston, TX, US",,,,,,,,,,,,,,,,,,,2026-01-21T02:37:34.560000+00:00,👀 Site Visit,rich,0,,,false,,,,false,,,,,,,,,2026-01-21T02:37:34.849000+00:00,false,0,Animal Battle Stats,1446203750204047426
1463361850929451111,,,,,,true,,0000,0,,1446203750204047426,,0,Animal Battle Stats,,1446204139909550150,,,2026-01-21T02:37:33.210Z,,4491519,0,,true,Visitor,RamiNoodle733,true,🌐 Location,"Houston, TX, US",,,,,,,,,,,,,,,,,,,2026-01-21T02:37:32.915000+00:00,👀 Site Visit,rich,0,,,false,,,,false,,,,,,,,,2026-01-21T02:37:33.210000+00:00,false,0,Animal Battle Stats,1446203750204047426
1463361832315261011,,,,,,true,,0000,0,,1446203750204047426,,0,Animal Battle Stats,,1446204139909550150,,,2026-01-21T02:37:28.772Z,,4491519,0,,true,Visitor,RamiNoodle733,true,🌐 Location,"Houston, TX, US",,,,,,,,,,,,,,,,,,,2026-01-21T02:37:28.466000+00:00,👀 Site Visit,rich,0,,,false,,,,false,,,,,,,,,2026-01-21T02:37:28.772000+00:00,false,0,Animal Battle Stats,1446203750204047426
1463361729978433588,,,,,,true,,0000,0,,1446203750204047426,,0,Animal Battle Stats,,1446204139909550150,,,2026-01-21T02:37:04.373Z,,4491519,0,,true,Visitor,RamiNoodle733,true,🌐 Location,"Houston, TX, US",,,,,,,,,,,,,,,,,,,2026-01-21T02:37:04.011000+00:00,👀 Site Visit,rich,0,,,false,,,,false,,,,,,,,,2026-01-21T02:37:04.373000+00:00,false,0,Animal Battle Stats,1446203750204047426
1463361720717414604,,,,,,true,,0000,0,,1446203750204047426,,0,Animal Battle Stats,,1446204139909550150,,,2026-01-21T02:37:02.165Z,,4491519,0,,true,Visitor,RamiNoodle733,true,🌐 Location,"Houston, TX, US",,,,,,,,,,,,,,,,,,,2026-01-21T02:37:01.696000+00:00,👀 Site Visit,rich,0,,,false,,,,false,,,,,,,,,2026-01-21T02:37:02.165000+00:00,false,0,Animal Battle Stats,1446203750204047426
1463361719601729638,,,,,,true,,0000,0,,1446203750204047426,,0,Animal Battle Stats,,1446204139909550150,,,2026-01-21T02:37:01.899Z,,4491519,0,,true,Visitor,RamiNoodle733,true,🌐 Location,"Houston, TX, US",,,,,,,,,,,,,,,,,,,2026-01-21T02:37:00.550000+00:00,👀 Site Visit,rich,0,,,false,,,,false,,,,,,,,,2026-01-21T02:37:01.899000+00:00,false,0,Animal Battle Stats,1446203750204047426
1463339020489588770,,,,,,true,,0000,0,,1446203750204047426,,0,Animal Battle Stats,,1446204139909550150,,,2026-01-21T01:06:50.009Z,,4491519,0,,true,Visitor,RamiNoodle733,true,🌐 Location,"Houston, TX, US",,,,,,,,,,,,,,,,,,,2026-01-21T01:06:49.728000+00:00,👀 Site Visit,rich,0,,,false,,,,false,,,,,,,,,2026-01-21T01:06:50.009000+00:00,false,0,Animal Battle Stats,1446203750204047426
1463339019906584727,,,,,,true,,0000,0,,1446203750204047426,,0,Animal Battle Stats,,1446204139909550150,,,2026-01-21T01:06:49.870Z,,4491519,0,,true,Visitor,RamiNoodle733,true,🌐 Location,"Houston, TX, US",,,,,,,,,,,,,,,,,,,2026-01-21T01:06:41.235000+00:00,👀 Site Visit,rich,0,,,false,,,,false,,,,,,,,,2026-01-21T01:06:49.870000+00:00,false,0,Animal Battle Stats,1446203750204047426
1463310661005086803,,,,,,true,,0000,0,,1446203750204047426,,0,Animal Battle Stats,,1446204139909550150,,,2026-01-20T23:14:08.581Z,,4491519,0,,true,Visitor,RamiNoodle733,true,🌐 Location,"Houston, TX, US",,,,,,,,,,,,,,,,,,,2026-01-20T23:14:08.259000+00:00,👀 Site Visit,rich,0,,,false,,,,false,,,,,,,,,2026-01-20T23:14:08.581000+00:00,false,0,Animal Battle Stats,1446203750204047426
1463310658744483903,,,,,,true,,0000,0,,1446203750204047426,,0,Animal Battle Stats,,1446204139909550150,,,2026-01-20T23:14:08.042Z,,4491519,0,,true,Visitor,Anonymous,true,🌐 Location,"Houston, TX, US",,,,,,,,,,,,,,,,,,,2026-01-20T23:10:13.693000+00:00,👀 Site Visit,rich,0,,,false,,,,false,,,,,,,,,2026-01-20T23:14:08.042000+00:00,false,0,Animal Battle Stats,1446203750204047426
1463304049238479010,,,,,,true,,0000,0,,1446203750204047426,,0,Animal Battle Stats,,1446204139909550150,,,2026-01-20T22:47:52.213Z,,4491519,0,,true,Visitor,Anonymous,true,🌐 Location,"Lodi, NJ, US",,,,,,,,,,,,,,,,,,,2026-01-20T22:47:51.917000+00:00,👀 Site Visit,rich,0,,,false,,,,false,,,,,,,,,2026-01-20T22:47:52.213000+00:00,false,0,Animal Battle Stats,1446203750204047426
1463303437289521154,,,,,,true,,0000,0,,1446203750204047426,,0,Animal Battle Stats,,1446204139909550150,,,2026-01-20T22:45:26.313Z,,4491519,0,,true,Visitor,RamiNoodle733,true,🌐 Location,"Houston, TX, US",,,,,,,,,,,,,,,,,,,2026-01-20T22:45:26.100000+00:00,👀 Site Visit,rich,0,,,false,,,,false,,,,,,,,,2026-01-20T22:45:26.313000+00:00,false,0,Animal Battle Stats,1446203750204047426
1463303240518074410,,,,,,true,,0000,0,,1446203750204047426,,0,Animal Battle Stats,,1446204139909550150,,,2026-01-20T22:44:39.399Z,,4491519,0,,true,Visitor,RamiNoodle733,true,🌐 Location,"Houston, TX, US",,,,,,,,,,,,,,,,,,,2026-01-20T22:44:39.007000+00:00,👀 Site Visit,rich,0,,,false,,,,false,,,,,,,,,2026-01-20T22:44:39.399000+00:00,false,0,Animal Battle Stats,1446203750204047426
1463303237808427133,,,,,,true,,0000,0,,1446203750204047426,,0,Animal Battle Stats,,1446204139909550150,,,2026-01-20T22:44:38.753Z,,4491519,0,,true,Visitor,RamiNoodle733,true,🌐 Location,"Houston, TX, US",,,,,,,,,,,,,,,,,,,2026-01-20T22:43:49.436000+00:00,👀 Site Visit,rich,0,,,false,,,,false,,,,,,,,,2026-01-20T22:44:38.753000+00:00,false,0,Animal Battle Stats,1446203750204047426
1463295275534913599,,,,,,true,,0000,0,,1446203750204047426,,0,Animal Battle Stats,,1446204139909550150,,,2026-01-20T22:13:00.399Z,,4491519,0,,true,Visitor,RamiNoodle733,true,🌐 Location,"Houston, TX, US",,,,,,,,,,,,,,,,,,,2026-01-20T22:13:00.116000+00:00,👀 Site Visit,rich,0,,,false,,,,false,,,,,,,,,2026-01-20T22:13:00.399000+00:00,false,0,Animal Battle Stats,1446203750204047426
1463294999121629386,,,,,,true,,0000,0,,1446203750204047426,,0,Animal Battle Stats,,1446204139909550150,,,2026-01-20T22:11:54.497Z,,4491519,0,,true,Visitor,RamiNoodle733,true,🌐 Location,"Houston, TX, US",,,,,,,,,,,,,,,,,,,2026-01-20T22:11:54.173000+00:00,👀 Site Visit,rich,0,,,false,,,,false,,,,,,,,,2026-01-20T22:11:54.497000+00:00,false,0,Animal Battle Stats,1446203750204047426
1463294981274996983,,,,,,true,,0000,0,,1446203750204047426,,0,Animal Battle Stats,,1446204139909550150,,,2026-01-20T22:11:50.242Z,,4491519,0,,true,Visitor,RamiNoodle733,true,🌐 Location,"Houston, TX, US",,,,,,,,,,,,,,,,,,,2026-01-20T22:11:50.030000+00:00,👀 Site Visit,rich,0,,,false,,,,false,,,,,,,,,2026-01-20T22:11:50.242000+00:00,false,0,Animal Battle Stats,1446203750204047426
1463294978183663822,,,,,,true,,0000,0,,1446203750204047426,,0,Animal Battle Stats,,1446204139909550150,,,2026-01-20T22:11:49.505Z,,4491519,0,,true,Visitor,RamiNoodle733,true,🌐 Location,"Houston, TX, US",,,,,,,,,,,,,,,,,,,2026-01-20T22:11:07.418000+00:00,👀 Site Visit,rich,0,,,false,,,,false,,,,,,,,,2026-01-20T22:11:49.505000+00:00,false,0,Animal Battle Stats,1446203750204047426
1463282941273837834,,,,,,true,,0000,0,,1446203750204047426,,0,Animal Battle Stats,,1446204139909550150,,,2026-01-20T21:23:59.682Z,,4491519,0,,true,Visitor,RamiNoodle733,true,🌐 Location,"Houston, TX, US",,,,,,,,,,,,,,,,,,,2026-01-20T21:23:18.765000+00:00,👀 Site Visit,rich,0,,,false,,,,false,,,,,,,,,2026-01-20T21:23:59.682000+00:00,false,0,Animal Battle Stats,1446203750204047426
1463282849481228441,,,,,,true,,0000,0,,1446203750204047426,,0,Animal Battle Stats,,1446204139909550150,,,2026-01-20T21:23:37.797Z,,4491519,0,,true,Visitor,RamiNoodle733,true,🌐 Location,"Houston, TX, US",,,,,,,,,,,,,,,,,,,2026-01-20T21:23:28.509000+00:00,👀 Site Visit,rich,0,,,false,,,,false,,,,,,,,,2026-01-20T21:23:37.797000+00:00,false,0,Animal Battle Stats,1446203750204047426
1463282825301327977,,,,,,true,,0000,0,,1446203750204047426,,0,Animal Battle Stats,,1446204139909550150,,,2026-01-20T21:23:32.032Z,,4491519,0,,true,Visitor,RamiNoodle733,true,🌐 Location,"Houston, TX, US",,,,,,,,,,,,,,,,,,,2026-01-20T21:23:30.090000+00:00,👀 Site Visit,rich,0,,,false,,,,false,,,,,,,,,2026-01-20T21:23:32.032000+00:00,false,0,Animal Battle Stats,1446203750204047426
1463282571361124414,,,,,,true,,0000,0,,1446203750204047426,,0,Animal Battle Stats,,1446204139909550150,,,2026-01-20T21:22:31.488Z,,4491519,0,,true,Visitor,RamiNoodle733,true,🌐 Location,"Houston, TX, US",,,,,,,,,,,,,,,,,,,2026-01-20T21:22:31.227000+00:00,👀 Site Visit,rich,0,,,false,,,,false,,,,,,,,,2026-01-20T21:22:31.488000+00:00,false,0,Animal Battle Stats,1446203750204047426
1463282558589603840,,,,,,true,,0000,0,,1446203750204047426,,0,Animal Battle Stats,,1446204139909550150,,,2026-01-20T21:22:28.443Z,,4491519,0,,true,Visitor,RamiNoodle733,true,🌐 Location,"Houston, TX, US",,,,,,,,,,,,,,,,,,,2026-01-20T21:22:28.097000+00:00,👀 Site Visit,rich,0,,,false,,,,false,,,,,,,,,2026-01-20T21:22:28.443000+00:00,false,0,Animal Battle Stats,1446203750204047426
1463282556316156029,,,,,,true,,0000,0,,1446203750204047426,,0,Animal Battle Stats,,1446204139909550150,,,2026-01-20T21:22:27.901Z,,4491519,0,,true,Visitor,RamiNoodle733,true,🌐 Location,"Houston, TX, US",,,,,,,,,,,,,,,,,,,2026-01-20T21:21:56.970000+00:00,👀 Site Visit,rich,0,,,false,,,,false,,,,,,,,,2026-01-20T21:22:27.901000+00:00,false,0,Animal Battle Stats,1446203750204047426
1463282387608797397,,,,,,true,,0000,0,,1446203750204047426,,0,Animal Battle Stats,,1446204139909550150,,,2026-01-20T21:21:47.678Z,,4491519,0,,true,Visitor,RamiNoodle733,true,🌐 Location,"Houston, TX, US",,,,,,,,,,,,,,,,,,,2026-01-20T21:21:45.839000+00:00,👀 Site Visit,rich,0,,,false,,,,false,,,,,,,,,2026-01-20T21:21:47.678000+00:00,false,0,Animal Battle Stats,1446203750204047426
1463282379023056907,,,,,,true,,0000,0,,1446203750204047426,,0,Animal Battle Stats,,1446204139909550150,,,2026-01-20T21:21:45.631Z,,4491519,0,,true,Visitor,RamiNoodle733,true,🌐 Location,"Houston, TX, US",,,,,,,,,,,,,,,,,,,2026-01-20T21:19:12.857000+00:00,👀 Site Visit,rich,0,,,false,,,,false,,,,,,,,,2026-01-20T21:21:45.631000+00:00,false,0,Animal Battle Stats,1446203750204047426
1463279021620990035,,,,,,true,,0000,0,,1446203750204047426,,0,Animal Battle Stats,,1446204139909550150,,,2026-01-20T21:08:25.164Z,,16766720,0,,true,User,RamiNoodle733,true,Bracket Size,8 animals,true,Total Matches,7,true,🏆 Champion,Great White Shark,true,2nd Place,Bald Eagle,true,3rd/4th Place,"Gibbon, Poison Dart Frog",false,Recent Matches,"Poison Dart Frog beat Giant Centipede
Bald Eagle beat Albatross
Great White Shark beat Vulture
Gibbon beat Stingray
Bald Eagle beat Poison Dart Frog
Great White Shark beat Gibbon
Great White Shark beat Bald Eagle",true,🌐 Location,"Houston, TX, US",2026-01-20T21:06:55.207000+00:00,🏆 Tournament Completed,rich,0,,,false,,,,false,,,,,,,,,2026-01-20T21:08:25.164000+00:00,false,0,Animal Battle Stats,1446203750204047426
1463278232857219228,,,,,,true,,0000,0,,1446203750204047426,,0,Animal Battle Stats,,1446204139909550150,,,2026-01-20T21:05:17.108Z,,4491519,0,,true,Visitor,RamiNoodle733,true,🌐 Location,"Houston, TX, US",,,,,,,,,,,,,,,,,,,2026-01-20T21:05:16.712000+00:00,👀 Site Visit,rich,0,,,false,,,,false,,,,,,,,,2026-01-20T21:05:17.108000+00:00,false,0,Animal Battle Stats,1446203750204047426
1463278229551841371,,,,,,true,,0000,0,,1446203750204047426,,0,Animal Battle Stats,,1446204139909550150,,,2026-01-20T21:05:16.320Z,,4491519,0,,true,Visitor,RamiNoodle733,true,🌐 Location,"Houston, TX, US",,,,,,,,,,,,,,,,,,,2026-01-20T21:05:03.531000+00:00,👀 Site Visit,rich,0,,,false,,,,false,,,,,,,,,2026-01-20T21:05:16.320000+00:00,false,0,Animal Battle Stats,1446203750204047426
1463271452479324302,,,,,,true,,0000,0,,1446203750204047426,,0,Animal Battle Stats,,1446204139909550150,,,2026-01-20T20:38:20.540Z,,4491519,0,,true,Visitor,RamiNoodle733,true,🌐 Location,"Houston, TX, US",,,,,,,,,,,,,,,,,,,2026-01-20T20:38:20.075000+00:00,👀 Site Visit,rich,0,,,false,,,,false,,,,,,,,,2026-01-20T20:38:20.540000+00:00,false,0,Animal Battle Stats,1446203750204047426
1463270957018910851,,,,,,true,,0000,0,,1446203750204047426,,0,Animal Battle Stats,,1446204139909550150,,,2026-01-20T20:36:22.413Z,,4491519,0,,true,Visitor,Anonymous,true,🌐 Location,"Mexico City, CMX, MX",,,,,,,,,,,,,,,,,,,2026-01-20T20:36:22.074000+00:00,👀 Site Visit,rich,0,,,false,,,,false,,,,,,,,,2026-01-20T20:36:22.413000+00:00,false,0,Animal Battle Stats,1446203750204047426
1463270955194515693,,,,,,true,,0000,0,,1446203750204047426,,0,Animal Battle Stats,,1446204139909550150,,,2026-01-20T20:36:21.978Z,,4491519,0,,true,Visitor,RamiNoodle733,true,🌐 Location,"Houston, TX, US",,,,,,,,,,,,,,,,,,,2026-01-20T20:34:05.311000+00:00,👀 Site Visit,rich,0,,,false,,,,false,,,,,,,,,2026-01-20T20:36:21.978000+00:00,false,0,Animal Battle Stats,1446203750204047426
1463264696898556111,,,,,,true,,0000,0,,1446203750204047426,,0,Animal Battle Stats,,1446204139909550150,,,2026-01-20T20:11:29.884Z,,4491519,0,,true,Visitor,RamiNoodle733,true,🌐 Location,"Houston, TX, US",,,,,,,,,,,,,,,,,,,2026-01-20T20:11:29.630000+00:00,👀 Site Visit,rich,0,,,false,,,,false,,,,,,,,,2026-01-20T20:11:29.884000+00:00,false,0,Animal Battle Stats,1446203750204047426
1463264664967450847,,,,,,true,,0000,0,,1446203750204047426,,0,Animal Battle Stats,,1446204139909550150,,,2026-01-20T20:11:22.271Z,,4491519,0,,true,Visitor,RamiNoodle733,true,🌐 Location,"Houston, TX, US",,,,,,,,,,,,,,,,,,,2026-01-20T20:11:21.982000+00:00,👀 Site Visit,rich,0,,,false,,,,false,,,,,,,,,2026-01-20T20:11:22.271000+00:00,false,0,Animal Battle Stats,1446203750204047426
1463264447249514587,,,,,,true,,0000,0,,1446203750204047426,,0,Animal Battle Stats,,1446204139909550150,,,2026-01-20T20:10:30.363Z,,4491519,0,,true,Visitor,Anonymous,true,🌐 Location,"New York, NY, US",,,,,,,,,,,,,,,,,,,2026-01-20T20:10:30.039000+00:00,👀 Site Visit,rich,0,,,false,,,,false,,,,,,,,,2026-01-20T20:10:30.363000+00:00,false,0,Animal Battle Stats,1446203750204047426
1463264446280372445,,,,,,true,,0000,0,,1446203750204047426,,0,Animal Battle Stats,,1446204139909550150,,,2026-01-20T20:10:30.132Z,,4491519,0,,true,Visitor,RamiNoodle733,true,🌐 Location,"Houston, TX, US",,,,,,,,,,,,,,,,,,,2026-01-20T20:08:02.752000+00:00,👀 Site Visit,rich,0,,,false,,,,false,,,,,,,,,2026-01-20T20:10:30.132000+00:00,false,0,Animal Battle Stats,1446203750204047426
1463263809794998487,,,,,,true,,0000,0,,1446203750204047426,,0,Animal Battle Stats,,1446204139909550150,,,2026-01-20T20:07:58.382Z,,16737095,0,,true,User,RamiNoodle733,true,Bracket Size,8 animals,true,Matches Completed,1/7,true,Progress,14%,false,Votes Made,Anaconda beat Emperor Scorpion,true,🌐 Location,"Houston, TX, US",,,,,,,2026-01-20T20:07:57.848000+00:00,🚪 Tournament Quit,rich,0,,,false,,,,false,,,,,,,,,2026-01-20T20:07:58.382000+00:00,false,0,Animal Battle Stats,1446203750204047426
1463262193847111732,,,,,,true,,0000,0,,1446203750204047426,,0,Animal Battle Stats,,1446204139909550150,,,2026-01-20T20:01:33.110Z,,16737095,0,,true,User,RamiNoodle733,true,Bracket Size,8 animals,true,Matches Completed,3/7,true,Progress,43%,false,Votes Made,"Oryx beat Green Anaconda
Bull Shark beat Opossum
Mandrill beat Deathstalker Scorpion",true,🌐 Location,"Houston, TX, US",,,,,,,2026-01-20T20:01:08.146000+00:00,🚪 Tournament Quit,rich,0,,,false,,,,false,,,,,,,,,2026-01-20T20:01:33.110000+00:00,false,0,Animal Battle Stats,1446203750204047426
1463262161982849278,,,,,,true,,0000,0,,1446203750204047426,,0,Animal Battle Stats,,1446204139909550150,,,2026-01-20T20:01:25.513Z,,4491519,0,,true,Visitor,RamiNoodle733,true,🌐 Location,"Houston, TX, US",,,,,,,,,,,,,,,,,,,2026-01-20T20:01:25.109000+00:00,👀 Site Visit,rich,0,,,false,,,,false,,,,,,,,,2026-01-20T20:01:25.513000+00:00,false,0,Animal Battle Stats,1446203750204047426
1463262123453976821,,,,,,true,,0000,0,,1446203750204047426,,0,Animal Battle Stats,,1446204139909550150,,,2026-01-20T20:01:16.327Z,,4491519,0,,true,Visitor,RamiNoodle733,true,🌐 Location,"Houston, TX, US",,,,,,,,,,,,,,,,,,,2026-01-20T20:01:16.030000+00:00,👀 Site Visit,rich,0,,,false,,,,false,,,,,,,,,2026-01-20T20:01:16.327000+00:00,false,0,Animal Battle Stats,1446203750204047426
1463262119884488854,,,,,,true,,0000,0,,1446203750204047426,,0,Animal Battle Stats,,1446204139909550150,,,2026-01-20T20:01:15.476Z,,4491519,0,,true,Visitor,RamiNoodle733,true,🌐 Location,"Houston, TX, US",,,,,,,,,,,,,,,,,,,2026-01-20T20:00:21.123000+00:00,👀 Site Visit,rich,0,,,false,,,,false,,,,,,,,,2026-01-20T20:01:15.476000+00:00,false,0,Animal Battle Stats,1446203750204047426
1463257936255254737,,,,,,true,,0000,0,,1446203750204047426,,0,Animal Battle Stats,,1446204139909550150,,,2026-01-20T19:44:38.021Z,,16737095,0,,true,User,RamiNoodle733,true,Bracket Size,8 animals,true,Matches Completed,2/7,true,Progress,29%,false,Votes Made,"Zebra beat Pronghorn
Hornet beat Quokka",true,🌐 Location,"Houston, TX, US",,,,,,,2026-01-20T19:44:36.308000+00:00,🚪 Tournament Quit,rich,0,,,false,,,,false,,,,,,,,,2026-01-20T19:44:38.021000+00:00,false,0,Animal Battle Stats,1446203750204047426
1463256840753119325,,,,,,true,,0000,0,,1446203750204047426,,0,Animal Battle Stats,,1446204139909550150,,,2026-01-20T19:40:16.833Z,,4491519,0,,true,Visitor,RamiNoodle733,true,🌐 Location,"Houston, TX, US",,,,,,,,,,,,,,,,,,,2026-01-20T19:40:16.456000+00:00,👀 Site Visit,rich,0,,,false,,,,false,,,,,,,,,2026-01-20T19:40:16.833000+00:00,false,0,Animal Battle Stats,1446203750204047426
1463256828354756678,,,,,,true,,0000,0,,1446203750204047426,,0,Animal Battle Stats,,1446204139909550150,,,2026-01-20T19:40:13.877Z,,4491519,0,,true,Visitor,RamiNoodle733,true,🌐 Location,"Houston, TX, US",,,,,,,,,,,,,,,,,,,2026-01-20T19:40:13.591000+00:00,👀 Site Visit,rich,0,,,false,,,,false,,,,,,,,,2026-01-20T19:40:13.877000+00:00,false,0,Animal Battle Stats,1446203750204047426
1463256669885562912,,,,,,true,,0000,0,,1446203750204047426,,0,Animal Battle Stats,,1446204139909550150,,,2026-01-20T19:39:36.095Z,,4491519,0,,true,Visitor,RamiNoodle733,true,🌐 Location,"Houston, TX, US",,,,,,,,,,,,,,,,,,,2026-01-20T19:39:35.812000+00:00,👀 Site Visit,rich,0,,,false,,,,false,,,,,,,,,2026-01-20T19:39:36.095000+00:00,false,0,Animal Battle Stats,1446203750204047426
1463256669189570766,,,,,,true,,0000,0,,1446203750204047426,,0,Animal Battle Stats,,1446204139909550150,,,2026-01-20T19:39:35.929Z,,4491519,0,,true,Visitor,RamiNoodle733,true,🌐 Location,"Houston, TX, US",,,,,,,,,,,,,,,,,,,2026-01-20T19:39:07.914000+00:00,👀 Site Visit,rich,0,,,false,,,,false,,,,,,,,,2026-01-20T19:39:35.929000+00:00,false,0,Animal Battle Stats,1446203750204047426
1463255910867796149,,,,,,true,,0000,0,,1446203750204047426,,0,Animal Battle Stats,,1446204139909550150,,,2026-01-20T19:36:35.131Z,,4491519,0,,true,Visitor,RamiNoodle733,true,🌐 Location,"Houston, TX, US",,,,,,,,,,,,,,,,,,,2026-01-20T19:36:34.801000+00:00,👀 Site Visit,rich,0,,,false,,,,false,,,,,,,,,2026-01-20T19:36:35.131000+00:00,false,0,Animal Battle Stats,1446203750204047426
1463255909802184876,,,,,,true,,0000,0,,1446203750204047426,,0,Animal Battle Stats,,1446204139909550150,,,2026-01-20T19:36:34.877Z,,4491519,0,,true,Visitor,RamiNoodle733,true,🌐 Location,"Houston, TX, US",,,,,,,,,,,,,,,,,,,2026-01-20T19:36:02.799000+00:00,👀 Site Visit,rich,0,,,false,,,,false,,,,,,,,,2026-01-20T19:36:34.877000+00:00,false,0,Animal Battle Stats,1446203750204047426
1463255807914410187,,,,,,true,,0000,0,,1446203750204047426,,0,Animal Battle Stats,,1446204139909550150,,,2026-01-20T19:36:10.585Z,,16737095,0,,true,User,RamiNoodle733,true,Bracket Size,8 animals,true,Matches Completed,1/7,true,Progress,14%,false,Votes Made,African Lion beat Wild Boar,true,🌐 Location,"Houston, TX, US",,,,,,,2026-01-20T19:35:58.650000+00:00,🚪 Tournament Quit,rich,0,,,false,,,,false,,,,,,,,,2026-01-20T19:36:10.585000+00:00,false,0,Animal Battle Stats,1446203750204047426
1463253117956002103,,,,,,true,,0000,0,,1446203750204047426,,0,Animal Battle Stats,,1446204139909550150,,,2026-01-20T19:25:29.249Z,,16737095,0,,true,User,RamiNoodle733,true,Bracket Size,8 animals,true,Matches Completed,2/7,true,Progress,29%,false,Votes Made,"Zebra beat Wombat
Condor beat Camel Spider",true,🌐 Location,"Houston, TX, US",,,,,,,2026-01-20T19:25:28.726000+00:00,🚪 Tournament Quit,rich,0,,,false,,,,false,,,,,,,,,2026-01-20T19:25:29.249000+00:00,false,0,Animal Battle Stats,1446203750204047426
1463251393451266179,,,,,,true,,0000,0,,1446203750204047426,,0,Animal Battle Stats,,1446204139909550150,,,2026-01-20T19:18:38.095Z,,4491519,0,,true,Visitor,RamiNoodle733,true,🌐 Location,"Houston, TX, US",,,,,,,,,,,,,,,,,,,2026-01-20T19:18:37.671000+00:00,👀 Site Visit,rich,0,,,false,,,,false,,,,,,,,,2026-01-20T19:18:38.095000+00:00,false,0,Animal Battle Stats,1446203750204047426
1463251389504557261,,,,,,true,,0000,0,,1446203750204047426,,0,Animal Battle Stats,,1446204139909550150,,,2026-01-20T19:18:37.154Z,,6710886,0,,true,User,RamiNoodle733,true,🌐 Location,"Houston, TX, US",,,,,,,,,,,,,,,,,,,2026-01-20T19:18:36.779000+00:00,👋 User Left Site,rich,0,,,false,,,,false,,,,,,,,,2026-01-20T19:18:37.154000+00:00,false,0,Animal Battle Stats,1446203750204047426
1463250633300902013,,,,,,true,,0000,0,,1446203750204047426,,0,Animal Battle Stats,,1446204139909550150,,,2026-01-20T19:15:36.861Z,,4491519,0,,true,Visitor,RamiNoodle733,true,🌐 Location,"Houston, TX, US",,,,,,,,,,,,,,,,,,,2026-01-20T19:15:36.576000+00:00,👀 Site Visit,rich,0,,,false,,,,false,,,,,,,,,2026-01-20T19:15:36.861000+00:00,false,0,Animal Battle Stats,1446203750204047426
1463250612018745562,,,,,,true,,0000,0,,1446203750204047426,,0,Animal Battle Stats,,1446204139909550150,,,2026-01-20T19:15:31.787Z,,4491519,0,,true,Visitor,RamiNoodle733,true,🌐 Location,"Houston, TX, US",,,,,,,,,,,,,,,,,,,2026-01-20T19:15:31.305000+00:00,👀 Site Visit,rich,0,,,false,,,,false,,,,,,,,,2026-01-20T19:15:31.787000+00:00,false,0,Animal Battle Stats,1446203750204047426
1463250607321387214,,,,,,true,,0000,0,,1446203750204047426,,0,Animal Battle Stats,,1446204139909550150,,,2026-01-20T19:15:30.667Z,,4491519,0,,true,Visitor,RamiNoodle733,true,🌐 Location,"Houston, TX, US",,,,,,,,,,,,,,,,,,,2026-01-20T19:15:28.968000+00:00,👀 Site Visit,rich,0,,,false,,,,false,,,,,,,,,2026-01-20T19:15:30.667000+00:00,false,0,Animal Battle Stats,1446203750204047426
1463237965047271484,,,,,,true,,0000,0,,1446203750204047426,,0,Animal Battle Stats,,1446204139909550150,,,2026-01-20T18:25:16.514Z,,4491519,0,,true,Visitor,RamiNoodle733,true,🌐 Location,"Houston, TX, US",,,,,,,,,,,,,,,,,,,2026-01-20T18:25:16.240000+00:00,👀 Site Visit,rich,0,,,false,,,,false,,,,,,,,,2026-01-20T18:25:16.514000+00:00,false,0,Animal Battle Stats,1446203750204047426
1463237955027079363,,,,,,true,,0000,0,,1446203750204047426,,0,Animal Battle Stats,,1446204139909550150,,,2026-01-20T18:25:14.125Z,,4491519,0,,true,Visitor,RamiNoodle733,true,🌐 Location,"Houston, TX, US",,,,,,,,,,,,,,,,,,,2026-01-20T18:25:13.797000+00:00,👀 Site Visit,rich,0,,,false,,,,false,,,,,,,,,2026-01-20T18:25:14.125000+00:00,false,0,Animal Battle Stats,1446203750204047426
1463237940997132341,,,,,,true,,0000,0,,1446203750204047426,,0,Animal Battle Stats,,1446204139909550150,,,2026-01-20T18:25:10.780Z,,4491519,0,,true,Visitor,RamiNoodle733,true,🌐 Location,"Houston, TX, US",,,,,,,,,,,,,,,,,,,2026-01-20T18:25:10.396000+00:00,👀 Site Visit,rich,0,,,false,,,,false,,,,,,,,,2026-01-20T18:25:10.780000+00:00,false,0,Animal Battle Stats,1446203750204047426
1463237883614986311,,,,,,true,,0000,0,,1446203750204047426,,0,Animal Battle Stats,,1446204139909550150,,,2026-01-20T18:24:57.099Z,,4491519,0,,true,Visitor,RamiNoodle733,true,🌐 Location,"Houston, TX, US",,,,,,,,,,,,,,,,,,,2026-01-20T18:24:56.727000+00:00,👀 Site Visit,rich,0,,,false,,,,false,,,,,,,,,2026-01-20T18:24:57.099000+00:00,false,0,Animal Battle Stats,1446203750204047426
1463237882385924259,,,,,,true,,0000,0,,1446203750204047426,,0,Animal Battle Stats,,1446204139909550150,,,2026-01-20T18:24:56.806Z,,4491519,0,,true,Visitor,RamiNoodle733,true,🌐 Location,"Houston, TX, US",,,,,,,,,,,,,,,,,,,2026-01-20T18:24:04.097000+00:00,👀 Site Visit,rich,0,,,false,,,,false,,,,,,,,,2026-01-20T18:24:56.806000+00:00,false,0,Animal Battle Stats,1446203750204047426
1463237653536182307,,,,,,true,,0000,0,,1446203750204047426,,0,Animal Battle Stats,,1446204139909550150,,,2026-01-20T18:24:02.244Z,,16737095,0,,true,User,RamiNoodle733,true,Bracket Size,8 animals,true,Matches Completed,5/7,true,Progress,71%,false,Votes Made,"Raccoon beat Ring-tailed Lemur
Japanese Macaque beat Crow
Musk Ox beat King Crab
Harpy Eagle beat Poison Dart Frog
Japanese Macaque beat Raccoon",true,🌐 Location,"Houston, TX, US",,,,,,,2026-01-20T18:24:01.882000+00:00,🚪 Tournament Quit,rich,0,,,false,,,,false,,,,,,,,,2026-01-20T18:24:02.244000+00:00,false,0,Animal Battle Stats,1446203750204047426
1463236380087025684,,,,,,true,,0000,0,,1446203750204047426,,0,Animal Battle Stats,,1446204139909550150,,,2026-01-20T18:18:58.630Z,,4491519,0,,true,Visitor,RamiNoodle733,true,🌐 Location,"Houston, TX, US",,,,,,,,,,,,,,,,,,,2026-01-20T18:18:58.369000+00:00,👀 Site Visit,rich,0,,,false,,,,false,,,,,,,,,2026-01-20T18:18:58.630000+00:00,false,0,Animal Battle Stats,1446203750204047426
1463236357043519491,,,,,,true,,0000,0,,1446203750204047426,,0,Animal Battle Stats,,1446204139909550150,,,2026-01-20T18:18:53.136Z,,4491519,0,,true,Visitor,RamiNoodle733,true,🌐 Location,"Houston, TX, US",,,,,,,,,,,,,,,,,,,2026-01-20T18:18:52.810000+00:00,👀 Site Visit,rich,0,,,false,,,,false,,,,,,,,,2026-01-20T18:18:53.136000+00:00,false,0,Animal Battle Stats,1446203750204047426
1463236356967891128,,,,,,true,,0000,0,,1446203750204047426,,0,Animal Battle Stats,,1446204139909550150,,,2026-01-20T18:18:53.118Z,,4491519,0,,true,Visitor,RamiNoodle733,true,🌐 Location,"Houston, TX, US",,,,,,,,,,,,,,,,,,,2026-01-20T18:18:48.873000+00:00,👀 Site Visit,rich,0,,,false,,,,false,,,,,,,,,2026-01-20T18:18:53.118000+00:00,false,0,Animal Battle Stats,1446203750204047426
1463232654919860266,,,,,,true,,0000,0,,1446203750204047426,,0,Animal Battle Stats,,1446204139909550150,,,2026-01-20T18:04:10.481Z,,16737095,0,,true,User,RamiNoodle733,true,Bracket Size,8 animals,true,Matches Completed,4/7,true,Progress,57%,false,Votes Made,"African Wild Dog beat Sawfish
Spider Monkey beat Alpaca
Flamingo beat Mongoose
Galapagos Tortoise beat Wombat",true,🌐 Location,"Houston, TX, US",,,,,,,2026-01-20T18:02:57.729000+00:00,🚪 Tournament Quit,rich,0,,,false,,,,false,,,,,,,,,2026-01-20T18:04:10.481000+00:00,false,0,Animal Battle Stats,1446203750204047426
1463232028882243786,,,,,,true,,0000,0,,1446203750204047426,,0,Animal Battle Stats,,1446204139909550150,,,2026-01-20T18:01:41.222Z,,16737095,0,,true,User,RamiNoodle733,true,Bracket Size,8 animals,true,Matches Completed,3/7,true,Progress,43%,false,Votes Made,"Hammerhead Shark beat Flamingo
Arctic Fox beat Piranha
Gaboon Viper beat Barracuda",true,🌐 Location,"Houston, TX, US",,,,,,,2026-01-20T18:01:40.673000+00:00,🚪 Tournament Quit,rich,0,,,false,,,,false,,,,,,,,,2026-01-20T18:01:41.222000+00:00,false,0,Animal Battle Stats,1446203750204047426
1463230914808119300,,,,,,true,,0000,0,,1446203750204047426,,0,Animal Battle Stats,,1446204139909550150,,,2026-01-20T17:57:15.606Z,,16737095,0,,true,User,RamiNoodle733,true,Bracket Size,8 animals,true,Matches Completed,4/7,true,Progress,57%,false,Votes Made,"Gray Wolf beat Tuna
Sable Antelope beat Tasmanian Devil
Condor beat Snowy Owl
Jaguar beat Lynx",true,🌐 Location,"Houston, TX, US",,,,,,,2026-01-20T17:57:15.073000+00:00,🚪 Tournament Quit,rich,0,,,false,,,,false,,,,,,,,,2026-01-20T17:57:15.606000+00:00,false,0,Animal Battle Stats,1446203750204047426
1463229159730839816,,,,,,true,,0000,0,,1446203750204047426,,0,Animal Battle Stats,,1446204139909550150,,,2026-01-20T17:50:17.163Z,,4491519,0,,true,Visitor,RamiNoodle733,true,🌐 Location,"Houston, TX, US",,,,,,,,,,,,,,,,,,,2026-01-20T17:50:16.687000+00:00,👀 Site Visit,rich,0,,,false,,,,false,,,,,,,,,2026-01-20T17:50:17.163000+00:00,false,0,Animal Battle Stats,1446203750204047426
1463229137245442129,,,,,,true,,0000,0,,1446203750204047426,,0,Animal Battle Stats,,1446204139909550150,,,2026-01-20T17:50:11.802Z,,4491519,0,,true,Visitor,RamiNoodle733,true,🌐 Location,"Houston, TX, US",,,,,,,,,,,,,,,,,,,2026-01-20T17:50:11.447000+00:00,👀 Site Visit,rich,0,,,false,,,,false,,,,,,,,,2026-01-20T17:50:11.802000+00:00,false,0,Animal Battle Stats,1446203750204047426
1463229117980999895,,,,,,true,,0000,0,,1446203750204047426,,0,Animal Battle Stats,,1446204139909550150,,,2026-01-20T17:50:07.209Z,,4491519,0,,true,Visitor,RamiNoodle733,true,🌐 Location,"Houston, TX, US",,,,,,,,,,,,,,,,,,,2026-01-20T17:50:06.859000+00:00,👀 Site Visit,rich,0,,,false,,,,false,,,,,,,,,2026-01-20T17:50:07.209000+00:00,false,0,Animal Battle Stats,1446203750204047426
1463229117557248187,,,,,,true,,0000,0,,1446203750204047426,,0,Animal Battle Stats,,1446204139909550150,,,2026-01-20T17:50:07.108Z,,4491519,0,,true,Visitor,RamiNoodle733,true,🌐 Location,"Houston, TX, US",,,,,,,,,,,,,,,,,,,2026-01-20T17:50:00.916000+00:00,👀 Site Visit,rich,0,,,false,,,,false,,,,,,,,,2026-01-20T17:50:07.108000+00:00,false,0,Animal Battle Stats,1446203750204047426
1463223809279787355,,,,,,true,,0000,0,,1446203750204047426,,0,Animal Battle Stats,,1446204139909550150,,,2026-01-20T17:29:01.516Z,,16737095,0,,true,User,RamiNoodle733,true,Bracket Size,8 animals,true,Matches Completed,3/7,true,Progress,43%,false,Votes Made,"Gray Wolf beat Chameleon
Gaboon Viper beat Hedgehog
Ocelot beat Bullet Ant",true,🌐 Location,"Houston, TX, US",,,,,,,2026-01-20T17:28:26.575000+00:00,🚪 Tournament Quit,rich,0,,,false,,,,false,,,,,,,,,2026-01-20T17:29:01.516000+00:00,false,0,Animal Battle Stats,1446203750204047426
1463220915780194345,,,,,,true,,0000,0,,1446203750204047426,,0,Animal Battle Stats,,1446204139909550150,,,2026-01-20T17:17:31.652Z,,4491519,0,,true,Visitor,RamiNoodle733,true,🌐 Location,"Houston, TX, US",,,,,,,,,,,,,,,,,,,2026-01-20T17:17:31.195000+00:00,👀 Site Visit,rich,0,,,false,,,,false,,,,,,,,,2026-01-20T17:17:31.652000+00:00,false,0,Animal Battle Stats,1446203750204047426
1463220914027233433,,,,,,true,,0000,0,,1446203750204047426,,0,Animal Battle Stats,,1446204139909550150,,,2026-01-20T17:17:31.234Z,,4491519,0,,true,Visitor,RamiNoodle733,true,🌐 Location,"Houston, TX, US",,,,,,,,,,,,,,,,,,,2026-01-20T17:17:25.028000+00:00,👀 Site Visit,rich,0,,,false,,,,false,,,,,,,,,2026-01-20T17:17:31.234000+00:00,false,0,Animal Battle Stats,1446203750204047426
1463220650582872177,,,,,,true,,0000,0,,1446203750204047426,,0,Animal Battle Stats,,1446204139909550150,,,2026-01-20T17:16:28.424Z,,16737095,0,,true,User,RamiNoodle733,true,Bracket Size,8 animals,true,Matches Completed,1/7,true,Progress,14%,false,Votes Made,Bull Shark beat Spider Monkey,true,🌐 Location,"Houston, TX, US",,,,,,,2026-01-20T17:16:23.739000+00:00,🚪 Tournament Quit,rich,0,,,false,,,,false,,,,,,,,,2026-01-20T17:16:28.424000+00:00,false,0,Animal Battle Stats,1446203750204047426
1463220551274463274,,,,,,true,,0000,0,,1446203750204047426,,0,Animal Battle Stats,,1446204139909550150,,,2026-01-20T17:16:04.747Z,,16766720,0,,true,User,RamiNoodle733,true,Bracket Size,8 animals,true,Total Matches,7,true,🏆 Champion,Siberian Tiger,true,2nd Place,Warthog,true,3rd/4th Place,"Anteater, Great Horned Owl",false,Recent Matches,"Great Horned Owl beat Wombat
Siberian Tiger beat Capuchin Monkey
Anteater beat Red-Eyed Tree Frog
Warthog beat Spider Monkey
Siberian Tiger beat Great Horned Owl
Warthog beat Anteater
Siberian Tiger beat Warthog",true,🌐 Location,"Houston, TX, US",2026-01-20T17:14:57.024000+00:00,🏆 Tournament Completed,rich,0,,,false,,,,false,,,,,,,,,2026-01-20T17:16:04.747000+00:00,false,0,Animal Battle Stats,1446203750204047426
1463219294446948444,,,,,,true,,0000,0,,1446203750204047426,,0,Animal Battle Stats,,1446204139909550150,,,2026-01-20T17:11:05.096Z,,6710886,0,,true,User,RamiNoodle733,true,🌐 Location,"Houston, TX, US",,,,,,,,,,,,,,,,,,,2026-01-20T17:03:59.948000+00:00,👋 User Left Site,rich,0,,,false,,,,false,,,,,,,,,2026-01-20T17:11:05.096000+00:00,false,0,Animal Battle Stats,1446203750204047426
1463217814713405512,,,,,,true,,0000,0,,1446203750204047426,,0,Animal Battle Stats,,1446204139909550150,,,2026-01-20T17:05:12.300Z,,4491519,0,,true,Visitor,RamiNoodle733,true,🌐 Location,"Houston, TX, US",,,,,,,,,,,,,,,,,,,2026-01-20T17:05:11.948000+00:00,👀 Site Visit,rich,0,,,false,,,,false,,,,,,,,,2026-01-20T17:05:12.300000+00:00,false,0,Animal Battle Stats,1446203750204047426
1463217812486230119,,,,,,true,,0000,0,,1446203750204047426,,0,Animal Battle Stats,,1446204139909550150,,,2026-01-20T17:05:11.769Z,,6710886,0,,true,User,RamiNoodle733,true,🌐 Location,"Houston, TX, US",,,,,,,,,,,,,,,,,,,2026-01-20T17:05:11.045000+00:00,👋 User Left Site,rich,0,,,false,,,,false,,,,,,,,,2026-01-20T17:05:11.769000+00:00,false,0,Animal Battle Stats,1446203750204047426
1463217812343623902,,,,,,true,,0000,0,,1446203750204047426,,0,Animal Battle Stats,,1446204139909550150,,,2026-01-20T17:05:11.735Z,,4491519,0,,true,Visitor,RamiNoodle733,true,🌐 Location,"Houston, TX, US",,,,,,,,,,,,,,,,,,,2026-01-20T17:04:00.653000+00:00,👀 Site Visit,rich,0,,,false,,,,false,,,,,,,,,2026-01-20T17:05:11.735000+00:00,false,0,Animal Battle Stats,1446203750204047426
1463215448538746943,,,,,,true,,0000,0,,1446203750204047426,,0,Animal Battle Stats,,1446204139909550150,,,2026-01-20T16:55:48.160Z,,4491519,0,,true,Visitor,RamiNoodle733,true,🌐 Location,"Houston, TX, US",,,,,,,,,,,,,,,,,,,2026-01-20T16:55:47.731000+00:00,👀 Site Visit,rich,0,,,false,,,,false,,,,,,,,,2026-01-20T16:55:48.160000+00:00,false,0,Animal Battle Stats,1446203750204047426
1463215447242571817,,,,,,true,,0000,0,,1446203750204047426,,0,Animal Battle Stats,,1446204139909550150,,,2026-01-20T16:55:47.851Z,,4491519,0,,true,Visitor,RamiNoodle733,true,🌐 Location,"Houston, TX, US",,,,,,,,,,,,,,,,,,,2026-01-20T16:55:43.796000+00:00,👀 Site Visit,rich,0,,,false,,,,false,,,,,,,,,2026-01-20T16:55:47.851000+00:00,false,0,Animal Battle Stats,1446203750204047426
1463206916057727048,,,,,,true,,0000,0,,1446203750204047426,,0,Animal Battle Stats,,1446204139909550150,,,2026-01-20T16:21:53.858Z,,4491519,0,,true,Visitor,RamiNoodle733,true,🌐 Location,"Houston, TX, US",,,,,,,,,,,,,,,,,,,2026-01-20T16:21:53.537000+00:00,👀 Site Visit,rich,0,,,false,,,,false,,,,,,,,,2026-01-20T16:21:53.858000+00:00,false,0,Animal Battle Stats,1446203750204047426
1463206915000635497,,,,,,true,,0000,0,,1446203750204047426,,0,Animal Battle Stats,,1446204139909550150,,,2026-01-20T16:21:53.606Z,,4491519,0,,true,Visitor,RamiNoodle733,true,🌐 Location,"Houston, TX, US",,,,,,,,,,,,,,,,,,,2026-01-20T16:21:12.291000+00:00,👀 Site Visit,rich,0,,,false,,,,false,,,,,,,,,2026-01-20T16:21:53.606000+00:00,false,0,Animal Battle Stats,1446203750204047426
1463175581184037081,,,,,,true,,0000,0,,1446203750204047426,,0,Animal Battle Stats,,1446204139909550150,,,2026-01-20T14:17:23.042Z,,4491519,0,,true,Visitor,RamiNoodle733,true,🌐 Location,"Houston, TX, US",,,,,,,,,,,,,,,,,,,2026-01-20T14:17:22.672000+00:00,👀 Site Visit,rich,0,,,false,,,,false,,,,,,,,,2026-01-20T14:17:23.042000+00:00,false,0,Animal Battle Stats,1446203750204047426
1463175580047507601,,,,,,true,,0000,0,,1446203750204047426,,0,Animal Battle Stats,,1446204139909550150,,,2026-01-20T14:17:22.771Z,,4491519,0,,true,Visitor,RamiNoodle733,true,🌐 Location,"Houston, TX, US",,,,,,,,,,,,,,,,,,,2026-01-20T14:16:50.523000+00:00,👀 Site Visit,rich,0,,,false,,,,false,,,,,,,,,2026-01-20T14:17:22.771000+00:00,false,0,Animal Battle Stats,1446203750204047426
1463175442512216149,,,,,,true,,0000,0,,1446203750204047426,,0,Animal Battle Stats,,1446204139909550150,,,2026-01-20T14:16:49.980Z,,16737095,0,,true,User,RamiNoodle733,true,Bracket Size,8 animals,true,Matches Completed,2/7,true,Progress,29%,false,Votes Made,"Rhinoceros beat Yak
Great White Shark beat Wallaby",true,🌐 Location,"Houston, TX, US",,,,,,,2026-01-20T14:16:49.438000+00:00,🚪 Tournament Quit,rich,0,,,false,,,,false,,,,,,,,,2026-01-20T14:16:49.980000+00:00,false,0,Animal Battle Stats,1446203750204047426
1463172884859191326,,,,,,true,,0000,0,,1446203750204047426,,0,Animal Battle Stats,,1446204139909550150,,,2026-01-20T14:06:40.188Z,,16766720,0,,true,User,RamiNoodle733,true,Bracket Size,8 animals,true,Total Matches,7,true,🏆 Champion,Elk,true,2nd Place,Lobster,true,3rd/4th Place,"Skunk, Sun Bear",false,Recent Matches,"Sun Bear beat Emu
Elk beat Hornet
Skunk beat Fennec Fox
Lobster beat Flamingo
Elk beat Sun Bear
Lobster beat Skunk
Elk beat Lobster",true,🌐 Location,"Houston, TX, US",2026-01-20T14:06:27.271000+00:00,🏆 Tournament Completed,rich,0,,,false,,,,false,,,,,,,,,2026-01-20T14:06:40.188000+00:00,false,0,Animal Battle Stats,1446203750204047426
1463170254287933625,,,,,,true,,0000,0,,1446203750204047426,,0,Animal Battle Stats,,1446204139909550150,,,2026-01-20T13:56:13.011Z,,65416,0,,true,User,RamiNoodle733,true,Animal,Bactrian Camel,true,Vote,👍 Upvote,true,🌐 Location,"Houston, TX, US",,,,,,,,,,,,,2026-01-20T13:56:12.620000+00:00,👍 New Vote,rich,0,,,false,,,,false,,,,,,,,,2026-01-20T13:56:13.011000+00:00,false,0,Animal Battle Stats,1446203750204047426
1463168162991309000,,,,,,true,,0000,0,,1446203750204047426,,0,Animal Battle Stats,,1446204139909550150,,,2026-01-20T13:47:54.407Z,,16766720,0,,true,User,RamiNoodle733,true,Bracket Size,8 animals,true,Total Matches,7,true,🏆 Champion,Cape Buffalo,true,2nd Place,Bottlenose Dolphin,true,3rd/4th Place,"Bald Eagle, Alligator",false,Recent Matches,"Alligator beat Bullfrog
Cape Buffalo beat Red Panda
Bald Eagle beat Secretary Bird
Bottlenose Dolphin beat Octopus
Cape Buffalo beat Alligator
Bottlenose Dolphin beat Bald Eagle
Cape Buffalo beat Bottlenose Dolphin",true,🌐 Location,"Houston, TX, US",2026-01-20T13:47:48.161000+00:00,🏆 Tournament Completed,rich,0,,,false,,,,false,,,,,,,,,2026-01-20T13:47:54.407000+00:00,false,0,Animal Battle Stats,1446203750204047426
1463167215162495112,,,,,,true,,0000,0,,1446203750204047426,,0,Animal Battle Stats,,1446204139909550150,,,2026-01-20T13:44:08.427Z,,16766720,0,,true,User,RamiNoodle733,true,Bracket Size,8 animals,true,Total Matches,7,true,🏆 Champion,Box Jellyfish,true,2nd Place,Reticulated Python,true,3rd/4th Place,"Camel, Ring-tailed Lemur",false,Recent Matches,"Ring-tailed Lemur beat Sloth
Reticulated Python beat Macaw
Box Jellyfish beat Lobster
Camel beat Mandrill
Reticulated Python beat Ring-tailed Lemur
Box Jellyfish beat Camel
Box Jellyfish beat Reticulated Python",true,🌐 Location,"Houston, TX, US",2026-01-20T13:37:26.432000+00:00,🏆 Tournament Completed,rich,0,,,false,,,,false,,,,,,,,,2026-01-20T13:44:08.427000+00:00,false,0,Animal Battle Stats,1446203750204047426
1463167172045046006,,,,,,true,,0000,0,,1446203750204047426,,0,Animal Battle Stats,,1446204139909550150,,,2026-01-20T13:43:58.147Z,,4491519,0,,true,Visitor,RamiNoodle733,true,🌐 Location,"Houston, TX, US",,,,,,,,,,,,,,,,,,,2026-01-20T13:43:57.959000+00:00,👀 Site Visit,rich,0,,,false,,,,false,,,,,,,,,2026-01-20T13:43:58.147000+00:00,false,0,Animal Battle Stats,1446203750204047426
1463167162481905802,,,,,,true,,0000,0,,1446203750204047426,,0,Animal Battle Stats,,1446204139909550150,,,2026-01-20T13:43:55.867Z,,4491519,0,,true,Visitor,RamiNoodle733,true,🌐 Location,"Houston, TX, US",,,,,,,,,,,,,,,,,,,2026-01-20T13:43:55.522000+00:00,👀 Site Visit,rich,0,,,false,,,,false,,,,,,,,,2026-01-20T13:43:55.867000+00:00,false,0,Animal Battle Stats,1446203750204047426
1463166945930117344,,,,,,true,,0000,0,,1446203750204047426,,0,Animal Battle Stats,,1446204139909550150,,,2026-01-20T13:43:04.237Z,,4491519,0,,true,Visitor,RamiNoodle733,true,🌐 Location,"Houston, TX, US",,,,,,,,,,,,,,,,,,,2026-01-20T13:43:03.922000+00:00,👀 Site Visit,rich,0,,,false,,,,false,,,,,,,,,2026-01-20T13:43:04.237000+00:00,false,0,Animal Battle Stats,1446203750204047426
1463166657198428252,,,,,,true,,0000,0,,1446203750204047426,,0,Animal Battle Stats,,1446204139909550150,,,2026-01-20T13:41:55.398Z,,65416,0,,true,User,RamiNoodle733,true,Animal,Box Jellyfish,true,Vote,👍 Upvote,true,🌐 Location,"Houston, TX, US",,,,,,,,,,,,,2026-01-20T13:41:55.029000+00:00,👍 New Vote,rich,0,,,false,,,,false,,,,,,,,,2026-01-20T13:41:55.398000+00:00,false,0,Animal Battle Stats,1446203750204047426
1463166638169002186,,,,,,true,,0000,0,,1446203750204047426,,0,Animal Battle Stats,,1446204139909550150,,,2026-01-20T13:41:50.861Z,,65416,0,,true,User,RamiNoodle733,true,Animal,Moray Eel,true,Vote,👍 Upvote,true,🌐 Location,"Houston, TX, US",,,,,,,,,,,,,2026-01-20T13:41:50+00:00,👍 New Vote,rich,0,,,false,,,,false,,,,,,,,,2026-01-20T13:41:50.861000+00:00,false,0,Animal Battle Stats,1446203750204047426
1463165764482764917,,,,,,true,,0000,0,,1446203750204047426,,0,Animal Battle Stats,,1446204139909550150,,,2026-01-20T13:38:22.558Z,,4491519,0,,true,Visitor,RamiNoodle733,true,🌐 Location,"Houston, TX, US",,,,,,,,,,,,,,,,,,,2026-01-20T13:38:22.271000+00:00,👀 Site Visit,rich,0,,,false,,,,false,,,,,,,,,2026-01-20T13:38:22.558000+00:00,false,0,Animal Battle Stats,1446203750204047426
1463165763249770704,,,,,,true,,0000,0,,1446203750204047426,,0,Animal Battle Stats,,1446204139909550150,,,2026-01-20T13:38:22.264Z,,6710886,0,,true,User,RamiNoodle733,true,🌐 Location,"Houston, TX, US",,,,,,,,,,,,,,,,,,,2026-01-20T13:38:21.511000+00:00,👋 User Left Site,rich,0,,,false,,,,false,,,,,,,,,2026-01-20T13:38:22.264000+00:00,false,0,Animal Battle Stats,1446203750204047426
1463165762972942573,,,,,,true,,0000,0,,1446203750204047426,,0,Animal Battle Stats,,1446204139909550150,,,2026-01-20T13:38:22.198Z,,4491519,0,,true,Visitor,RamiNoodle733,true,🌐 Location,"Houston, TX, US",,,,,,,,,,,,,,,,,,,2026-01-20T13:37:53.144000+00:00,👀 Site Visit,rich,0,,,false,,,,false,,,,,,,,,2026-01-20T13:38:22.198000+00:00,false,0,Animal Battle Stats,1446203750204047426
1463165618088841228,,,,,,true,,0000,0,,1446203750204047426,,0,Animal Battle Stats,,1446204139909550150,,,2026-01-20T13:37:47.655Z,,65416,0,,true,User,RamiNoodle733,true,Animal,Cassowary,true,Vote,👍 Upvote,true,🌐 Location,"Houston, TX, US",,,,,,,,,,,,,2026-01-20T13:37:47.391000+00:00,👍 New Vote,rich,0,,,false,,,,false,,,,,,,,,2026-01-20T13:37:47.655000+00:00,false,0,Animal Battle Stats,1446203750204047426
1463159361198362770,,,,,,true,,0000,0,,1446203750204047426,,0,Animal Battle Stats,,1446204139909550150,,,2026-01-20T13:12:55.896Z,,4491519,0,,true,Visitor,RamiNoodle733,true,🌐 Location,"Houston, TX, US",,,,,,,,,,,,,,,,,,,2026-01-20T13:12:55.657000+00:00,👀 Site Visit,rich,0,,,false,,,,false,,,,,,,,,2026-01-20T13:12:55.896000+00:00,false,0,Animal Battle Stats,1446203750204047426
1463159345469456394,,,,,,true,,0000,0,,1446203750204047426,,0,Animal Battle Stats,,1446204139909550150,,,2026-01-20T13:12:52.146Z,,4491519,0,,true,Visitor,RamiNoodle733,true,🌐 Location,"Houston, TX, US",,,,,,,,,,,,,,,,,,,2026-01-20T13:12:51.771000+00:00,👀 Site Visit,rich,0,,,false,,,,false,,,,,,,,,2026-01-20T13:12:52.146000+00:00,false,0,Animal Battle Stats,1446203750204047426
1463159344366616692,,,,,,true,,0000,0,,1446203750204047426,,0,Animal Battle Stats,,1446204139909550150,,,2026-01-20T13:12:51.883Z,,4491519,0,,true,Visitor,RamiNoodle733,true,🌐 Location,"Houston, TX, US",,,,,,,,,,,,,,,,,,,2026-01-20T13:12:41.283000+00:00,👀 Site Visit,rich,0,,,false,,,,false,,,,,,,,,2026-01-20T13:12:51.883000+00:00,false,0,Animal Battle Stats,1446203750204047426
1462986106160025718,,,,,,true,,0000,0,,1446203750204047426,,0,Animal Battle Stats,,1446204139909550150,,,2026-01-20T01:44:28.676Z,,4491519,0,,true,Visitor,Anonymous,true,🌐 Location,"Lodi, NJ, US",,,,,,,,,,,,,,,,,,,2026-01-20T01:44:27.650000+00:00,👀 Site Visit,rich,0,,,false,,,,false,,,,,,,,,2026-01-20T01:44:28.676000+00:00,false,0,Animal Battle Stats,1446203750204047426
1462986102741668106,,,,,,true,,0000,0,,1446203750204047426,,0,Animal Battle Stats,,1446204139909550150,,,2026-01-20T01:44:27.861Z,,4491519,0,,true,Visitor,Anonymous,true,🌐 Location,"Lodi, NJ, US",,,,,,,,,,,,,,,,,,,2026-01-20T01:39:19.141000+00:00,👀 Site Visit,rich,0,,,false,,,,false,,,,,,,,,2026-01-20T01:44:27.861000+00:00,false,0,Animal Battle Stats,1446203750204047426
1462984960813301833,,,,,,true,,0000,0,,1446203750204047426,,0,Animal Battle Stats,,1446204139909550150,,,2026-01-20T01:39:55.604Z,,16739072,0,,false,Matchup,Orca vs Polar Bear,true,User,Anonymous,true,🌐 Location,"Lodi, NJ, US",,,,,,,,,,,,,,,,2026-01-20T01:39:55.194000+00:00,⚔️ Battle Comparison,rich,0,,,false,,,,false,,,,,,,,,2026-01-20T01:39:55.604000+00:00,false,0,Animal Battle Stats,1446203750204047426
1462961510648123479,,,,,,true,,0000,0,,1446203750204047426,,0,Animal Battle Stats,,1446204139909550150,,,2026-01-20T00:06:44.649Z,,4491519,0,,true,Visitor,RamiNoodle733,true,🌐 Location,"Houston, TX, US",,,,,,,,,,,,,,,,,,,2026-01-20T00:06:44.314000+00:00,👀 Site Visit,rich,0,,,false,,,,false,,,,,,,,,2026-01-20T00:06:44.649000+00:00,false,0,Animal Battle Stats,1446203750204047426
1462961508731457589,,,,,,true,,0000,0,,1446203750204047426,,0,Animal Battle Stats,,1446204139909550150,,,2026-01-20T00:06:44.192Z,,4491519,0,,true,Visitor,RamiNoodle733,true,🌐 Location,"Katy, TX, US",,,,,,,,,,,,,,,,,,,2026-01-20T00:06:40.163000+00:00,👀 Site Visit,rich,0,,,false,,,,false,,,,,,,,,2026-01-20T00:06:44.192000+00:00,false,0,Animal Battle Stats,1446203750204047426
1462920624858071102,,,,,,true,,0000,0,,1446203750204047426,,0,Animal Battle Stats,,1446204139909550150,,,2026-01-19T21:24:16.717Z,,16766720,0,,true,User,RamiNoodle733,true,Bracket Size,8 animals,true,Total Matches,7,true,🏆 Champion,Black Rhinoceros,true,2nd Place,Hyena,true,3rd/4th Place,"Howler Monkey, Cougar",false,Recent Matches,"Black Rhinoceros beat Dragonfly
Cougar beat Proboscis Monkey
Howler Monkey beat Barn Owl
Hyena beat Red Panda
Black Rhinoceros beat Cougar
Hyena beat Howler Monkey
Black Rhinoceros beat Hyena",true,🌐 Location,"Katy, TX, US",2026-01-19T21:24:08.943000+00:00,🏆 Tournament Completed,rich,0,,,false,,,,false,,,,,,,,,2026-01-19T21:24:16.717000+00:00,false,0,Animal Battle Stats,1446203750204047426
1462914891672322250,,,,,,true,,0000,0,,1446203750204047426,,0,Animal Battle Stats,,1446204139909550150,,,2026-01-19T21:01:29.819Z,,16766720,0,,true,User,RamiNoodle733,true,Bracket Size,8 animals,true,Total Matches,7,true,🏆 Champion,Box Jellyfish,true,2nd Place,Lionfish,true,3rd/4th Place,"Axolotl, Anaconda",false,Recent Matches,"Anaconda beat Seal
Box Jellyfish beat Coconut Crab
Lionfish beat Kiwi
Axolotl beat Sea Otter
Box Jellyfish beat Anaconda
Lionfish beat Axolotl
Box Jellyfish beat Lionfish",true,🌐 Location,"Katy, TX, US",2026-01-19T21:01:16.833000+00:00,🏆 Tournament Completed,rich,0,,,false,,,,false,,,,,,,,,2026-01-19T21:01:29.819000+00:00,false,0,Animal Battle Stats,1446203750204047426
1462909718162047076,,,,,,true,,0000,0,,1446203750204047426,,0,Animal Battle Stats,,1446204139909550150,,,2026-01-19T20:40:56.358Z,,16737095,0,,true,User,RamiNoodle733,true,Bracket Size,8 animals,true,Matches Completed,1/7,true,Progress,14%,false,Votes Made,Cape Buffalo beat Gazelle,true,🌐 Location,"Katy, TX, US",,,,,,,2026-01-19T20:39:05.415000+00:00,🚪 Tournament Quit,rich,0,,,false,,,,false,,,,,,,,,2026-01-19T20:40:56.358000+00:00,false,0,Animal Battle Stats,1446203750204047426
1462908990550704364,,,,,,true,,0000,0,,1446203750204047426,,0,Animal Battle Stats,,1446204139909550150,,,2026-01-19T20:38:02.882Z,,4491519,0,,true,Visitor,RamiNoodle733,true,🌐 Location,"Katy, TX, US",,,,,,,,,,,,,,,,,,,2026-01-19T20:38:02.541000+00:00,👀 Site Visit,rich,0,,,false,,,,false,,,,,,,,,2026-01-19T20:38:02.882000+00:00,false,0,Animal Battle Stats,1446203750204047426
1462908988877443315,,,,,,true,,0000,0,,1446203750204047426,,0,Animal Battle Stats,,1446204139909550150,,,2026-01-19T20:38:02.483Z,,6710886,0,,true,User,RamiNoodle733,true,🌐 Location,"Katy, TX, US",,,,,,,,,,,,,,,,,,,2026-01-19T20:38:02.046000+00:00,👋 User Left Site,rich,0,,,false,,,,false,,,,,,,,,2026-01-19T20:38:02.483000+00:00,false,0,Animal Battle Stats,1446203750204047426
1462908735801524265,,,,,,true,,0000,0,,1446203750204047426,,0,Animal Battle Stats,,1446204139909550150,,,2026-01-19T20:37:02.145Z,,16737095,0,,true,User,RamiNoodle733,true,Bracket Size,8 animals,true,Matches Completed,2/7,true,Progress,29%,false,Votes Made,"Osprey beat Stag Beetle
Moray Eel beat Platypus",true,🌐 Location,"Katy, TX, US",,,,,,,2026-01-19T20:36:45.689000+00:00,🚪 Tournament Quit,rich,0,,,false,,,,false,,,,,,,,,2026-01-19T20:37:02.145000+00:00,false,0,Animal Battle Stats,1446203750204047426
1462908678243094640,,,,,,true,,0000,0,,1446203750204047426,,0,Animal Battle Stats,,1446204139909550150,,,2026-01-19T20:36:48.422Z,,4491519,0,,true,Visitor,RamiNoodle733,true,🌐 Location,"Katy, TX, US",,,,,,,,,,,,,,,,,,,2026-01-19T20:36:48.159000+00:00,👀 Site Visit,rich,0,,,false,,,,false,,,,,,,,,2026-01-19T20:36:48.422000+00:00,false,0,Animal Battle Stats,1446203750204047426
1462908675831107646,,,,,,true,,0000,0,,1446203750204047426,,0,Animal Battle Stats,,1446204139909550150,,,2026-01-19T20:36:47.847Z,,6710886,0,,true,User,RamiNoodle733,true,🌐 Location,"Katy, TX, US",,,,,,,,,,,,,,,,,,,2026-01-19T20:36:47.566000+00:00,👋 User Left Site,rich,0,,,false,,,,false,,,,,,,,,2026-01-19T20:36:47.847000+00:00,false,0,Animal Battle Stats,1446203750204047426
1462908569367089238,,,,,,true,,0000,0,,1446203750204047426,,0,Animal Battle Stats,,1446204139909550150,,,2026-01-19T20:36:22.464Z,,16737095,0,,true,User,RamiNoodle733,true,Bracket Size,8 animals,true,Matches Completed,2/7,true,Progress,29%,false,Votes Made,"Impala beat Octopus
Polar Bear beat Camel Spider",true,🌐 Location,"Katy, TX, US",,,,,,,2026-01-19T20:36:15.260000+00:00,🚪 Tournament Quit,rich,0,,,false,,,,false,,,,,,,,,2026-01-19T20:36:22.464000+00:00,false,0,Animal Battle Stats,1446203750204047426
1462908371182161921,,,,,,true,,0000,0,,1446203750204047426,,0,Animal Battle Stats,,1446204139909550150,,,2026-01-19T20:35:35.213Z,,16737095,0,,true,User,RamiNoodle733,true,Bracket Size,8 animals,true,Matches Completed,3/7,true,Progress,43%,false,Votes Made,"Polar Bear beat Green Anaconda
Black Mamba beat Huntsman Spider
Shoebill beat Ring-tailed Lemur",true,🌐 Location,"Katy, TX, US",,,,,,,2026-01-19T20:34:42.485000+00:00,🚪 Tournament Quit,rich,0,,,false,,,,false,,,,,,,,,2026-01-19T20:35:35.213000+00:00,false,0,Animal Battle Stats,1446203750204047426
1462907845900243171,,,,,,true,,0000,0,,1446203750204047426,,0,Animal Battle Stats,,1446204139909550150,,,2026-01-19T20:33:29.976Z,,4491519,0,,true,Visitor,RamiNoodle733,true,🌐 Location,"Katy, TX, US",,,,,,,,,,,,,,,,,,,2026-01-19T20:33:29.456000+00:00,👀 Site Visit,rich,0,,,false,,,,false,,,,,,,,,2026-01-19T20:33:29.976000+00:00,false,0,Animal Battle Stats,1446203750204047426
1462907782301749490,,,,,,true,,0000,0,,1446203750204047426,,0,Animal Battle Stats,,1446204139909550150,,,2026-01-19T20:33:14.813Z,,4491519,0,,true,Visitor,RamiNoodle733,true,🌐 Location,"Katy, TX, US",,,,,,,,,,,,,,,,,,,2026-01-19T20:33:14.503000+00:00,👀 Site Visit,rich,0,,,false,,,,false,,,,,,,,,2026-01-19T20:33:14.813000+00:00,false,0,Animal Battle Stats,1446203750204047426
1462907781597364346,,,,,,true,,0000,0,,1446203750204047426,,0,Animal Battle Stats,,1446204139909550150,,,2026-01-19T20:33:14.645Z,,4491519,0,,true,Visitor,Anonymous,true,🌐 Location,"Santa Clara, CA, US",,,,,,,,,,,,,,,,,,,2026-01-19T20:32:54.648000+00:00,👀 Site Visit,rich,0,,,false,,,,false,,,,,,,,,2026-01-19T20:33:14.645000+00:00,false,0,Animal Battle Stats,1446203750204047426
1462905854280859842,,,,,,true,,0000,0,,1446203750204047426,,0,Animal Battle Stats,,1446204139909550150,,,2026-01-19T20:25:35.137Z,,16766720,0,,true,User,RamiNoodle733,true,Bracket Size,8 animals,true,Total Matches,7,true,🏆 Champion,Cassowary,true,2nd Place,Mountain Goat,true,3rd/4th Place,"Salamander, Arctic Fox",false,Recent Matches,"Siberian Tiger beat Monarch Butterfly
King Cobra beat Coconut Crab
Cassowary beat Arctic Fox
Mountain Goat beat Salamander
Mountain Goat beat Salamander
Cassowary beat Mountain Goat",true,🌐 Location,"Katy, TX, US",2026-01-19T20:24:54.084000+00:00,🏆 Tournament Completed,rich,0,,,false,,,,false,,,,,,,,,2026-01-19T20:25:35.137000+00:00,false,0,Animal Battle Stats,1446203750204047426
1462905785402003684,,,,,,true,,0000,0,,1446203750204047426,,0,Animal Battle Stats,,1446204139909550150,,,2026-01-19T20:25:18.715Z,,52360,0,,true,By,RamiNoodle733,true,Comment Author,RamiNoodle733,true,On,Cassowary,true,🌐 Location,"Katy, TX, US",,,,,,,,,,,,,2026-01-19T20:25:18.311000+00:00,👍 Comment Upvoted,rich,0,,,false,,,,false,,,,,,,,,2026-01-19T20:25:18.715000+00:00,false,0,Animal Battle Stats,1446203750204047426
1462905562114031627,,,,,,true,,0000,0,,1446203750204047426,,0,Animal Battle Stats,,1446204139909550150,,,2026-01-19T20:24:25.479Z,,16766720,0,,true,User,RamiNoodle733,true,Bracket Size,8 animals,true,Total Matches,7,true,🏆 Champion,Sable Antelope,true,2nd Place,Giant Squid,true,3rd/4th Place,"Bottlenose Dolphin, Axolotl",false,Recent Matches,"Sable Antelope beat Peregrine Falcon
Axolotl beat Red-Eyed Tree Frog
Bottlenose Dolphin beat Koala
Giant Squid beat Bald Eagle
Sable Antelope beat Axolotl
Giant Squid beat Bottlenose Dolphin
Sable Antelope beat Giant Squid",true,🌐 Location,"Katy, TX, US",2026-01-19T20:24:12.786000+00:00,🏆 Tournament Completed,rich,0,,,false,,,,false,,,,,,,,,2026-01-19T20:24:25.479000+00:00,false,0,Animal Battle Stats,1446203750204047426
1462903757225591061,,,,,,true,,0000,0,,1446203750204047426,,0,Animal Battle Stats,,1446204139909550150,,,2026-01-19T20:17:15.160Z,,4491519,0,,true,Visitor,RamiNoodle733,true,🌐 Location,"Katy, TX, US",,,,,,,,,,,,,,,,,,,2026-01-19T20:17:14.864000+00:00,👀 Site Visit,rich,0,,,false,,,,false,,,,,,,,,2026-01-19T20:17:15.160000+00:00,false,0,Animal Battle Stats,1446203750204047426
1462903337140883518,,,,,,true,,0000,0,,1446203750204047426,,0,Animal Battle Stats,,1446204139909550150,,,2026-01-19T20:15:35.004Z,,4491519,0,,true,Visitor,RamiNoodle733,true,🌐 Location,"Katy, TX, US",,,,,,,,,,,,,,,,,,,2026-01-19T20:15:34.729000+00:00,👀 Site Visit,rich,0,,,false,,,,false,,,,,,,,,2026-01-19T20:15:35.004000+00:00,false,0,Animal Battle Stats,1446203750204047426
1462903336121532486,,,,,,true,,0000,0,,1446203750204047426,,0,Animal Battle Stats,,1446204139909550150,,,2026-01-19T20:15:34.761Z,,4491519,0,,true,Visitor,RamiNoodle733,true,🌐 Location,"Katy, TX, US",,,,,,,,,,,,,,,,,,,2026-01-19T20:15:26.357000+00:00,👀 Site Visit,rich,0,,,false,,,,false,,,,,,,,,2026-01-19T20:15:34.761000+00:00,false,0,Animal Battle Stats,1446203750204047426
1462895768259133664,,,,,,true,,0000,0,,1446203750204047426,,0,Animal Battle Stats,,1446204139909550150,,,2026-01-19T19:45:30.442Z,,4491519,0,,true,Visitor,RamiNoodle733,true,🌐 Location,"Katy, TX, US",,,,,,,,,,,,,,,,,,,2026-01-19T19:45:30.111000+00:00,👀 Site Visit,rich,0,,,false,,,,false,,,,,,,,,2026-01-19T19:45:30.442000+00:00,false,0,Animal Battle Stats,1446203750204047426
1462895761414029564,,,,,,true,,0000,0,,1446203750204047426,,0,Animal Battle Stats,,1446204139909550150,,,2026-01-19T19:45:28.810Z,,4491519,0,,true,Visitor,RamiNoodle733,true,🌐 Location,"Katy, TX, US",,,,,,,,,,,,,,,,,,,2026-01-19T19:45:28.528000+00:00,👀 Site Visit,rich,0,,,false,,,,false,,,,,,,,,2026-01-19T19:45:28.810000+00:00,false,0,Animal Battle Stats,1446203750204047426
1462895403522457663,,,,,,true,,0000,0,,1446203750204047426,,0,Animal Battle Stats,,1446204139909550150,,,2026-01-19T19:44:03.482Z,,4491519,0,,true,Visitor,RamiNoodle733,true,🌐 Location,"Katy, TX, US",,,,,,,,,,,,,,,,,,,2026-01-19T19:43:58.436000+00:00,👀 Site Visit,rich,0,,,false,,,,false,,,,,,,,,2026-01-19T19:44:03.482000+00:00,false,0,Animal Battle Stats,1446203750204047426
1462895403518136443,,,,,,true,,0000,0,,1446203750204047426,,0,Animal Battle Stats,,1446204139909550150,,,2026-01-19T19:44:03.481Z,,4491519,0,,true,Visitor,RamiNoodle733,true,🌐 Location,"Katy, TX, US",,,,,,,,,,,,,,,,,,,2026-01-19T19:44:03.175000+00:00,👀 Site Visit,rich,0,,,false,,,,false,,,,,,,,,2026-01-19T19:44:03.481000+00:00,false,0,Animal Battle Stats,1446203750204047426
1462882558382444861,,,,,,true,,0000,0,,1446203750204047426,,0,Animal Battle Stats,,1446204139909550150,,,2026-01-19T18:53:00.962Z,,16737095,0,,true,User,RamiNoodle733,true,Bracket Size,8 animals,true,Matches Completed,3/7,true,Progress,43%,false,Votes Made,"Gazelle beat Salamander
Green Anaconda beat Vulture
Beluga Whale beat Secretary Bird",true,🌐 Location,"Katy, TX, US",,,,,,,2026-01-19T18:52:30.422000+00:00,🚪 Tournament Quit,rich,0,,,false,,,,false,,,,,,,,,2026-01-19T18:53:00.962000+00:00,false,0,Animal Battle Stats,1446203750204047426
1462882536194838760,,,,,,true,,0000,0,,1446203750204047426,,0,Animal Battle Stats,,1446204139909550150,,,2026-01-19T18:52:55.672Z,,4491519,0,,true,Visitor,RamiNoodle733,true,🌐 Location,"Katy, TX, US",,,,,,,,,,,,,,,,,,,2026-01-19T18:52:55.336000+00:00,👀 Site Visit,rich,0,,,false,,,,false,,,,,,,,,2026-01-19T18:52:55.672000+00:00,false,0,Animal Battle Stats,1446203750204047426
1462882521388683425,,,,,,true,,0000,0,,1446203750204047426,,0,Animal Battle Stats,,1446204139909550150,,,2026-01-19T18:52:52.142Z,,4491519,0,,true,Visitor,RamiNoodle733,true,🌐 Location,"Katy, TX, US",,,,,,,,,,,,,,,,,,,2026-01-19T18:52:51.887000+00:00,👀 Site Visit,rich,0,,,false,,,,false,,,,,,,,,2026-01-19T18:52:52.142000+00:00,false,0,Animal Battle Stats,1446203750204047426
1462882445077512202,,,,,,true,,0000,0,,1446203750204047426,,0,Animal Battle Stats,,1446204139909550150,,,2026-01-19T18:52:33.948Z,,4491519,0,,true,Visitor,RamiNoodle733,true,🌐 Location,"Katy, TX, US",,,,,,,,,,,,,,,,,,,2026-01-19T18:52:33.593000+00:00,👀 Site Visit,rich,0,,,false,,,,false,,,,,,,,,2026-01-19T18:52:33.948000+00:00,false,0,Animal Battle Stats,1446203750204047426
1462882302768971829,,,,,,true,,0000,0,,1446203750204047426,,0,Animal Battle Stats,,1446204139909550150,,,2026-01-19T18:52:00.019Z,,4491519,0,,true,Visitor,RamiNoodle733,true,🌐 Location,"Katy, TX, US",,,,,,,,,,,,,,,,,,,2026-01-19T18:51:59.631000+00:00,👀 Site Visit,rich,0,,,false,,,,false,,,,,,,,,2026-01-19T18:52:00.019000+00:00,false,0,Animal Battle Stats,1446203750204047426
1462882266647756830,,,,,,true,,0000,0,,1446203750204047426,,0,Animal Battle Stats,,1446204139909550150,,,2026-01-19T18:51:51.407Z,,4491519,0,,true,Visitor,RamiNoodle733,true,🌐 Location,"Katy, TX, US",,,,,,,,,,,,,,,,,,,2026-01-19T18:51:51.119000+00:00,👀 Site Visit,rich,0,,,false,,,,false,,,,,,,,,2026-01-19T18:51:51.407000+00:00,false,0,Animal Battle Stats,1446203750204047426
1462882226034315488,,,,,,true,,0000,0,,1446203750204047426,,0,Animal Battle Stats,,1446204139909550150,,,2026-01-19T18:51:41.724Z,,4491519,0,,true,Visitor,RamiNoodle733,true,🌐 Location,"Katy, TX, US",,,,,,,,,,,,,,,,,,,2026-01-19T18:51:41.419000+00:00,👀 Site Visit,rich,0,,,false,,,,false,,,,,,,,,2026-01-19T18:51:41.724000+00:00,false,0,Animal Battle Stats,1446203750204047426
1462882212612669521,,,,,,true,,0000,0,,1446203750204047426,,0,Animal Battle Stats,,1446204139909550150,,,2026-01-19T18:51:38.524Z,,4491519,0,,true,Visitor,RamiNoodle733,true,🌐 Location,"Katy, TX, US",,,,,,,,,,,,,,,,,,,2026-01-19T18:51:38.150000+00:00,👀 Site Visit,rich,0,,,false,,,,false,,,,,,,,,2026-01-19T18:51:38.524000+00:00,false,0,Animal Battle Stats,1446203750204047426
1462882211408646244,,,,,,true,,0000,0,,1446203750204047426,,0,Animal Battle Stats,,1446204139909550150,,,2026-01-19T18:51:38.237Z,,4491519,0,,true,Visitor,RamiNoodle733,true,🌐 Location,"Katy, TX, US",,,,,,,,,,,,,,,,,,,2026-01-19T18:51:35.060000+00:00,👀 Site Visit,rich,0,,,false,,,,false,,,,,,,,,2026-01-19T18:51:38.237000+00:00,false,0,Animal Battle Stats,1446203750204047426
1462881293338415104,,,,,,true,,0000,0,,1446203750204047426,,0,Animal Battle Stats,,1446204139909550150,,,2026-01-19T18:47:59.352Z,,4491519,0,,true,Visitor,RamiNoodle733,true,🌐 Location,"Katy, TX, US",,,,,,,,,,,,,,,,,,,2026-01-19T18:47:01.351000+00:00,👀 Site Visit,rich,0,,,false,,,,false,,,,,,,,,2026-01-19T18:47:59.352000+00:00,false,0,Animal Battle Stats,1446203750204047426
1462881271985471725,,,,,,true,,0000,0,,1446203750204047426,,0,Animal Battle Stats,,1446204139909550150,,,2026-01-19T18:47:54.261Z,,4491519,0,,true,Visitor,RamiNoodle733,true,🌐 Location,"Katy, TX, US",,,,,,,,,,,,,,,,,,,2026-01-19T18:46:56.120000+00:00,👀 Site Visit,rich,0,,,false,,,,false,,,,,,,,,2026-01-19T18:47:54.261000+00:00,false,0,Animal Battle Stats,1446203750204047426
1462881207799779358,,,,,,true,,0000,0,,1446203750204047426,,0,Animal Battle Stats,,1446204139909550150,,,2026-01-19T18:47:38.958Z,,4491519,0,,true,Visitor,RamiNoodle733,true,🌐 Location,"Katy, TX, US",,,,,,,,,,,,,,,,,,,2026-01-19T18:47:07.649000+00:00,👀 Site Visit,rich,0,,,false,,,,false,,,,,,,,,2026-01-19T18:47:38.958000+00:00,false,0,Animal Battle Stats,1446203750204047426
1462881158457987105,,,,,,true,,0000,0,,1446203750204047426,,0,Animal Battle Stats,,1446204139909550150,,,2026-01-19T18:47:27.194Z,,4491519,0,,true,Visitor,RamiNoodle733,true,🌐 Location,"Katy, TX, US",,,,,,,,,,,,,,,,,,,2026-01-19T18:46:58.472000+00:00,👀 Site Visit,rich,0,,,false,,,,false,,,,,,,,,2026-01-19T18:47:27.194000+00:00,false,0,Animal Battle Stats,1446203750204047426
1462879952780398767,,,,,,true,,0000,0,,1446203750204047426,,0,Animal Battle Stats,,1446204139909550150,,,2026-01-19T18:42:39.738Z,,4491519,0,,true,Visitor,RamiNoodle733,true,🌐 Location,"Katy, TX, US",,,,,,,,,,,,,,,,,,,2026-01-19T18:42:39.463000+00:00,👀 Site Visit,rich,0,,,false,,,,false,,,,,,,,,2026-01-19T18:42:39.738000+00:00,false,0,Animal Battle Stats,1446203750204047426
1462879926951870709,,,,,,true,,0000,0,,1446203750204047426,,0,Animal Battle Stats,,1446204139909550150,,,2026-01-19T18:42:33.580Z,,4491519,0,,true,Visitor,RamiNoodle733,true,🌐 Location,"Katy, TX, US",,,,,,,,,,,,,,,,,,,2026-01-19T18:42:33.236000+00:00,👀 Site Visit,rich,0,,,false,,,,false,,,,,,,,,2026-01-19T18:42:33.580000+00:00,false,0,Animal Battle Stats,1446203750204047426
1462879925894643836,,,,,,true,,0000,0,,1446203750204047426,,0,Animal Battle Stats,,1446204139909550150,,,2026-01-19T18:42:33.328Z,,4491519,0,,true,Visitor,RamiNoodle733,true,🌐 Location,"Katy, TX, US",,,,,,,,,,,,,,,,,,,2026-01-19T18:42:24.009000+00:00,👀 Site Visit,rich,0,,,false,,,,false,,,,,,,,,2026-01-19T18:42:33.328000+00:00,false,0,Animal Battle Stats,1446203750204047426
1462879007849844880,,,,,,true,,0000,0,,1446203750204047426,,0,Animal Battle Stats,,1446204139909550150,,,2026-01-19T18:38:54.449Z,,4491519,0,,true,Visitor,RamiNoodle733,true,🌐 Location,"Katy, TX, US",,,,,,,,,,,,,,,,,,,2026-01-19T18:38:54.128000+00:00,👀 Site Visit,rich,0,,,false,,,,false,,,,,,,,,2026-01-19T18:38:54.449000+00:00,false,0,Animal Battle Stats,1446203750204047426
1462878973334913025,,,,,,true,,0000,0,,1446203750204047426,,0,Animal Battle Stats,,1446204139909550150,,,2026-01-19T18:38:46.220Z,,4491519,0,,true,Visitor,RamiNoodle733,true,🌐 Location,"Katy, TX, US",,,,,,,,,,,,,,,,,,,2026-01-19T18:38:45.824000+00:00,👀 Site Visit,rich,0,,,false,,,,false,,,,,,,,,2026-01-19T18:38:46.220000+00:00,false,0,Animal Battle Stats,1446203750204047426
1462878871585034273,,,,,,true,,0000,0,,1446203750204047426,,0,Animal Battle Stats,,1446204139909550150,,,2026-01-19T18:38:21.961Z,,4491519,0,,true,Visitor,RamiNoodle733,true,🌐 Location,"Katy, TX, US",,,,,,,,,,,,,,,,,,,2026-01-19T18:38:21.678000+00:00,👀 Site Visit,rich,0,,,false,,,,false,,,,,,,,,2026-01-19T18:38:21.961000+00:00,false,0,Animal Battle Stats,1446203750204047426
1462878861665505350,,,,,,true,,0000,0,,1446203750204047426,,0,Animal Battle Stats,,1446204139909550150,,,2026-01-19T18:38:19.596Z,,4491519,0,,true,Visitor,RamiNoodle733,true,🌐 Location,"Katy, TX, US",,,,,,,,,,,,,,,,,,,2026-01-19T18:38:19.282000+00:00,👀 Site Visit,rich,0,,,false,,,,false,,,,,,,,,2026-01-19T18:38:19.596000+00:00,false,0,Animal Battle Stats,1446203750204047426
1462878740672413750,,,,,,true,,0000,0,,1446203750204047426,,0,Animal Battle Stats,,1446204139909550150,,,2026-01-19T18:37:50.749Z,,4491519,0,,true,Visitor,RamiNoodle733,true,🌐 Location,"Katy, TX, US",,,,,,,,,,,,,,,,,,,2026-01-19T18:37:50.494000+00:00,👀 Site Visit,rich,0,,,false,,,,false,,,,,,,,,2026-01-19T18:37:50.749000+00:00,false,0,Animal Battle Stats,1446203750204047426
1462878724801298696,,,,,,true,,0000,0,,1446203750204047426,,0,Animal Battle Stats,,1446204139909550150,,,2026-01-19T18:37:46.965Z,,4491519,0,,true,Visitor,RamiNoodle733,true,🌐 Location,"Katy, TX, US",,,,,,,,,,,,,,,,,,,2026-01-19T18:37:46.689000+00:00,👀 Site Visit,rich,0,,,false,,,,false,,,,,,,,,2026-01-19T18:37:46.965000+00:00,false,0,Animal Battle Stats,1446203750204047426
1462878716106510397,,,,,,true,,0000,0,,1446203750204047426,,0,Animal Battle Stats,,1446204139909550150,,,2026-01-19T18:37:44.892Z,,4491519,0,,true,Visitor,RamiNoodle733,true,🌐 Location,"Katy, TX, US",,,,,,,,,,,,,,,,,,,2026-01-19T18:37:44.605000+00:00,👀 Site Visit,rich,0,,,false,,,,false,,,,,,,,,2026-01-19T18:37:44.892000+00:00,false,0,Animal Battle Stats,1446203750204047426
1462878050621329574,,,,,,true,,0000,0,,1446203750204047426,,0,Animal Battle Stats,,1446204139909550150,,,2026-01-19T18:35:06.228Z,,4491519,0,,true,Visitor,RamiNoodle733,true,🌐 Location,"Katy, TX, US",,,,,,,,,,,,,,,,,,,2026-01-19T18:34:45.892000+00:00,👀 Site Visit,rich,0,,,false,,,,false,,,,,,,,,2026-01-19T18:35:06.228000+00:00,false,0,Animal Battle Stats,1446203750204047426
1462878038651044047,,,,,,true,,0000,0,,1446203750204047426,,0,Animal Battle Stats,,1446204139909550150,,,2026-01-19T18:35:03.374Z,,4491519,0,,true,Visitor,RamiNoodle733,true,🌐 Location,"Katy, TX, US",,,,,,,,,,,,,,,,,,,2026-01-19T18:34:44.174000+00:00,👀 Site Visit,rich,0,,,false,,,,false,,,,,,,,,2026-01-19T18:35:03.374000+00:00,false,0,Animal Battle Stats,1446203750204047426
1462878007399153752,,,,,,true,,0000,0,,1446203750204047426,,0,Animal Battle Stats,,1446204139909550150,,,2026-01-19T18:34:55.923Z,,4491519,0,,true,Visitor,RamiNoodle733,true,🌐 Location,"Katy, TX, US",,,,,,,,,,,,,,,,,,,2026-01-19T18:34:20.892000+00:00,👀 Site Visit,rich,0,,,false,,,,false,,,,,,,,,2026-01-19T18:34:55.923000+00:00,false,0,Animal Battle Stats,1446203750204047426
1462876221112062226,,,,,,true,,0000,0,,1446203750204047426,,0,Animal Battle Stats,,1446204139909550150,,,2026-01-19T18:27:50.039Z,,4491519,0,,true,Visitor,RamiNoodle733,true,🌐 Location,"Katy, TX, US",,,,,,,,,,,,,,,,,,,2026-01-19T18:27:49.708000+00:00,👀 Site Visit,rich,0,,,false,,,,false,,,,,,,,,2026-01-19T18:27:50.039000+00:00,false,0,Animal Battle Stats,1446203750204047426
1462876157958553690,,,,,,true,,0000,0,,1446203750204047426,,0,Animal Battle Stats,,1446204139909550150,,,2026-01-19T18:27:34.982Z,,4491519,0,,true,Visitor,RamiNoodle733,true,🌐 Location,"Katy, TX, US",,,,,,,,,,,,,,,,,,,2026-01-19T18:27:34.579000+00:00,👀 Site Visit,rich,0,,,false,,,,false,,,,,,,,,2026-01-19T18:27:34.982000+00:00,false,0,Animal Battle Stats,1446203750204047426
1462876156834615486,,,,,,true,,0000,0,,1446203750204047426,,0,Animal Battle Stats,,1446204139909550150,,,2026-01-19T18:27:34.714Z,,4491519,0,,true,Visitor,RamiNoodle733,true,🌐 Location,"Katy, TX, US",,,,,,,,,,,,,,,,,,,2026-01-19T18:27:08.607000+00:00,👀 Site Visit,rich,0,,,false,,,,false,,,,,,,,,2026-01-19T18:27:34.714000+00:00,false,0,Animal Battle Stats,1446203750204047426
1462876023547887800,,,,,,true,,0000,0,,1446203750204047426,,0,Animal Battle Stats,,1446204139909550150,,,2026-01-19T18:27:02.936Z,,16737095,0,,true,User,RamiNoodle733,true,Bracket Size,8 animals,true,Matches Completed,1/7,true,Progress,14%,false,Votes Made,Great Horned Owl beat Secretary Bird,true,🌐 Location,"Katy, TX, US",,,,,,,2026-01-19T18:26:58.339000+00:00,🚪 Tournament Quit,rich,0,,,false,,,,false,,,,,,,,,2026-01-19T18:27:02.936000+00:00,false,0,Animal Battle Stats,1446203750204047426
1462874615880880237,,,,,,true,,0000,0,,1446203750204047426,,0,Animal Battle Stats,,1446204139909550150,,,2026-01-19T18:21:27.322Z,,16766720,0,,true,User,RamiNoodle733,true,Bracket Size,8 animals,true,Total Matches,7,true,🏆 Champion,Bull Shark,true,2nd Place,Bottlenose Dolphin,true,3rd/4th Place,"Wallaby, Sun Bear",false,Recent Matches,"Sun Bear beat Baboon
Bull Shark beat Stork
Wallaby beat Black Widow
Bottlenose Dolphin beat Camel
Bull Shark beat Sun Bear
Bottlenose Dolphin beat Wallaby
Bull Shark beat Bottlenose Dolphin",true,🌐 Location,"Katy, TX, US",2026-01-19T18:20:18.419000+00:00,🏆 Tournament Completed,rich,0,,,false,,,,false,,,,,,,,,2026-01-19T18:21:27.322000+00:00,false,0,Animal Battle Stats,1446203750204047426
1462868190249091224,,,,,,true,,0000,0,,1446203750204047426,,0,Animal Battle Stats,,1446204139909550150,,,2026-01-19T17:55:55.332Z,,16766720,0,,true,User,RamiNoodle733,true,Bracket Size,8 animals,true,Total Matches,7,true,🏆 Champion,Red Fox,true,2nd Place,Honey Badger,true,3rd/4th Place,"Hedgehog, Alpaca",false,Recent Matches,"Alpaca beat Salamander
Red Fox beat Otter
Honey Badger beat Bactrian Camel
Hedgehog beat Opossum
Red Fox beat Alpaca
Honey Badger beat Hedgehog
Red Fox beat Honey Badger",true,🌐 Location,"Katy, TX, US",2026-01-19T17:55:49.860000+00:00,🏆 Tournament Completed,rich,0,,,false,,,,false,,,,,,,,,2026-01-19T17:55:55.332000+00:00,false,0,Animal Battle Stats,1446203750204047426
1462867757325488264,,,,,,true,,0000,0,,1446203750204047426,,0,Animal Battle Stats,,1446204139909550150,,,2026-01-19T17:54:12.115Z,,4491519,0,,true,Visitor,RamiNoodle733,true,🌐 Location,"Katy, TX, US",,,,,,,,,,,,,,,,,,,2026-01-19T17:54:11.847000+00:00,👀 Site Visit,rich,0,,,false,,,,false,,,,,,,,,2026-01-19T17:54:12.115000+00:00,false,0,Animal Battle Stats,1446203750204047426
1462867744449101937,,,,,,true,,0000,0,,1446203750204047426,,0,Animal Battle Stats,,1446204139909550150,,,2026-01-19T17:54:09.045Z,,4491519,0,,true,Visitor,RamiNoodle733,true,🌐 Location,"Katy, TX, US",,,,,,,,,,,,,,,,,,,2026-01-19T17:54:08.761000+00:00,👀 Site Visit,rich,0,,,false,,,,false,,,,,,,,,2026-01-19T17:54:09.045000+00:00,false,0,Animal Battle Stats,1446203750204047426
1462867743358451744,,,,,,true,,0000,0,,1446203750204047426,,0,Animal Battle Stats,,1446204139909550150,,,2026-01-19T17:54:08.785Z,,4491519,0,,true,Visitor,RamiNoodle733,true,🌐 Location,"Katy, TX, US",,,,,,,,,,,,,,,,,,,2026-01-19T17:53:59.974000+00:00,👀 Site Visit,rich,0,,,false,,,,false,,,,,,,,,2026-01-19T17:54:08.785000+00:00,false,0,Animal Battle Stats,1446203750204047426
1462866405836984555,,,,,,true,,0000,0,,1446203750204047426,,0,Animal Battle Stats,,1446204139909550150,,,2026-01-19T17:48:49.895Z,,4491519,0,,true,Visitor,Anonymous,true,🌐 Location,US,,,,,,,,,,,,,,,,,,,2026-01-19T17:48:49.637000+00:00,👀 Site Visit,rich,0,,,false,,,,false,,,,,,,,,2026-01-19T17:48:49.895000+00:00,false,0,Animal Battle Stats,1446203750204047426
1462866366410522796,,,,,,true,,0000,0,,1446203750204047426,,0,Animal Battle Stats,,1446204139909550150,,,2026-01-19T17:48:40.495Z,,4491519,0,,true,Visitor,Anonymous,true,🌐 Location,US,,,,,,,,,,,,,,,,,,,2026-01-19T17:46:35.226000+00:00,👀 Site Visit,rich,0,,,false,,,,false,,,,,,,,,2026-01-19T17:48:40.495000+00:00,false,0,Animal Battle Stats,1446203750204047426
1462865083658145879,,,,,,true,,0000,0,,1446203750204047426,,0,Animal Battle Stats,,1446204139909550150,,,2026-01-19T17:43:34.663Z,,4491519,0,,true,Visitor,Anonymous,true,🌐 Location,"Katy, TX, US",,,,,,,,,,,,,,,,,,,2026-01-19T17:43:34.448000+00:00,👀 Site Visit,rich,0,,,false,,,,false,,,,,,,,,2026-01-19T17:43:34.663000+00:00,false,0,Animal Battle Stats,1446203750204047426
1462865053828251852,,,,,,true,,0000,0,,1446203750204047426,,0,Animal Battle Stats,,1446204139909550150,,,2026-01-19T17:43:27.551Z,,4491519,0,,true,Visitor,Anonymous,true,🌐 Location,"Katy, TX, US",,,,,,,,,,,,,,,,,,,2026-01-19T17:43:27.218000+00:00,👀 Site Visit,rich,0,,,false,,,,false,,,,,,,,,2026-01-19T17:43:27.551000+00:00,false,0,Animal Battle Stats,1446203750204047426
1462865039953363013,,,,,,true,,0000,0,,1446203750204047426,,0,Animal Battle Stats,,1446204139909550150,,,2026-01-19T17:43:24.243Z,,4491519,0,,true,Visitor,Anonymous,true,🌐 Location,"Katy, TX, US",,,,,,,,,,,,,,,,,,,2026-01-19T17:43:23.910000+00:00,👀 Site Visit,rich,0,,,false,,,,false,,,,,,,,,2026-01-19T17:43:24.243000+00:00,false,0,Animal Battle Stats,1446203750204047426
1462865039160770741,,,,,,true,,0000,0,,1446203750204047426,,0,Animal Battle Stats,,1446204139909550150,,,2026-01-19T17:43:24.054Z,,4491519,0,,true,Visitor,RamiNoodle733,true,🌐 Location,"Katy, TX, US",,,,,,,,,,,,,,,,,,,2026-01-19T17:38:45.602000+00:00,👀 Site Visit,rich,0,,,false,,,,false,,,,,,,,,2026-01-19T17:43:24.054000+00:00,false,0,Animal Battle Stats,1446203750204047426
1462863755359817873,,,,,,true,,0000,0,,1446203750204047426,,0,Animal Battle Stats,,1446204139909550150,,,2026-01-19T17:38:17.972Z,,16766720,0,,true,User,RamiNoodle733,true,Bracket Size,8 animals,true,Total Matches,7,true,🏆 Champion,Grizzly Bear,true,2nd Place,Guanaco,true,3rd/4th Place,"Wallaby, Snow Leopard",false,Recent Matches,"Snow Leopard beat Leatherback Sea Turtle
Grizzly Bear beat Caracal
Guanaco beat Bullet Ant
Wallaby beat Magpie
Grizzly Bear beat Snow Leopard
Guanaco beat Wallaby
Grizzly Bear beat Guanaco",true,🌐 Location,"Katy, TX, US",2026-01-19T17:36:57.132000+00:00,🏆 Tournament Completed,rich,0,,,false,,,,false,,,,,,,,,2026-01-19T17:38:17.972000+00:00,false,0,Animal Battle Stats,1446203750204047426
1462861019755053118,,,,,,true,,0000,0,,1446203750204047426,,0,Animal Battle Stats,,1446204139909550150,,,2026-01-19T17:27:25.753Z,,16766720,0,,true,User,RamiNoodle733,true,Bracket Size,8 animals,true,Total Matches,7,true,🏆 Champion,Bull Shark,true,2nd Place,Colossal Squid,true,3rd/4th Place,"Pronghorn, Python",false,Recent Matches,"Colossal Squid beat Camel
Python beat Emperor Scorpion
Pronghorn beat Anteater
Bull Shark beat Cheetah
Colossal Squid beat Python
Bull Shark beat Pronghorn
Bull Shark beat Colossal Squid",true,🌐 Location,"Katy, TX, US",2026-01-19T17:26:52.787000+00:00,🏆 Tournament Completed,rich,0,,,false,,,,false,,,,,,,,,2026-01-19T17:27:25.753000+00:00,false,0,Animal Battle Stats,1446203750204047426
1462859095315972319,,,,,,true,,0000,0,,1446203750204047426,,0,Animal Battle Stats,,1446204139909550150,,,2026-01-19T17:19:46.931Z,,16737095,0,,true,User,RamiNoodle733,true,Bracket Size,8 animals,true,Matches Completed,2/7,true,Progress,29%,false,Votes Made,"Poison Dart Frog beat Piranha
Deathstalker Scorpion beat Leatherback Sea Turtle",true,🌐 Location,"Katy, TX, US",,,,,,,2026-01-19T17:19:41.911000+00:00,🚪 Tournament Quit,rich,0,,,false,,,,false,,,,,,,,,2026-01-19T17:19:46.931000+00:00,false,0,Animal Battle Stats,1446203750204047426
1462858204093354128,,,,,,true,,0000,0,,1446203750204047426,,0,Animal Battle Stats,,1446204139909550150,,,2026-01-19T17:16:14.447Z,,4491519,0,,true,Visitor,RamiNoodle733,true,🌐 Location,"Katy, TX, US",,,,,,,,,,,,,,,,,,,2026-01-19T17:16:14.103000+00:00,👀 Site Visit,rich,0,,,false,,,,false,,,,,,,,,2026-01-19T17:16:14.447000+00:00,false,0,Animal Battle Stats,1446203750204047426
1462858116248113256,,,,,,true,,0000,0,,1446203750204047426,,0,Animal Battle Stats,,1446204139909550150,,,2026-01-19T17:15:53.503Z,,16737095,0,,true,User,RamiNoodle733,true,Bracket Size,8 animals,true,Matches Completed,3/7,true,Progress,43%,false,Votes Made,"Cougar beat Alpaca
King Cobra beat Poison Dart Frog
Cuttlefish beat Galapagos Tortoise",true,🌐 Location,"Katy, TX, US",,,,,,,2026-01-19T17:15:48.155000+00:00,🚪 Tournament Quit,rich,0,,,false,,,,false,,,,,,,,,2026-01-19T17:15:53.503000+00:00,false,0,Animal Battle Stats,1446203750204047426
1462857881434198214,,,,,,true,,0000,0,,1446203750204047426,,0,Animal Battle Stats,,1446204139909550150,,,2026-01-19T17:14:57.519Z,,4491519,0,,true,Visitor,RamiNoodle733,true,🌐 Location,"Katy, TX, US",,,,,,,,,,,,,,,,,,,2026-01-19T17:14:56.983000+00:00,👀 Site Visit,rich,0,,,false,,,,false,,,,,,,,,2026-01-19T17:14:57.519000+00:00,false,0,Animal Battle Stats,1446203750204047426
1462857879621996767,,,,,,true,,0000,0,,1446203750204047426,,0,Animal Battle Stats,,1446204139909550150,,,2026-01-19T17:14:57.087Z,,6710886,0,,true,User,RamiNoodle733,true,🌐 Location,"Katy, TX, US",,,,,,,,,,,,,,,,,,,2026-01-19T17:14:55.909000+00:00,👋 User Left Site,rich,0,,,false,,,,false,,,,,,,,,2026-01-19T17:14:57.087000+00:00,false,0,Animal Battle Stats,1446203750204047426
1462857879009624296,,,,,,true,,0000,0,,1446203750204047426,,0,Animal Battle Stats,,1446204139909550150,,,2026-01-19T17:14:56.941Z,,4491519,0,,true,Visitor,RamiNoodle733,true,🌐 Location,"Katy, TX, US",,,,,,,,,,,,,,,,,,,2026-01-19T17:09:40.184000+00:00,👀 Site Visit,rich,0,,,false,,,,false,,,,,,,,,2026-01-19T17:14:56.941000+00:00,false,0,Animal Battle Stats,1446203750204047426
1462853858169720955,,,,,,true,,0000,0,,1446203750204047426,,0,Animal Battle Stats,,1446204139909550150,,,2026-01-19T16:58:58.298Z,,4491519,0,,true,Visitor,RamiNoodle733,true,🌐 Location,"Katy, TX, US",,,,,,,,,,,,,,,,,,,2026-01-19T16:58:57.928000+00:00,👀 Site Visit,rich,0,,,false,,,,false,,,,,,,,,2026-01-19T16:58:58.298000+00:00,false,0,Animal Battle Stats,1446203750204047426
1462853593190109317,,,,,,true,,0000,0,,1446203750204047426,,0,Animal Battle Stats,,1446204139909550150,,,2026-01-19T16:57:55.122Z,,4491519,0,,true,Visitor,RamiNoodle733,true,🌐 Location,"Katy, TX, US",,,,,,,,,,,,,,,,,,,2026-01-19T16:57:54.645000+00:00,👀 Site Visit,rich,0,,,false,,,,false,,,,,,,,,2026-01-19T16:57:55.122000+00:00,false,0,Animal Battle Stats,1446203750204047426
1462853591449604242,,,,,,true,,0000,0,,1446203750204047426,,0,Animal Battle Stats,,1446204139909550150,,,2026-01-19T16:57:54.707Z,,4491519,0,,true,Visitor,RamiNoodle733,true,🌐 Location,"Katy, TX, US",,,,,,,,,,,,,,,,,,,2026-01-19T16:57:24.377000+00:00,👀 Site Visit,rich,0,,,false,,,,false,,,,,,,,,2026-01-19T16:57:54.707000+00:00,false,0,Animal Battle Stats,1446203750204047426
1462844832023183381,,,,,,true,,0000,0,,1446203750204047426,,0,Animal Battle Stats,,1446204139909550150,,,2026-01-19T16:23:06.297Z,,4491519,0,,true,Visitor,RamiNoodle733,true,🌐 Location,"Katy, TX, US",,,,,,,,,,,,,,,,,,,2026-01-19T16:23:05.919000+00:00,👀 Site Visit,rich,0,,,false,,,,false,,,,,,,,,2026-01-19T16:23:06.297000+00:00,false,0,Animal Battle Stats,1446203750204047426
1462844830966218935,,,,,,true,,0000,0,,1446203750204047426,,0,Animal Battle Stats,,1446204139909550150,,,2026-01-19T16:23:06.045Z,,4491519,0,,true,Visitor,Anonymous,true,🌐 Location,"Mumbai, MH, IN",,,,,,,,,,,,,,,,,,,2026-01-19T16:18:57.434000+00:00,👀 Site Visit,rich,0,,,false,,,,false,,,,,,,,,2026-01-19T16:23:06.045000+00:00,false,0,Animal Battle Stats,1446203750204047426
1462842422034956545,,,,,,true,,0000,0,,1446203750204047426,,0,Animal Battle Stats,,1446204139909550150,,,2026-01-19T16:13:31.711Z,,4491519,0,,true,Visitor,RamiNoodle733,true,🌐 Location,"Katy, TX, US",,,,,,,,,,,,,,,,,,,2026-01-19T16:13:31.366000+00:00,👀 Site Visit,rich,0,,,false,,,,false,,,,,,,,,2026-01-19T16:13:31.711000+00:00,false,0,Animal Battle Stats,1446203750204047426
1462842400966967419,,,,,,true,,0000,0,,1446203750204047426,,0,Animal Battle Stats,,1446204139909550150,,,2026-01-19T16:13:26.688Z,,4491519,0,,true,Visitor,RamiNoodle733,true,🌐 Location,"Katy, TX, US",,,,,,,,,,,,,,,,,,,2026-01-19T16:13:26.237000+00:00,👀 Site Visit,rich,0,,,false,,,,false,,,,,,,,,2026-01-19T16:13:26.688000+00:00,false,0,Animal Battle Stats,1446203750204047426
1462842174960832697,,,,,,true,,0000,0,,1446203750204047426,,0,Animal Battle Stats,,1446204139909550150,,,2026-01-19T16:12:32.804Z,,4491519,0,,true,Visitor,RamiNoodle733,true,🌐 Location,"Katy, TX, US",,,,,,,,,,,,,,,,,,,2026-01-19T16:12:32.512000+00:00,👀 Site Visit,rich,0,,,false,,,,false,,,,,,,,,2026-01-19T16:12:32.804000+00:00,false,0,Animal Battle Stats,1446203750204047426
1462842149849530706,,,,,,true,,0000,0,,1446203750204047426,,0,Animal Battle Stats,,1446204139909550150,,,2026-01-19T16:12:26.817Z,,4491519,0,,true,Visitor,RamiNoodle733,true,🌐 Location,"Katy, TX, US",,,,,,,,,,,,,,,,,,,2026-01-19T16:12:26.518000+00:00,👀 Site Visit,rich,0,,,false,,,,false,,,,,,,,,2026-01-19T16:12:26.817000+00:00,false,0,Animal Battle Stats,1446203750204047426
1462841466551537767,,,,,,true,,0000,0,,1446203750204047426,,0,Animal Battle Stats,,1446204139909550150,,,2026-01-19T16:09:43.906Z,,4491519,0,,true,Visitor,RamiNoodle733,true,🌐 Location,"Katy, TX, US",,,,,,,,,,,,,,,,,,,2026-01-19T16:09:43.567000+00:00,👀 Site Visit,rich,0,,,false,,,,false,,,,,,,,,2026-01-19T16:09:43.906000+00:00,false,0,Animal Battle Stats,1446203750204047426
1462841465616076853,,,,,,true,,0000,0,,1446203750204047426,,0,Animal Battle Stats,,1446204139909550150,,,2026-01-19T16:09:43.683Z,,4491519,0,,true,Visitor,RamiNoodle733,true,🌐 Location,"Katy, TX, US",,,,,,,,,,,,,,,,,,,2026-01-19T16:09:23.551000+00:00,👀 Site Visit,rich,0,,,false,,,,false,,,,,,,,,2026-01-19T16:09:43.683000+00:00,false,0,Animal Battle Stats,1446203750204047426
1462839120085778453,,,,,,true,,0000,0,,1446203750204047426,,0,Animal Battle Stats,,1446204139909550150,,,2026-01-19T16:00:24.465Z,,16737095,0,,true,User,RamiNoodle733,true,Bracket Size,8 animals,true,Matches Completed,2/7,true,Progress,29%,false,Votes Made,"Tuna beat Mountain Goat
Howler Monkey beat Fennec Fox",true,🌐 Location,"Katy, TX, US",,,,,,,2026-01-19T15:59:58.733000+00:00,🚪 Tournament Quit,rich,0,,,false,,,,false,,,,,,,,,2026-01-19T16:00:24.465000+00:00,false,0,Animal Battle Stats,1446203750204047426
1462839066604208275,,,,,,true,,0000,0,,1446203750204047426,,0,Animal Battle Stats,,1446204139909550150,,,2026-01-19T16:00:11.714Z,,4491519,0,,true,Visitor,RamiNoodle733,true,🌐 Location,"Katy, TX, US",,,,,,,,,,,,,,,,,,,2026-01-19T16:00:10.828000+00:00,👀 Site Visit,rich,0,,,false,,,,false,,,,,,,,,2026-01-19T16:00:11.714000+00:00,false,0,Animal Battle Stats,1446203750204047426
1462839063819321527,,,,,,true,,0000,0,,1446203750204047426,,0,Animal Battle Stats,,1446204139909550150,,,2026-01-19T16:00:11.050Z,,4491519,0,,true,Visitor,RamiNoodle733,true,🌐 Location,"Katy, TX, US",,,,,,,,,,,,,,,,,,,2026-01-19T16:00:01.310000+00:00,👀 Site Visit,rich,0,,,false,,,,false,,,,,,,,,2026-01-19T16:00:11.050000+00:00,false,0,Animal Battle Stats,1446203750204047426
1462837046552039445,,,,,,true,,0000,0,,1446203750204047426,,0,Animal Battle Stats,,1446204139909550150,,,2026-01-19T15:52:10.096Z,,65416,0,,true,User,RamiNoodle733,true,Animal,Gorilla,true,Vote,👍 Upvote,true,🌐 Location,"Katy, TX, US",,,,,,,,,,,,,2026-01-19T15:52:09.804000+00:00,👍 New Vote,rich,0,,,false,,,,false,,,,,,,,,2026-01-19T15:52:10.096000+00:00,false,0,Animal Battle Stats,1446203750204047426
1462837034405073008,,,,,,true,,0000,0,,1446203750204047426,,0,Animal Battle Stats,,1446204139909550150,,,2026-01-19T15:52:07.200Z,,65416,0,,true,User,RamiNoodle733,true,Animal,Polar Bear,true,Vote,👍 Upvote,true,🌐 Location,"Katy, TX, US",,,,,,,,,,,,,2026-01-19T15:52:06.755000+00:00,👍 New Vote,rich,0,,,false,,,,false,,,,,,,,,2026-01-19T15:52:07.200000+00:00,false,0,Animal Battle Stats,1446203750204047426
1462837023491624970,,,,,,true,,0000,0,,1446203750204047426,,0,Animal Battle Stats,,1446204139909550150,,,2026-01-19T15:52:04.598Z,,65416,0,,true,User,RamiNoodle733,true,Animal,Siberian Tiger,true,Vote,👍 Upvote,true,🌐 Location,"Katy, TX, US",,,,,,,,,,,,,2026-01-19T15:52:04.201000+00:00,👍 New Vote,rich,0,,,false,,,,false,,,,,,,,,2026-01-19T15:52:04.598000+00:00,false,0,Animal Battle Stats,1446203750204047426
1462830436823863379,,,,,,true,,0000,0,,1446203750204047426,,0,Animal Battle Stats,,1446204139909550150,,,2026-01-19T15:25:54.214Z,,16737095,0,,true,User,RamiNoodle733,true,Bracket Size,8 animals,true,Matches Completed,3/7,true,Progress,43%,false,Votes Made,"Bighorn Sheep beat King Crab
Stingray beat Chameleon
Baboon beat Hellbender",true,🌐 Location,"Katy, TX, US",,,,,,,2026-01-19T15:23:57.336000+00:00,🚪 Tournament Quit,rich,0,,,false,,,,false,,,,,,,,,2026-01-19T15:25:54.214000+00:00,false,0,Animal Battle Stats,1446203750204047426
1462822032633888963,,,,,,true,,0000,0,,1446203750204047426,,0,Animal Battle Stats,,1446204139909550150,,,2026-01-19T14:52:30.499Z,,4491519,0,,true,Visitor,RamiNoodle733,true,🌐 Location,"Katy, TX, US",,,,,,,,,,,,,,,,,,,2026-01-19T14:52:30.079000+00:00,👀 Site Visit,rich,0,,,false,,,,false,,,,,,,,,2026-01-19T14:52:30.499000+00:00,false,0,Animal Battle Stats,1446203750204047426
1462822031136395324,,,,,,true,,0000,0,,1446203750204047426,,0,Animal Battle Stats,,1446204139909550150,,,2026-01-19T14:52:30.142Z,,4491519,0,,true,Visitor,RamiNoodle733,true,🌐 Location,"Katy, TX, US",,,,,,,,,,,,,,,,,,,2026-01-19T14:52:25.526000+00:00,👀 Site Visit,rich,0,,,false,,,,false,,,,,,,,,2026-01-19T14:52:30.142000+00:00,false,0,Animal Battle Stats,1446203750204047426
1462812109707415755,,,,,,true,,0000,0,,1446203750204047426,,0,Animal Battle Stats,,1446204139909550150,,,2026-01-19T14:13:04.689Z,,4491519,0,,true,Visitor,RamiNoodle733,true,🌐 Location,"Katy, TX, US",,,,,,,,,,,,,,,,,,,2026-01-19T14:13:04.326000+00:00,👀 Site Visit,rich,0,,,false,,,,false,,,,,,,,,2026-01-19T14:13:04.689000+00:00,false,0,Animal Battle Stats,1446203750204047426
1462812108227084468,,,,,,true,,0000,0,,1446203750204047426,,0,Animal Battle Stats,,1446204139909550150,,,2026-01-19T14:13:04.336Z,,4491519,0,,true,Visitor,RamiNoodle733,true,🌐 Location,"Katy, TX, US",,,,,,,,,,,,,,,,,,,2026-01-19T14:10:47.933000+00:00,👀 Site Visit,rich,0,,,false,,,,false,,,,,,,,,2026-01-19T14:13:04.336000+00:00,false,0,Animal Battle Stats,1446203750204047426
1462805491959992483,,,,,,true,,0000,0,,1446203750204047426,,0,Animal Battle Stats,,1446204139909550150,,,2026-01-19T13:46:46.895Z,,4491519,0,,true,Visitor,RamiNoodle733,true,🌐 Location,"Katy, TX, US",,,,,,,,,,,,,,,,,,,2026-01-19T13:46:46.576000+00:00,👀 Site Visit,rich,0,,,false,,,,false,,,,,,,,,2026-01-19T13:46:46.895000+00:00,false,0,Animal Battle Stats,1446203750204047426
1462805355900964904,,,,,,true,,0000,0,,1446203750204047426,,0,Animal Battle Stats,,1446204139909550150,,,2026-01-19T13:46:14.456Z,,4491519,0,,true,Visitor,RamiNoodle733,true,🌐 Location,"Katy, TX, US",,,,,,,,,,,,,,,,,,,2026-01-19T13:46:14.152000+00:00,👀 Site Visit,rich,0,,,false,,,,false,,,,,,,,,2026-01-19T13:46:14.456000+00:00,false,0,Animal Battle Stats,1446203750204047426
1462805355074687091,,,,,,true,,0000,0,,1446203750204047426,,0,Animal Battle Stats,,1446204139909550150,,,2026-01-19T13:46:14.259Z,,4491519,0,,true,Visitor,RamiNoodle733,true,🌐 Location,"Katy, TX, US",,,,,,,,,,,,,,,,,,,2026-01-19T13:46:10.110000+00:00,👀 Site Visit,rich,0,,,false,,,,false,,,,,,,,,2026-01-19T13:46:14.259000+00:00,false,0,Animal Battle Stats,1446203750204047426
1462803863718334525,,,,,,true,,0000,0,,1446203750204047426,,0,Animal Battle Stats,,1446204139909550150,,,2026-01-19T13:40:18.692Z,,65416,0,,true,User,RamiNoodle733,true,Animal,Ibex,true,Vote,👍 Upvote,true,🌐 Location,"Katy, TX, US",,,,,,,,,,,,,2026-01-19T13:40:18.383000+00:00,👍 New Vote,rich,0,,,false,,,,false,,,,,,,,,2026-01-19T13:40:18.692000+00:00,false,0,Animal Battle Stats,1446203750204047426
1462801343306793001,,,,,,true,,0000,0,,1446203750204047426,,0,Animal Battle Stats,,1446204139909550150,,,2026-01-19T13:30:17.779Z,,4491519,0,,true,Visitor,RamiNoodle733,true,🌐 Location,"Katy, TX, US",,,,,,,,,,,,,,,,,,,2026-01-19T13:30:17.515000+00:00,👀 Site Visit,rich,0,,,false,,,,false,,,,,,,,,2026-01-19T13:30:17.779000+00:00,false,0,Animal Battle Stats,1446203750204047426
1462801328005841111,,,,,,true,,0000,0,,1446203750204047426,,0,Animal Battle Stats,,1446204139909550150,,,2026-01-19T13:30:14.131Z,,4491519,0,,true,Visitor,RamiNoodle733,true,🌐 Location,"Katy, TX, US",,,,,,,,,,,,,,,,,,,2026-01-19T13:30:13.835000+00:00,👀 Site Visit,rich,0,,,false,,,,false,,,,,,,,,2026-01-19T13:30:14.131000+00:00,false,0,Animal Battle Stats,1446203750204047426
1462801310792286249,,,,,,true,,0000,0,,1446203750204047426,,0,Animal Battle Stats,,1446204139909550150,,,2026-01-19T13:30:10.027Z,,4491519,0,,true,Visitor,RamiNoodle733,true,🌐 Location,"Katy, TX, US",,,,,,,,,,,,,,,,,,,2026-01-19T13:30:09.739000+00:00,👀 Site Visit,rich,0,,,false,,,,false,,,,,,,,,2026-01-19T13:30:10.027000+00:00,false,0,Animal Battle Stats,1446203750204047426
1462801309651697756,,,,,,true,,0000,0,,1446203750204047426,,0,Animal Battle Stats,,1446204139909550150,,,2026-01-19T13:30:09.755Z,,4491519,0,,true,Visitor,RamiNoodle733,true,🌐 Location,"Katy, TX, US",,,,,,,,,,,,,,,,,,,2026-01-19T13:29:58.058000+00:00,👀 Site Visit,rich,0,,,false,,,,false,,,,,,,,,2026-01-19T13:30:09.755000+00:00,false,0,Animal Battle Stats,1446203750204047426
1462630646575923383,,,,,,true,,0000,0,,1446203750204047426,,0,Animal Battle Stats,,1446204139909550150,,,2026-01-19T02:12:00.507Z,,65416,0,,true,User,RamiNoodle733,true,Animal,Moose,true,Vote,👍 Upvote,true,🌐 Location,"Houston, TX, US",,,,,,,,,,,,,2026-01-19T02:12:00.231000+00:00,👍 New Vote,rich,0,,,false,,,,false,,,,,,,,,2026-01-19T02:12:00.507000+00:00,false,0,Animal Battle Stats,1446203750204047426
1462630609355538432,,,,,,true,,0000,0,,1446203750204047426,,0,Animal Battle Stats,,1446204139909550150,,,2026-01-19T02:11:51.633Z,,65416,0,,true,User,RamiNoodle733,true,Animal,Moose,true,Vote,👍 Upvote,true,🌐 Location,"Houston, TX, US",,,,,,,,,,,,,2026-01-19T02:11:51.351000+00:00,👍 New Vote,rich,0,,,false,,,,false,,,,,,,,,2026-01-19T02:11:51.633000+00:00,false,0,Animal Battle Stats,1446203750204047426
1462630507484545127,,,,,,true,,0000,0,,1446203750204047426,,0,Animal Battle Stats,,1446204139909550150,,,2026-01-19T02:11:27.345Z,,16724838,0,,true,User,RamiNoodle733,true,Animal,Hippopotamus,true,Vote,👎 Downvote,true,🌐 Location,"Houston, TX, US",,,,,,,,,,,,,2026-01-19T02:11:26.937000+00:00,👎 New Vote,rich,0,,,false,,,,false,,,,,,,,,2026-01-19T02:11:27.345000+00:00,false,0,Animal Battle Stats,1446203750204047426
1462630500744040620,,,,,,true,,0000,0,,1446203750204047426,,0,Animal Battle Stats,,1446204139909550150,,,2026-01-19T02:11:25.738Z,,65416,0,,true,User,RamiNoodle733,true,Animal,Megalodon,true,Vote,👍 Upvote,true,🌐 Location,"Houston, TX, US",,,,,,,,,,,,,2026-01-19T02:11:25.393000+00:00,👍 New Vote,rich,0,,,false,,,,false,,,,,,,,,2026-01-19T02:11:25.738000+00:00,false,0,Animal Battle Stats,1446203750204047426
1462630426760712192,,,,,,true,,0000,0,,1446203750204047426,,0,Animal Battle Stats,,1446204139909550150,,,2026-01-19T02:11:08.099Z,,65416,0,,true,User,RamiNoodle733,true,Animal,Megalodon,true,Vote,👍 Upvote,true,🌐 Location,"Houston, TX, US",,,,,,,,,,,,,2026-01-19T02:11:07.705000+00:00,👍 New Vote,rich,0,,,false,,,,false,,,,,,,,,2026-01-19T02:11:08.099000+00:00,false,0,Animal Battle Stats,1446203750204047426
1462630289095397494,,,,,,true,,0000,0,,1446203750204047426,,0,Animal Battle Stats,,1446204139909550150,,,2026-01-19T02:10:35.277Z,,4491519,0,,true,Visitor,RamiNoodle733,true,🌐 Location,"Houston, TX, US",,,,,,,,,,,,,,,,,,,2026-01-19T02:10:34.872000+00:00,👀 Site Visit,rich,0,,,false,,,,false,,,,,,,,,2026-01-19T02:10:35.277000+00:00,false,0,Animal Battle Stats,1446203750204047426
1462630276038393997,,,,,,true,,0000,0,,1446203750204047426,,0,Animal Battle Stats,,1446204139909550150,,,2026-01-19T02:10:32.164Z,,4491519,0,,true,Visitor,RamiNoodle733,true,🌐 Location,"Houston, TX, US",,,,,,,,,,,,,,,,,,,2026-01-19T02:10:31.874000+00:00,👀 Site Visit,rich,0,,,false,,,,false,,,,,,,,,2026-01-19T02:10:32.164000+00:00,false,0,Animal Battle Stats,1446203750204047426
1462630007225716768,,,,,,true,,0000,0,,1446203750204047426,,0,Animal Battle Stats,,1446204139909550150,,,2026-01-19T02:09:28.074Z,,4491519,0,,true,Visitor,RamiNoodle733,true,🌐 Location,"Houston, TX, US",,,,,,,,,,,,,,,,,,,2026-01-19T02:09:27.041000+00:00,👀 Site Visit,rich,0,,,false,,,,false,,,,,,,,,2026-01-19T02:09:28.074000+00:00,false,0,Animal Battle Stats,1446203750204047426
1462630003119226911,,,,,,true,,0000,0,,1446203750204047426,,0,Animal Battle Stats,,1446204139909550150,,,2026-01-19T02:09:27.095Z,,4491519,0,,true,Visitor,RamiNoodle733,true,🌐 Location,"Houston, TX, US",,,,,,,,,,,,,,,,,,,2026-01-19T02:09:19.045000+00:00,👀 Site Visit,rich,0,,,false,,,,false,,,,,,,,,2026-01-19T02:09:27.095000+00:00,false,0,Animal Battle Stats,1446203750204047426
1462599170123890911,,,,,,true,,0000,0,,1446203750204047426,,0,Animal Battle Stats,,1446204139909550150,,,2026-01-19T00:06:55.936Z,,4491519,0,,true,Visitor,RamiNoodle733,true,🌐 Location,"Katy, TX, US",,,,,,,,,,,,,,,,,,,2026-01-19T00:06:55.605000+00:00,👀 Site Visit,rich,0,,,false,,,,false,,,,,,,,,2026-01-19T00:06:55.936000+00:00,false,0,Animal Battle Stats,1446203750204047426
1462599162775208079,,,,,,true,,0000,0,,1446203750204047426,,0,Animal Battle Stats,,1446204139909550150,,,2026-01-19T00:06:54.184Z,,4491519,0,,true,Visitor,RamiNoodle733,true,🌐 Location,"Katy, TX, US",,,,,,,,,,,,,,,,,,,2026-01-19T00:06:53.884000+00:00,👀 Site Visit,rich,0,,,false,,,,false,,,,,,,,,2026-01-19T00:06:54.184000+00:00,false,0,Animal Battle Stats,1446203750204047426
1462599065597645102,,,,,,true,,0000,0,,1446203750204047426,,0,Animal Battle Stats,,1446204139909550150,,,2026-01-19T00:06:31.015Z,,4491519,0,,true,Visitor,RamiNoodle733,true,🌐 Location,"Katy, TX, US",,,,,,,,,,,,,,,,,,,2026-01-19T00:06:30.693000+00:00,👀 Site Visit,rich,0,,,false,,,,false,,,,,,,,,2026-01-19T00:06:31.015000+00:00,false,0,Animal Battle Stats,1446203750204047426
1462599024128295058,,,,,,true,,0000,0,,1446203750204047426,,0,Animal Battle Stats,,1446204139909550150,,,2026-01-19T00:06:21.128Z,,65416,0,,true,User,RamiNoodle733,true,Animal,Cassowary,true,Vote,👍 Upvote,true,🌐 Location,"Katy, TX, US",,,,,,,,,,,,,2026-01-19T00:06:20.929000+00:00,👍 New Vote,rich,0,,,false,,,,false,,,,,,,,,2026-01-19T00:06:21.128000+00:00,false,0,Animal Battle Stats,1446203750204047426
1462598997293400328,,,,,,true,,0000,0,,1446203750204047426,,0,Animal Battle Stats,,1446204139909550150,,,2026-01-19T00:06:14.730Z,,65416,0,,true,User,RamiNoodle733,true,Animal,Box Jellyfish,true,Vote,👍 Upvote,true,🌐 Location,"Katy, TX, US",,,,,,,,,,,,,2026-01-19T00:06:14.420000+00:00,👍 New Vote,rich,0,,,false,,,,false,,,,,,,,,2026-01-19T00:06:14.730000+00:00,false,0,Animal Battle Stats,1446203750204047426
1462598838857760860,,,,,,true,,0000,0,,1446203750204047426,,0,Animal Battle Stats,,1446204139909550150,,,2026-01-19T00:05:36.956Z,,16724838,0,,true,User,RamiNoodle733,true,Animal,Hummingbird,true,Vote,👎 Downvote,true,🌐 Location,"Katy, TX, US",,,,,,,,,,,,,2026-01-19T00:05:36.595000+00:00,👎 New Vote,rich,0,,,false,,,,false,,,,,,,,,2026-01-19T00:05:36.956000+00:00,false,0,Animal Battle Stats,1446203750204047426
1462598792040939675,,,,,,true,,0000,0,,1446203750204047426,,0,Animal Battle Stats,,1446204139909550150,,,2026-01-19T00:05:25.794Z,,16724838,0,,true,User,RamiNoodle733,true,Animal,Mantis Shrimp,true,Vote,👎 Downvote,true,🌐 Location,"Katy, TX, US",,,,,,,,,,,,,2026-01-19T00:05:25.629000+00:00,👎 New Vote,rich,0,,,false,,,,false,,,,,,,,,2026-01-19T00:05:25.794000+00:00,false,0,Animal Battle Stats,1446203750204047426
1462598774911402031,,,,,,true,,0000,0,,1446203750204047426,,0,Animal Battle Stats,,1446204139909550150,,,2026-01-19T00:05:21.710Z,,16724838,0,,true,User,RamiNoodle733,true,Animal,Army Ant,true,Vote,👎 Downvote,true,🌐 Location,"Katy, TX, US",,,,,,,,,,,,,2026-01-19T00:05:21.375000+00:00,👎 New Vote,rich,0,,,false,,,,false,,,,,,,,,2026-01-19T00:05:21.710000+00:00,false,0,Animal Battle Stats,1446203750204047426
1462598750068408320,,,,,,true,,0000,0,,1446203750204047426,,0,Animal Battle Stats,,1446204139909550150,,,2026-01-19T00:05:15.787Z,,16724838,0,,true,User,RamiNoodle733,true,Animal,Praying Mantis,true,Vote,👎 Downvote,true,🌐 Location,"Katy, TX, US",,,,,,,,,,,,,2026-01-19T00:05:15.519000+00:00,👎 New Vote,rich,0,,,false,,,,false,,,,,,,,,2026-01-19T00:05:15.787000+00:00,false,0,Animal Battle Stats,1446203750204047426
1462597933558923410,,,,,,true,,0000,0,,1446203750204047426,,0,Animal Battle Stats,,1446204139909550150,,,2026-01-19T00:02:01.116Z,,16766720,0,,true,User,RamiNoodle733,true,Bracket Size,8 animals,true,Total Matches,7,true,🏆 Champion,Jaguar,true,2nd Place,Oryx,true,3rd/4th Place,"Honey Badger, Poison Dart Frog",false,Recent Matches,"Oryx beat Galapagos Tortoise
Poison Dart Frog beat Goliath Birdeater
Honey Badger beat Dingo
Jaguar beat Pangolin
Oryx beat Poison Dart Frog
Jaguar beat Honey Badger
Jaguar beat Oryx",true,🌐 Location,"Katy, TX, US",2026-01-19T00:00:18.285000+00:00,🏆 Tournament Completed,rich,0,,,false,,,,false,,,,,,,,,2026-01-19T00:02:01.116000+00:00,false,0,Animal Battle Stats,1446203750204047426
1462597817108398261,,,,,,true,,0000,0,,1446203750204047426,,0,Animal Battle Stats,,1446204139909550150,,,2026-01-19T00:01:33.352Z,,4491519,0,,true,Visitor,RamiNoodle733,true,🌐 Location,"Katy, TX, US",,,,,,,,,,,,,,,,,,,2026-01-19T00:01:33.016000+00:00,👀 Site Visit,rich,0,,,false,,,,false,,,,,,,,,2026-01-19T00:01:33.352000+00:00,false,0,Animal Battle Stats,1446203750204047426
1462597806454997146,,,,,,true,,0000,0,,1446203750204047426,,0,Animal Battle Stats,,1446204139909550150,,,2026-01-19T00:01:30.812Z,,4491519,0,,true,Visitor,RamiNoodle733,true,🌐 Location,"Katy, TX, US",,,,,,,,,,,,,,,,,,,2026-01-19T00:01:30.563000+00:00,👀 Site Visit,rich,0,,,false,,,,false,,,,,,,,,2026-01-19T00:01:30.812000+00:00,false,0,Animal Battle Stats,1446203750204047426
1462597735168348243,,,,,,true,,0000,0,,1446203750204047426,,0,Animal Battle Stats,,1446204139909550150,,,2026-01-19T00:01:13.816Z,,4491519,0,,true,Visitor,RamiNoodle733,true,🌐 Location,"Katy, TX, US",,,,,,,,,,,,,,,,,,,2026-01-19T00:01:13.528000+00:00,👀 Site Visit,rich,0,,,false,,,,false,,,,,,,,,2026-01-19T00:01:13.816000+00:00,false,0,Animal Battle Stats,1446203750204047426
1462597580704845924,,,,,,true,,0000,0,,1446203750204047426,,0,Animal Battle Stats,,1446204139909550150,,,2026-01-19T00:00:36.989Z,,4491519,0,,true,Visitor,RamiNoodle733,true,🌐 Location,"Katy, TX, US",,,,,,,,,,,,,,,,,,,2026-01-19T00:00:36.699000+00:00,👀 Site Visit,rich,0,,,false,,,,false,,,,,,,,,2026-01-19T00:00:36.989000+00:00,false,0,Animal Battle Stats,1446203750204047426
1462596851105533963,,,,,,true,,0000,0,,1446203750204047426,,0,Animal Battle Stats,,1446204139909550150,,,2026-01-18T23:57:43.039Z,,4491519,0,,true,Visitor,RamiNoodle733,true,🌐 Location,"Katy, TX, US",,,,,,,,,,,,,,,,,,,2026-01-18T23:57:42.750000+00:00,👀 Site Visit,rich,0,,,false,,,,false,,,,,,,,,2026-01-18T23:57:43.039000+00:00,false,0,Animal Battle Stats,1446203750204047426
1462596849453236287,,,,,,true,,0000,0,,1446203750204047426,,0,Animal Battle Stats,,1446204139909550150,,,2026-01-18T23:57:42.645Z,,6710886,0,,true,User,RamiNoodle733,true,🌐 Location,"Katy, TX, US",,,,,,,,,,,,,,,,,,,2026-01-18T23:57:41.969000+00:00,👋 User Left Site,rich,0,,,false,,,,false,,,,,,,,,2026-01-18T23:57:42.645000+00:00,false,0,Animal Battle Stats,1446203750204047426
1462596849402908818,,,,,,true,,0000,0,,1446203750204047426,,0,Animal Battle Stats,,1446204139909550150,,,2026-01-18T23:57:42.633Z,,4491519,0,,true,Visitor,RamiNoodle733,true,🌐 Location,"Katy, TX, US",,,,,,,,,,,,,,,,,,,2026-01-18T23:55:40.620000+00:00,👀 Site Visit,rich,0,,,false,,,,false,,,,,,,,,2026-01-18T23:57:42.633000+00:00,false,0,Animal Battle Stats,1446203750204047426
1462596817584656616,,,,,,true,,0000,0,,1446203750204047426,,0,Animal Battle Stats,,1446204139909550150,,,2026-01-18T23:57:35.047Z,,65416,0,,true,User,RamiNoodle733,true,Animal,Cassowary,true,Vote,👍 Upvote,true,🌐 Location,"Katy, TX, US",,,,,,,,,,,,,2026-01-18T23:57:34.616000+00:00,👍 New Vote,rich,0,,,false,,,,false,,,,,,,,,2026-01-18T23:57:35.047000+00:00,false,0,Animal Battle Stats,1446203750204047426
1462596204558028923,,,,,,true,,0000,0,,1446203750204047426,,0,Animal Battle Stats,,1446204139909550150,,,2026-01-18T23:55:08.890Z,,4491519,0,,true,Visitor,RamiNoodle733,true,🌐 Location,"Katy, TX, US",,,,,,,,,,,,,,,,,,,2026-01-18T23:55:08.525000+00:00,👀 Site Visit,rich,0,,,false,,,,false,,,,,,,,,2026-01-18T23:55:08.890000+00:00,false,0,Animal Battle Stats,1446203750204047426
1462596203027103867,,,,,,true,,0000,0,,1446203750204047426,,0,Animal Battle Stats,,1446204139909550150,,,2026-01-18T23:55:08.525Z,,4491519,0,,true,Visitor,RamiNoodle733,true,🌐 Location,"Katy, TX, US",,,,,,,,,,,,,,,,,,,2026-01-18T23:53:46.374000+00:00,👀 Site Visit,rich,0,,,false,,,,false,,,,,,,,,2026-01-18T23:55:08.525000+00:00,false,0,Animal Battle Stats,1446203750204047426
1462593872336257077,,,,,,true,,0000,0,,1446203750204047426,,0,Animal Battle Stats,,1446204139909550150,,,2026-01-18T23:45:52.845Z,,4491519,0,,true,Visitor,RamiNoodle733,true,🌐 Location,"Katy, TX, US",,,,,,,,,,,,,,,,,,,2026-01-18T23:45:52.513000+00:00,👀 Site Visit,rich,0,,,false,,,,false,,,,,,,,,2026-01-18T23:45:52.845000+00:00,false,0,Animal Battle Stats,1446203750204047426
1462593823980126363,,,,,,true,,0000,0,,1446203750204047426,,0,Animal Battle Stats,,1446204139909550150,,,2026-01-18T23:45:41.316Z,,4491519,0,,true,Visitor,RamiNoodle733,true,🌐 Location,"Katy, TX, US",,,,,,,,,,,,,,,,,,,2026-01-18T23:45:40.864000+00:00,👀 Site Visit,rich,0,,,false,,,,false,,,,,,,,,2026-01-18T23:45:41.316000+00:00,false,0,Animal Battle Stats,1446203750204047426
1462593214019272947,,,,,,true,,0000,0,,1446203750204047426,,0,Animal Battle Stats,,1446204139909550150,,,2026-01-18T23:43:15.890Z,,4491519,0,,true,Visitor,RamiNoodle733,true,🌐 Location,"Katy, TX, US",,,,,,,,,,,,,,,,,,,2026-01-18T23:43:15.571000+00:00,👀 Site Visit,rich,0,,,false,,,,false,,,,,,,,,2026-01-18T23:43:15.890000+00:00,false,0,Animal Battle Stats,1446203750204047426
1462593212937015337,,,,,,true,,0000,0,,1446203750204047426,,0,Animal Battle Stats,,1446204139909550150,,,2026-01-18T23:43:15.632Z,,4491519,0,,true,Visitor,RamiNoodle733,true,🌐 Location,"Katy, TX, US",,,,,,,,,,,,,,,,,,,2026-01-18T23:42:55.199000+00:00,👀 Site Visit,rich,0,,,false,,,,false,,,,,,,,,2026-01-18T23:43:15.632000+00:00,false,0,Animal Battle Stats,1446203750204047426
1462593089393655962,,,,,,true,,0000,0,,1446203750204047426,,0,Animal Battle Stats,,1446204139909550150,,,2026-01-18T23:42:46.177Z,,4491519,0,,true,Visitor,RamiNoodle733,true,🌐 Location,"Katy, TX, US",,,,,,,,,,,,,,,,,,,2026-01-18T23:42:45.870000+00:00,👀 Site Visit,rich,0,,,false,,,,false,,,,,,,,,2026-01-18T23:42:46.177000+00:00,false,0,Animal Battle Stats,1446203750204047426
1462592554863169607,,,,,,true,,0000,0,,1446203750204047426,,0,Animal Battle Stats,,1446204139909550150,,,2026-01-18T23:40:38.735Z,,4491519,0,,true,Visitor,RamiNoodle733,true,🌐 Location,"Katy, TX, US",,,,,,,,,,,,,,,,,,,2026-01-18T23:40:38.425000+00:00,👀 Site Visit,rich,0,,,false,,,,false,,,,,,,,,2026-01-18T23:40:38.735000+00:00,false,0,Animal Battle Stats,1446203750204047426
1462591919895875607,,,,,,true,,0000,0,,1446203750204047426,,0,Animal Battle Stats,,1446204139909550150,,,2026-01-18T23:38:07.347Z,,4491519,0,,true,Visitor,RamiNoodle733,true,🌐 Location,"Katy, TX, US",,,,,,,,,,,,,,,,,,,2026-01-18T23:38:07.032000+00:00,👀 Site Visit,rich,0,,,false,,,,false,,,,,,,,,2026-01-18T23:38:07.347000+00:00,false,0,Animal Battle Stats,1446203750204047426
1462591919015334011,,,,,,true,,0000,0,,1446203750204047426,,0,Animal Battle Stats,,1446204139909550150,,,2026-01-18T23:38:07.137Z,,4491519,0,,true,Visitor,RamiNoodle733,true,🌐 Location,"Katy, TX, US",,,,,,,,,,,,,,,,,,,2026-01-18T23:37:57.907000+00:00,👀 Site Visit,rich,0,,,false,,,,false,,,,,,,,,2026-01-18T23:38:07.137000+00:00,false,0,Animal Battle Stats,1446203750204047426
1462589955082686495,,,,,,true,,0000,0,,1446203750204047426,,0,Animal Battle Stats,,1446204139909550150,,,2026-01-18T23:30:18.899Z,,16737095,0,,true,User,RamiNoodle733,true,Bracket Size,8 animals,true,Matches Completed,1/7,true,Progress,14%,false,Votes Made,Barn Owl beat Huntsman Spider,true,🌐 Location,"Katy, TX, US",,,,,,,2026-01-18T23:29:07.044000+00:00,🚪 Tournament Quit,rich,0,,,false,,,,false,,,,,,,,,2026-01-18T23:30:18.899000+00:00,false,0,Animal Battle Stats,1446203750204047426
1462589037297664031,,,,,,true,,0000,0,,1446203750204047426,,0,Animal Battle Stats,,1446204139909550150,,,2026-01-18T23:26:40.082Z,,4491519,0,,true,Visitor,RamiNoodle733,true,🌐 Location,"Katy, TX, US",,,,,,,,,,,,,,,,,,,2026-01-18T23:26:39.795000+00:00,👀 Site Visit,rich,0,,,false,,,,false,,,,,,,,,2026-01-18T23:26:40.082000+00:00,false,0,Animal Battle Stats,1446203750204047426
1462588991982276731,,,,,,true,,0000,0,,1446203750204047426,,0,Animal Battle Stats,,1446204139909550150,,,2026-01-18T23:26:29.278Z,,4491519,0,,true,Visitor,RamiNoodle733,true,🌐 Location,"Katy, TX, US",,,,,,,,,,,,,,,,,,,2026-01-18T23:26:28.974000+00:00,👀 Site Visit,rich,0,,,false,,,,false,,,,,,,,,2026-01-18T23:26:29.278000+00:00,false,0,Animal Battle Stats,1446203750204047426
1462588980657782980,,,,,,true,,0000,0,,1446203750204047426,,0,Animal Battle Stats,,1446204139909550150,,,2026-01-18T23:26:26.578Z,,4491519,0,,true,Visitor,RamiNoodle733,true,🌐 Location,"Katy, TX, US",,,,,,,,,,,,,,,,,,,2026-01-18T23:26:26.310000+00:00,👀 Site Visit,rich,0,,,false,,,,false,,,,,,,,,2026-01-18T23:26:26.578000+00:00,false,0,Animal Battle Stats,1446203750204047426
1462588980108460206,,,,,,true,,0000,0,,1446203750204047426,,0,Animal Battle Stats,,1446204139909550150,,,2026-01-18T23:26:26.447Z,,4491519,0,,true,Visitor,RamiNoodle733,true,🌐 Location,"Katy, TX, US",,,,,,,,,,,,,,,,,,,2026-01-18T23:26:21.114000+00:00,👀 Site Visit,rich,0,,,false,,,,false,,,,,,,,,2026-01-18T23:26:26.447000+00:00,false,0,Animal Battle Stats,1446203750204047426
1462573151761469587,,,,,,true,,0000,0,,1446203750204047426,,0,Animal Battle Stats,,1446204139909550150,,,2026-01-18T22:23:32.675Z,,4491519,0,,true,Visitor,RamiNoodle733,true,🌐 Location,"Katy, TX, US",,,,,,,,,,,,,,,,,,,2026-01-18T22:23:32.470000+00:00,👀 Site Visit,rich,0,,,false,,,,false,,,,,,,,,2026-01-18T22:23:32.675000+00:00,false,0,Animal Battle Stats,1446203750204047426
1462573145767678105,,,,,,true,,0000,0,,1446203750204047426,,0,Animal Battle Stats,,1446204139909550150,,,2026-01-18T22:23:31.246Z,,4491519,0,,true,Visitor,RamiNoodle733,true,🌐 Location,"Katy, TX, US",,,,,,,,,,,,,,,,,,,2026-01-18T22:23:30.966000+00:00,👀 Site Visit,rich,0,,,false,,,,false,,,,,,,,,2026-01-18T22:23:31.246000+00:00,false,0,Animal Battle Stats,1446203750204047426
1462573057934884906,,,,,,true,,0000,0,,1446203750204047426,,0,Animal Battle Stats,,1446204139909550150,,,2026-01-18T22:23:10.305Z,,4491519,0,,true,Visitor,RamiNoodle733,true,🌐 Location,"Katy, TX, US",,,,,,,,,,,,,,,,,,,2026-01-18T22:23:10.066000+00:00,👀 Site Visit,rich,0,,,false,,,,false,,,,,,,,,2026-01-18T22:23:10.305000+00:00,false,0,Animal Battle Stats,1446203750204047426
1462573012569292872,,,,,,true,,0000,0,,1446203750204047426,,0,Animal Battle Stats,,1446204139909550150,,,2026-01-18T22:22:59.489Z,,4491519,0,,true,Visitor,RamiNoodle733,true,🌐 Location,"Katy, TX, US",,,,,,,,,,,,,,,,,,,2026-01-18T22:22:59.216000+00:00,👀 Site Visit,rich,0,,,false,,,,false,,,,,,,,,2026-01-18T22:22:59.489000+00:00,false,0,Animal Battle Stats,1446203750204047426
1462572951001104414,,,,,,true,,0000,0,,1446203750204047426,,0,Animal Battle Stats,,1446204139909550150,,,2026-01-18T22:22:44.810Z,,4491519,0,,true,Visitor,RamiNoodle733,true,🌐 Location,"Katy, TX, US",,,,,,,,,,,,,,,,,,,2026-01-18T22:22:44.411000+00:00,👀 Site Visit,rich,0,,,false,,,,false,,,,,,,,,2026-01-18T22:22:44.810000+00:00,false,0,Animal Battle Stats,1446203750204047426
1462572932831252727,,,,,,true,,0000,0,,1446203750204047426,,0,Animal Battle Stats,,1446204139909550150,,,2026-01-18T22:22:40.478Z,,4491519,0,,true,Visitor,RamiNoodle733,true,🌐 Location,"Katy, TX, US",,,,,,,,,,,,,,,,,,,2026-01-18T22:22:34.197000+00:00,👀 Site Visit,rich,0,,,false,,,,false,,,,,,,,,2026-01-18T22:22:40.478000+00:00,false,0,Animal Battle Stats,1446203750204047426
1462572928616108093,,,,,,true,,0000,0,,1446203750204047426,,0,Animal Battle Stats,,1446204139909550150,,,2026-01-18T22:22:39.473Z,,4491519,0,,true,Visitor,RamiNoodle733,true,🌐 Location,"Katy, TX, US",,,,,,,,,,,,,,,,,,,2026-01-18T22:22:39.153000+00:00,👀 Site Visit,rich,0,,,false,,,,false,,,,,,,,,2026-01-18T22:22:39.473000+00:00,false,0,Animal Battle Stats,1446203750204047426
1462572156788670567,,,,,,true,,0000,0,,1446203750204047426,,0,Animal Battle Stats,,1446204139909550150,,,2026-01-18T22:19:35.455Z,,4491519,0,,true,Visitor,RamiNoodle733,true,🌐 Location,"Katy, TX, US",,,,,,,,,,,,,,,,,,,2026-01-18T22:19:35.193000+00:00,👀 Site Visit,rich,0,,,false,,,,false,,,,,,,,,2026-01-18T22:19:35.455000+00:00,false,0,Animal Battle Stats,1446203750204047426
1462572155534446705,,,,,,true,,0000,0,,1446203750204047426,,0,Animal Battle Stats,,1446204139909550150,,,2026-01-18T22:19:35.156Z,,6710886,0,,true,User,Anonymous,true,🌐 Location,"Chicago, IL, US",,,,,,,,,,,,,,,,,,,2026-01-18T22:18:21.064000+00:00,👋 User Left Site,rich,0,,,false,,,,false,,,,,,,,,2026-01-18T22:19:35.156000+00:00,false,0,Animal Battle Stats,1446203750204047426
1462571846200328337,,,,,,true,,0000,0,,1446203750204047426,,0,Animal Battle Stats,,1446204139909550150,,,2026-01-18T22:18:21.405Z,,4491519,0,,true,Visitor,Anonymous,true,🌐 Location,"Chicago, IL, US",,,,,,,,,,,,,,,,,,,2026-01-18T22:13:27.916000+00:00,👀 Site Visit,rich,0,,,false,,,,false,,,,,,,,,2026-01-18T22:18:21.405000+00:00,false,0,Animal Battle Stats,1446203750204047426
1462566654742364287,,,,,,true,,0000,0,,1446203750204047426,,0,Animal Battle Stats,,1446204139909550150,,,2026-01-18T21:57:43.665Z,,4491519,0,,true,Visitor,RamiNoodle733,true,🌐 Location,"Katy, TX, US",,,,,,,,,,,,,,,,,,,2026-01-18T21:57:43.408000+00:00,👀 Site Visit,rich,0,,,false,,,,false,,,,,,,,,2026-01-18T21:57:43.665000+00:00,false,0,Animal Battle Stats,1446203750204047426
1462566400215355507,,,,,,true,,0000,0,,1446203750204047426,,0,Animal Battle Stats,,1446204139909550150,,,2026-01-18T21:56:42.981Z,,4491519,0,,true,Visitor,RamiNoodle733,true,🌐 Location,"Katy, TX, US",,,,,,,,,,,,,,,,,,,2026-01-18T21:56:42.721000+00:00,👀 Site Visit,rich,0,,,false,,,,false,,,,,,,,,2026-01-18T21:56:42.981000+00:00,false,0,Animal Battle Stats,1446203750204047426
1462566318795522316,,,,,,true,,0000,0,,1446203750204047426,,0,Animal Battle Stats,,1446204139909550150,,,2026-01-18T21:56:23.569Z,,4491519,0,,true,Visitor,RamiNoodle733,true,🌐 Location,"Katy, TX, US",,,,,,,,,,,,,,,,,,,2026-01-18T21:56:23.001000+00:00,👀 Site Visit,rich,0,,,false,,,,false,,,,,,,,,2026-01-18T21:56:23.569000+00:00,false,0,Animal Battle Stats,1446203750204047426
1462566316723536048,,,,,,true,,0000,0,,1446203750204047426,,0,Animal Battle Stats,,1446204139909550150,,,2026-01-18T21:56:23.075Z,,4491519,0,,true,Visitor,RamiNoodle733,true,🌐 Location,"Katy, TX, US",,,,,,,,,,,,,,,,,,,2026-01-18T21:56:17.840000+00:00,👀 Site Visit,rich,0,,,false,,,,false,,,,,,,,,2026-01-18T21:56:23.075000+00:00,false,0,Animal Battle Stats,1446203750204047426
1462563419642401001,,,,,,true,,0000,0,,1446203750204047426,,0,Animal Battle Stats,,1446204139909550150,,,2026-01-18T21:44:52.357Z,,4491519,0,,true,Visitor,RamiNoodle733,true,🌐 Location,"Katy, TX, US",,,,,,,,,,,,,,,,,,,2026-01-18T21:44:52.082000+00:00,👀 Site Visit,rich,0,,,false,,,,false,,,,,,,,,2026-01-18T21:44:52.357000+00:00,false,0,Animal Battle Stats,1446203750204047426
1462563408095215780,,,,,,true,,0000,0,,1446203750204047426,,0,Animal Battle Stats,,1446204139909550150,,,2026-01-18T21:44:49.604Z,,4491519,0,,true,Visitor,RamiNoodle733,true,🌐 Location,"Katy, TX, US",,,,,,,,,,,,,,,,,,,2026-01-18T21:44:49.272000+00:00,👀 Site Visit,rich,0,,,false,,,,false,,,,,,,,,2026-01-18T21:44:49.604000+00:00,false,0,Animal Battle Stats,1446203750204047426
1462563158593114266,,,,,,true,,0000,0,,1446203750204047426,,0,Animal Battle Stats,,1446204139909550150,,,2026-01-18T21:43:50.118Z,,4491519,0,,true,Visitor,RamiNoodle733,true,🌐 Location,"Katy, TX, US",,,,,,,,,,,,,,,,,,,2026-01-18T21:43:49.768000+00:00,👀 Site Visit,rich,0,,,false,,,,false,,,,,,,,,2026-01-18T21:43:50.118000+00:00,false,0,Animal Battle Stats,1446203750204047426
1462563157456195614,,,,,,true,,0000,0,,1446203750204047426,,0,Animal Battle Stats,,1446204139909550150,,,2026-01-18T21:43:49.847Z,,4491519,0,,true,Visitor,RamiNoodle733,true,🌐 Location,"Katy, TX, US",,,,,,,,,,,,,,,,,,,2026-01-18T21:43:41.802000+00:00,👀 Site Visit,rich,0,,,false,,,,false,,,,,,,,,2026-01-18T21:43:49.847000+00:00,false,0,Animal Battle Stats,1446203750204047426
1462561593731715194,,,,,,true,,0000,0,,1446203750204047426,,0,Animal Battle Stats,,1446204139909550150,,,2026-01-18T21:37:37.026Z,,4491519,0,,true,Visitor,RamiNoodle733,true,🌐 Location,"Katy, TX, US",,,,,,,,,,,,,,,,,,,2026-01-18T21:37:36.739000+00:00,👀 Site Visit,rich,0,,,false,,,,false,,,,,,,,,2026-01-18T21:37:37.026000+00:00,false,0,Animal Battle Stats,1446203750204047426
1462561494028910873,,,,,,true,,0000,0,,1446203750204047426,,0,Animal Battle Stats,,1446204139909550150,,,2026-01-18T21:37:13.255Z,,4491519,0,,true,Visitor,RamiNoodle733,true,🌐 Location,"Katy, TX, US",,,,,,,,,,,,,,,,,,,2026-01-18T21:37:13.001000+00:00,👀 Site Visit,rich,0,,,false,,,,false,,,,,,,,,2026-01-18T21:37:13.255000+00:00,false,0,Animal Battle Stats,1446203750204047426
1462561396590903306,,,,,,true,,0000,0,,1446203750204047426,,0,Animal Battle Stats,,1446204139909550150,,,2026-01-18T21:36:50.024Z,,4491519,0,,true,Visitor,RamiNoodle733,true,🌐 Location,"Katy, TX, US",,,,,,,,,,,,,,,,,,,2026-01-18T21:36:49.697000+00:00,👀 Site Visit,rich,0,,,false,,,,false,,,,,,,,,2026-01-18T21:36:50.024000+00:00,false,0,Animal Battle Stats,1446203750204047426
1462561298469486819,,,,,,true,,0000,0,,1446203750204047426,,0,Animal Battle Stats,,1446204139909550150,,,2026-01-18T21:36:26.630Z,,4491519,0,,true,Visitor,RamiNoodle733,true,🌐 Location,"Katy, TX, US",,,,,,,,,,,,,,,,,,,2026-01-18T21:36:26.343000+00:00,👀 Site Visit,rich,0,,,false,,,,false,,,,,,,,,2026-01-18T21:36:26.630000+00:00,false,0,Animal Battle Stats,1446203750204047426
1462561280274596098,,,,,,true,,0000,0,,1446203750204047426,,0,Animal Battle Stats,,1446204139909550150,,,2026-01-18T21:36:22.292Z,,4491519,0,,true,Visitor,RamiNoodle733,true,🌐 Location,"Katy, TX, US",,,,,,,,,,,,,,,,,,,2026-01-18T21:36:22.033000+00:00,👀 Site Visit,rich,0,,,false,,,,false,,,,,,,,,2026-01-18T21:36:22.292000+00:00,false,0,Animal Battle Stats,1446203750204047426
1462561145461145755,,,,,,true,,0000,0,,1446203750204047426,,0,Animal Battle Stats,,1446204139909550150,,,2026-01-18T21:35:50.150Z,,4491519,0,,true,Visitor,RamiNoodle733,true,🌐 Location,"Katy, TX, US",,,,,,,,,,,,,,,,,,,2026-01-18T21:35:49.888000+00:00,👀 Site Visit,rich,0,,,false,,,,false,,,,,,,,,2026-01-18T21:35:50.150000+00:00,false,0,Animal Battle Stats,1446203750204047426
1462561107456688199,,,,,,true,,0000,0,,1446203750204047426,,0,Animal Battle Stats,,1446204139909550150,,,2026-01-18T21:35:41.089Z,,4491519,0,,true,Visitor,RamiNoodle733,true,🌐 Location,"Katy, TX, US",,,,,,,,,,,,,,,,,,,2026-01-18T21:35:40.762000+00:00,👀 Site Visit,rich,0,,,false,,,,false,,,,,,,,,2026-01-18T21:35:41.089000+00:00,false,0,Animal Battle Stats,1446203750204047426
1462561074409902171,,,,,,true,,0000,0,,1446203750204047426,,0,Animal Battle Stats,,1446204139909550150,,,2026-01-18T21:35:33.210Z,,4491519,0,,true,Visitor,RamiNoodle733,true,🌐 Location,"Katy, TX, US",,,,,,,,,,,,,,,,,,,2026-01-18T21:35:32.846000+00:00,👀 Site Visit,rich,0,,,false,,,,false,,,,,,,,,2026-01-18T21:35:33.210000+00:00,false,0,Animal Battle Stats,1446203750204047426
1462560983867457720,,,,,,true,,0000,0,,1446203750204047426,,0,Animal Battle Stats,,1446204139909550150,,,2026-01-18T21:35:11.623Z,,4491519,0,,true,Visitor,RamiNoodle733,true,🌐 Location,"Katy, TX, US",,,,,,,,,,,,,,,,,,,2026-01-18T21:35:11.301000+00:00,👀 Site Visit,rich,0,,,false,,,,false,,,,,,,,,2026-01-18T21:35:11.623000+00:00,false,0,Animal Battle Stats,1446203750204047426
1462560973436096748,,,,,,true,,0000,0,,1446203750204047426,,0,Animal Battle Stats,,1446204139909550150,,,2026-01-18T21:35:09.136Z,,4491519,0,,true,Visitor,RamiNoodle733,true,🌐 Location,"Katy, TX, US",,,,,,,,,,,,,,,,,,,2026-01-18T21:35:08.834000+00:00,👀 Site Visit,rich,0,,,false,,,,false,,,,,,,,,2026-01-18T21:35:09.136000+00:00,false,0,Animal Battle Stats,1446203750204047426
1462560931056718107,,,,,,true,,0000,0,,1446203750204047426,,0,Animal Battle Stats,,1446204139909550150,,,2026-01-18T21:34:59.032Z,,4491519,0,,true,Visitor,RamiNoodle733,true,🌐 Location,"Katy, TX, US",,,,,,,,,,,,,,,,,,,2026-01-18T21:34:58.774000+00:00,👀 Site Visit,rich,0,,,false,,,,false,,,,,,,,,2026-01-18T21:34:59.032000+00:00,false,0,Animal Battle Stats,1446203750204047426
1462560922152210432,,,,,,true,,0000,0,,1446203750204047426,,0,Animal Battle Stats,,1446204139909550150,,,2026-01-18T21:34:56.909Z,,4491519,0,,true,Visitor,RamiNoodle733,true,🌐 Location,"Katy, TX, US",,,,,,,,,,,,,,,,,,,2026-01-18T21:34:56.589000+00:00,👀 Site Visit,rich,0,,,false,,,,false,,,,,,,,,2026-01-18T21:34:56.909000+00:00,false,0,Animal Battle Stats,1446203750204047426
1462560920956834086,,,,,,true,,0000,0,,1446203750204047426,,0,Animal Battle Stats,,1446204139909550150,,,2026-01-18T21:34:56.624Z,,4491519,0,,true,Visitor,RamiNoodle733,true,🌐 Location,"Katy, TX, US",,,,,,,,,,,,,,,,,,,2026-01-18T21:34:52.502000+00:00,👀 Site Visit,rich,0,,,false,,,,false,,,,,,,,,2026-01-18T21:34:56.624000+00:00,false,0,Animal Battle Stats,1446203750204047426
1462560052723450010,,,,,,true,,0000,0,,1446203750204047426,,0,Animal Battle Stats,,1446204139909550150,,,2026-01-18T21:31:29.621Z,,4491519,0,,true,Visitor,RamiNoodle733,true,🌐 Location,"Katy, TX, US",,,,,,,,,,,,,,,,,,,2026-01-18T21:31:29.284000+00:00,👀 Site Visit,rich,0,,,false,,,,false,,,,,,,,,2026-01-18T21:31:29.621000+00:00,false,0,Animal Battle Stats,1446203750204047426
1462559784904691935,,,,,,true,,0000,0,,1446203750204047426,,0,Animal Battle Stats,,1446204139909550150,,,2026-01-18T21:30:25.768Z,,4491519,0,,true,Visitor,RamiNoodle733,true,🌐 Location,"Katy, TX, US",,,,,,,,,,,,,,,,,,,2026-01-18T21:30:25.473000+00:00,👀 Site Visit,rich,0,,,false,,,,false,,,,,,,,,2026-01-18T21:30:25.768000+00:00,false,0,Animal Battle Stats,1446203750204047426
1462559768588718194,,,,,,true,,0000,0,,1446203750204047426,,0,Animal Battle Stats,,1446204139909550150,,,2026-01-18T21:30:21.878Z,,4491519,0,,true,Visitor,RamiNoodle733,true,🌐 Location,"Katy, TX, US",,,,,,,,,,,,,,,,,,,2026-01-18T21:30:21.633000+00:00,👀 Site Visit,rich,0,,,false,,,,false,,,,,,,,,2026-01-18T21:30:21.878000+00:00,false,0,Animal Battle Stats,1446203750204047426
1462559725752287476,,,,,,true,,0000,0,,1446203750204047426,,0,Animal Battle Stats,,1446204139909550150,,,2026-01-18T21:30:11.665Z,,4491519,0,,true,Visitor,RamiNoodle733,true,🌐 Location,"Katy, TX, US",,,,,,,,,,,,,,,,,,,2026-01-18T21:30:11.361000+00:00,👀 Site Visit,rich,0,,,false,,,,false,,,,,,,,,2026-01-18T21:30:11.665000+00:00,false,0,Animal Battle Stats,1446203750204047426
1462559563894227095,,,,,,true,,0000,0,,1446203750204047426,,0,Animal Battle Stats,,1446204139909550150,,,2026-01-18T21:29:33.075Z,,4491519,0,,true,Visitor,RamiNoodle733,true,🌐 Location,"Katy, TX, US",,,,,,,,,,,,,,,,,,,2026-01-18T21:29:32.715000+00:00,👀 Site Visit,rich,0,,,false,,,,false,,,,,,,,,2026-01-18T21:29:33.075000+00:00,false,0,Animal Battle Stats,1446203750204047426
1462559556021256482,,,,,,true,,0000,0,,1446203750204047426,,0,Animal Battle Stats,,1446204139909550150,,,2026-01-18T21:29:31.198Z,,4491519,0,,true,Visitor,RamiNoodle733,true,🌐 Location,"Katy, TX, US",,,,,,,,,,,,,,,,,,,2026-01-18T21:29:30.943000+00:00,👀 Site Visit,rich,0,,,false,,,,false,,,,,,,,,2026-01-18T21:29:31.198000+00:00,false,0,Animal Battle Stats,1446203750204047426
1462559361816854659,,,,,,true,,0000,0,,1446203750204047426,,0,Animal Battle Stats,,1446204139909550150,,,2026-01-18T21:28:44.896Z,,4491519,0,,true,Visitor,RamiNoodle733,true,🌐 Location,"Katy, TX, US",,,,,,,,,,,,,,,,,,,2026-01-18T21:28:44.526000+00:00,👀 Site Visit,rich,0,,,false,,,,false,,,,,,,,,2026-01-18T21:28:44.896000+00:00,false,0,Animal Battle Stats,1446203750204047426
1462558935335698646,,,,,,true,,0000,0,,1446203750204047426,,0,Animal Battle Stats,,1446204139909550150,,,2026-01-18T21:27:03.215Z,,4491519,0,,true,Visitor,RamiNoodle733,true,🌐 Location,"Katy, TX, US",,,,,,,,,,,,,,,,,,,2026-01-18T21:27:02.928000+00:00,👀 Site Visit,rich,0,,,false,,,,false,,,,,,,,,2026-01-18T21:27:03.215000+00:00,false,0,Animal Battle Stats,1446203750204047426
1462558799670808820,,,,,,true,,0000,0,,1446203750204047426,,0,Animal Battle Stats,,1446204139909550150,,,2026-01-18T21:26:30.870Z,,4491519,0,,true,Visitor,RamiNoodle733,true,🌐 Location,"Katy, TX, US",,,,,,,,,,,,,,,,,,,2026-01-18T21:26:30.547000+00:00,👀 Site Visit,rich,0,,,false,,,,false,,,,,,,,,2026-01-18T21:26:30.870000+00:00,false,0,Animal Battle Stats,1446203750204047426
1462558744100737197,,,,,,true,,0000,0,,1446203750204047426,,0,Animal Battle Stats,,1446204139909550150,,,2026-01-18T21:26:17.621Z,,4491519,0,,true,Visitor,RamiNoodle733,true,🌐 Location,"Katy, TX, US",,,,,,,,,,,,,,,,,,,2026-01-18T21:26:17.317000+00:00,👀 Site Visit,rich,0,,,false,,,,false,,,,,,,,,2026-01-18T21:26:17.621000+00:00,false,0,Animal Battle Stats,1446203750204047426
1462558743165272205,,,,,,true,,0000,0,,1446203750204047426,,0,Animal Battle Stats,,1446204139909550150,,,2026-01-18T21:26:17.398Z,,4491519,0,,true,Visitor,RamiNoodle733,true,🌐 Location,"Katy, TX, US",,,,,,,,,,,,,,,,,,,2026-01-18T21:26:10.935000+00:00,👀 Site Visit,rich,0,,,false,,,,false,,,,,,,,,2026-01-18T21:26:17.398000+00:00,false,0,Animal Battle Stats,1446203750204047426
1462557942875422911,,,,,,true,,0000,0,,1446203750204047426,,0,Animal Battle Stats,,1446204139909550150,,,2026-01-18T21:23:06.594Z,,4491519,0,,true,Visitor,RamiNoodle733,true,🌐 Location,"Katy, TX, US",,,,,,,,,,,,,,,,,,,2026-01-18T21:23:06.276000+00:00,👀 Site Visit,rich,0,,,false,,,,false,,,,,,,,,2026-01-18T21:23:06.594000+00:00,false,0,Animal Battle Stats,1446203750204047426
1462557457783066654,,,,,,true,,0000,0,,1446203750204047426,,0,Animal Battle Stats,,1446204139909550150,,,2026-01-18T21:21:10.939Z,,4491519,0,,true,Visitor,RamiNoodle733,true,🌐 Location,"Katy, TX, US",,,,,,,,,,,,,,,,,,,2026-01-18T21:21:10.643000+00:00,👀 Site Visit,rich,0,,,false,,,,false,,,,,,,,,2026-01-18T21:21:10.939000+00:00,false,0,Animal Battle Stats,1446203750204047426
1462557440402002124,,,,,,true,,0000,0,,1446203750204047426,,0,Animal Battle Stats,,1446204139909550150,,,2026-01-18T21:21:06.795Z,,4491519,0,,true,Visitor,RamiNoodle733,true,🌐 Location,"Katy, TX, US",,,,,,,,,,,,,,,,,,,2026-01-18T21:21:06.519000+00:00,👀 Site Visit,rich,0,,,false,,,,false,,,,,,,,,2026-01-18T21:21:06.795000+00:00,false,0,Animal Battle Stats,1446203750204047426
1462557324588748821,,,,,,true,,0000,0,,1446203750204047426,,0,Animal Battle Stats,,1446204139909550150,,,2026-01-18T21:20:39.183Z,,4491519,0,,true,Visitor,RamiNoodle733,true,🌐 Location,"Katy, TX, US",,,,,,,,,,,,,,,,,,,2026-01-18T21:20:38.889000+00:00,👀 Site Visit,rich,0,,,false,,,,false,,,,,,,,,2026-01-18T21:20:39.183000+00:00,false,0,Animal Battle Stats,1446203750204047426
1462557231126941922,,,,,,true,,0000,0,,1446203750204047426,,0,Animal Battle Stats,,1446204139909550150,,,2026-01-18T21:20:16.900Z,,4491519,0,,true,Visitor,RamiNoodle733,true,🌐 Location,"Katy, TX, US",,,,,,,,,,,,,,,,,,,2026-01-18T21:20:16.633000+00:00,👀 Site Visit,rich,0,,,false,,,,false,,,,,,,,,2026-01-18T21:20:16.900000+00:00,false,0,Animal Battle Stats,1446203750204047426
1462557139674595388,,,,,,true,,0000,0,,1446203750204047426,,0,Animal Battle Stats,,1446204139909550150,,,2026-01-18T21:19:55.096Z,,4491519,0,,true,Visitor,RamiNoodle733,true,🌐 Location,"Katy, TX, US",,,,,,,,,,,,,,,,,,,2026-01-18T21:19:54.738000+00:00,👀 Site Visit,rich,0,,,false,,,,false,,,,,,,,,2026-01-18T21:19:55.096000+00:00,false,0,Animal Battle Stats,1446203750204047426
1462557121777500333,,,,,,true,,0000,0,,1446203750204047426,,0,Animal Battle Stats,,1446204139909550150,,,2026-01-18T21:19:50.829Z,,4491519,0,,true,Visitor,RamiNoodle733,true,🌐 Location,"Katy, TX, US",,,,,,,,,,,,,,,,,,,2026-01-18T21:19:50.540000+00:00,👀 Site Visit,rich,0,,,false,,,,false,,,,,,,,,2026-01-18T21:19:50.829000+00:00,false,0,Animal Battle Stats,1446203750204047426
1462557071537999915,,,,,,true,,0000,0,,1446203750204047426,,0,Animal Battle Stats,,1446204139909550150,,,2026-01-18T21:19:38.851Z,,4491519,0,,true,Visitor,RamiNoodle733,true,🌐 Location,"Katy, TX, US",,,,,,,,,,,,,,,,,,,2026-01-18T21:19:38.438000+00:00,👀 Site Visit,rich,0,,,false,,,,false,,,,,,,,,2026-01-18T21:19:38.851000+00:00,false,0,Animal Battle Stats,1446203750204047426
1462556876612042944,,,,,,true,,0000,0,,1446203750204047426,,0,Animal Battle Stats,,1446204139909550150,,,2026-01-18T21:18:52.377Z,,4491519,0,,true,Visitor,RamiNoodle733,true,🌐 Location,"Katy, TX, US",,,,,,,,,,,,,,,,,,,2026-01-18T21:18:52.036000+00:00,👀 Site Visit,rich,0,,,false,,,,false,,,,,,,,,2026-01-18T21:18:52.377000+00:00,false,0,Animal Battle Stats,1446203750204047426
1462556662257946783,,,,,,true,,0000,0,,1446203750204047426,,0,Animal Battle Stats,,1446204139909550150,,,2026-01-18T21:18:01.271Z,,4491519,0,,true,Visitor,RamiNoodle733,true,🌐 Location,"Katy, TX, US",,,,,,,,,,,,,,,,,,,2026-01-18T21:17:45.593000+00:00,👀 Site Visit,rich,0,,,false,,,,false,,,,,,,,,2026-01-18T21:18:01.271000+00:00,false,0,Animal Battle Stats,1446203750204047426
1462556355801120871,,,,,,true,,0000,0,,1446203750204047426,,0,Animal Battle Stats,,1446204139909550150,,,2026-01-18T21:16:48.206Z,,4491519,0,,true,Visitor,RamiNoodle733,true,🌐 Location,"Katy, TX, US",,,,,,,,,,,,,,,,,,,2026-01-18T21:16:47.675000+00:00,👀 Site Visit,rich,0,,,false,,,,false,,,,,,,,,2026-01-18T21:16:48.206000+00:00,false,0,Animal Battle Stats,1446203750204047426
1462556266017853534,,,,,,true,,0000,0,,1446203750204047426,,0,Animal Battle Stats,,1446204139909550150,,,2026-01-18T21:16:26.800Z,,4491519,0,,true,Visitor,RamiNoodle733,true,🌐 Location,"Katy, TX, US",,,,,,,,,,,,,,,,,,,2026-01-18T21:16:26.447000+00:00,👀 Site Visit,rich,0,,,false,,,,false,,,,,,,,,2026-01-18T21:16:26.800000+00:00,false,0,Animal Battle Stats,1446203750204047426
1462556257595425005,,,,,,true,,0000,0,,1446203750204047426,,0,Animal Battle Stats,,1446204139909550150,,,2026-01-18T21:16:24.792Z,,4491519,0,,true,Visitor,RamiNoodle733,true,🌐 Location,"Katy, TX, US",,,,,,,,,,,,,,,,,,,2026-01-18T21:16:24.514000+00:00,👀 Site Visit,rich,0,,,false,,,,false,,,,,,,,,2026-01-18T21:16:24.792000+00:00,false,0,Animal Battle Stats,1446203750204047426
1462556161269174507,,,,,,true,,0000,0,,1446203750204047426,,0,Animal Battle Stats,,1446204139909550150,,,2026-01-18T21:16:01.826Z,,4491519,0,,true,Visitor,RamiNoodle733,true,🌐 Location,"Katy, TX, US",,,,,,,,,,,,,,,,,,,2026-01-18T21:16:01.564000+00:00,👀 Site Visit,rich,0,,,false,,,,false,,,,,,,,,2026-01-18T21:16:01.826000+00:00,false,0,Animal Battle Stats,1446203750204047426
1462555915264721036,,,,,,true,,0000,0,,1446203750204047426,,0,Animal Battle Stats,,1446204139909550150,,,2026-01-18T21:15:03.174Z,,4491519,0,,true,Visitor,RamiNoodle733,true,🌐 Location,"Katy, TX, US",,,,,,,,,,,,,,,,,,,2026-01-18T21:15:02.856000+00:00,👀 Site Visit,rich,0,,,false,,,,false,,,,,,,,,2026-01-18T21:15:03.174000+00:00,false,0,Animal Battle Stats,1446203750204047426
1462555902589534258,,,,,,true,,0000,0,,1446203750204047426,,0,Animal Battle Stats,,1446204139909550150,,,2026-01-18T21:15:00.152Z,,4491519,0,,true,Visitor,RamiNoodle733,true,🌐 Location,"Katy, TX, US",,,,,,,,,,,,,,,,,,,2026-01-18T21:14:59.836000+00:00,👀 Site Visit,rich,0,,,false,,,,false,,,,,,,,,2026-01-18T21:15:00.152000+00:00,false,0,Animal Battle Stats,1446203750204047426
1462555523923578942,,,,,,true,,0000,0,,1446203750204047426,,0,Animal Battle Stats,,1446204139909550150,,,2026-01-18T21:13:29.871Z,,4491519,0,,true,Visitor,RamiNoodle733,true,🌐 Location,"Katy, TX, US",,,,,,,,,,,,,,,,,,,2026-01-18T21:13:29.536000+00:00,👀 Site Visit,rich,0,,,false,,,,false,,,,,,,,,2026-01-18T21:13:29.871000+00:00,false,0,Animal Battle Stats,1446203750204047426
1462555513567969342,,,,,,true,,0000,0,,1446203750204047426,,0,Animal Battle Stats,,1446204139909550150,,,2026-01-18T21:13:27.402Z,,4491519,0,,true,Visitor,RamiNoodle733,true,🌐 Location,"Katy, TX, US",,,,,,,,,,,,,,,,,,,2026-01-18T21:13:26.750000+00:00,👀 Site Visit,rich,0,,,false,,,,false,,,,,,,,,2026-01-18T21:13:27.402000+00:00,false,0,Animal Battle Stats,1446203750204047426
1462555501048107082,,,,,,true,,0000,0,,1446203750204047426,,0,Animal Battle Stats,,1446204139909550150,,,2026-01-18T21:13:24.417Z,,4491519,0,,true,Visitor,RamiNoodle733,true,🌐 Location,"Katy, TX, US",,,,,,,,,,,,,,,,,,,2026-01-18T21:13:24.048000+00:00,👀 Site Visit,rich,0,,,false,,,,false,,,,,,,,,2026-01-18T21:13:24.417000+00:00,false,0,Animal Battle Stats,1446203750204047426
1462555492738924644,,,,,,true,,0000,0,,1446203750204047426,,0,Animal Battle Stats,,1446204139909550150,,,2026-01-18T21:13:22.436Z,,4491519,0,,true,Visitor,RamiNoodle733,true,🌐 Location,"Katy, TX, US",,,,,,,,,,,,,,,,,,,2026-01-18T21:13:22.071000+00:00,👀 Site Visit,rich,0,,,false,,,,false,,,,,,,,,2026-01-18T21:13:22.436000+00:00,false,0,Animal Battle Stats,1446203750204047426
1462555467191423050,,,,,,true,,0000,0,,1446203750204047426,,0,Animal Battle Stats,,1446204139909550150,,,2026-01-18T21:13:16.345Z,,4491519,0,,true,Visitor,RamiNoodle733,true,🌐 Location,"Katy, TX, US",,,,,,,,,,,,,,,,,,,2026-01-18T21:13:15.996000+00:00,👀 Site Visit,rich,0,,,false,,,,false,,,,,,,,,2026-01-18T21:13:16.345000+00:00,false,0,Animal Battle Stats,1446203750204047426
1462555457674674196,,,,,,true,,0000,0,,1446203750204047426,,0,Animal Battle Stats,,1446204139909550150,,,2026-01-18T21:13:14.076Z,,4491519,0,,true,Visitor,RamiNoodle733,true,🌐 Location,"Katy, TX, US",,,,,,,,,,,,,,,,,,,2026-01-18T21:13:13.758000+00:00,👀 Site Visit,rich,0,,,false,,,,false,,,,,,,,,2026-01-18T21:13:14.076000+00:00,false,0,Animal Battle Stats,1446203750204047426
1462555454927540305,,,,,,true,,0000,0,,1446203750204047426,,0,Animal Battle Stats,,1446204139909550150,,,2026-01-18T21:13:13.421Z,,4491519,0,,true,Visitor,RamiNoodle733,true,🌐 Location,"Katy, TX, US",,,,,,,,,,,,,,,,,,,2026-01-18T21:12:45.792000+00:00,👀 Site Visit,rich,0,,,false,,,,false,,,,,,,,,2026-01-18T21:13:13.421000+00:00,false,0,Animal Battle Stats,1446203750204047426
1462555244348178444,,,,,,true,,0000,0,,1446203750204047426,,0,Animal Battle Stats,,1446204139909550150,,,2026-01-18T21:12:23.215Z,,4491519,0,,true,Visitor,RamiNoodle733,true,🌐 Location,"Katy, TX, US",,,,,,,,,,,,,,,,,,,2026-01-18T21:12:22.974000+00:00,👀 Site Visit,rich,0,,,false,,,,false,,,,,,,,,2026-01-18T21:12:23.215000+00:00,false,0,Animal Battle Stats,1446203750204047426
1462555207597822104,,,,,,true,,0000,0,,1446203750204047426,,0,Animal Battle Stats,,1446204139909550150,,,2026-01-18T21:12:14.453Z,,4491519,0,,true,Visitor,RamiNoodle733,true,🌐 Location,"Katy, TX, US",,,,,,,,,,,,,,,,,,,2026-01-18T21:12:13.960000+00:00,👀 Site Visit,rich,0,,,false,,,,false,,,,,,,,,2026-01-18T21:12:14.453000+00:00,false,0,Animal Battle Stats,1446203750204047426
1462555200568033455,,,,,,true,,0000,0,,1446203750204047426,,0,Animal Battle Stats,,1446204139909550150,,,2026-01-18T21:12:12.777Z,,4491519,0,,true,Visitor,RamiNoodle733,true,🌐 Location,"Katy, TX, US",,,,,,,,,,,,,,,,,,,2026-01-18T21:12:12.485000+00:00,👀 Site Visit,rich,0,,,false,,,,false,,,,,,,,,2026-01-18T21:12:12.777000+00:00,false,0,Animal Battle Stats,1446203750204047426
1462555192904908872,,,,,,true,,0000,0,,1446203750204047426,,0,Animal Battle Stats,,1446204139909550150,,,2026-01-18T21:12:10.950Z,,4491519,0,,true,Visitor,RamiNoodle733,true,🌐 Location,"Katy, TX, US",,,,,,,,,,,,,,,,,,,2026-01-18T21:12:10.684000+00:00,👀 Site Visit,rich,0,,,false,,,,false,,,,,,,,,2026-01-18T21:12:10.950000+00:00,false,0,Animal Battle Stats,1446203750204047426
1462555184600190996,,,,,,true,,0000,0,,1446203750204047426,,0,Animal Battle Stats,,1446204139909550150,,,2026-01-18T21:12:08.970Z,,4491519,0,,true,Visitor,RamiNoodle733,true,🌐 Location,"Katy, TX, US",,,,,,,,,,,,,,,,,,,2026-01-18T21:12:08.638000+00:00,👀 Site Visit,rich,0,,,false,,,,false,,,,,,,,,2026-01-18T21:12:08.970000+00:00,false,0,Animal Battle Stats,1446203750204047426
1462555175129583650,,,,,,true,,0000,0,,1446203750204047426,,0,Animal Battle Stats,,1446204139909550150,,,2026-01-18T21:12:06.712Z,,4491519,0,,true,Visitor,RamiNoodle733,true,🌐 Location,"Katy, TX, US",,,,,,,,,,,,,,,,,,,2026-01-18T21:12:06.441000+00:00,👀 Site Visit,rich,0,,,false,,,,false,,,,,,,,,2026-01-18T21:12:06.712000+00:00,false,0,Animal Battle Stats,1446203750204047426
1462555102748479622,,,,,,true,,0000,0,,1446203750204047426,,0,Animal Battle Stats,,1446204139909550150,,,2026-01-18T21:11:49.455Z,,4491519,0,,true,Visitor,RamiNoodle733,true,🌐 Location,"Katy, TX, US",,,,,,,,,,,,,,,,,,,2026-01-18T21:11:48.986000+00:00,👀 Site Visit,rich,0,,,false,,,,false,,,,,,,,,2026-01-18T21:11:49.455000+00:00,false,0,Animal Battle Stats,1446203750204047426
1462554326613360802,,,,,,true,,0000,0,,1446203750204047426,,0,Animal Battle Stats,,1446204139909550150,,,2026-01-18T21:08:44.410Z,,4491519,0,,true,Visitor,RamiNoodle733,true,🌐 Location,"Katy, TX, US",,,,,,,,,,,,,,,,,,,2026-01-18T21:08:43.923000+00:00,👀 Site Visit,rich,0,,,false,,,,false,,,,,,,,,2026-01-18T21:08:44.410000+00:00,false,0,Animal Battle Stats,1446203750204047426
1462554309081305184,,,,,,true,,0000,0,,1446203750204047426,,0,Animal Battle Stats,,1446204139909550150,,,2026-01-18T21:08:40.230Z,,4491519,0,,true,Visitor,RamiNoodle733,true,🌐 Location,"Katy, TX, US",,,,,,,,,,,,,,,,,,,2026-01-18T21:08:39.968000+00:00,👀 Site Visit,rich,0,,,false,,,,false,,,,,,,,,2026-01-18T21:08:40.230000+00:00,false,0,Animal Battle Stats,1446203750204047426
1462554184925708500,,,,,,true,,0000,0,,1446203750204047426,,0,Animal Battle Stats,,1446204139909550150,,,2026-01-18T21:08:10.629Z,,4491519,0,,true,Visitor,RamiNoodle733,true,🌐 Location,"Katy, TX, US",,,,,,,,,,,,,,,,,,,2026-01-18T21:08:10.371000+00:00,👀 Site Visit,rich,0,,,false,,,,false,,,,,,,,,2026-01-18T21:08:10.629000+00:00,false,0,Animal Battle Stats,1446203750204047426
1462554184242172059,,,,,,true,,0000,0,,1446203750204047426,,0,Animal Battle Stats,,1446204139909550150,,,2026-01-18T21:08:10.466Z,,4491519,0,,true,Visitor,Anonymous,true,🌐 Location,US,,,,,,,,,,,,,,,,,,,2026-01-18T21:07:57.898000+00:00,👀 Site Visit,rich,0,,,false,,,,false,,,,,,,,,2026-01-18T21:08:10.466000+00:00,false,0,Animal Battle Stats,1446203750204047426
1462553957548294296,,,,,,true,,0000,0,,1446203750204047426,,0,Animal Battle Stats,,1446204139909550150,,,2026-01-18T21:07:16.418Z,,4491519,0,,true,Visitor,RamiNoodle733,true,🌐 Location,"Katy, TX, US",,,,,,,,,,,,,,,,,,,2026-01-18T21:07:16.138000+00:00,👀 Site Visit,rich,0,,,false,,,,false,,,,,,,,,2026-01-18T21:07:16.418000+00:00,false,0,Animal Battle Stats,1446203750204047426
1462553930511945821,,,,,,true,,0000,0,,1446203750204047426,,0,Animal Battle Stats,,1446204139909550150,,,2026-01-18T21:07:09.972Z,,4491519,0,,true,Visitor,RamiNoodle733,true,🌐 Location,"Katy, TX, US",,,,,,,,,,,,,,,,,,,2026-01-18T21:07:09.770000+00:00,👀 Site Visit,rich,0,,,false,,,,false,,,,,,,,,2026-01-18T21:07:09.972000+00:00,false,0,Animal Battle Stats,1446203750204047426
1462553915382956148,,,,,,true,,0000,0,,1446203750204047426,,0,Animal Battle Stats,,1446204139909550150,,,2026-01-18T21:07:06.365Z,,4491519,0,,true,Visitor,RamiNoodle733,true,🌐 Location,"Katy, TX, US",,,,,,,,,,,,,,,,,,,2026-01-18T21:07:06.059000+00:00,👀 Site Visit,rich,0,,,false,,,,false,,,,,,,,,2026-01-18T21:07:06.365000+00:00,false,0,Animal Battle Stats,1446203750204047426
1462553915030765710,,,,,,true,,0000,0,,1446203750204047426,,0,Animal Battle Stats,,1446204139909550150,,,2026-01-18T21:07:06.281Z,,4491519,0,,true,Visitor,RamiNoodle733,true,🌐 Location,"Katy, TX, US",,,,,,,,,,,,,,,,,,,2026-01-18T21:06:57.364000+00:00,👀 Site Visit,rich,0,,,false,,,,false,,,,,,,,,2026-01-18T21:07:06.281000+00:00,false,0,Animal Battle Stats,1446203750204047426
1462553811116888218,,,,,,true,,0000,0,,1446203750204047426,,0,Animal Battle Stats,,1446204139909550150,,,2026-01-18T21:06:41.506Z,,4491519,0,,true,Visitor,RamiNoodle733,true,🌐 Location,"Katy, TX, US",,,,,,,,,,,,,,,,,,,2026-01-18T21:06:41.217000+00:00,👀 Site Visit,rich,0,,,false,,,,false,,,,,,,,,2026-01-18T21:06:41.506000+00:00,false,0,Animal Battle Stats,1446203750204047426
1462553810248532120,,,,,,true,,0000,0,,1446203750204047426,,0,Animal Battle Stats,,1446204139909550150,,,2026-01-18T21:06:41.299Z,,4491519,0,,true,Visitor,RamiNoodle733,true,🌐 Location,"Katy, TX, US",,,,,,,,,,,,,,,,,,,2026-01-18T21:06:35.346000+00:00,👀 Site Visit,rich,0,,,false,,,,false,,,,,,,,,2026-01-18T21:06:41.299000+00:00,false,0,Animal Battle Stats,1446203750204047426
1462549074229334137,,,,,,true,,0000,0,,1446203750204047426,,0,Animal Battle Stats,,1446204139909550150,,,2026-01-18T20:47:52.144Z,,4491519,0,,true,Visitor,RamiNoodle733,true,🌐 Location,"Katy, TX, US",,,,,,,,,,,,,,,,,,,2026-01-18T20:47:51.830000+00:00,👀 Site Visit,rich,0,,,false,,,,false,,,,,,,,,2026-01-18T20:47:52.144000+00:00,false,0,Animal Battle Stats,1446203750204047426
1462549062489211144,,,,,,true,,0000,0,,1446203750204047426,,0,Animal Battle Stats,,1446204139909550150,,,2026-01-18T20:47:49.345Z,,4491519,0,,true,Visitor,RamiNoodle733,true,🌐 Location,"Katy, TX, US",,,,,,,,,,,,,,,,,,,2026-01-18T20:47:48.985000+00:00,👀 Site Visit,rich,0,,,false,,,,false,,,,,,,,,2026-01-18T20:47:49.345000+00:00,false,0,Animal Battle Stats,1446203750204047426
1462549061398823147,,,,,,true,,0000,0,,1446203750204047426,,0,Animal Battle Stats,,1446204139909550150,,,2026-01-18T20:47:49.085Z,,4491519,0,,true,Visitor,RamiNoodle733,true,🌐 Location,"Katy, TX, US",,,,,,,,,,,,,,,,,,,2026-01-18T20:44:10.659000+00:00,👀 Site Visit,rich,0,,,false,,,,false,,,,,,,,,2026-01-18T20:47:49.085000+00:00,false,0,Animal Battle Stats,1446203750204047426
1462536820834439239,,,,,,true,,0000,0,,1446203750204047426,,0,Animal Battle Stats,,1446204139909550150,,,2026-01-18T19:59:10.707Z,,4491519,0,,true,Visitor,Anonymous,true,🌐 Location,"Lodi, NJ, US",,,,,,,,,,,,,,,,,,,2026-01-18T19:59:09.400000+00:00,👀 Site Visit,rich,0,,,false,,,,false,,,,,,,,,2026-01-18T19:59:10.707000+00:00,false,0,Animal Battle Stats,1446203750204047426
1462536681503854796,,,,,,true,,0000,0,,1446203750204047426,,0,Animal Battle Stats,,1446204139909550150,,,2026-01-18T19:58:37.488Z,,4491519,0,,true,Visitor,Anonymous,true,🌐 Location,"Lodi, NJ, US",,,,,,,,,,,,,,,,,,,2026-01-18T19:58:37.214000+00:00,👀 Site Visit,rich,0,,,false,,,,false,,,,,,,,,2026-01-18T19:58:37.488000+00:00,false,0,Animal Battle Stats,1446203750204047426
1462535764603834419,,,,,,true,,0000,0,,1446203750204047426,,0,Animal Battle Stats,,1446204139909550150,,,2026-01-18T19:54:58.882Z,,4491519,0,,true,Visitor,Anonymous,true,🌐 Location,"Ashburn, VA, US",,,,,,,,,,,,,,,,,,,2026-01-18T19:54:58.624000+00:00,👀 Site Visit,rich,0,,,false,,,,false,,,,,,,,,2026-01-18T19:54:58.882000+00:00,false,0,Animal Battle Stats,1446203750204047426
1462534495092736131,,,,,,true,,0000,0,,1446203750204047426,,0,Animal Battle Stats,,1446204139909550150,,,2026-01-18T19:49:56.207Z,,4491519,0,,true,Visitor,Anonymous,true,🌐 Location,"Mexico City, CMX, MX",,,,,,,,,,,,,,,,,,,2026-01-18T19:49:55.922000+00:00,👀 Site Visit,rich,0,,,false,,,,false,,,,,,,,,2026-01-18T19:49:56.207000+00:00,false,0,Animal Battle Stats,1446203750204047426
1462534493901684978,,,,,,true,,0000,0,,1446203750204047426,,0,Animal Battle Stats,,1446204139909550150,,,2026-01-18T19:49:55.923Z,,4491519,0,,true,Visitor,RamiNoodle733,true,🌐 Location,"Katy, TX, US",,,,,,,,,,,,,,,,,,,2026-01-18T19:47:15.471000+00:00,👀 Site Visit,rich,0,,,false,,,,false,,,,,,,,,2026-01-18T19:49:55.923000+00:00,false,0,Animal Battle Stats,1446203750204047426
1462531092669137052,,,,,,true,,0000,0,,1446203750204047426,,0,Animal Battle Stats,,1446204139909550150,,,2026-01-18T19:36:25.006Z,,4491519,0,,true,Visitor,RamiNoodle733,true,🌐 Location,"Katy, TX, US",,,,,,,,,,,,,,,,,,,2026-01-18T19:36:16.978000+00:00,👀 Site Visit,rich,0,,,false,,,,false,,,,,,,,,2026-01-18T19:36:25.006000+00:00,false,0,Animal Battle Stats,1446203750204047426
1462531089523277998,,,,,,true,,0000,0,,1446203750204047426,,0,Animal Battle Stats,,1446204139909550150,,,2026-01-18T19:36:24.256Z,,4491519,0,,true,Visitor,RamiNoodle733,true,🌐 Location,"Katy, TX, US",,,,,,,,,,,,,,,,,,,2026-01-18T19:36:23.906000+00:00,👀 Site Visit,rich,0,,,false,,,,false,,,,,,,,,2026-01-18T19:36:24.256000+00:00,false,0,Animal Battle Stats,1446203750204047426
1462521667128397957,,,,,,true,,0000,0,,1446203750204047426,,0,Animal Battle Stats,,1446204139909550150,,,2026-01-18T18:58:57.782Z,,16739072,0,,false,Matchup,Anaconda vs Wild Boar,true,User,Anonymous,true,🌐 Location,"Lodi, NJ, US",,,,,,,,,,,,,,,,2026-01-18T18:58:57.514000+00:00,⚔️ Battle Comparison,rich,0,,,false,,,,false,,,,,,,,,2026-01-18T18:58:57.782000+00:00,false,0,Animal Battle Stats,1446203750204047426
1462521651663995046,,,,,,true,,0000,0,,1446203750204047426,,0,Animal Battle Stats,,1446204139909550150,,,2026-01-18T18:58:54.095Z,,16739072,0,,false,Matchup,Anaconda vs Wild Boar,true,User,Anonymous,true,🌐 Location,"Lodi, NJ, US",,,,,,,,,,,,,,,,2026-01-18T18:58:53.751000+00:00,⚔️ Battle Comparison,rich,0,,,false,,,,false,,,,,,,,,2026-01-18T18:58:54.095000+00:00,false,0,Animal Battle Stats,1446203750204047426
1462521076943950161,,,,,,true,,0000,0,,1446203750204047426,,0,Animal Battle Stats,,1446204139909550150,,,2026-01-18T18:56:37.071Z,,16739072,0,,false,Matchup,Hippopotamus vs Bull Shark,true,User,Anonymous,true,🌐 Location,"Lodi, NJ, US",,,,,,,,,,,,,,,,2026-01-18T18:56:36.804000+00:00,⚔️ Battle Comparison,rich,0,,,false,,,,false,,,,,,,,,2026-01-18T18:56:37.071000+00:00,false,0,Animal Battle Stats,1446203750204047426
1462521075882791015,,,,,,true,,0000,0,,1446203750204047426,,0,Animal Battle Stats,,1446204139909550150,,,2026-01-18T18:56:36.818Z,,16739072,0,,false,Matchup,Hippopotamus vs Bull Shark,true,User,Anonymous,true,🌐 Location,"Lodi, NJ, US",,,,,,,,,,,,,,,,2026-01-18T18:56:36.499000+00:00,⚔️ Battle Comparison,rich,0,,,false,,,,false,,,,,,,,,2026-01-18T18:56:36.818000+00:00,false,0,Animal Battle Stats,1446203750204047426
1462521031129567445,,,,,,true,,0000,0,,1446203750204047426,,0,Animal Battle Stats,,1446204139909550150,,,2026-01-18T18:56:26.148Z,,16739072,0,,false,Matchup,Bull Shark vs Hippopotamus,true,User,Anonymous,true,🌐 Location,"Lodi, NJ, US",,,,,,,,,,,,,,,,2026-01-18T18:56:25.862000+00:00,⚔️ Battle Comparison,rich,0,,,false,,,,false,,,,,,,,,2026-01-18T18:56:26.148000+00:00,false,0,Animal Battle Stats,1446203750204047426
1462520953723424895,,,,,,true,,0000,0,,1446203750204047426,,0,Animal Battle Stats,,1446204139909550150,,,2026-01-18T18:56:07.693Z,,16739072,0,,false,Matchup,Bull Shark vs Hippopotamus,true,User,Anonymous,true,🌐 Location,"Lodi, NJ, US",,,,,,,,,,,,,,,,2026-01-18T18:56:07.351000+00:00,⚔️ Battle Comparison,rich,0,,,false,,,,false,,,,,,,,,2026-01-18T18:56:07.693000+00:00,false,0,Animal Battle Stats,1446203750204047426
1462520911629389920,,,,,,true,,0000,0,,1446203750204047426,,0,Animal Battle Stats,,1446204139909550150,,,2026-01-18T18:55:57.657Z,,4491519,0,,true,Visitor,Anonymous,true,🌐 Location,"Lodi, NJ, US",,,,,,,,,,,,,,,,,,,2026-01-18T18:55:26.898000+00:00,👀 Site Visit,rich,0,,,false,,,,false,,,,,,,,,2026-01-18T18:55:57.657000+00:00,false,0,Animal Battle Stats,1446203750204047426
1462520820013334707,,,,,,true,,0000,0,,1446203750204047426,,0,Animal Battle Stats,,1446204139909550150,,,2026-01-18T18:55:35.814Z,,16739072,0,,false,Matchup,Hippopotamus vs Bull Shark,true,User,Anonymous,true,🌐 Location,"Lodi, NJ, US",,,,,,,,,,,,,,,,2026-01-18T18:55:35.453000+00:00,⚔️ Battle Comparison,rich,0,,,false,,,,false,,,,,,,,,2026-01-18T18:55:35.814000+00:00,false,0,Animal Battle Stats,1446203750204047426
1462503704606539978,,,,,,true,,0000,0,,1446203750204047426,,0,Animal Battle Stats,,1446204139909550150,,,2026-01-18T17:47:35.183Z,,4491519,0,,true,Visitor,RamiNoodle733,true,🌐 Location,"Katy, TX, US",,,,,,,,,,,,,,,,,,,2026-01-18T17:47:34.876000+00:00,👀 Site Visit,rich,0,,,false,,,,false,,,,,,,,,2026-01-18T17:47:35.183000+00:00,false,0,Animal Battle Stats,1446203750204047426
1462503618052624394,,,,,,true,,0000,0,,1446203750204047426,,0,Animal Battle Stats,,1446204139909550150,,,2026-01-18T17:47:14.547Z,,4491519,0,,true,Visitor,RamiNoodle733,true,🌐 Location,"Katy, TX, US",,,,,,,,,,,,,,,,,,,2026-01-18T17:47:14.108000+00:00,👀 Site Visit,rich,0,,,false,,,,false,,,,,,,,,2026-01-18T17:47:14.547000+00:00,false,0,Animal Battle Stats,1446203750204047426
1462503616781746289,,,,,,true,,0000,0,,1446203750204047426,,0,Animal Battle Stats,,1446204139909550150,,,2026-01-18T17:47:14.244Z,,4491519,0,,true,Visitor,RamiNoodle733,true,🌐 Location,"Katy, TX, US",,,,,,,,,,,,,,,,,,,2026-01-18T17:47:08.569000+00:00,👀 Site Visit,rich,0,,,false,,,,false,,,,,,,,,2026-01-18T17:47:14.244000+00:00,false,0,Animal Battle Stats,1446203750204047426
1462496371855855896,,,,,,true,,0000,0,,1446203750204047426,,0,Animal Battle Stats,,1446204139909550150,,,2026-01-18T17:18:26.919Z,,4491519,0,,true,Visitor,RamiNoodle733,true,🌐 Location,"Katy, TX, US",,,,,,,,,,,,,,,,,,,2026-01-18T17:18:26.662000+00:00,👀 Site Visit,rich,0,,,false,,,,false,,,,,,,,,2026-01-18T17:18:26.919000+00:00,false,0,Animal Battle Stats,1446203750204047426
1462496215202660494,,,,,,true,,0000,0,,1446203750204047426,,0,Animal Battle Stats,,1446204139909550150,,,2026-01-18T17:17:49.570Z,,4491519,0,,true,Visitor,RamiNoodle733,true,🌐 Location,"Katy, TX, US",,,,,,,,,,,,,,,,,,,2026-01-18T17:17:49.288000+00:00,👀 Site Visit,rich,0,,,false,,,,false,,,,,,,,,2026-01-18T17:17:49.570000+00:00,false,0,Animal Battle Stats,1446203750204047426
1462496163126313204,,,,,,true,,0000,0,,1446203750204047426,,0,Animal Battle Stats,,1446204139909550150,,,2026-01-18T17:17:37.154Z,,4491519,0,,true,Visitor,RamiNoodle733,true,🌐 Location,"Katy, TX, US",,,,,,,,,,,,,,,,,,,2026-01-18T17:17:36.800000+00:00,👀 Site Visit,rich,0,,,false,,,,false,,,,,,,,,2026-01-18T17:17:37.154000+00:00,false,0,Animal Battle Stats,1446203750204047426
1462496087645618461,,,,,,true,,0000,0,,1446203750204047426,,0,Animal Battle Stats,,1446204139909550150,,,2026-01-18T17:17:19.158Z,,4491519,0,,true,Visitor,RamiNoodle733,true,🌐 Location,"Katy, TX, US",,,,,,,,,,,,,,,,,,,2026-01-18T17:17:18.857000+00:00,👀 Site Visit,rich,0,,,false,,,,false,,,,,,,,,2026-01-18T17:17:19.158000+00:00,false,0,Animal Battle Stats,1446203750204047426
1462496085586219212,,,,,,true,,0000,0,,1446203750204047426,,0,Animal Battle Stats,,1446204139909550150,,,2026-01-18T17:17:18.667Z,,6710886,0,,true,User,RamiNoodle733,true,🌐 Location,"Katy, TX, US",,,,,,,,,,,,,,,,,,,2026-01-18T17:12:49.089000+00:00,👋 User Left Site,rich,0,,,false,,,,false,,,,,,,,,2026-01-18T17:17:18.667000+00:00,false,0,Animal Battle Stats,1446203750204047426
1462493605435543602,,,,,,true,,0000,0,,1446203750204047426,,0,Animal Battle Stats,,1446204139909550150,,,2026-01-18T17:07:27.353Z,,65416,0,,true,User,RamiNoodle733,true,Animal,Siberian Tiger,true,Vote,👍 Upvote,true,🌐 Location,"Katy, TX, US",,,,,,,,,,,,,2026-01-18T17:07:26.962000+00:00,👍 New Vote,rich,0,,,false,,,,false,,,,,,,,,2026-01-18T17:07:27.353000+00:00,false,0,Animal Battle Stats,1446203750204047426
1462493603275210918,,,,,,true,,0000,0,,1446203750204047426,,0,Animal Battle Stats,,1446204139909550150,,,2026-01-18T17:07:26.838Z,,65416,0,,true,User,RamiNoodle733,true,Animal,Black Bear,true,Vote,👍 Upvote,true,🌐 Location,"Katy, TX, US",,,,,,,,,,,,,2026-01-18T17:07:26.565000+00:00,👍 New Vote,rich,0,,,false,,,,false,,,,,,,,,2026-01-18T17:07:26.838000+00:00,false,0,Animal Battle Stats,1446203750204047426
1462493576687521970,,,,,,true,,0000,0,,1446203750204047426,,0,Animal Battle Stats,,1446204139909550150,,,2026-01-18T17:07:20.499Z,,65416,0,,true,User,RamiNoodle733,true,Animal,Yak,true,Vote,👍 Upvote,true,🌐 Location,"Katy, TX, US",,,,,,,,,,,,,2026-01-18T17:07:20.315000+00:00,👍 New Vote,rich,0,,,false,,,,false,,,,,,,,,2026-01-18T17:07:20.499000+00:00,false,0,Animal Battle Stats,1446203750204047426
1462493572916969552,,,,,,true,,0000,0,,1446203750204047426,,0,Animal Battle Stats,,1446204139909550150,,,2026-01-18T17:07:19.600Z,,65416,0,,true,User,RamiNoodle733,true,Animal,Gorilla,true,Vote,👍 Upvote,true,🌐 Location,"Katy, TX, US",,,,,,,,,,,,,2026-01-18T17:07:19.351000+00:00,👍 New Vote,rich,0,,,false,,,,false,,,,,,,,,2026-01-18T17:07:19.600000+00:00,false,0,Animal Battle Stats,1446203750204047426
1462493564591411261,,,,,,true,,0000,0,,1446203750204047426,,0,Animal Battle Stats,,1446204139909550150,,,2026-01-18T17:07:17.615Z,,65416,0,,true,User,RamiNoodle733,true,Animal,Alligator,true,Vote,👍 Upvote,true,🌐 Location,"Katy, TX, US",,,,,,,,,,,,,2026-01-18T17:07:17.342000+00:00,👍 New Vote,rich,0,,,false,,,,false,,,,,,,,,2026-01-18T17:07:17.615000+00:00,false,0,Animal Battle Stats,1446203750204047426
1462493559193079966,,,,,,true,,0000,0,,1446203750204047426,,0,Animal Battle Stats,,1446204139909550150,,,2026-01-18T17:07:16.328Z,,65416,0,,true,User,RamiNoodle733,true,Animal,Blue Whale,true,Vote,👍 Upvote,true,🌐 Location,"Katy, TX, US",,,,,,,,,,,,,2026-01-18T17:07:16.029000+00:00,👍 New Vote,rich,0,,,false,,,,false,,,,,,,,,2026-01-18T17:07:16.328000+00:00,false,0,Animal Battle Stats,1446203750204047426
1462493543930007574,,,,,,true,,0000,0,,1446203750204047426,,0,Animal Battle Stats,,1446204139909550150,,,2026-01-18T17:07:12.689Z,,65416,0,,true,User,RamiNoodle733,true,Animal,Tiger Shark,true,Vote,👍 Upvote,true,🌐 Location,"Katy, TX, US",,,,,,,,,,,,,2026-01-18T17:07:12.415000+00:00,👍 New Vote,rich,0,,,false,,,,false,,,,,,,,,2026-01-18T17:07:12.689000+00:00,false,0,Animal Battle Stats,1446203750204047426
1462493532622422280,,,,,,true,,0000,0,,1446203750204047426,,0,Animal Battle Stats,,1446204139909550150,,,2026-01-18T17:07:09.993Z,,16724838,0,,true,User,RamiNoodle733,true,Animal,Tiger Shark,true,Vote,👎 Downvote,true,🌐 Location,"Katy, TX, US",,,,,,,,,,,,,2026-01-18T17:07:09.689000+00:00,👎 New Vote,rich,0,,,false,,,,false,,,,,,,,,2026-01-18T17:07:09.993000+00:00,false,0,Animal Battle Stats,1446203750204047426
1462493521297670439,,,,,,true,,0000,0,,1446203750204047426,,0,Animal Battle Stats,,1446204139909550150,,,2026-01-18T17:07:07.293Z,,65416,0,,true,User,RamiNoodle733,true,Animal,Orca,true,Vote,👍 Upvote,true,🌐 Location,"Katy, TX, US",,,,,,,,,,,,,2026-01-18T17:07:07.029000+00:00,👍 New Vote,rich,0,,,false,,,,false,,,,,,,,,2026-01-18T17:07:07.293000+00:00,false,0,Animal Battle Stats,1446203750204047426
1462493469422391447,,,,,,true,,0000,0,,1446203750204047426,,0,Animal Battle Stats,,1446204139909550150,,,2026-01-18T17:06:54.925Z,,16724838,0,,true,User,RamiNoodle733,true,Animal,Hippopotamus,true,Vote,👎 Downvote,true,🌐 Location,"Katy, TX, US",,,,,,,,,,,,,2026-01-18T17:06:54.650000+00:00,👎 New Vote,rich,0,,,false,,,,false,,,,,,,,,2026-01-18T17:06:54.925000+00:00,false,0,Animal Battle Stats,1446203750204047426
1462493439202426971,,,,,,true,,0000,0,,1446203750204047426,,0,Animal Battle Stats,,1446204139909550150,,,2026-01-18T17:06:47.720Z,,65416,0,,true,User,RamiNoodle733,true,Animal,Hippopotamus,true,Vote,👍 Upvote,true,🌐 Location,"Katy, TX, US",,,,,,,,,,,,,2026-01-18T17:06:47.473000+00:00,👍 New Vote,rich,0,,,false,,,,false,,,,,,,,,2026-01-18T17:06:47.720000+00:00,false,0,Animal Battle Stats,1446203750204047426
1462493435050332221,,,,,,true,,0000,0,,1446203750204047426,,0,Animal Battle Stats,,1446204139909550150,,,2026-01-18T17:06:46.730Z,,16724838,0,,true,User,RamiNoodle733,true,Animal,Megalodon,true,Vote,👎 Downvote,true,🌐 Location,"Katy, TX, US",,,,,,,,,,,,,2026-01-18T17:06:46.410000+00:00,👎 New Vote,rich,0,,,false,,,,false,,,,,,,,,2026-01-18T17:06:46.730000+00:00,false,0,Animal Battle Stats,1446203750204047426
1462493324077170839,,,,,,true,,0000,0,,1446203750204047426,,0,Animal Battle Stats,,1446204139909550150,,,2026-01-18T17:06:20.272Z,,4491519,0,,true,Visitor,Anonymous,true,🌐 Location,"Katy, TX, US",,,,,,,,,,,,,,,,,,,2026-01-18T17:06:20.009000+00:00,👀 Site Visit,rich,0,,,false,,,,false,,,,,,,,,2026-01-18T17:06:20.272000+00:00,false,0,Animal Battle Stats,1446203750204047426
1462493251838808084,,,,,,true,,0000,0,,1446203750204047426,,0,Animal Battle Stats,,1446204139909550150,,,2026-01-18T17:06:03.049Z,,4491519,0,,true,Visitor,Anonymous,true,🌐 Location,"Katy, TX, US",,,,,,,,,,,,,,,,,,,2026-01-18T17:06:02.698000+00:00,👀 Site Visit,rich,0,,,false,,,,false,,,,,,,,,2026-01-18T17:06:03.049000+00:00,false,0,Animal Battle Stats,1446203750204047426
1462493222700978180,,,,,,true,,0000,0,,1446203750204047426,,0,Animal Battle Stats,,1446204139909550150,,,2026-01-18T17:05:56.102Z,,4491519,0,,true,Visitor,Anonymous,true,🌐 Location,"Katy, TX, US",,,,,,,,,,,,,,,,,,,2026-01-18T17:05:55.803000+00:00,👀 Site Visit,rich,0,,,false,,,,false,,,,,,,,,2026-01-18T17:05:56.102000+00:00,false,0,Animal Battle Stats,1446203750204047426
1462493214329278474,,,,,,true,,0000,0,,1446203750204047426,,0,Animal Battle Stats,,1446204139909550150,,,2026-01-18T17:05:54.106Z,,4491519,0,,true,Visitor,Anonymous,true,🌐 Location,"Katy, TX, US",,,,,,,,,,,,,,,,,,,2026-01-18T17:05:53.780000+00:00,👀 Site Visit,rich,0,,,false,,,,false,,,,,,,,,2026-01-18T17:05:54.106000+00:00,false,0,Animal Battle Stats,1446203750204047426
1462492969876717812,,,,,,true,,0000,0,,1446203750204047426,,0,Animal Battle Stats,,1446204139909550150,,,2026-01-18T17:04:55.824Z,,4491519,0,,true,Visitor,RamiNoodle733,true,🌐 Location,"Katy, TX, US",,,,,,,,,,,,,,,,,,,2026-01-18T17:04:55.390000+00:00,👀 Site Visit,rich,0,,,false,,,,false,,,,,,,,,2026-01-18T17:04:55.824000+00:00,false,0,Animal Battle Stats,1446203750204047426
1462492720676208805,,,,,,true,,0000,0,,1446203750204047426,,0,Animal Battle Stats,,1446204139909550150,,,2026-01-18T17:03:56.410Z,,16739072,0,,false,Matchup,Grizzly Bear vs Gorilla,true,User,RamiNoodle733,true,🌐 Location,"Katy, TX, US",,,,,,,,,,,,,,,,2026-01-18T17:03:56.096000+00:00,⚔️ Battle Comparison,rich,0,,,false,,,,false,,,,,,,,,2026-01-18T17:03:56.410000+00:00,false,0,Animal Battle Stats,1446203750204047426
1462492391301972081,,,,,,true,,0000,0,,1446203750204047426,,0,Animal Battle Stats,,1446204139909550150,,,2026-01-18T17:02:37.881Z,,4491519,0,,true,Visitor,RamiNoodle733,true,🌐 Location,"Katy, TX, US",,,,,,,,,,,,,,,,,,,2026-01-18T17:02:37.609000+00:00,👀 Site Visit,rich,0,,,false,,,,false,,,,,,,,,2026-01-18T17:02:37.881000+00:00,false,0,Animal Battle Stats,1446203750204047426
1462492373274722332,,,,,,true,,0000,0,,1446203750204047426,,0,Animal Battle Stats,,1446204139909550150,,,2026-01-18T17:02:33.583Z,,4491519,0,,true,Visitor,RamiNoodle733,true,🌐 Location,"Katy, TX, US",,,,,,,,,,,,,,,,,,,2026-01-18T17:02:32.689000+00:00,👀 Site Visit,rich,0,,,false,,,,false,,,,,,,,,2026-01-18T17:02:33.583000+00:00,false,0,Animal Battle Stats,1446203750204047426
1462492368354807854,,,,,,true,,0000,0,,1446203750204047426,,0,Animal Battle Stats,,1446204139909550150,,,2026-01-18T17:02:32.410Z,,6710886,0,,true,User,RamiNoodle733,true,🌐 Location,"Katy, TX, US",,,,,,,,,,,,,,,,,,,2026-01-18T17:02:32.185000+00:00,👋 User Left Site,rich,0,,,false,,,,false,,,,,,,,,2026-01-18T17:02:32.410000+00:00,false,0,Animal Battle Stats,1446203750204047426
1462492281549488141,,,,,,true,,0000,0,,1446203750204047426,,0,Animal Battle Stats,,1446204139909550150,,,2026-01-18T17:02:11.714Z,,16739072,0,,false,Matchup,Grizzly Bear vs Gorilla,true,User,RamiNoodle733,true,🌐 Location,"Katy, TX, US",,,,,,,,,,,,,,,,2026-01-18T17:02:09.932000+00:00,⚔️ Battle Comparison,rich,0,,,false,,,,false,,,,,,,,,2026-01-18T17:02:11.714000+00:00,false,0,Animal Battle Stats,1446203750204047426
1462492079434498089,,,,,,true,,0000,0,,1446203750204047426,,0,Animal Battle Stats,,1446204139909550150,,,2026-01-18T17:01:23.526Z,,4491519,0,,true,Visitor,RamiNoodle733,true,🌐 Location,"Katy, TX, US",,,,,,,,,,,,,,,,,,,2026-01-18T17:01:23.211000+00:00,👀 Site Visit,rich,0,,,false,,,,false,,,,,,,,,2026-01-18T17:01:23.526000+00:00,false,0,Animal Battle Stats,1446203750204047426
1462492077865832577,,,,,,true,,0000,0,,1446203750204047426,,0,Animal Battle Stats,,1446204139909550150,,,2026-01-18T17:01:23.152Z,,4491519,0,,true,Visitor,RamiNoodle733,true,🌐 Location,"Katy, TX, US",,,,,,,,,,,,,,,,,,,2026-01-18T17:01:11.695000+00:00,👀 Site Visit,rich,0,,,false,,,,false,,,,,,,,,2026-01-18T17:01:23.152000+00:00,false,0,Animal Battle Stats,1446203750204047426
1462491896348672183,,,,,,true,,0000,0,,1446203750204047426,,0,Animal Battle Stats,,1446204139909550150,,,2026-01-18T17:00:39.875Z,,4491519,0,,true,Visitor,RamiNoodle733,true,🌐 Location,"Katy, TX, US",,,,,,,,,,,,,,,,,,,2026-01-18T17:00:39.588000+00:00,👀 Site Visit,rich,0,,,false,,,,false,,,,,,,,,2026-01-18T17:00:39.875000+00:00,false,0,Animal Battle Stats,1446203750204047426
1462491885837750618,,,,,,true,,0000,0,,1446203750204047426,,0,Animal Battle Stats,,1446204139909550150,,,2026-01-18T17:00:37.369Z,,4491519,0,,true,Visitor,RamiNoodle733,true,🌐 Location,"Katy, TX, US",,,,,,,,,,,,,,,,,,,2026-01-18T17:00:37.110000+00:00,👀 Site Visit,rich,0,,,false,,,,false,,,,,,,,,2026-01-18T17:00:37.369000+00:00,false,0,Animal Battle Stats,1446203750204047426
1462491877952716831,,,,,,true,,0000,0,,1446203750204047426,,0,Animal Battle Stats,,1446204139909550150,,,2026-01-18T17:00:35.489Z,,4491519,0,,true,Visitor,RamiNoodle733,true,🌐 Location,"Katy, TX, US",,,,,,,,,,,,,,,,,,,2026-01-18T17:00:35.173000+00:00,👀 Site Visit,rich,0,,,false,,,,false,,,,,,,,,2026-01-18T17:00:35.489000+00:00,false,0,Animal Battle Stats,1446203750204047426
1462491162794393801,,,,,,true,,0000,0,,1446203750204047426,,0,Animal Battle Stats,,1446204139909550150,,,2026-01-18T16:57:44.982Z,,4491519,0,,true,Visitor,RamiNoodle733,true,🌐 Location,"Katy, TX, US",,,,,,,,,,,,,,,,,,,2026-01-18T16:57:44.670000+00:00,👀 Site Visit,rich,0,,,false,,,,false,,,,,,,,,2026-01-18T16:57:44.982000+00:00,false,0,Animal Battle Stats,1446203750204047426
1462491148089167935,,,,,,true,,0000,0,,1446203750204047426,,0,Animal Battle Stats,,1446204139909550150,,,2026-01-18T16:57:41.476Z,,4491519,0,,true,Visitor,RamiNoodle733,true,🌐 Location,"Katy, TX, US",,,,,,,,,,,,,,,,,,,2026-01-18T16:57:41.199000+00:00,👀 Site Visit,rich,0,,,false,,,,false,,,,,,,,,2026-01-18T16:57:41.476000+00:00,false,0,Animal Battle Stats,1446203750204047426
1462491065683546134,,,,,,true,,0000,0,,1446203750204047426,,0,Animal Battle Stats,,1446204139909550150,,,2026-01-18T16:57:21.829Z,,4491519,0,,true,Visitor,RamiNoodle733,true,🌐 Location,"Katy, TX, US",,,,,,,,,,,,,,,,,,,2026-01-18T16:57:21.626000+00:00,👀 Site Visit,rich,0,,,false,,,,false,,,,,,,,,2026-01-18T16:57:21.829000+00:00,false,0,Animal Battle Stats,1446203750204047426
1462491065683542189,,,,,,true,,0000,0,,1446203750204047426,,0,Animal Battle Stats,,1446204139909550150,,,2026-01-18T16:57:21.829Z,,4491519,0,,true,Visitor,Anonymous,true,🌐 Location,US,,,,,,,,,,,,,,,,,,,2026-01-18T16:55:08.619000+00:00,👀 Site Visit,rich,0,,,false,,,,false,,,,,,,,,2026-01-18T16:57:21.829000+00:00,false,0,Animal Battle Stats,1446203750204047426
1462490080441536786,,,,,,true,,0000,0,,1446203750204047426,,0,Animal Battle Stats,,1446204139909550150,,,2026-01-18T16:53:26.929Z,,4491519,0,,true,Visitor,RamiNoodle733,true,🌐 Location,"Katy, TX, US",,,,,,,,,,,,,,,,,,,2026-01-18T16:53:26.690000+00:00,👀 Site Visit,rich,0,,,false,,,,false,,,,,,,,,2026-01-18T16:53:26.929000+00:00,false,0,Animal Battle Stats,1446203750204047426
1462490077925212245,,,,,,true,,0000,0,,1446203750204047426,,0,Animal Battle Stats,,1446204139909550150,,,2026-01-18T16:53:26.329Z,,6710886,0,,true,User,RamiNoodle733,true,🌐 Location,"Katy, TX, US",,,,,,,,,,,,,,,,,,,2026-01-18T16:53:26.075000+00:00,👋 User Left Site,rich,0,,,false,,,,false,,,,,,,,,2026-01-18T16:53:26.329000+00:00,false,0,Animal Battle Stats,1446203750204047426
1462489901055475861,,,,,,true,,0000,0,,1446203750204047426,,0,Animal Battle Stats,,1446204139909550150,,,2026-01-18T16:52:44.160Z,,4491519,0,,true,Visitor,RamiNoodle733,true,🌐 Location,"Katy, TX, US",,,,,,,,,,,,,,,,,,,2026-01-18T16:52:43.883000+00:00,👀 Site Visit,rich,0,,,false,,,,false,,,,,,,,,2026-01-18T16:52:44.160000+00:00,false,0,Animal Battle Stats,1446203750204047426
1462489873209622700,,,,,,true,,0000,0,,1446203750204047426,,0,Animal Battle Stats,,1446204139909550150,,,2026-01-18T16:52:37.521Z,,4491519,0,,true,Visitor,RamiNoodle733,true,🌐 Location,"Katy, TX, US",,,,,,,,,,,,,,,,,,,2026-01-18T16:52:37.237000+00:00,👀 Site Visit,rich,0,,,false,,,,false,,,,,,,,,2026-01-18T16:52:37.521000+00:00,false,0,Animal Battle Stats,1446203750204047426
1462489854637117492,,,,,,true,,0000,0,,1446203750204047426,,0,Animal Battle Stats,,1446204139909550150,,,2026-01-18T16:52:33.093Z,,4491519,0,,true,Visitor,RamiNoodle733,true,🌐 Location,"Katy, TX, US",,,,,,,,,,,,,,,,,,,2026-01-18T16:52:32.844000+00:00,👀 Site Visit,rich,0,,,false,,,,false,,,,,,,,,2026-01-18T16:52:33.093000+00:00,false,0,Animal Battle Stats,1446203750204047426
1462489798282313957,,,,,,true,,0000,0,,1446203750204047426,,0,Animal Battle Stats,,1446204139909550150,,,2026-01-18T16:52:19.657Z,,4491519,0,,true,Visitor,RamiNoodle733,true,🌐 Location,"Katy, TX, US",,,,,,,,,,,,,,,,,,,2026-01-18T16:52:19.421000+00:00,👀 Site Visit,rich,0,,,false,,,,false,,,,,,,,,2026-01-18T16:52:19.657000+00:00,false,0,Animal Battle Stats,1446203750204047426
1462489788861911042,,,,,,true,,0000,0,,1446203750204047426,,0,Animal Battle Stats,,1446204139909550150,,,2026-01-18T16:52:17.411Z,,4491519,0,,true,Visitor,RamiNoodle733,true,🌐 Location,"Katy, TX, US",,,,,,,,,,,,,,,,,,,2026-01-18T16:52:17.225000+00:00,👀 Site Visit,rich,0,,,false,,,,false,,,,,,,,,2026-01-18T16:52:17.411000+00:00,false,0,Animal Battle Stats,1446203750204047426
1462489765424136274,,,,,,true,,0000,0,,1446203750204047426,,0,Animal Battle Stats,,1446204139909550150,,,2026-01-18T16:52:11.823Z,,4491519,0,,true,Visitor,Anonymous,true,🌐 Location,"Poplar, ENG, GB",,,,,,,,,,,,,,,,,,,2026-01-18T16:52:11.525000+00:00,👀 Site Visit,rich,0,,,false,,,,false,,,,,,,,,2026-01-18T16:52:11.823000+00:00,false,0,Animal Battle Stats,1446203750204047426
1462489708226543838,,,,,,true,,0000,0,,1446203750204047426,,0,Animal Battle Stats,,1446204139909550150,,,2026-01-18T16:51:58.186Z,,4491519,0,,true,Visitor,Anonymous,true,🌐 Location,"Warsaw, 14, PL",,,,,,,,,,,,,,,,,,,2026-01-18T16:51:57.932000+00:00,👀 Site Visit,rich,0,,,false,,,,false,,,,,,,,,2026-01-18T16:51:58.186000+00:00,false,0,Animal Battle Stats,1446203750204047426
1462489702295797997,,,,,,true,,0000,0,,1446203750204047426,,0,Animal Battle Stats,,1446204139909550150,,,2026-01-18T16:51:56.772Z,,4491519,0,,true,Visitor,Anonymous,true,🌐 Location,US,,,,,,,,,,,,,,,,,,,2026-01-18T16:51:56.444000+00:00,👀 Site Visit,rich,0,,,false,,,,false,,,,,,,,,2026-01-18T16:51:56.772000+00:00,false,0,Animal Battle Stats,1446203750204047426
1462489700249108573,,,,,,true,,0000,0,,1446203750204047426,,0,Animal Battle Stats,,1446204139909550150,,,2026-01-18T16:51:56.284Z,,4491519,0,,true,Visitor,Anonymous,true,🌐 Location,US,,,,,,,,,,,,,,,,,,,2026-01-18T16:51:55.998000+00:00,👀 Site Visit,rich,0,,,false,,,,false,,,,,,,,,2026-01-18T16:51:56.284000+00:00,false,0,Animal Battle Stats,1446203750204047426
1462489676358221958,,,,,,true,,0000,0,,1446203750204047426,,0,Animal Battle Stats,,1446204139909550150,,,2026-01-18T16:51:50.588Z,,4491519,0,,true,Visitor,Anonymous,true,🌐 Location,"Katy, TX, US",,,,,,,,,,,,,,,,,,,2026-01-18T16:51:50.346000+00:00,👀 Site Visit,rich,0,,,false,,,,false,,,,,,,,,2026-01-18T16:51:50.588000+00:00,false,0,Animal Battle Stats,1446203750204047426
1462489666929299600,,,,,,true,,0000,0,,1446203750204047426,,0,Animal Battle Stats,,1446204139909550150,,,2026-01-18T16:51:48.340Z,,4491519,0,,true,Visitor,Anonymous,true,🌐 Location,"Katy, TX, US",,,,,,,,,,,,,,,,,,,2026-01-18T16:51:48.060000+00:00,👀 Site Visit,rich,0,,,false,,,,false,,,,,,,,,2026-01-18T16:51:48.340000+00:00,false,0,Animal Battle Stats,1446203750204047426
1462489625619595284,,,,,,true,,0000,0,,1446203750204047426,,0,Animal Battle Stats,,1446204139909550150,,,2026-01-18T16:51:38.491Z,,4491519,0,,true,Visitor,Anonymous,true,🌐 Location,"Katy, TX, US",,,,,,,,,,,,,,,,,,,2026-01-18T16:51:38.200000+00:00,👀 Site Visit,rich,0,,,false,,,,false,,,,,,,,,2026-01-18T16:51:38.491000+00:00,false,0,Animal Battle Stats,1446203750204047426
1462489624722145391,,,,,,true,,0000,0,,1446203750204047426,,0,Animal Battle Stats,,1446204139909550150,,,2026-01-18T16:51:38.277Z,,4491519,0,,true,Visitor,Anonymous,true,🌐 Location,"Katy, TX, US",,,,,,,,,,,,,,,,,,,2026-01-18T16:51:34.127000+00:00,👀 Site Visit,rich,0,,,false,,,,false,,,,,,,,,2026-01-18T16:51:38.277000+00:00,false,0,Animal Battle Stats,1446203750204047426
1462485041119625380,,,,,,true,,0000,0,,1446203750204047426,,0,Animal Battle Stats,,1446204139909550150,,,2026-01-18T16:33:25.461Z,,4491519,0,,true,Visitor,RamiNoodle733,true,🌐 Location,"Katy, TX, US",,,,,,,,,,,,,,,,,,,2026-01-18T16:33:25.131000+00:00,👀 Site Visit,rich,0,,,false,,,,false,,,,,,,,,2026-01-18T16:33:25.461000+00:00,false,0,Animal Battle Stats,1446203750204047426
1462483716335993067,,,,,,true,,0000,0,,1446203750204047426,,0,Animal Battle Stats,,1446204139909550150,,,2026-01-18T16:28:09.608Z,,4491519,0,,true,Visitor,RamiNoodle733,true,🌐 Location,"Katy, TX, US",,,,,,,,,,,,,,,,,,,2026-01-18T16:28:09.326000+00:00,👀 Site Visit,rich,0,,,false,,,,false,,,,,,,,,2026-01-18T16:28:09.608000+00:00,false,0,Animal Battle Stats,1446203750204047426
1462483696518037715,,,,,,true,,0000,0,,1446203750204047426,,0,Animal Battle Stats,,1446204139909550150,,,2026-01-18T16:28:04.883Z,,4491519,0,,true,Visitor,RamiNoodle733,true,🌐 Location,"Katy, TX, US",,,,,,,,,,,,,,,,,,,2026-01-18T16:28:04.606000+00:00,👀 Site Visit,rich,0,,,false,,,,false,,,,,,,,,2026-01-18T16:28:04.883000+00:00,false,0,Animal Battle Stats,1446203750204047426
1462483685797269504,,,,,,true,,0000,0,,1446203750204047426,,0,Animal Battle Stats,,1446204139909550150,,,2026-01-18T16:28:02.327Z,,4491519,0,,true,Visitor,Anonymous,true,🌐 Location,"Lodi, NJ, US",,,,,,,,,,,,,,,,,,,2026-01-18T16:28:02.007000+00:00,👀 Site Visit,rich,0,,,false,,,,false,,,,,,,,,2026-01-18T16:28:02.327000+00:00,false,0,Animal Battle Stats,1446203750204047426
1462483602116706425,,,,,,true,,0000,0,,1446203750204047426,,0,Animal Battle Stats,,1446204139909550150,,,2026-01-18T16:27:42.376Z,,4491519,0,,true,Visitor,Anonymous,true,🌐 Location,"Lodi, NJ, US",,,,,,,,,,,,,,,,,,,2026-01-18T16:27:42.092000+00:00,👀 Site Visit,rich,0,,,false,,,,false,,,,,,,,,2026-01-18T16:27:42.376000+00:00,false,0,Animal Battle Stats,1446203750204047426
1462483554599698502,,,,,,true,,0000,0,,1446203750204047426,,0,Animal Battle Stats,,1446204139909550150,,,2026-01-18T16:27:31.047Z,,4491519,0,,true,Visitor,RamiNoodle733,true,🌐 Location,"Katy, TX, US",,,,,,,,,,,,,,,,,,,2026-01-18T16:27:30.719000+00:00,👀 Site Visit,rich,0,,,false,,,,false,,,,,,,,,2026-01-18T16:27:31.047000+00:00,false,0,Animal Battle Stats,1446203750204047426
1462483536484503613,,,,,,true,,0000,0,,1446203750204047426,,0,Animal Battle Stats,,1446204139909550150,,,2026-01-18T16:27:26.728Z,,4491519,0,,true,Visitor,RamiNoodle733,true,🌐 Location,"Katy, TX, US",,,,,,,,,,,,,,,,,,,2026-01-18T16:27:26.375000+00:00,👀 Site Visit,rich,0,,,false,,,,false,,,,,,,,,2026-01-18T16:27:26.728000+00:00,false,0,Animal Battle Stats,1446203750204047426
1462483418725224498,,,,,,true,,0000,0,,1446203750204047426,,0,Animal Battle Stats,,1446204139909550150,,,2026-01-18T16:26:58.652Z,,4491519,0,,true,Visitor,RamiNoodle733,true,🌐 Location,"Katy, TX, US",,,,,,,,,,,,,,,,,,,2026-01-18T16:26:58.158000+00:00,👀 Site Visit,rich,0,,,false,,,,false,,,,,,,,,2026-01-18T16:26:58.652000+00:00,false,0,Animal Battle Stats,1446203750204047426
1462483378212311286,,,,,,true,,0000,0,,1446203750204047426,,0,Animal Battle Stats,,1446204139909550150,,,2026-01-18T16:26:48.993Z,,4491519,0,,true,Visitor,RamiNoodle733,true,🌐 Location,"Katy, TX, US",,,,,,,,,,,,,,,,,,,2026-01-18T16:26:48.709000+00:00,👀 Site Visit,rich,0,,,false,,,,false,,,,,,,,,2026-01-18T16:26:48.993000+00:00,false,0,Animal Battle Stats,1446203750204047426
1462483200969277582,,,,,,true,,0000,0,,1446203750204047426,,0,Animal Battle Stats,,1446204139909550150,,,2026-01-18T16:26:06.735Z,,4491519,0,,true,Visitor,RamiNoodle733,true,🌐 Location,"Katy, TX, US",,,,,,,,,,,,,,,,,,,2026-01-18T16:26:06.385000+00:00,👀 Site Visit,rich,0,,,false,,,,false,,,,,,,,,2026-01-18T16:26:06.735000+00:00,false,0,Animal Battle Stats,1446203750204047426
1462483101568729324,,,,,,true,,0000,0,,1446203750204047426,,0,Animal Battle Stats,,1446204139909550150,,,2026-01-18T16:25:43.036Z,,4491519,0,,true,Visitor,RamiNoodle733,true,🌐 Location,"Katy, TX, US",,,,,,,,,,,,,,,,,,,2026-01-18T16:25:42.778000+00:00,👀 Site Visit,rich,0,,,false,,,,false,,,,,,,,,2026-01-18T16:25:43.036000+00:00,false,0,Animal Battle Stats,1446203750204047426
1462483100503244881,,,,,,true,,0000,0,,1446203750204047426,,0,Animal Battle Stats,,1446204139909550150,,,2026-01-18T16:25:42.782Z,,4491519,0,,true,Visitor,RamiNoodle733,true,🌐 Location,"Katy, TX, US",,,,,,,,,,,,,,,,,,,2026-01-18T16:25:38.663000+00:00,👀 Site Visit,rich,0,,,false,,,,false,,,,,,,,,2026-01-18T16:25:42.782000+00:00,false,0,Animal Battle Stats,1446203750204047426
1462477217941557280,,,,,,true,,0000,0,,1446203750204047426,,0,Animal Battle Stats,,1446204139909550150,,,2026-01-18T16:02:20.270Z,,4491519,0,,true,Visitor,RamiNoodle733,true,🌐 Location,"Katy, TX, US",,,,,,,,,,,,,,,,,,,2026-01-18T16:02:19.998000+00:00,👀 Site Visit,rich,0,,,false,,,,false,,,,,,,,,2026-01-18T16:02:20.270000+00:00,false,0,Animal Battle Stats,1446203750204047426
1462477217937489962,,,,,,true,,0000,0,,1446203750204047426,,0,Animal Battle Stats,,1446204139909550150,,,2026-01-18T16:02:20.269Z,,4491519,0,,true,Visitor,RamiNoodle733,true,🌐 Location,"Katy, TX, US",,,,,,,,,,,,,,,,,,,2026-01-18T16:02:17.164000+00:00,👀 Site Visit,rich,0,,,false,,,,false,,,,,,,,,2026-01-18T16:02:20.269000+00:00,false,0,Animal Battle Stats,1446203750204047426
1462472890191581435,,,,,,true,,0000,0,,1446203750204047426,,0,Animal Battle Stats,,1446204139909550150,,,2026-01-18T15:45:08.454Z,,4491519,0,,true,Visitor,RamiNoodle733,true,🌐 Location,"Katy, TX, US",,,,,,,,,,,,,,,,,,,2026-01-18T15:45:08.175000+00:00,👀 Site Visit,rich,0,,,false,,,,false,,,,,,,,,2026-01-18T15:45:08.454000+00:00,false,0,Animal Battle Stats,1446203750204047426
1462472876102910237,,,,,,true,,0000,0,,1446203750204047426,,0,Animal Battle Stats,,1446204139909550150,,,2026-01-18T15:45:05.095Z,,4491519,0,,true,Visitor,RamiNoodle733,true,🌐 Location,"Katy, TX, US",,,,,,,,,,,,,,,,,,,2026-01-18T15:45:04.744000+00:00,👀 Site Visit,rich,0,,,false,,,,false,,,,,,,,,2026-01-18T15:45:05.095000+00:00,false,0,Animal Battle Stats,1446203750204047426
1462472727775674517,,,,,,true,,0000,0,,1446203750204047426,,0,Animal Battle Stats,,1446204139909550150,,,2026-01-18T15:44:29.731Z,,4491519,0,,true,Visitor,RamiNoodle733,true,🌐 Location,"Katy, TX, US",,,,,,,,,,,,,,,,,,,2026-01-18T15:44:29.477000+00:00,👀 Site Visit,rich,0,,,false,,,,false,,,,,,,,,2026-01-18T15:44:29.731000+00:00,false,0,Animal Battle Stats,1446203750204047426
1462472713900789770,,,,,,true,,0000,0,,1446203750204047426,,0,Animal Battle Stats,,1446204139909550150,,,2026-01-18T15:44:26.423Z,,4491519,0,,true,Visitor,RamiNoodle733,true,🌐 Location,"Katy, TX, US",,,,,,,,,,,,,,,,,,,2026-01-18T15:44:26.064000+00:00,👀 Site Visit,rich,0,,,false,,,,false,,,,,,,,,2026-01-18T15:44:26.423000+00:00,false,0,Animal Battle Stats,1446203750204047426
1462472712868991168,,,,,,true,,0000,0,,1446203750204047426,,0,Animal Battle Stats,,1446204139909550150,,,2026-01-18T15:44:26.177Z,,6710886,0,,true,User,Anonymous,true,🌐 Location,"Forest City, NC, US",,,,,,,,,,,,,,,,,,,2026-01-18T15:41:33.594000+00:00,👋 User Left Site,rich,0,,,false,,,,false,,,,,,,,,2026-01-18T15:44:26.177000+00:00,false,0,Animal Battle Stats,1446203750204047426
1462470997675606097,,,,,,true,,0000,0,,1446203750204047426,,0,Animal Battle Stats,,1446204139909550150,,,2026-01-18T15:37:37.243Z,,6710886,0,,true,User,RamiNoodle733,true,🌐 Location,"Katy, TX, US",,,,,,,,,,,,,,,,,,,2026-01-18T15:37:36.161000+00:00,👋 User Left Site,rich,0,,,false,,,,false,,,,,,,,,2026-01-18T15:37:37.243000+00:00,false,0,Animal Battle Stats,1446203750204047426
1462469498958512221,,,,,,true,,0000,0,,1446203750204047426,,0,Animal Battle Stats,,1446204139909550150,,,2026-01-18T15:31:39.921Z,,4491519,0,,true,Visitor,RamiNoodle733,true,🌐 Location,"Katy, TX, US",,,,,,,,,,,,,,,,,,,2026-01-18T15:31:39.640000+00:00,👀 Site Visit,rich,0,,,false,,,,false,,,,,,,,,2026-01-18T15:31:39.921000+00:00,false,0,Animal Battle Stats,1446203750204047426
1462469494231535750,,,,,,true,,0000,0,,1446203750204047426,,0,Animal Battle Stats,,1446204139909550150,,,2026-01-18T15:31:38.794Z,,6710886,0,,true,User,RamiNoodle733,true,🌐 Location,"Katy, TX, US",,,,,,,,,,,,,,,,,,,2026-01-18T15:31:38.385000+00:00,👋 User Left Site,rich,0,,,false,,,,false,,,,,,,,,2026-01-18T15:31:38.794000+00:00,false,0,Animal Battle Stats,1446203750204047426
1462469406876631050,,,,,,true,,0000,0,,1446203750204047426,,0,Animal Battle Stats,,1446204139909550150,,,2026-01-18T15:31:17.967Z,,4491519,0,,true,Visitor,RamiNoodle733,true,🌐 Location,"Katy, TX, US",,,,,,,,,,,,,,,,,,,2026-01-18T15:31:17.634000+00:00,👀 Site Visit,rich,0,,,false,,,,false,,,,,,,,,2026-01-18T15:31:17.967000+00:00,false,0,Animal Battle Stats,1446203750204047426
1462469404737667220,,,,,,true,,0000,0,,1446203750204047426,,0,Animal Battle Stats,,1446204139909550150,,,2026-01-18T15:31:17.457Z,,6710886,0,,true,User,RamiNoodle733,true,🌐 Location,"Katy, TX, US",,,,,,,,,,,,,,,,,,,2026-01-18T15:31:16.062000+00:00,👋 User Left Site,rich,0,,,false,,,,false,,,,,,,,,2026-01-18T15:31:17.457000+00:00,false,0,Animal Battle Stats,1446203750204047426
1462469323934138483,,,,,,true,,0000,0,,1446203750204047426,,0,Animal Battle Stats,,1446204139909550150,,,2026-01-18T15:30:58.192Z,,4491519,0,,true,Visitor,RamiNoodle733,true,🌐 Location,"Katy, TX, US",,,,,,,,,,,,,,,,,,,2026-01-18T15:30:57.896000+00:00,👀 Site Visit,rich,0,,,false,,,,false,,,,,,,,,2026-01-18T15:30:58.192000+00:00,false,0,Animal Battle Stats,1446203750204047426
1462469246993961178,,,,,,true,,0000,0,,1446203750204047426,,0,Animal Battle Stats,,1446204139909550150,,,2026-01-18T15:30:39.848Z,,4491519,0,,true,Visitor,RamiNoodle733,true,🌐 Location,"Katy, TX, US",,,,,,,,,,,,,,,,,,,2026-01-18T15:30:39.572000+00:00,👀 Site Visit,rich,0,,,false,,,,false,,,,,,,,,2026-01-18T15:30:39.848000+00:00,false,0,Animal Battle Stats,1446203750204047426
1462469245135749282,,,,,,true,,0000,0,,1446203750204047426,,0,Animal Battle Stats,,1446204139909550150,,,2026-01-18T15:30:39.405Z,,6710886,0,,true,User,RamiNoodle733,true,🌐 Location,"Katy, TX, US",,,,,,,,,,,,,,,,,,,2026-01-18T15:30:29.676000+00:00,👋 User Left Site,rich,0,,,false,,,,false,,,,,,,,,2026-01-18T15:30:39.405000+00:00,false,0,Animal Battle Stats,1446203750204047426
1462467833244942468,,,,,,true,,0000,0,,1446203750204047426,,0,Animal Battle Stats,,1446204139909550150,,,2026-01-18T15:25:02.784Z,,4491519,0,,true,Visitor,RamiNoodle733,true,🌐 Location,"Katy, TX, US",,,,,,,,,,,,,,,,,,,2026-01-18T15:25:02.485000+00:00,👀 Site Visit,rich,0,,,false,,,,false,,,,,,,,,2026-01-18T15:25:02.784000+00:00,false,0,Animal Battle Stats,1446203750204047426
1462467825422565561,,,,,,true,,0000,0,,1446203750204047426,,0,Animal Battle Stats,,1446204139909550150,,,2026-01-18T15:25:00.919Z,,4491519,0,,true,Visitor,RamiNoodle733,true,🌐 Location,"Katy, TX, US",,,,,,,,,,,,,,,,,,,2026-01-18T15:25:00.490000+00:00,👀 Site Visit,rich,0,,,false,,,,false,,,,,,,,,2026-01-18T15:25:00.919000+00:00,false,0,Animal Battle Stats,1446203750204047426
1462467784737816628,,,,,,true,,0000,0,,1446203750204047426,,0,Animal Battle Stats,,1446204139909550150,,,2026-01-18T15:24:51.219Z,,4491519,0,,true,Visitor,RamiNoodle733,true,🌐 Location,"Katy, TX, US",,,,,,,,,,,,,,,,,,,2026-01-18T15:24:50.898000+00:00,👀 Site Visit,rich,0,,,false,,,,false,,,,,,,,,2026-01-18T15:24:51.219000+00:00,false,0,Animal Battle Stats,1446203750204047426
1462467774751440928,,,,,,true,,0000,0,,1446203750204047426,,0,Animal Battle Stats,,1446204139909550150,,,2026-01-18T15:24:48.838Z,,4491519,0,,true,Visitor,RamiNoodle733,true,🌐 Location,"Katy, TX, US",,,,,,,,,,,,,,,,,,,2026-01-18T15:24:48.546000+00:00,👀 Site Visit,rich,0,,,false,,,,false,,,,,,,,,2026-01-18T15:24:48.838000+00:00,false,0,Animal Battle Stats,1446203750204047426
1462467773534834939,,,,,,true,,0000,0,,1446203750204047426,,0,Animal Battle Stats,,1446204139909550150,,,2026-01-18T15:24:48.548Z,,4491519,0,,true,Visitor,RamiNoodle733,true,🌐 Location,"Katy, TX, US",,,,,,,,,,,,,,,,,,,2026-01-18T15:24:45.833000+00:00,👀 Site Visit,rich,0,,,false,,,,false,,,,,,,,,2026-01-18T15:24:48.548000+00:00,false,0,Animal Battle Stats,1446203750204047426
1462466025567031483,,,,,,true,,0000,0,,1446203750204047426,,0,Animal Battle Stats,,1446204139909550150,,,2026-01-18T15:17:51.800Z,,4491519,0,,true,Visitor,RamiNoodle733,true,🌐 Location,"Katy, TX, US",,,,,,,,,,,,,,,,,,,2026-01-18T15:17:51.587000+00:00,👀 Site Visit,rich,0,,,false,,,,false,,,,,,,,,2026-01-18T15:17:51.800000+00:00,false,0,Animal Battle Stats,1446203750204047426
1462465976707584266,,,,,,true,,0000,0,,1446203750204047426,,0,Animal Battle Stats,,1446204139909550150,,,2026-01-18T15:17:40.151Z,,4491519,0,,true,Visitor,RamiNoodle733,true,🌐 Location,"Katy, TX, US",,,,,,,,,,,,,,,,,,,2026-01-18T15:17:39.829000+00:00,👀 Site Visit,rich,0,,,false,,,,false,,,,,,,,,2026-01-18T15:17:40.151000+00:00,false,0,Animal Battle Stats,1446203750204047426
1462465955480211597,,,,,,true,,0000,0,,1446203750204047426,,0,Animal Battle Stats,,1446204139909550150,,,2026-01-18T15:17:35.090Z,,4491519,0,,true,Visitor,RamiNoodle733,true,🌐 Location,"Katy, TX, US",,,,,,,,,,,,,,,,,,,2026-01-18T15:17:34.875000+00:00,👀 Site Visit,rich,0,,,false,,,,false,,,,,,,,,2026-01-18T15:17:35.090000+00:00,false,0,Animal Battle Stats,1446203750204047426
1462465954868105217,,,,,,true,,0000,0,,1446203750204047426,,0,Animal Battle Stats,,1446204139909550150,,,2026-01-18T15:17:34.944Z,,4491519,0,,true,Visitor,RamiNoodle733,true,🌐 Location,"Katy, TX, US",,,,,,,,,,,,,,,,,,,2026-01-18T15:17:21.812000+00:00,👀 Site Visit,rich,0,,,false,,,,false,,,,,,,,,2026-01-18T15:17:34.944000+00:00,false,0,Animal Battle Stats,1446203750204047426
1462456450558198035,,,,,,true,,0000,0,,1446203750204047426,,0,Animal Battle Stats,,1446204139909550150,,,2026-01-18T14:39:48.940Z,,4491519,0,,true,Visitor,RamiNoodle733,true,🌐 Location,"Katy, TX, US",,,,,,,,,,,,,,,,,,,2026-01-18T14:39:47.511000+00:00,👀 Site Visit,rich,0,,,false,,,,false,,,,,,,,,2026-01-18T14:39:48.940000+00:00,false,0,Animal Battle Stats,1446203750204047426
1462456391569506541,,,,,,true,,0000,0,,1446203750204047426,,0,Animal Battle Stats,,1446204139909550150,,,2026-01-18T14:39:34.876Z,,4491519,0,,true,Visitor,RamiNoodle733,true,🌐 Location,"Katy, TX, US",,,,,,,,,,,,,,,,,,,2026-01-18T14:39:34.537000+00:00,👀 Site Visit,rich,0,,,false,,,,false,,,,,,,,,2026-01-18T14:39:34.876000+00:00,false,0,Animal Battle Stats,1446203750204047426
1462456390445695038,,,,,,true,,0000,0,,1446203750204047426,,0,Animal Battle Stats,,1446204139909550150,,,2026-01-18T14:39:34.608Z,,4491519,0,,true,Visitor,RamiNoodle733,true,🌐 Location,"Katy, TX, US",,,,,,,,,,,,,,,,,,,2026-01-18T14:39:14.096000+00:00,👀 Site Visit,rich,0,,,false,,,,false,,,,,,,,,2026-01-18T14:39:34.608000+00:00,false,0,Animal Battle Stats,1446203750204047426
1462454945067569387,,,,,,true,,0000,0,,1446203750204047426,,0,Animal Battle Stats,,1446204139909550150,,,2026-01-18T14:33:50.003Z,,4491519,0,,true,Visitor,RamiNoodle733,true,🌐 Location,"Katy, TX, US",,,,,,,,,,,,,,,,,,,2026-01-18T14:33:49.733000+00:00,👀 Site Visit,rich,0,,,false,,,,false,,,,,,,,,2026-01-18T14:33:50.003000+00:00,false,0,Animal Battle Stats,1446203750204047426
1462454943481860139,,,,,,true,,0000,0,,1446203750204047426,,0,Animal Battle Stats,,1446204139909550150,,,2026-01-18T14:33:49.625Z,,4491519,0,,true,Visitor,Anonymous,true,🌐 Location,"Lodi, NJ, US",,,,,,,,,,,,,,,,,,,2026-01-18T14:32:11.249000+00:00,👀 Site Visit,rich,0,,,false,,,,false,,,,,,,,,2026-01-18T14:33:49.625000+00:00,false,0,Animal Battle Stats,1446203750204047426
1462453863561826486,,,,,,true,,0000,0,,1446203750204047426,,0,Animal Battle Stats,,1446204139909550150,,,2026-01-18T14:29:32.152Z,,4491519,0,,true,Visitor,RamiNoodle733,true,🌐 Location,"Katy, TX, US",,,,,,,,,,,,,,,,,,,2026-01-18T14:29:31.847000+00:00,👀 Site Visit,rich,0,,,false,,,,false,,,,,,,,,2026-01-18T14:29:32.152000+00:00,false,0,Animal Battle Stats,1446203750204047426
1462453849058050141,,,,,,true,,0000,0,,1446203750204047426,,0,Animal Battle Stats,,1446204139909550150,,,2026-01-18T14:29:28.694Z,,4491519,0,,true,Visitor,RamiNoodle733,true,🌐 Location,"Katy, TX, US",,,,,,,,,,,,,,,,,,,2026-01-18T14:29:28.388000+00:00,👀 Site Visit,rich,0,,,false,,,,false,,,,,,,,,2026-01-18T14:29:28.694000+00:00,false,0,Animal Battle Stats,1446203750204047426
1462453794771046642,,,,,,true,,0000,0,,1446203750204047426,,0,Animal Battle Stats,,1446204139909550150,,,2026-01-18T14:29:15.751Z,,4491519,0,,true,Visitor,RamiNoodle733,true,🌐 Location,"Katy, TX, US",,,,,,,,,,,,,,,,,,,2026-01-18T14:29:15.468000+00:00,👀 Site Visit,rich,0,,,false,,,,false,,,,,,,,,2026-01-18T14:29:15.751000+00:00,false,0,Animal Battle Stats,1446203750204047426
1462453759647940763,,,,,,true,,0000,0,,1446203750204047426,,0,Animal Battle Stats,,1446204139909550150,,,2026-01-18T14:29:07.377Z,,4491519,0,,true,Visitor,RamiNoodle733,true,🌐 Location,"Katy, TX, US",,,,,,,,,,,,,,,,,,,2026-01-18T14:29:07.054000+00:00,👀 Site Visit,rich,0,,,false,,,,false,,,,,,,,,2026-01-18T14:29:07.377000+00:00,false,0,Animal Battle Stats,1446203750204047426
1462453607549898783,,,,,,true,,0000,0,,1446203750204047426,,0,Animal Battle Stats,,1446204139909550150,,,2026-01-18T14:28:31.114Z,,4491519,0,,true,Visitor,RamiNoodle733,true,🌐 Location,"Katy, TX, US",,,,,,,,,,,,,,,,,,,2026-01-18T14:28:30.825000+00:00,👀 Site Visit,rich,0,,,false,,,,false,,,,,,,,,2026-01-18T14:28:31.114000+00:00,false,0,Animal Battle Stats,1446203750204047426
1462453520056975401,,,,,,true,,0000,0,,1446203750204047426,,0,Animal Battle Stats,,1446204139909550150,,,2026-01-18T14:28:10.254Z,,4491519,0,,true,Visitor,RamiNoodle733,true,🌐 Location,"Katy, TX, US",,,,,,,,,,,,,,,,,,,2026-01-18T14:28:04.290000+00:00,👀 Site Visit,rich,0,,,false,,,,false,,,,,,,,,2026-01-18T14:28:10.254000+00:00,false,0,Animal Battle Stats,1446203750204047426
1462453520044396745,,,,,,true,,0000,0,,1446203750204047426,,0,Animal Battle Stats,,1446204139909550150,,,2026-01-18T14:28:10.251Z,,4491519,0,,true,Visitor,RamiNoodle733,true,🌐 Location,"Katy, TX, US",,,,,,,,,,,,,,,,,,,2026-01-18T14:28:09.953000+00:00,👀 Site Visit,rich,0,,,false,,,,false,,,,,,,,,2026-01-18T14:28:10.251000+00:00,false,0,Animal Battle Stats,1446203750204047426
1462452932573134944,,,,,,true,,0000,0,,1446203750204047426,,0,Animal Battle Stats,,1446204139909550150,,,2026-01-18T14:25:50.187Z,,4491519,0,,true,Visitor,RamiNoodle733,true,🌐 Location,"Katy, TX, US",,,,,,,,,,,,,,,,,,,2026-01-18T14:25:49.296000+00:00,👀 Site Visit,rich,0,,,false,,,,false,,,,,,,,,2026-01-18T14:25:50.187000+00:00,false,0,Animal Battle Stats,1446203750204047426
1462452795234848838,,,,,,true,,0000,0,,1446203750204047426,,0,Animal Battle Stats,,1446204139909550150,,,2026-01-18T14:25:17.443Z,,4491519,0,,true,Visitor,RamiNoodle733,true,🌐 Location,"Katy, TX, US",,,,,,,,,,,,,,,,,,,2026-01-18T14:25:17.138000+00:00,👀 Site Visit,rich,0,,,false,,,,false,,,,,,,,,2026-01-18T14:25:17.443000+00:00,false,0,Animal Battle Stats,1446203750204047426
1462452782262128700,,,,,,true,,0000,0,,1446203750204047426,,0,Animal Battle Stats,,1446204139909550150,,,2026-01-18T14:25:14.350Z,,4491519,0,,true,Visitor,RamiNoodle733,true,🌐 Location,"Katy, TX, US",,,,,,,,,,,,,,,,,,,2026-01-18T14:25:14.034000+00:00,👀 Site Visit,rich,0,,,false,,,,false,,,,,,,,,2026-01-18T14:25:14.350000+00:00,false,0,Animal Battle Stats,1446203750204047426
1462452750632747018,,,,,,true,,0000,0,,1446203750204047426,,0,Animal Battle Stats,,1446204139909550150,,,2026-01-18T14:25:06.809Z,,4491519,0,,true,Visitor,RamiNoodle733,true,🌐 Location,"Katy, TX, US",,,,,,,,,,,,,,,,,,,2026-01-18T14:25:06.522000+00:00,👀 Site Visit,rich,0,,,false,,,,false,,,,,,,,,2026-01-18T14:25:06.809000+00:00,false,0,Animal Battle Stats,1446203750204047426
1462452749823115470,,,,,,true,,0000,0,,1446203750204047426,,0,Animal Battle Stats,,1446204139909550150,,,2026-01-18T14:25:06.616Z,,4491519,0,,true,Visitor,RamiNoodle733,true,🌐 Location,"Katy, TX, US",,,,,,,,,,,,,,,,,,,2026-01-18T14:25:02.656000+00:00,👀 Site Visit,rich,0,,,false,,,,false,,,,,,,,,2026-01-18T14:25:06.616000+00:00,false,0,Animal Battle Stats,1446203750204047426
1462452057570021551,,,,,,true,,0000,0,,1446203750204047426,,0,Animal Battle Stats,,1446204139909550150,,,2026-01-18T14:22:21.570Z,,4491519,0,,true,Visitor,RamiNoodle733,true,🌐 Location,"Katy, TX, US",,,,,,,,,,,,,,,,,,,2026-01-18T14:22:21.247000+00:00,👀 Site Visit,rich,0,,,false,,,,false,,,,,,,,,2026-01-18T14:22:21.570000+00:00,false,0,Animal Battle Stats,1446203750204047426
1462452051471761563,,,,,,true,,0000,0,,1446203750204047426,,0,Animal Battle Stats,,1446204139909550150,,,2026-01-18T14:22:20.116Z,,4491519,0,,true,Visitor,RamiNoodle733,true,🌐 Location,"Katy, TX, US",,,,,,,,,,,,,,,,,,,2026-01-18T14:22:19.751000+00:00,👀 Site Visit,rich,0,,,false,,,,false,,,,,,,,,2026-01-18T14:22:20.116000+00:00,false,0,Animal Battle Stats,1446203750204047426
1462452026339360972,,,,,,true,,0000,0,,1446203750204047426,,0,Animal Battle Stats,,1446204139909550150,,,2026-01-18T14:22:14.124Z,,4491519,0,,true,Visitor,RamiNoodle733,true,🌐 Location,"Katy, TX, US",,,,,,,,,,,,,,,,,,,2026-01-18T14:22:13.839000+00:00,👀 Site Visit,rich,0,,,false,,,,false,,,,,,,,,2026-01-18T14:22:14.124000+00:00,false,0,Animal Battle Stats,1446203750204047426
1462451976632799300,,,,,,true,,0000,0,,1446203750204047426,,0,Animal Battle Stats,,1446204139909550150,,,2026-01-18T14:22:02.273Z,,4491519,0,,true,Visitor,RamiNoodle733,true,🌐 Location,"Katy, TX, US",,,,,,,,,,,,,,,,,,,2026-01-18T14:22:01.921000+00:00,👀 Site Visit,rich,0,,,false,,,,false,,,,,,,,,2026-01-18T14:22:02.273000+00:00,false,0,Animal Battle Stats,1446203750204047426
1462451903504842954,,,,,,true,,0000,0,,1446203750204047426,,0,Animal Battle Stats,,1446204139909550150,,,2026-01-18T14:21:44.838Z,,4491519,0,,true,Visitor,RamiNoodle733,true,🌐 Location,"Katy, TX, US",,,,,,,,,,,,,,,,,,,2026-01-18T14:21:44.437000+00:00,👀 Site Visit,rich,0,,,false,,,,false,,,,,,,,,2026-01-18T14:21:44.838000+00:00,false,0,Animal Battle Stats,1446203750204047426
1462451889756180510,,,,,,true,,0000,0,,1446203750204047426,,0,Animal Battle Stats,,1446204139909550150,,,2026-01-18T14:21:41.560Z,,4491519,0,,true,Visitor,RamiNoodle733,true,🌐 Location,"Katy, TX, US",,,,,,,,,,,,,,,,,,,2026-01-18T14:21:41.274000+00:00,👀 Site Visit,rich,0,,,false,,,,false,,,,,,,,,2026-01-18T14:21:41.560000+00:00,false,0,Animal Battle Stats,1446203750204047426
1462451889219305677,,,,,,true,,0000,0,,1446203750204047426,,0,Animal Battle Stats,,1446204139909550150,,,2026-01-18T14:21:41.432Z,,4491519,0,,true,Visitor,RamiNoodle733,true,🌐 Location,"Katy, TX, US",,,,,,,,,,,,,,,,,,,2026-01-18T14:21:34.816000+00:00,👀 Site Visit,rich,0,,,false,,,,false,,,,,,,,,2026-01-18T14:21:41.432000+00:00,false,0,Animal Battle Stats,1446203750204047426
1462451521282248704,,,,,,true,,0000,0,,1446203750204047426,,0,Animal Battle Stats,,1446204139909550150,,,2026-01-18T14:20:13.709Z,,4491519,0,,true,Visitor,RamiNoodle733,true,🌐 Location,"Katy, TX, US",,,,,,,,,,,,,,,,,,,2026-01-18T14:20:13.375000+00:00,👀 Site Visit,rich,0,,,false,,,,false,,,,,,,,,2026-01-18T14:20:13.709000+00:00,false,0,Animal Battle Stats,1446203750204047426
1462451512906350686,,,,,,true,,0000,0,,1446203750204047426,,0,Animal Battle Stats,,1446204139909550150,,,2026-01-18T14:20:11.712Z,,4491519,0,,true,Visitor,RamiNoodle733,true,🌐 Location,"Katy, TX, US",,,,,,,,,,,,,,,,,,,2026-01-18T14:20:11.354000+00:00,👀 Site Visit,rich,0,,,false,,,,false,,,,,,,,,2026-01-18T14:20:11.712000+00:00,false,0,Animal Battle Stats,1446203750204047426
1462451481687883837,,,,,,true,,0000,0,,1446203750204047426,,0,Animal Battle Stats,,1446204139909550150,,,2026-01-18T14:20:04.269Z,,4491519,0,,true,Visitor,RamiNoodle733,true,🌐 Location,"Katy, TX, US",,,,,,,,,,,,,,,,,,,2026-01-18T14:20:03.912000+00:00,👀 Site Visit,rich,0,,,false,,,,false,,,,,,,,,2026-01-18T14:20:04.269000+00:00,false,0,Animal Battle Stats,1446203750204047426
1462451084395020470,,,,,,true,,0000,0,,1446203750204047426,,0,Animal Battle Stats,,1446204139909550150,,,2026-01-18T14:18:29.547Z,,4491519,0,,true,Visitor,RamiNoodle733,true,🌐 Location,"Katy, TX, US",,,,,,,,,,,,,,,,,,,2026-01-18T14:18:29.249000+00:00,👀 Site Visit,rich,0,,,false,,,,false,,,,,,,,,2026-01-18T14:18:29.547000+00:00,false,0,Animal Battle Stats,1446203750204047426
1462451077776412948,,,,,,true,,0000,0,,1446203750204047426,,0,Animal Battle Stats,,1446204139909550150,,,2026-01-18T14:18:27.969Z,,4491519,0,,true,Visitor,RamiNoodle733,true,🌐 Location,"Katy, TX, US",,,,,,,,,,,,,,,,,,,2026-01-18T14:18:27.710000+00:00,👀 Site Visit,rich,0,,,false,,,,false,,,,,,,,,2026-01-18T14:18:27.969000+00:00,false,0,Animal Battle Stats,1446203750204047426
1462451045014704190,,,,,,true,,0000,0,,1446203750204047426,,0,Animal Battle Stats,,1446204139909550150,,,2026-01-18T14:18:20.158Z,,4491519,0,,true,Visitor,RamiNoodle733,true,🌐 Location,"Katy, TX, US",,,,,,,,,,,,,,,,,,,2026-01-18T14:18:19.838000+00:00,👀 Site Visit,rich,0,,,false,,,,false,,,,,,,,,2026-01-18T14:18:20.158000+00:00,false,0,Animal Battle Stats,1446203750204047426
1462451043483914395,,,,,,true,,0000,0,,1446203750204047426,,0,Animal Battle Stats,,1446204139909550150,,,2026-01-18T14:18:19.793Z,,4491519,0,,true,Visitor,RamiNoodle733,true,🌐 Location,"Katy, TX, US",,,,,,,,,,,,,,,,,,,2026-01-18T14:18:15.536000+00:00,👀 Site Visit,rich,0,,,false,,,,false,,,,,,,,,2026-01-18T14:18:19.793000+00:00,false,0,Animal Battle Stats,1446203750204047426
1462450689299976459,,,,,,true,,0000,0,,1446203750204047426,,0,Animal Battle Stats,,1446204139909550150,,,2026-01-18T14:16:55.349Z,,4491519,0,,true,Visitor,RamiNoodle733,true,🌐 Location,"Katy, TX, US",,,,,,,,,,,,,,,,,,,2026-01-18T14:16:55.063000+00:00,👀 Site Visit,rich,0,,,false,,,,false,,,,,,,,,2026-01-18T14:16:55.349000+00:00,false,0,Animal Battle Stats,1446203750204047426
1462450020468003001,,,,,,true,,0000,0,,1446203750204047426,,0,Animal Battle Stats,,1446204139909550150,,,2026-01-18T14:14:15.887Z,,4491519,0,,true,Visitor,RamiNoodle733,true,🌐 Location,"Katy, TX, US",,,,,,,,,,,,,,,,,,,2026-01-18T14:14:15.529000+00:00,👀 Site Visit,rich,0,,,false,,,,false,,,,,,,,,2026-01-18T14:14:15.887000+00:00,false,0,Animal Battle Stats,1446203750204047426
1462450019545251860,,,,,,true,,0000,0,,1446203750204047426,,0,Animal Battle Stats,,1446204139909550150,,,2026-01-18T14:14:15.667Z,,4491519,0,,true,Visitor,RamiNoodle733,true,🌐 Location,"Katy, TX, US",,,,,,,,,,,,,,,,,,,2026-01-18T14:13:01.360000+00:00,👀 Site Visit,rich,0,,,false,,,,false,,,,,,,,,2026-01-18T14:14:15.667000+00:00,false,0,Animal Battle Stats,1446203750204047426
1462449709166886984,,,,,,true,,0000,0,,1446203750204047426,,0,Animal Battle Stats,,1446204139909550150,,,2026-01-18T14:13:01.667Z,,4491519,0,,true,Visitor,RamiNoodle733,true,🌐 Location,"Katy, TX, US",,,,,,,,,,,,,,,,,,,2026-01-18T14:12:56.684000+00:00,👀 Site Visit,rich,0,,,false,,,,false,,,,,,,,,2026-01-18T14:13:01.667000+00:00,false,0,Animal Battle Stats,1446203750204047426
1462448991517020235,,,,,,true,,0000,0,,1446203750204047426,,0,Animal Battle Stats,,1446204139909550150,,,2026-01-18T14:10:10.566Z,,4491519,0,,true,Visitor,RamiNoodle733,true,🌐 Location,"Katy, TX, US",,,,,,,,,,,,,,,,,,,2026-01-18T14:10:10.248000+00:00,👀 Site Visit,rich,0,,,false,,,,false,,,,,,,,,2026-01-18T14:10:10.566000+00:00,false,0,Animal Battle Stats,1446203750204047426
1462448388028235970,,,,,,true,,0000,0,,1446203750204047426,,0,Animal Battle Stats,,1446204139909550150,,,2026-01-18T14:07:46.683Z,,4491519,0,,true,Visitor,RamiNoodle733,true,🌐 Location,"Katy, TX, US",,,,,,,,,,,,,,,,,,,2026-01-18T14:07:46.409000+00:00,👀 Site Visit,rich,0,,,false,,,,false,,,,,,,,,2026-01-18T14:07:46.683000+00:00,false,0,Animal Battle Stats,1446203750204047426
1462448360580710420,,,,,,true,,0000,0,,1446203750204047426,,0,Animal Battle Stats,,1446204139909550150,,,2026-01-18T14:07:40.139Z,,4491519,0,,true,Visitor,RamiNoodle733,true,🌐 Location,"Katy, TX, US",,,,,,,,,,,,,,,,,,,2026-01-18T14:07:39.915000+00:00,👀 Site Visit,rich,0,,,false,,,,false,,,,,,,,,2026-01-18T14:07:40.139000+00:00,false,0,Animal Battle Stats,1446203750204047426
1462448287058493536,,,,,,true,,0000,0,,1446203750204047426,,0,Animal Battle Stats,,1446204139909550150,,,2026-01-18T14:07:22.610Z,,4491519,0,,true,Visitor,RamiNoodle733,true,🌐 Location,"Katy, TX, US",,,,,,,,,,,,,,,,,,,2026-01-18T14:07:22.362000+00:00,👀 Site Visit,rich,0,,,false,,,,false,,,,,,,,,2026-01-18T14:07:22.610000+00:00,false,0,Animal Battle Stats,1446203750204047426
1462448286278352999,,,,,,true,,0000,0,,1446203750204047426,,0,Animal Battle Stats,,1446204139909550150,,,2026-01-18T14:07:22.424Z,,4491519,0,,true,Visitor,RamiNoodle733,true,🌐 Location,"Katy, TX, US",,,,,,,,,,,,,,,,,,,2026-01-18T14:07:17.546000+00:00,👀 Site Visit,rich,0,,,false,,,,false,,,,,,,,,2026-01-18T14:07:22.424000+00:00,false,0,Animal Battle Stats,1446203750204047426
1462447190281814097,,,,,,true,,0000,0,,1446203750204047426,,0,Animal Battle Stats,,1446204139909550150,,,2026-01-18T14:03:01.118Z,,4491519,0,,true,Visitor,RamiNoodle733,true,🌐 Location,"Katy, TX, US",,,,,,,,,,,,,,,,,,,2026-01-18T14:03:00.723000+00:00,👀 Site Visit,rich,0,,,false,,,,false,,,,,,,,,2026-01-18T14:03:01.118000+00:00,false,0,Animal Battle Stats,1446203750204047426
1462446893228359833,,,,,,true,,0000,0,,1446203750204047426,,0,Animal Battle Stats,,1446204139909550150,,,2026-01-18T14:01:50.295Z,,4491519,0,,true,Visitor,RamiNoodle733,true,🌐 Location,"Katy, TX, US",,,,,,,,,,,,,,,,,,,2026-01-18T14:01:49.918000+00:00,👀 Site Visit,rich,0,,,false,,,,false,,,,,,,,,2026-01-18T14:01:50.295000+00:00,false,0,Animal Battle Stats,1446203750204047426
1462446892628705312,,,,,,true,,0000,0,,1446203750204047426,,0,Animal Battle Stats,,1446204139909550150,,,2026-01-18T14:01:50.152Z,,4491519,0,,true,Visitor,RamiNoodle733,true,🌐 Location,"Katy, TX, US",,,,,,,,,,,,,,,,,,,2026-01-18T14:01:42.592000+00:00,👀 Site Visit,rich,0,,,false,,,,false,,,,,,,,,2026-01-18T14:01:50.152000+00:00,false,0,Animal Battle Stats,1446203750204047426
1462446751783849994,,,,,,true,,0000,0,,1446203750204047426,,0,Animal Battle Stats,,1446204139909550150,,,2026-01-18T14:01:16.572Z,,4491519,0,,true,Visitor,RamiNoodle733,true,🌐 Location,"Katy, TX, US",,,,,,,,,,,,,,,,,,,2026-01-18T14:01:16.242000+00:00,👀 Site Visit,rich,0,,,false,,,,false,,,,,,,,,2026-01-18T14:01:16.572000+00:00,false,0,Animal Battle Stats,1446203750204047426
1462446750680748234,,,,,,true,,0000,0,,1446203750204047426,,0,Animal Battle Stats,,1446204139909550150,,,2026-01-18T14:01:16.309Z,,4491519,0,,true,Visitor,RamiNoodle733,true,🌐 Location,"Katy, TX, US",,,,,,,,,,,,,,,,,,,2026-01-18T14:01:14.504000+00:00,👀 Site Visit,rich,0,,,false,,,,false,,,,,,,,,2026-01-18T14:01:16.309000+00:00,false,0,Animal Battle Stats,1446203750204047426
1462446744183767204,,,,,,true,,0000,0,,1446203750204047426,,0,Animal Battle Stats,,1446204139909550150,,,2026-01-18T14:01:14.760Z,,4491519,0,,true,Visitor,RamiNoodle733,true,🌐 Location,"Katy, TX, US",,,,,,,,,,,,,,,,,,,2026-01-18T14:01:12.168000+00:00,👀 Site Visit,rich,0,,,false,,,,false,,,,,,,,,2026-01-18T14:01:14.760000+00:00,false,0,Animal Battle Stats,1446203750204047426
1462446067625758868,,,,,,true,,0000,0,,1446203750204047426,,0,Animal Battle Stats,,1446204139909550150,,,2026-01-18T13:58:33.456Z,,4491519,0,,true,Visitor,RamiNoodle733,true,🌐 Location,"Katy, TX, US",,,,,,,,,,,,,,,,,,,2026-01-18T13:58:23.737000+00:00,👀 Site Visit,rich,0,,,false,,,,false,,,,,,,,,2026-01-18T13:58:33.456000+00:00,false,0,Animal Battle Stats,1446203750204047426
1462446064652259516,,,,,,true,,0000,0,,1446203750204047426,,0,Animal Battle Stats,,1446204139909550150,,,2026-01-18T13:58:32.747Z,,4491519,0,,true,Visitor,RamiNoodle733,true,🌐 Location,"Katy, TX, US",,,,,,,,,,,,,,,,,,,2026-01-18T13:58:32.418000+00:00,👀 Site Visit,rich,0,,,false,,,,false,,,,,,,,,2026-01-18T13:58:32.747000+00:00,false,0,Animal Battle Stats,1446203750204047426
1462444592556413116,,,,,,true,,0000,0,,1446203750204047426,,0,Animal Battle Stats,,1446204139909550150,,,2026-01-18T13:52:41.772Z,,4491519,0,,true,Visitor,RamiNoodle733,true,🌐 Location,"Katy, TX, US",,,,,,,,,,,,,,,,,,,2026-01-18T13:52:41.502000+00:00,👀 Site Visit,rich,0,,,false,,,,false,,,,,,,,,2026-01-18T13:52:41.772000+00:00,false,0,Animal Battle Stats,1446203750204047426
1462444579059011789,,,,,,true,,0000,0,,1446203750204047426,,0,Animal Battle Stats,,1446204139909550150,,,2026-01-18T13:52:38.554Z,,4491519,0,,true,Visitor,RamiNoodle733,true,🌐 Location,"Katy, TX, US",,,,,,,,,,,,,,,,,,,2026-01-18T13:52:38.243000+00:00,👀 Site Visit,rich,0,,,false,,,,false,,,,,,,,,2026-01-18T13:52:38.554000+00:00,false,0,Animal Battle Stats,1446203750204047426
1462444228356476938,,,,,,true,,0000,0,,1446203750204047426,,0,Animal Battle Stats,,1446204139909550150,,,2026-01-18T13:51:14.940Z,,4491519,0,,true,Visitor,RamiNoodle733,true,🌐 Location,"Katy, TX, US",,,,,,,,,,,,,,,,,,,2026-01-18T13:51:14.471000+00:00,👀 Site Visit,rich,0,,,false,,,,false,,,,,,,,,2026-01-18T13:51:14.940000+00:00,false,0,Animal Battle Stats,1446203750204047426
1462444203911938090,,,,,,true,,0000,0,,1446203750204047426,,0,Animal Battle Stats,,1446204139909550150,,,2026-01-18T13:51:09.112Z,,4491519,0,,true,Visitor,RamiNoodle733,true,🌐 Location,"Katy, TX, US",,,,,,,,,,,,,,,,,,,2026-01-18T13:51:08.754000+00:00,👀 Site Visit,rich,0,,,false,,,,false,,,,,,,,,2026-01-18T13:51:09.112000+00:00,false,0,Animal Battle Stats,1446203750204047426
1462444202729275402,,,,,,true,,0000,0,,1446203750204047426,,0,Animal Battle Stats,,1446204139909550150,,,2026-01-18T13:51:08.830Z,,4491519,0,,true,Visitor,RamiNoodle733,true,🌐 Location,"Katy, TX, US",,,,,,,,,,,,,,,,,,,2026-01-18T13:51:04.399000+00:00,👀 Site Visit,rich,0,,,false,,,,false,,,,,,,,,2026-01-18T13:51:08.830000+00:00,false,0,Animal Battle Stats,1446203750204047426
1462442437963288719,,,,,,true,,0000,0,,1446203750204047426,,0,Animal Battle Stats,,1446204139909550150,,,2026-01-18T13:44:08.077Z,,4491519,0,,true,Visitor,RamiNoodle733,true,🌐 Location,"Katy, TX, US",,,,,,,,,,,,,,,,,,,2026-01-18T13:44:07.728000+00:00,👀 Site Visit,rich,0,,,false,,,,false,,,,,,,,,2026-01-18T13:44:08.077000+00:00,false,0,Animal Battle Stats,1446203750204047426
1462441504130732326,,,,,,true,,0000,0,,1446203750204047426,,0,Animal Battle Stats,,1446204139909550150,,,2026-01-18T13:40:25.434Z,,4491519,0,,true,Visitor,RamiNoodle733,true,🌐 Location,"Katy, TX, US",,,,,,,,,,,,,,,,,,,2026-01-18T13:40:25.089000+00:00,👀 Site Visit,rich,0,,,false,,,,false,,,,,,,,,2026-01-18T13:40:25.434000+00:00,false,0,Animal Battle Stats,1446203750204047426
1462441503329746944,,,,,,true,,0000,0,,1446203750204047426,,0,Animal Battle Stats,,1446204139909550150,,,2026-01-18T13:40:25.243Z,,4491519,0,,true,Visitor,RamiNoodle733,true,🌐 Location,"Katy, TX, US",,,,,,,,,,,,,,,,,,,2026-01-18T13:40:21.921000+00:00,👀 Site Visit,rich,0,,,false,,,,false,,,,,,,,,2026-01-18T13:40:25.243000+00:00,false,0,Animal Battle Stats,1446203750204047426
1462441490465951766,,,,,,true,,0000,0,,1446203750204047426,,0,Animal Battle Stats,,1446204139909550150,,,2026-01-18T13:40:22.176Z,,4491519,0,,true,Visitor,RamiNoodle733,true,🌐 Location,"Katy, TX, US",,,,,,,,,,,,,,,,,,,2026-01-18T13:38:16.020000+00:00,👀 Site Visit,rich,0,,,false,,,,false,,,,,,,,,2026-01-18T13:40:22.176000+00:00,false,0,Animal Battle Stats,1446203750204047426
1462313938476732550,,,,,,true,,0000,0,,1446203750204047426,,0,Animal Battle Stats,,1446204139909550150,,,2026-01-18T05:13:31.412Z,,4491519,0,,true,Visitor,RamiNoodle733,true,🌐 Location,"Katy, TX, US",,,,,,,,,,,,,,,,,,,2026-01-18T05:13:31.142000+00:00,👀 Site Visit,rich,0,,,false,,,,false,,,,,,,,,2026-01-18T05:13:31.412000+00:00,false,0,Animal Battle Stats,1446203750204047426
1462313931430428766,,,,,,true,,0000,0,,1446203750204047426,,0,Animal Battle Stats,,1446204139909550150,,,2026-01-18T05:13:29.732Z,,4491519,0,,true,Visitor,RamiNoodle733,true,🌐 Location,"Katy, TX, US",,,,,,,,,,,,,,,,,,,2026-01-18T05:13:29.404000+00:00,👀 Site Visit,rich,0,,,false,,,,false,,,,,,,,,2026-01-18T05:13:29.732000+00:00,false,0,Animal Battle Stats,1446203750204047426
1462313897615691827,,,,,,true,,0000,0,,1446203750204047426,,0,Animal Battle Stats,,1446204139909550150,,,2026-01-18T05:13:21.670Z,,4491519,0,,true,Visitor,RamiNoodle733,true,🌐 Location,"Katy, TX, US",,,,,,,,,,,,,,,,,,,2026-01-18T05:13:21.401000+00:00,👀 Site Visit,rich,0,,,false,,,,false,,,,,,,,,2026-01-18T05:13:21.670000+00:00,false,0,Animal Battle Stats,1446203750204047426
1462313879445962785,,,,,,true,,0000,0,,1446203750204047426,,0,Animal Battle Stats,,1446204139909550150,,,2026-01-18T05:13:17.338Z,,4491519,0,,true,Visitor,RamiNoodle733,true,🌐 Location,"Katy, TX, US",,,,,,,,,,,,,,,,,,,2026-01-18T05:13:17.090000+00:00,👀 Site Visit,rich,0,,,false,,,,false,,,,,,,,,2026-01-18T05:13:17.338000+00:00,false,0,Animal Battle Stats,1446203750204047426
1462313856696320096,,,,,,true,,0000,0,,1446203750204047426,,0,Animal Battle Stats,,1446204139909550150,,,2026-01-18T05:13:11.914Z,,4491519,0,,true,Visitor,RamiNoodle733,true,🌐 Location,"Katy, TX, US",,,,,,,,,,,,,,,,,,,2026-01-18T05:13:11.600000+00:00,👀 Site Visit,rich,0,,,false,,,,false,,,,,,,,,2026-01-18T05:13:11.914000+00:00,false,0,Animal Battle Stats,1446203750204047426
1462313529267716219,,,,,,true,,0000,0,,1446203750204047426,,0,Animal Battle Stats,,1446204139909550150,,,2026-01-18T05:11:53.849Z,,4491519,0,,true,Visitor,RamiNoodle733,true,🌐 Location,"Katy, TX, US",,,,,,,,,,,,,,,,,,,2026-01-18T05:11:53.395000+00:00,👀 Site Visit,rich,0,,,false,,,,false,,,,,,,,,2026-01-18T05:11:53.849000+00:00,false,0,Animal Battle Stats,1446203750204047426
1462313500310503642,,,,,,true,,0000,0,,1446203750204047426,,0,Animal Battle Stats,,1446204139909550150,,,2026-01-18T05:11:46.945Z,,4491519,0,,true,Visitor,RamiNoodle733,true,🌐 Location,"Katy, TX, US",,,,,,,,,,,,,,,,,,,2026-01-18T05:11:46.703000+00:00,👀 Site Visit,rich,0,,,false,,,,false,,,,,,,,,2026-01-18T05:11:46.945000+00:00,false,0,Animal Battle Stats,1446203750204047426
1462313396551680041,,,,,,true,,0000,0,,1446203750204047426,,0,Animal Battle Stats,,1446204139909550150,,,2026-01-18T05:11:22.207Z,,4491519,0,,true,Visitor,Anonymous,true,🌐 Location,"Katy, TX, US",,,,,,,,,,,,,,,,,,,2026-01-18T05:11:21.947000+00:00,👀 Site Visit,rich,0,,,false,,,,false,,,,,,,,,2026-01-18T05:11:22.207000+00:00,false,0,Animal Battle Stats,1446203750204047426
1462313119891329115,,,,,,true,,0000,0,,1446203750204047426,,0,Animal Battle Stats,,1446204139909550150,,,2026-01-18T05:10:16.246Z,,6710886,0,,true,User,Anonymous,true,🌐 Location,"Katy, TX, US",,,,,,,,,,,,,,,,,,,2026-01-18T05:10:15.914000+00:00,👋 User Left Site,rich,0,,,false,,,,false,,,,,,,,,2026-01-18T05:10:16.246000+00:00,false,0,Animal Battle Stats,1446203750204047426
1462312920925999208,,,,,,true,,0000,0,,1446203750204047426,,0,Animal Battle Stats,,1446204139909550150,,,2026-01-18T05:09:28.809Z,,4491519,0,,true,Visitor,RamiNoodle733,true,🌐 Location,"Katy, TX, US",,,,,,,,,,,,,,,,,,,2026-01-18T05:09:27.871000+00:00,👀 Site Visit,rich,0,,,false,,,,false,,,,,,,,,2026-01-18T05:09:28.809000+00:00,false,0,Animal Battle Stats,1446203750204047426
1462312862860054582,,,,,,true,,0000,0,,1446203750204047426,,0,Animal Battle Stats,,1446204139909550150,,,2026-01-18T05:09:14.965Z,,4491519,0,,true,Visitor,RamiNoodle733,true,🌐 Location,"Katy, TX, US",,,,,,,,,,,,,,,,,,,2026-01-18T05:09:14.767000+00:00,👀 Site Visit,rich,0,,,false,,,,false,,,,,,,,,2026-01-18T05:09:14.965000+00:00,false,0,Animal Battle Stats,1446203750204047426
1462312826545635493,,,,,,true,,0000,0,,1446203750204047426,,0,Animal Battle Stats,,1446204139909550150,,,2026-01-18T05:09:06.307Z,,4491519,0,,true,Visitor,RamiNoodle733,true,🌐 Location,"Katy, TX, US",,,,,,,,,,,,,,,,,,,2026-01-18T05:09:05.975000+00:00,👀 Site Visit,rich,0,,,false,,,,false,,,,,,,,,2026-01-18T05:09:06.307000+00:00,false,0,Animal Battle Stats,1446203750204047426
1462312825421566002,,,,,,true,,0000,0,,1446203750204047426,,0,Animal Battle Stats,,1446204139909550150,,,2026-01-18T05:09:06.039Z,,4491519,0,,true,Visitor,RamiNoodle733,true,🌐 Location,"Katy, TX, US",,,,,,,,,,,,,,,,,,,2026-01-18T05:09:03.639000+00:00,👀 Site Visit,rich,0,,,false,,,,false,,,,,,,,,2026-01-18T05:09:06.039000+00:00,false,0,Animal Battle Stats,1446203750204047426
1462310151590510595,,,,,,true,,0000,0,,1446203750204047426,,0,Animal Battle Stats,,1446204139909550150,,,2026-01-18T04:58:28.548Z,,4491519,0,,true,Visitor,RamiNoodle733,true,🌐 Location,"Katy, TX, US",,,,,,,,,,,,,,,,,,,2026-01-18T04:58:28.303000+00:00,👀 Site Visit,rich,0,,,false,,,,false,,,,,,,,,2026-01-18T04:58:28.548000+00:00,false,0,Animal Battle Stats,1446203750204047426
1462310138139508925,,,,,,true,,0000,0,,1446203750204047426,,0,Animal Battle Stats,,1446204139909550150,,,2026-01-18T04:58:25.341Z,,4491519,0,,true,Visitor,RamiNoodle733,true,🌐 Location,"Katy, TX, US",,,,,,,,,,,,,,,,,,,2026-01-18T04:58:24.970000+00:00,👀 Site Visit,rich,0,,,false,,,,false,,,,,,,,,2026-01-18T04:58:25.341000+00:00,false,0,Animal Battle Stats,1446203750204047426
1462310136524574924,,,,,,true,,0000,0,,1446203750204047426,,0,Animal Battle Stats,,1446204139909550150,,,2026-01-18T04:58:24.956Z,,4491519,0,,true,Visitor,RamiNoodle733,true,🌐 Location,"Katy, TX, US",,,,,,,,,,,,,,,,,,,2026-01-18T04:56:37.405000+00:00,👀 Site Visit,rich,0,,,false,,,,false,,,,,,,,,2026-01-18T04:58:24.956000+00:00,false,0,Animal Battle Stats,1446203750204047426
1462309576060833873,,,,,,true,,0000,0,,1446203750204047426,,0,Animal Battle Stats,,1446204139909550150,,,2026-01-18T04:56:11.331Z,,4491519,0,,true,Visitor,RamiNoodle733,true,🌐 Location,"Katy, TX, US",,,,,,,,,,,,,,,,,,,2026-01-18T04:56:10.999000+00:00,👀 Site Visit,rich,0,,,false,,,,false,,,,,,,,,2026-01-18T04:56:11.331000+00:00,false,0,Animal Battle Stats,1446203750204047426
1462309563343573119,,,,,,true,,0000,0,,1446203750204047426,,0,Animal Battle Stats,,1446204139909550150,,,2026-01-18T04:56:08.299Z,,4491519,0,,true,Visitor,RamiNoodle733,true,🌐 Location,"Katy, TX, US",,,,,,,,,,,,,,,,,,,2026-01-18T04:56:08.017000+00:00,👀 Site Visit,rich,0,,,false,,,,false,,,,,,,,,2026-01-18T04:56:08.299000+00:00,false,0,Animal Battle Stats,1446203750204047426
1462309553742807083,,,,,,true,,0000,0,,1446203750204047426,,0,Animal Battle Stats,,1446204139909550150,,,2026-01-18T04:56:06.010Z,,4491519,0,,true,Visitor,RamiNoodle733,true,🌐 Location,"Katy, TX, US",,,,,,,,,,,,,,,,,,,2026-01-18T04:56:05.787000+00:00,👀 Site Visit,rich,0,,,false,,,,false,,,,,,,,,2026-01-18T04:56:06.010000+00:00,false,0,Animal Battle Stats,1446203750204047426
1462309553613045874,,,,,,true,,0000,0,,1446203750204047426,,0,Animal Battle Stats,,1446204139909550150,,,2026-01-18T04:56:05.979Z,,4491519,0,,true,Visitor,RamiNoodle733,true,🌐 Location,"Katy, TX, US",,,,,,,,,,,,,,,,,,,2026-01-18T04:55:57.859000+00:00,👀 Site Visit,rich,0,,,false,,,,false,,,,,,,,,2026-01-18T04:56:05.979000+00:00,false,0,Animal Battle Stats,1446203750204047426
1462306517247066165,,,,,,true,,0000,0,,1446203750204047426,,0,Animal Battle Stats,,1446204139909550150,,,2026-01-18T04:44:02.053Z,,4491519,0,,true,Visitor,RamiNoodle733,true,🌐 Location,"Katy, TX, US",,,,,,,,,,,,,,,,,,,2026-01-18T04:44:01.682000+00:00,👀 Site Visit,rich,0,,,false,,,,false,,,,,,,,,2026-01-18T04:44:02.053000+00:00,false,0,Animal Battle Stats,1446203750204047426
1462306516710199358,,,,,,true,,0000,0,,1446203750204047426,,0,Animal Battle Stats,,1446204139909550150,,,2026-01-18T04:44:01.925Z,,4491519,0,,true,Visitor,RamiNoodle733,true,🌐 Location,"Katy, TX, US",,,,,,,,,,,,,,,,,,,2026-01-18T04:43:56.447000+00:00,👀 Site Visit,rich,0,,,false,,,,false,,,,,,,,,2026-01-18T04:44:01.925000+00:00,false,0,Animal Battle Stats,1446203750204047426
1462280216906043568,,,,,,true,,0000,0,,1446203750204047426,,0,Animal Battle Stats,,1446204139909550150,,,2026-01-18T02:59:31.563Z,,4491519,0,,true,Visitor,RamiNoodle733,true,🌐 Location,"Katy, TX, US",,,,,,,,,,,,,,,,,,,2026-01-18T02:59:29.328000+00:00,👀 Site Visit,rich,0,,,false,,,,false,,,,,,,,,2026-01-18T02:59:31.563000+00:00,false,0,Animal Battle Stats,1446203750204047426
1462280207799947449,,,,,,true,,0000,0,,1446203750204047426,,0,Animal Battle Stats,,1446204139909550150,,,2026-01-18T02:59:29.392Z,,4491519,0,,true,Visitor,RamiNoodle733,true,🌐 Location,"Katy, TX, US",,,,,,,,,,,,,,,,,,,2026-01-18T02:59:22.452000+00:00,👀 Site Visit,rich,0,,,false,,,,false,,,,,,,,,2026-01-18T02:59:29.392000+00:00,false,0,Animal Battle Stats,1446203750204047426
1462278570562027731,,,,,,true,,0000,0,,1446203750204047426,,0,Animal Battle Stats,,1446204139909550150,,,2026-01-18T02:52:59.044Z,,4491519,0,,true,Visitor,Anonymous,true,🌐 Location,"Katy, TX, US",,,,,,,,,,,,,,,,,,,2026-01-18T02:52:58.714000+00:00,👀 Site Visit,rich,0,,,false,,,,false,,,,,,,,,2026-01-18T02:52:59.044000+00:00,false,0,Animal Battle Stats,1446203750204047426
1462278487531327814,,,,,,true,,0000,0,,1446203750204047426,,0,Animal Battle Stats,,1446204139909550150,,,2026-01-18T02:52:39.248Z,,6710886,0,,true,User,RamiNoodle733,true,🌐 Location,"Katy, TX, US",,,,,,,,,,,,,,,,,,,2026-01-18T02:52:38.984000+00:00,👋 User Left Site,rich,0,,,false,,,,false,,,,,,,,,2026-01-18T02:52:39.248000+00:00,false,0,Animal Battle Stats,1446203750204047426
1462278414760411366,,,,,,true,,0000,0,,1446203750204047426,,0,Animal Battle Stats,,1446204139909550150,,,2026-01-18T02:52:21.898Z,,4491519,0,,true,Visitor,RamiNoodle733,true,🌐 Location,"Katy, TX, US",,,,,,,,,,,,,,,,,,,2026-01-18T02:52:21.645000+00:00,👀 Site Visit,rich,0,,,false,,,,false,,,,,,,,,2026-01-18T02:52:21.898000+00:00,false,0,Animal Battle Stats,1446203750204047426
1462278215040106541,,,,,,true,,0000,0,,1446203750204047426,,0,Animal Battle Stats,,1446204139909550150,,,2026-01-18T02:51:34.281Z,,4491519,0,,true,Visitor,RamiNoodle733,true,🌐 Location,"Katy, TX, US",,,,,,,,,,,,,,,,,,,2026-01-18T02:51:34.031000+00:00,👀 Site Visit,rich,0,,,false,,,,false,,,,,,,,,2026-01-18T02:51:34.281000+00:00,false,0,Animal Battle Stats,1446203750204047426
1462277991840088189,,,,,,true,,0000,0,,1446203750204047426,,0,Animal Battle Stats,,1446204139909550150,,,2026-01-18T02:50:41.066Z,,4491519,0,,true,Visitor,RamiNoodle733,true,🌐 Location,"Katy, TX, US",,,,,,,,,,,,,,,,,,,2026-01-18T02:50:40.696000+00:00,👀 Site Visit,rich,0,,,false,,,,false,,,,,,,,,2026-01-18T02:50:41.066000+00:00,false,0,Animal Battle Stats,1446203750204047426
1462277973381091461,,,,,,true,,0000,0,,1446203750204047426,,0,Animal Battle Stats,,1446204139909550150,,,2026-01-18T02:50:36.665Z,,4491519,0,,true,Visitor,RamiNoodle733,true,🌐 Location,"Katy, TX, US",,,,,,,,,,,,,,,,,,,2026-01-18T02:50:36.412000+00:00,👀 Site Visit,rich,0,,,false,,,,false,,,,,,,,,2026-01-18T02:50:36.665000+00:00,false,0,Animal Battle Stats,1446203750204047426
1462277883010748469,,,,,,true,,0000,0,,1446203750204047426,,0,Animal Battle Stats,,1446204139909550150,,,2026-01-18T02:50:15.119Z,,4491519,0,,true,Visitor,RamiNoodle733,true,🌐 Location,"Katy, TX, US",,,,,,,,,,,,,,,,,,,2026-01-18T02:50:14.817000+00:00,👀 Site Visit,rich,0,,,false,,,,false,,,,,,,,,2026-01-18T02:50:15.119000+00:00,false,0,Animal Battle Stats,1446203750204047426
1462277881907511573,,,,,,true,,0000,0,,1446203750204047426,,0,Animal Battle Stats,,1446204139909550150,,,2026-01-18T02:50:14.856Z,,4491519,0,,true,Visitor,RamiNoodle733,true,🌐 Location,"Katy, TX, US",,,,,,,,,,,,,,,,,,,2026-01-18T02:50:13.435000+00:00,👀 Site Visit,rich,0,,,false,,,,false,,,,,,,,,2026-01-18T02:50:14.856000+00:00,false,0,Animal Battle Stats,1446203750204047426
1462275158655111228,,,,,,true,,0000,0,,1446203750204047426,,0,Animal Battle Stats,,1446204139909550150,,,2026-01-18T02:39:25.582Z,,4491519,0,,true,Visitor,RamiNoodle733,true,🌐 Location,"Katy, TX, US",,,,,,,,,,,,,,,,,,,2026-01-18T02:39:25.250000+00:00,👀 Site Visit,rich,0,,,false,,,,false,,,,,,,,,2026-01-18T02:39:25.582000+00:00,false,0,Animal Battle Stats,1446203750204047426
1462275157870641184,,,,,,true,,0000,0,,1446203750204047426,,0,Animal Battle Stats,,1446204139909550150,,,2026-01-18T02:39:25.395Z,,4491519,0,,true,Visitor,RamiNoodle733,true,🌐 Location,"Katy, TX, US",,,,,,,,,,,,,,,,,,,2026-01-18T02:38:34.284000+00:00,👀 Site Visit,rich,0,,,false,,,,false,,,,,,,,,2026-01-18T02:39:25.395000+00:00,false,0,Animal Battle Stats,1446203750204047426
1462262969684590603,,,,,,true,,0000,0,,1446203750204047426,,0,Animal Battle Stats,,1446204139909550150,,,2026-01-18T01:50:59.505Z,,4491519,0,,true,Visitor,RamiNoodle733,true,🌐 Location,"Katy, TX, US",,,,,,,,,,,,,,,,,,,2026-01-18T01:50:58.845000+00:00,👀 Site Visit,rich,0,,,false,,,,false,,,,,,,,,2026-01-18T01:50:59.505000+00:00,false,0,Animal Battle Stats,1446203750204047426
1462262967142846753,,,,,,true,,0000,0,,1446203750204047426,,0,Animal Battle Stats,,1446204139909550150,,,2026-01-18T01:50:58.899Z,,4491519,0,,true,Visitor,RamiNoodle733,true,🌐 Location,"Katy, TX, US",,,,,,,,,,,,,,,,,,,2026-01-18T01:50:52.068000+00:00,👀 Site Visit,rich,0,,,false,,,,false,,,,,,,,,2026-01-18T01:50:58.899000+00:00,false,0,Animal Battle Stats,1446203750204047426
1462188236150411505,,,,,,true,,0000,0,,1446203750204047426,,0,Animal Battle Stats,,1446204139909550150,,,2026-01-17T20:54:01.642Z,,4491519,0,,true,Visitor,Anonymous,true,🌐 Location,NL,,,,,,,,,,,,,,,,,,,2026-01-17T20:54:01.346000+00:00,👀 Site Visit,rich,0,,,false,,,,false,,,,,,,,,2026-01-17T20:54:01.642000+00:00,false,0,Animal Battle Stats,1446203750204047426
1462188199446188176,,,,,,true,,0000,0,,1446203750204047426,,0,Animal Battle Stats,,1446204139909550150,,,2026-01-17T20:53:52.891Z,,4491519,0,,true,Visitor,Anonymous,true,🌐 Location,NL,,,,,,,,,,,,,,,,,,,2026-01-17T20:53:52.504000+00:00,👀 Site Visit,rich,0,,,false,,,,false,,,,,,,,,2026-01-17T20:53:52.891000+00:00,false,0,Animal Battle Stats,1446203750204047426
1462187988376092863,,,,,,true,,0000,0,,1446203750204047426,,0,Animal Battle Stats,,1446204139909550150,,,2026-01-17T20:53:02.568Z,,4491519,0,,true,Visitor,Anonymous,true,🌐 Location,NL,,,,,,,,,,,,,,,,,,,2026-01-17T20:53:02.277000+00:00,👀 Site Visit,rich,0,,,false,,,,false,,,,,,,,,2026-01-17T20:53:02.568000+00:00,false,0,Animal Battle Stats,1446203750204047426
1462187593905999982,,,,,,true,,0000,0,,1446203750204047426,,0,Animal Battle Stats,,1446204139909550150,,,2026-01-17T20:51:28.519Z,,4491519,0,,true,Visitor,Anonymous,true,🌐 Location,NL,,,,,,,,,,,,,,,,,,,2026-01-17T20:51:28.237000+00:00,👀 Site Visit,rich,0,,,false,,,,false,,,,,,,,,2026-01-17T20:51:28.519000+00:00,false,0,Animal Battle Stats,1446203750204047426
1462187592127615149,,,,,,true,,0000,0,,1446203750204047426,,0,Animal Battle Stats,,1446204139909550150,,,2026-01-17T20:51:28.095Z,,4491519,0,,true,Visitor,Anonymous,true,🌐 Location,NL,,,,,,,,,,,,,,,,,,,2026-01-17T20:49:57.634000+00:00,👀 Site Visit,rich,0,,,false,,,,false,,,,,,,,,2026-01-17T20:51:28.095000+00:00,false,0,Animal Battle Stats,1446203750204047426
1462173555314790426,,,,,,true,,0000,0,,1446203750204047426,,0,Animal Battle Stats,,1446204139909550150,,,2026-01-17T19:55:41.458Z,,16766720,0,,true,User,RamiNoodle733,true,Bracket Size,8 animals,true,Total Matches,7,true,🏆 Champion,Hippopotamus,true,2nd Place,Guanaco,true,3rd/4th Place,"Naked Mole Rat, Anglerfish",false,Recent Matches,"Anglerfish beat Raven
Hippopotamus beat Iguana
Guanaco beat Flying Squirrel
Naked Mole Rat beat Osprey
Hippopotamus beat Anglerfish
Guanaco beat Naked Mole Rat
Hippopotamus beat Guanaco",true,🌐 Location,"Katy, TX, US",2026-01-17T19:55:34.783000+00:00,🏆 Tournament Completed,rich,0,,,false,,,,false,,,,,,,,,2026-01-17T19:55:41.458000+00:00,false,0,Animal Battle Stats,1446203750204047426
1462173398007549993,,,,,,true,,0000,0,,1446203750204047426,,0,Animal Battle Stats,,1446204139909550150,,,2026-01-17T19:55:03.953Z,,16766720,0,,true,User,RamiNoodle733,true,Bracket Size,8 animals,true,Total Matches,7,true,🏆 Champion,Colossal Squid,true,2nd Place,Musk Ox,true,3rd/4th Place,"Maned Wolf, Badger",false,Recent Matches,"Badger beat Red-Eyed Tree Frog
Colossal Squid beat Caracal
Musk Ox beat Praying Mantis
Maned Wolf beat Iguana
Colossal Squid beat Badger
Musk Ox beat Maned Wolf
Colossal Squid beat Musk Ox",true,🌐 Location,"Katy, TX, US",2026-01-17T19:54:52.181000+00:00,🏆 Tournament Completed,rich,0,,,false,,,,false,,,,,,,,,2026-01-17T19:55:03.953000+00:00,false,0,Animal Battle Stats,1446203750204047426
1462173225264877619,,,,,,true,,0000,0,,1446203750204047426,,0,Animal Battle Stats,,1446204139909550150,,,2026-01-17T19:54:22.768Z,,16766720,0,,true,User,RamiNoodle733,true,Bracket Size,8 animals,true,Total Matches,7,true,🏆 Champion,Alligator,true,2nd Place,Electric Eel,true,3rd/4th Place,"Ferret, Chimpanzee",false,Recent Matches,"Alligator beat Gaboon Viper
Chimpanzee beat Tasmanian Devil
Ferret beat Dragonfly
Electric Eel beat Cuttlefish
Alligator beat Chimpanzee
Electric Eel beat Ferret
Alligator beat Electric Eel",true,🌐 Location,"Katy, TX, US",2026-01-17T19:53:13.425000+00:00,🏆 Tournament Completed,rich,0,,,false,,,,false,,,,,,,,,2026-01-17T19:54:22.768000+00:00,false,0,Animal Battle Stats,1446203750204047426
1462173011657625601,,,,,,true,,0000,0,,1446203750204047426,,0,Animal Battle Stats,,1446204139909550150,,,2026-01-17T19:53:31.840Z,,65416,0,,true,User,RamiNoodle733,true,Animal,Chimpanzee,true,Vote,👍 Upvote,true,🌐 Location,"Katy, TX, US",,,,,,,,,,,,,2026-01-17T19:53:31.565000+00:00,👍 New Vote,rich,0,,,false,,,,false,,,,,,,,,2026-01-17T19:53:31.840000+00:00,false,0,Animal Battle Stats,1446203750204047426
1462172686707851306,,,,,,true,,0000,0,,1446203750204047426,,0,Animal Battle Stats,,1446204139909550150,,,2026-01-17T19:52:14.366Z,,65416,0,,true,User,RamiNoodle733,true,Animal,Cassowary,true,Vote,👍 Upvote,true,🌐 Location,"Katy, TX, US",,,,,,,,,,,,,2026-01-17T19:52:13.993000+00:00,👍 New Vote,rich,0,,,false,,,,false,,,,,,,,,2026-01-17T19:52:14.366000+00:00,false,0,Animal Battle Stats,1446203750204047426
1462172478162862225,,,,,,true,,0000,0,,1446203750204047426,,0,Animal Battle Stats,,1446204139909550150,,,2026-01-17T19:51:24.645Z,,4491519,0,,true,Visitor,RamiNoodle733,true,🌐 Location,"Katy, TX, US",,,,,,,,,,,,,,,,,,,2026-01-17T19:51:24.355000+00:00,👀 Site Visit,rich,0,,,false,,,,false,,,,,,,,,2026-01-17T19:51:24.645000+00:00,false,0,Animal Battle Stats,1446203750204047426
1462172464011284655,,,,,,true,,0000,0,,1446203750204047426,,0,Animal Battle Stats,,1446204139909550150,,,2026-01-17T19:51:21.271Z,,6710886,0,,true,User,RamiNoodle733,true,🌐 Location,"Katy, TX, US",,,,,,,,,,,,,,,,,,,2026-01-17T19:51:20.812000+00:00,👋 User Left Site,rich,0,,,false,,,,false,,,,,,,,,2026-01-17T19:51:21.271000+00:00,false,0,Animal Battle Stats,1446203750204047426
1462172457182957670,,,,,,true,,0000,0,,1446203750204047426,,0,Animal Battle Stats,,1446204139909550150,,,2026-01-17T19:51:19.643Z,,4491519,0,,true,Visitor,RamiNoodle733,true,🌐 Location,"Katy, TX, US",,,,,,,,,,,,,,,,,,,2026-01-17T19:51:19.246000+00:00,👀 Site Visit,rich,0,,,false,,,,false,,,,,,,,,2026-01-17T19:51:19.643000+00:00,false,0,Animal Battle Stats,1446203750204047426
1462172455178076346,,,,,,true,,0000,0,,1446203750204047426,,0,Animal Battle Stats,,1446204139909550150,,,2026-01-17T19:51:19.165Z,,6710886,0,,true,User,RamiNoodle733,true,🌐 Location,"Katy, TX, US",,,,,,,,,,,,,,,,,,,2026-01-17T19:51:18.277000+00:00,👋 User Left Site,rich,0,,,false,,,,false,,,,,,,,,2026-01-17T19:51:19.165000+00:00,false,0,Animal Battle Stats,1446203750204047426
1462172454565839118,,,,,,true,,0000,0,,1446203750204047426,,0,Animal Battle Stats,,1446204139909550150,,,2026-01-17T19:51:19.019Z,,4491519,0,,true,Visitor,RamiNoodle733,true,🌐 Location,"Katy, TX, US",,,,,,,,,,,,,,,,,,,2026-01-17T19:51:16.904000+00:00,👀 Site Visit,rich,0,,,false,,,,false,,,,,,,,,2026-01-17T19:51:19.019000+00:00,false,0,Animal Battle Stats,1446203750204047426
1462155741115711539,,,,,,true,,0000,0,,1446203750204047426,,0,Animal Battle Stats,,1446204139909550150,,,2026-01-17T18:44:54.222Z,,4491519,0,,true,Visitor,RamiNoodle733,true,🌐 Location,"Katy, TX, US",,,,,,,,,,,,,,,,,,,2026-01-17T18:44:53.932000+00:00,👀 Site Visit,rich,0,,,false,,,,false,,,,,,,,,2026-01-17T18:44:54.222000+00:00,false,0,Animal Battle Stats,1446203750204047426
1462155739979186197,,,,,,true,,0000,0,,1446203750204047426,,0,Animal Battle Stats,,1446204139909550150,,,2026-01-17T18:44:53.951Z,,4491519,0,,true,Visitor,RamiNoodle733,true,🌐 Location,"Katy, TX, US",,,,,,,,,,,,,,,,,,,2026-01-17T18:44:52.674000+00:00,👀 Site Visit,rich,0,,,false,,,,false,,,,,,,,,2026-01-17T18:44:53.951000+00:00,false,0,Animal Battle Stats,1446203750204047426
1462143868526133522,,,,,,true,,0000,0,,1446203750204047426,,0,Animal Battle Stats,,1446204139909550150,,,2026-01-17T17:57:43.576Z,,4491519,0,,true,Visitor,RamiNoodle733,true,🌐 Location,"Katy, TX, US",,,,,,,,,,,,,,,,,,,2026-01-17T17:57:43.291000+00:00,👀 Site Visit,rich,0,,,false,,,,false,,,,,,,,,2026-01-17T17:57:43.576000+00:00,false,0,Animal Battle Stats,1446203750204047426
1462143868022554675,,,,,,true,,0000,0,,1446203750204047426,,0,Animal Battle Stats,,1446204139909550150,,,2026-01-17T17:57:43.456Z,,4491519,0,,true,Visitor,RamiNoodle733,true,🌐 Location,"Katy, TX, US",,,,,,,,,,,,,,,,,,,2026-01-17T17:57:38.059000+00:00,👀 Site Visit,rich,0,,,false,,,,false,,,,,,,,,2026-01-17T17:57:43.456000+00:00,false,0,Animal Battle Stats,1446203750204047426
1462141114739064907,,,,,,true,,0000,0,,1446203750204047426,,0,Animal Battle Stats,,1446204139909550150,,,2026-01-17T17:46:47.022Z,,16739072,0,,false,Matchup,Snowy Owl vs Koala,true,User,Anonymous,true,🌐 Location,"Lodi, NJ, US",,,,,,,,,,,,,,,,2026-01-17T17:46:46.187000+00:00,⚔️ Battle Comparison,rich,0,,,false,,,,false,,,,,,,,,2026-01-17T17:46:47.022000+00:00,false,0,Animal Battle Stats,1446203750204047426
1462140999470940182,,,,,,true,,0000,0,,1446203750204047426,,0,Animal Battle Stats,,1446204139909550150,,,2026-01-17T17:46:19.540Z,,16739072,0,,false,Matchup,Peregrine Falcon vs Sailfish,true,User,Anonymous,true,🌐 Location,"Lodi, NJ, US",,,,,,,,,,,,,,,,2026-01-17T17:46:19.252000+00:00,⚔️ Battle Comparison,rich,0,,,false,,,,false,,,,,,,,,2026-01-17T17:46:19.540000+00:00,false,0,Animal Battle Stats,1446203750204047426
1462139653120594134,,,,,,true,,0000,0,,1446203750204047426,,0,Animal Battle Stats,,1446204139909550150,,,2026-01-17T17:40:58.545Z,,4491519,0,,true,Visitor,RamiNoodle733,true,🌐 Location,"Katy, TX, US",,,,,,,,,,,,,,,,,,,2026-01-17T17:40:58.206000+00:00,👀 Site Visit,rich,0,,,false,,,,false,,,,,,,,,2026-01-17T17:40:58.545000+00:00,false,0,Animal Battle Stats,1446203750204047426
1462139651769761933,,,,,,true,,0000,0,,1446203750204047426,,0,Animal Battle Stats,,1446204139909550150,,,2026-01-17T17:40:58.223Z,,4491519,0,,true,Visitor,RamiNoodle733,true,🌐 Location,"Katy, TX, US",,,,,,,,,,,,,,,,,,,2026-01-17T17:40:52.308000+00:00,👀 Site Visit,rich,0,,,false,,,,false,,,,,,,,,2026-01-17T17:40:58.223000+00:00,false,0,Animal Battle Stats,1446203750204047426
1462138952948650117,,,,,,true,,0000,0,,1446203750204047426,,0,Animal Battle Stats,,1446204139909550150,,,2026-01-17T17:38:11.611Z,,16739072,0,,false,Matchup,Great White Shark vs Bottlenose Dolphin,true,User,Anonymous,true,🌐 Location,"Lodi, NJ, US",,,,,,,,,,,,,,,,2026-01-17T17:38:11.322000+00:00,⚔️ Battle Comparison,rich,0,,,false,,,,false,,,,,,,,,2026-01-17T17:38:11.611000+00:00,false,0,Animal Battle Stats,1446203750204047426
1462138761398714378,,,,,,true,,0000,0,,1446203750204047426,,0,Animal Battle Stats,,1446204139909550150,,,2026-01-17T17:37:25.942Z,,16739072,0,,false,Matchup,Bottlenose Dolphin vs Blue Whale,true,User,Anonymous,true,🌐 Location,"Lodi, NJ, US",,,,,,,,,,,,,,,,2026-01-17T17:37:25.644000+00:00,⚔️ Battle Comparison,rich,0,,,false,,,,false,,,,,,,,,2026-01-17T17:37:25.942000+00:00,false,0,Animal Battle Stats,1446203750204047426
1462138540531126444,,,,,,true,,0000,0,,1446203750204047426,,0,Animal Battle Stats,,1446204139909550150,,,2026-01-17T17:36:33.283Z,,16739072,0,,false,Matchup,Deathstalker Scorpion vs Giant Centipede,true,User,Anonymous,true,🌐 Location,"Lodi, NJ, US",,,,,,,,,,,,,,,,2026-01-17T17:36:32.943000+00:00,⚔️ Battle Comparison,rich,0,,,false,,,,false,,,,,,,,,2026-01-17T17:36:33.283000+00:00,false,0,Animal Battle Stats,1446203750204047426
1462138474894458881,,,,,,true,,0000,0,,1446203750204047426,,0,Animal Battle Stats,,1446204139909550150,,,2026-01-17T17:36:17.634Z,,16739072,0,,false,Matchup,Deathstalker Scorpion vs Badger,true,User,Anonymous,true,🌐 Location,"Lodi, NJ, US",,,,,,,,,,,,,,,,2026-01-17T17:36:17.353000+00:00,⚔️ Battle Comparison,rich,0,,,false,,,,false,,,,,,,,,2026-01-17T17:36:17.634000+00:00,false,0,Animal Battle Stats,1446203750204047426
1462137788173385831,,,,,,true,,0000,0,,1446203750204047426,,0,Animal Battle Stats,,1446204139909550150,,,2026-01-17T17:33:33.907Z,,16739072,0,,false,Matchup,Galapagos Tortoise vs Snapping Turtle,true,User,Anonymous,true,🌐 Location,"Lodi, NJ, US",,,,,,,,,,,,,,,,2026-01-17T17:33:33.517000+00:00,⚔️ Battle Comparison,rich,0,,,false,,,,false,,,,,,,,,2026-01-17T17:33:33.907000+00:00,false,0,Animal Battle Stats,1446203750204047426
1462137617985441874,,,,,,true,,0000,0,,1446203750204047426,,0,Animal Battle Stats,,1446204139909550150,,,2026-01-17T17:32:53.331Z,,16739072,0,,false,Matchup,Galapagos Tortoise vs Bullet Ant,true,User,Anonymous,true,🌐 Location,"Lodi, NJ, US",,,,,,,,,,,,,,,,2026-01-17T17:32:53.058000+00:00,⚔️ Battle Comparison,rich,0,,,false,,,,false,,,,,,,,,2026-01-17T17:32:53.331000+00:00,false,0,Animal Battle Stats,1446203750204047426
1462137432253272215,,,,,,true,,0000,0,,1446203750204047426,,0,Animal Battle Stats,,1446204139909550150,,,2026-01-17T17:32:09.049Z,,16739072,0,,false,Matchup,Black Widow vs Army Ant,true,User,Anonymous,true,🌐 Location,"Lodi, NJ, US",,,,,,,,,,,,,,,,2026-01-17T17:32:08.714000+00:00,⚔️ Battle Comparison,rich,0,,,false,,,,false,,,,,,,,,2026-01-17T17:32:09.049000+00:00,false,0,Animal Battle Stats,1446203750204047426
1462137206520025335,,,,,,true,,0000,0,,1446203750204047426,,0,Animal Battle Stats,,1446204139909550150,,,2026-01-17T17:31:15.230Z,,16739072,0,,false,Matchup,Monarch Butterfly vs Black Widow,true,User,Anonymous,true,🌐 Location,"Lodi, NJ, US",,,,,,,,,,,,,,,,2026-01-17T17:31:15.001000+00:00,⚔️ Battle Comparison,rich,0,,,false,,,,false,,,,,,,,,2026-01-17T17:31:15.230000+00:00,false,0,Animal Battle Stats,1446203750204047426
1462136993831063664,,,,,,true,,0000,0,,1446203750204047426,,0,Animal Battle Stats,,1446204139909550150,,,2026-01-17T17:30:24.521Z,,16739072,0,,false,Matchup,Monarch Butterfly vs Bullet Ant,true,User,Anonymous,true,🌐 Location,"Lodi, NJ, US",,,,,,,,,,,,,,,,2026-01-17T17:30:24.118000+00:00,⚔️ Battle Comparison,rich,0,,,false,,,,false,,,,,,,,,2026-01-17T17:30:24.521000+00:00,false,0,Animal Battle Stats,1446203750204047426
1462136626368217281,,,,,,true,,0000,0,,1446203750204047426,,0,Animal Battle Stats,,1446204139909550150,,,2026-01-17T17:28:56.911Z,,16739072,0,,false,Matchup,Golden Eagle vs Bullet Ant,true,User,Anonymous,true,🌐 Location,"Lodi, NJ, US",,,,,,,,,,,,,,,,2026-01-17T17:28:56.530000+00:00,⚔️ Battle Comparison,rich,0,,,false,,,,false,,,,,,,,,2026-01-17T17:28:56.911000+00:00,false,0,Animal Battle Stats,1446203750204047426
1462136527806005473,,,,,,true,,0000,0,,1446203750204047426,,0,Animal Battle Stats,,1446204139909550150,,,2026-01-17T17:28:33.412Z,,16739072,0,,false,Matchup,Goliath Birdeater vs Bullet Ant,true,User,Anonymous,true,🌐 Location,"Lodi, NJ, US",,,,,,,,,,,,,,,,2026-01-17T17:28:33.172000+00:00,⚔️ Battle Comparison,rich,0,,,false,,,,false,,,,,,,,,2026-01-17T17:28:33.412000+00:00,false,0,Animal Battle Stats,1446203750204047426
1462136444180234354,,,,,,true,,0000,0,,1446203750204047426,,0,Animal Battle Stats,,1446204139909550150,,,2026-01-17T17:28:13.474Z,,16739072,0,,false,Matchup,Toucan vs Poison Dart Frog,true,User,Anonymous,true,🌐 Location,"Lodi, NJ, US",,,,,,,,,,,,,,,,2026-01-17T17:28:13.250000+00:00,⚔️ Battle Comparison,rich,0,,,false,,,,false,,,,,,,,,2026-01-17T17:28:13.474000+00:00,false,0,Animal Battle Stats,1446203750204047426
1462136299090608252,,,,,,true,,0000,0,,1446203750204047426,,0,Animal Battle Stats,,1446204139909550150,,,2026-01-17T17:27:38.882Z,,16739072,0,,false,Matchup,Monarch Butterfly vs Sloth,true,User,Anonymous,true,🌐 Location,"Lodi, NJ, US",,,,,,,,,,,,,,,,2026-01-17T17:27:38.606000+00:00,⚔️ Battle Comparison,rich,0,,,false,,,,false,,,,,,,,,2026-01-17T17:27:38.882000+00:00,false,0,Animal Battle Stats,1446203750204047426
1462136251904688415,,,,,,true,,0000,0,,1446203750204047426,,0,Animal Battle Stats,,1446204139909550150,,,2026-01-17T17:27:27.632Z,,16739072,0,,false,Matchup,Monarch Butterfly vs Dragonfly,true,User,Anonymous,true,🌐 Location,"Lodi, NJ, US",,,,,,,,,,,,,,,,2026-01-17T17:27:27.438000+00:00,⚔️ Battle Comparison,rich,0,,,false,,,,false,,,,,,,,,2026-01-17T17:27:27.632000+00:00,false,0,Animal Battle Stats,1446203750204047426
1462136168132116591,,,,,,true,,0000,0,,1446203750204047426,,0,Animal Battle Stats,,1446204139909550150,,,2026-01-17T17:27:07.659Z,,16739072,0,,false,Matchup,Flying Squirrel vs Sugar Glider,true,User,Anonymous,true,🌐 Location,"Lodi, NJ, US",,,,,,,,,,,,,,,,2026-01-17T17:27:07.236000+00:00,⚔️ Battle Comparison,rich,0,,,false,,,,false,,,,,,,,,2026-01-17T17:27:07.659000+00:00,false,0,Animal Battle Stats,1446203750204047426
1462135321322979458,,,,,,true,,0000,0,,1446203750204047426,,0,Animal Battle Stats,,1446204139909550150,,,2026-01-17T17:23:45.764Z,,16739072,0,,false,Matchup,Mantis Shrimp vs Octopus,true,User,Anonymous,true,🌐 Location,"Lodi, NJ, US",,,,,,,,,,,,,,,,2026-01-17T17:23:45.394000+00:00,⚔️ Battle Comparison,rich,0,,,false,,,,false,,,,,,,,,2026-01-17T17:23:45.764000+00:00,false,0,Animal Battle Stats,1446203750204047426
1462135241639461050,,,,,,true,,0000,0,,1446203750204047426,,0,Animal Battle Stats,,1446204139909550150,,,2026-01-17T17:23:26.766Z,,16739072,0,,false,Matchup,Mantis Shrimp vs Mantis Shrimp,true,User,Anonymous,true,🌐 Location,"Lodi, NJ, US",,,,,,,,,,,,,,,,2026-01-17T17:23:26.295000+00:00,⚔️ Battle Comparison,rich,0,,,false,,,,false,,,,,,,,,2026-01-17T17:23:26.766000+00:00,false,0,Animal Battle Stats,1446203750204047426
1462076500340768822,,,,,,true,,0000,0,,1446203750204047426,,0,Animal Battle Stats,,1446204139909550150,,,2026-01-17T13:30:01.749Z,,16739072,0,,false,Matchup,Blue Whale vs Orca,true,User,Anonymous,true,🌐 Location,"Lodi, NJ, US",,,,,,,,,,,,,,,,2026-01-17T13:30:01.324000+00:00,⚔️ Battle Comparison,rich,0,,,false,,,,false,,,,,,,,,2026-01-17T13:30:01.749000+00:00,false,0,Animal Battle Stats,1446203750204047426
1462076152339501106,,,,,,true,,0000,0,,1446203750204047426,,0,Animal Battle Stats,,1446204139909550150,,,2026-01-17T13:28:38.779Z,,16739072,0,,false,Matchup,Great White Shark vs Grizzly Bear,true,User,Anonymous,true,🌐 Location,"Lodi, NJ, US",,,,,,,,,,,,,,,,2026-01-17T13:28:38.450000+00:00,⚔️ Battle Comparison,rich,0,,,false,,,,false,,,,,,,,,2026-01-17T13:28:38.779000+00:00,false,0,Animal Battle Stats,1446203750204047426
1462076135041929227,,,,,,true,,0000,0,,1446203750204047426,,0,Animal Battle Stats,,1446204139909550150,,,2026-01-17T13:28:34.655Z,,16739072,0,,false,Matchup,Great White Shark vs Grizzly Bear,true,User,Anonymous,true,🌐 Location,"Lodi, NJ, US",,,,,,,,,,,,,,,,2026-01-17T13:28:34.156000+00:00,⚔️ Battle Comparison,rich,0,,,false,,,,false,,,,,,,,,2026-01-17T13:28:34.655000+00:00,false,0,Animal Battle Stats,1446203750204047426
1462076088841801870,,,,,,true,,0000,0,,1446203750204047426,,0,Animal Battle Stats,,1446204139909550150,,,2026-01-17T13:28:23.640Z,,16739072,0,,false,Matchup,Great Horned Owl vs Snowy Owl,true,User,Anonymous,true,🌐 Location,"Lodi, NJ, US",,,,,,,,,,,,,,,,2026-01-17T13:28:23.211000+00:00,⚔️ Battle Comparison,rich,0,,,false,,,,false,,,,,,,,,2026-01-17T13:28:23.640000+00:00,false,0,Animal Battle Stats,1446203750204047426
1461919694134055178,,,,,,true,,0000,0,,1446203750204047426,,0,Animal Battle Stats,,1446204139909550150,,,2026-01-17T03:06:56.236Z,,4491519,0,,true,Visitor,RamiNoodle733,true,🌐 Location,"Katy, TX, US",,,,,,,,,,,,,,,,,,,2026-01-17T03:06:55.870000+00:00,👀 Site Visit,rich,0,,,false,,,,false,,,,,,,,,2026-01-17T03:06:56.236000+00:00,false,0,Animal Battle Stats,1446203750204047426
1461919669530398793,,,,,,true,,0000,0,,1446203750204047426,,0,Animal Battle Stats,,1446204139909550150,,,2026-01-17T03:06:50.370Z,,4491519,0,,true,Visitor,RamiNoodle733,true,🌐 Location,"Katy, TX, US",,,,,,,,,,,,,,,,,,,2026-01-17T03:06:50.082000+00:00,👀 Site Visit,rich,0,,,false,,,,false,,,,,,,,,2026-01-17T03:06:50.370000+00:00,false,0,Animal Battle Stats,1446203750204047426
1461918758250614825,,,,,,true,,0000,0,,1446203750204047426,,0,Animal Battle Stats,,1446204139909550150,,,2026-01-17T03:03:13.104Z,,4491519,0,,true,Visitor,Anonymous,true,🌐 Location,"Lodi, NJ, US",,,,,,,,,,,,,,,,,,,2026-01-17T03:03:12.824000+00:00,👀 Site Visit,rich,0,,,false,,,,false,,,,,,,,,2026-01-17T03:03:13.104000+00:00,false,0,Animal Battle Stats,1446203750204047426
1461918756308652253,,,,,,true,,0000,0,,1446203750204047426,,0,Animal Battle Stats,,1446204139909550150,,,2026-01-17T03:03:12.641Z,,4491519,0,,true,Visitor,RamiNoodle733,true,🌐 Location,"Katy, TX, US",,,,,,,,,,,,,,,,,,,2026-01-17T03:02:53.795000+00:00,👀 Site Visit,rich,0,,,false,,,,false,,,,,,,,,2026-01-17T03:03:12.641000+00:00,false,0,Animal Battle Stats,1446203750204047426
1461917103471853612,,,,,,true,,0000,0,,1446203750204047426,,0,Animal Battle Stats,,1446204139909550150,,,2026-01-17T02:56:38.574Z,,4491519,0,,true,Visitor,RamiNoodle733,true,🌐 Location,"Katy, TX, US",,,,,,,,,,,,,,,,,,,2026-01-17T02:56:38.197000+00:00,👀 Site Visit,rich,0,,,false,,,,false,,,,,,,,,2026-01-17T02:56:38.574000+00:00,false,0,Animal Battle Stats,1446203750204047426
1461917074069655683,,,,,,true,,0000,0,,1446203750204047426,,0,Animal Battle Stats,,1446204139909550150,,,2026-01-17T02:56:31.564Z,,4491519,0,,true,Visitor,RamiNoodle733,true,🌐 Location,"Katy, TX, US",,,,,,,,,,,,,,,,,,,2026-01-17T02:56:31.294000+00:00,👀 Site Visit,rich,0,,,false,,,,false,,,,,,,,,2026-01-17T02:56:31.564000+00:00,false,0,Animal Battle Stats,1446203750204047426
1461916400581869771,,,,,,true,,0000,0,,1446203750204047426,,0,Animal Battle Stats,,1446204139909550150,,,2026-01-17T02:53:50.992Z,,4491519,0,,true,Visitor,RamiNoodle733,true,🌐 Location,"Katy, TX, US",,,,,,,,,,,,,,,,,,,2026-01-17T02:53:44.942000+00:00,👀 Site Visit,rich,0,,,false,,,,false,,,,,,,,,2026-01-17T02:53:50.992000+00:00,false,0,Animal Battle Stats,1446203750204047426
1461884461007376498,,,,,,true,,0000,0,,1446203750204047426,,0,Animal Battle Stats,,1446204139909550150,,,2026-01-17T00:46:56.004Z,,4491519,0,,true,Visitor,RamiNoodle733,true,🌐 Location,"Katy, TX, US",,,,,,,,,,,,,,,,,,,2026-01-17T00:46:55.611000+00:00,👀 Site Visit,rich,0,,,false,,,,false,,,,,,,,,2026-01-17T00:46:56.004000+00:00,false,0,Animal Battle Stats,1446203750204047426
1461884242798575688,,,,,,true,,0000,0,,1446203750204047426,,0,Animal Battle Stats,,1446204139909550150,,,2026-01-17T00:46:03.979Z,,4491519,0,,true,Visitor,RamiNoodle733,true,🌐 Location,"Katy, TX, US",,,,,,,,,,,,,,,,,,,2026-01-17T00:46:03.723000+00:00,👀 Site Visit,rich,0,,,false,,,,false,,,,,,,,,2026-01-17T00:46:03.979000+00:00,false,0,Animal Battle Stats,1446203750204047426
1461884234837786876,,,,,,true,,0000,0,,1446203750204047426,,0,Animal Battle Stats,,1446204139909550150,,,2026-01-17T00:46:02.081Z,,4491519,0,,true,Visitor,RamiNoodle733,true,🌐 Location,"Katy, TX, US",,,,,,,,,,,,,,,,,,,2026-01-17T00:46:01.863000+00:00,👀 Site Visit,rich,0,,,false,,,,false,,,,,,,,,2026-01-17T00:46:02.081000+00:00,false,0,Animal Battle Stats,1446203750204047426
1461884207142928569,,,,,,true,,0000,0,,1446203750204047426,,0,Animal Battle Stats,,1446204139909550150,,,2026-01-17T00:45:55.478Z,,4491519,0,,true,Visitor,RamiNoodle733,true,🌐 Location,"Katy, TX, US",,,,,,,,,,,,,,,,,,,2026-01-17T00:45:55.199000+00:00,👀 Site Visit,rich,0,,,false,,,,false,,,,,,,,,2026-01-17T00:45:55.478000+00:00,false,0,Animal Battle Stats,1446203750204047426
1461884197554884638,,,,,,true,,0000,0,,1446203750204047426,,0,Animal Battle Stats,,1446204139909550150,,,2026-01-17T00:45:53.192Z,,4491519,0,,true,Visitor,RamiNoodle733,true,🌐 Location,"Katy, TX, US",,,,,,,,,,,,,,,,,,,2026-01-17T00:45:52.858000+00:00,👀 Site Visit,rich,0,,,false,,,,false,,,,,,,,,2026-01-17T00:45:53.192000+00:00,false,0,Animal Battle Stats,1446203750204047426
1461884103157612719,,,,,,true,,0000,0,,1446203750204047426,,0,Animal Battle Stats,,1446204139909550150,,,2026-01-17T00:45:30.686Z,,4491519,0,,true,Visitor,RamiNoodle733,true,🌐 Location,"Katy, TX, US",,,,,,,,,,,,,,,,,,,2026-01-17T00:45:30.412000+00:00,👀 Site Visit,rich,0,,,false,,,,false,,,,,,,,,2026-01-17T00:45:30.686000+00:00,false,0,Animal Battle Stats,1446203750204047426
1461884077945786429,,,,,,true,,0000,0,,1446203750204047426,,0,Animal Battle Stats,,1446204139909550150,,,2026-01-17T00:45:24.675Z,,4491519,0,,true,Visitor,RamiNoodle733,true,🌐 Location,"Katy, TX, US",,,,,,,,,,,,,,,,,,,2026-01-17T00:45:24.347000+00:00,👀 Site Visit,rich,0,,,false,,,,false,,,,,,,,,2026-01-17T00:45:24.675000+00:00,false,0,Animal Battle Stats,1446203750204047426
1461884076888948736,,,,,,true,,0000,0,,1446203750204047426,,0,Animal Battle Stats,,1446204139909550150,,,2026-01-17T00:45:24.423Z,,4491519,0,,true,Visitor,RamiNoodle733,true,🌐 Location,"Katy, TX, US",,,,,,,,,,,,,,,,,,,2026-01-17T00:45:18.856000+00:00,👀 Site Visit,rich,0,,,false,,,,false,,,,,,,,,2026-01-17T00:45:24.423000+00:00,false,0,Animal Battle Stats,1446203750204047426
1461882401054654560,,,,,,true,,0000,0,,1446203750204047426,,0,Animal Battle Stats,,1446204139909550150,,,2026-01-17T00:38:44.873Z,,4491519,0,,true,Visitor,RamiNoodle733,true,🌐 Location,"Katy, TX, US",,,,,,,,,,,,,,,,,,,2026-01-17T00:38:44.620000+00:00,👀 Site Visit,rich,0,,,false,,,,false,,,,,,,,,2026-01-17T00:38:44.873000+00:00,false,0,Animal Battle Stats,1446203750204047426
1461882399725195401,,,,,,true,,0000,0,,1446203750204047426,,0,Animal Battle Stats,,1446204139909550150,,,2026-01-17T00:38:44.556Z,,4491519,0,,true,Visitor,RamiNoodle733,true,🌐 Location,"Katy, TX, US",,,,,,,,,,,,,,,,,,,2026-01-17T00:38:40.230000+00:00,👀 Site Visit,rich,0,,,false,,,,false,,,,,,,,,2026-01-17T00:38:44.556000+00:00,false,0,Animal Battle Stats,1446203750204047426
1461879707216642178,,,,,,true,,0000,0,,1446203750204047426,,0,Animal Battle Stats,,1446204139909550150,,,2026-01-17T00:28:02.612Z,,4491519,0,,true,Visitor,RamiNoodle733,true,🌐 Location,"Katy, TX, US",,,,,,,,,,,,,,,,,,,2026-01-17T00:28:02.270000+00:00,👀 Site Visit,rich,0,,,false,,,,false,,,,,,,,,2026-01-17T00:28:02.612000+00:00,false,0,Animal Battle Stats,1446203750204047426
1461878542207029279,,,,,,true,,0000,0,,1446203750204047426,,0,Animal Battle Stats,,1446204139909550150,,,2026-01-17T00:23:24.852Z,,4491519,0,,true,Visitor,RamiNoodle733,true,🌐 Location,"Katy, TX, US",,,,,,,,,,,,,,,,,,,2026-01-17T00:23:24.577000+00:00,👀 Site Visit,rich,0,,,false,,,,false,,,,,,,,,2026-01-17T00:23:24.852000+00:00,false,0,Animal Battle Stats,1446203750204047426
1461878541435015416,,,,,,true,,0000,0,,1446203750204047426,,0,Animal Battle Stats,,1446204139909550150,,,2026-01-17T00:23:24.668Z,,4491519,0,,true,Visitor,RamiNoodle733,true,🌐 Location,"Katy, TX, US",,,,,,,,,,,,,,,,,,,2026-01-17T00:23:19.112000+00:00,👀 Site Visit,rich,0,,,false,,,,false,,,,,,,,,2026-01-17T00:23:24.668000+00:00,false,0,Animal Battle Stats,1446203750204047426
1461878525484077304,,,,,,true,,0000,0,,1446203750204047426,,0,Animal Battle Stats,,1446204139909550150,,,2026-01-17T00:23:20.865Z,,4491519,0,,true,Visitor,RamiNoodle733,true,🌐 Location,"Katy, TX, US",,,,,,,,,,,,,,,,,,,2026-01-17T00:23:14.172000+00:00,👀 Site Visit,rich,0,,,false,,,,false,,,,,,,,,2026-01-17T00:23:20.865000+00:00,false,0,Animal Battle Stats,1446203750204047426
1461869809880006679,,,,,,true,,0000,0,,1446203750204047426,,0,Animal Battle Stats,,1446204139909550150,,,2026-01-16T23:48:42.903Z,,4491519,0,,true,Visitor,RamiNoodle733,true,🌐 Location,"Katy, TX, US",,,,,,,,,,,,,,,,,,,2026-01-16T23:48:42.459000+00:00,👀 Site Visit,rich,0,,,false,,,,false,,,,,,,,,2026-01-16T23:48:42.903000+00:00,false,0,Animal Battle Stats,1446203750204047426
1461869808273592485,,,,,,true,,0000,0,,1446203750204047426,,0,Animal Battle Stats,,1446204139909550150,,,2026-01-16T23:48:42.520Z,,4491519,0,,true,Visitor,Anonymous,true,🌐 Location,"San Jose, CA, US",,,,,,,,,,,,,,,,,,,2026-01-16T23:48:41.279000+00:00,👀 Site Visit,rich,0,,,false,,,,false,,,,,,,,,2026-01-16T23:48:42.520000+00:00,false,0,Animal Battle Stats,1446203750204047426
1461869805014614217,,,,,,true,,0000,0,,1446203750204047426,,0,Animal Battle Stats,,1446204139909550150,,,2026-01-16T23:48:41.743Z,,4491519,0,,true,Visitor,Anonymous,true,🌐 Location,"San Jose, CA, US",,,,,,,,,,,,,,,,,,,2026-01-16T23:48:41.241000+00:00,👀 Site Visit,rich,0,,,false,,,,false,,,,,,,,,2026-01-16T23:48:41.743000+00:00,false,0,Animal Battle Stats,1446203750204047426
1461869787775897600,,,,,,true,,0000,0,,1446203750204047426,,0,Animal Battle Stats,,1446204139909550150,,,2026-01-16T23:48:37.633Z,,4491519,0,,true,Visitor,RamiNoodle733,true,🌐 Location,"Katy, TX, US",,,,,,,,,,,,,,,,,,,2026-01-16T23:48:37.346000+00:00,👀 Site Visit,rich,0,,,false,,,,false,,,,,,,,,2026-01-16T23:48:37.633000+00:00,false,0,Animal Battle Stats,1446203750204047426
1461869784575770809,,,,,,true,,0000,0,,1446203750204047426,,0,Animal Battle Stats,,1446204139909550150,,,2026-01-16T23:48:36.870Z,,4491519,0,,true,Visitor,RamiNoodle733,true,🌐 Location,"Katy, TX, US",,,,,,,,,,,,,,,,,,,2026-01-16T23:48:35.161000+00:00,👀 Site Visit,rich,0,,,false,,,,false,,,,,,,,,2026-01-16T23:48:36.870000+00:00,false,0,Animal Battle Stats,1446203750204047426
1461865262440513729,,,,,,true,,0000,0,,1446203750204047426,,0,Animal Battle Stats,,1446204139909550150,,,2026-01-16T23:30:38.709Z,,4491519,0,,true,Visitor,RamiNoodle733,true,🌐 Location,"Katy, TX, US",,,,,,,,,,,,,,,,,,,2026-01-16T23:30:38.416000+00:00,👀 Site Visit,rich,0,,,false,,,,false,,,,,,,,,2026-01-16T23:30:38.709000+00:00,false,0,Animal Battle Stats,1446203750204047426
1461865255738019901,,,,,,true,,0000,0,,1446203750204047426,,0,Animal Battle Stats,,1446204139909550150,,,2026-01-16T23:30:37.111Z,,4491519,0,,true,Visitor,RamiNoodle733,true,🌐 Location,"Katy, TX, US",,,,,,,,,,,,,,,,,,,2026-01-16T23:30:36.829000+00:00,👀 Site Visit,rich,0,,,false,,,,false,,,,,,,,,2026-01-16T23:30:37.111000+00:00,false,0,Animal Battle Stats,1446203750204047426
1461865247269720251,,,,,,true,,0000,0,,1446203750204047426,,0,Animal Battle Stats,,1446204139909550150,,,2026-01-16T23:30:35.092Z,,4491519,0,,true,Visitor,RamiNoodle733,true,🌐 Location,"Katy, TX, US",,,,,,,,,,,,,,,,,,,2026-01-16T23:30:34.937000+00:00,👀 Site Visit,rich,0,,,false,,,,false,,,,,,,,,2026-01-16T23:30:35.092000+00:00,false,0,Animal Battle Stats,1446203750204047426
1461865155154677983,,,,,,true,,0000,0,,1446203750204047426,,0,Animal Battle Stats,,1446204139909550150,,,2026-01-16T23:30:13.130Z,,4491519,0,,true,Visitor,RamiNoodle733,true,🌐 Location,"Katy, TX, US",,,,,,,,,,,,,,,,,,,2026-01-16T23:30:12.804000+00:00,👀 Site Visit,rich,0,,,false,,,,false,,,,,,,,,2026-01-16T23:30:13.130000+00:00,false,0,Animal Battle Stats,1446203750204047426
1461864991358587135,,,,,,true,,0000,0,,1446203750204047426,,0,Animal Battle Stats,,1446204139909550150,,,2026-01-16T23:29:34.078Z,,4491519,0,,true,Visitor,RamiNoodle733,true,🌐 Location,"Katy, TX, US",,,,,,,,,,,,,,,,,,,2026-01-16T23:29:33.793000+00:00,👀 Site Visit,rich,0,,,false,,,,false,,,,,,,,,2026-01-16T23:29:34.078000+00:00,false,0,Animal Battle Stats,1446203750204047426
1461864945208655872,,,,,,true,,0000,0,,1446203750204047426,,0,Animal Battle Stats,,1446204139909550150,,,2026-01-16T23:29:23.075Z,,4491519,0,,true,Visitor,RamiNoodle733,true,🌐 Location,"Katy, TX, US",,,,,,,,,,,,,,,,,,,2026-01-16T23:29:22.782000+00:00,👀 Site Visit,rich,0,,,false,,,,false,,,,,,,,,2026-01-16T23:29:23.075000+00:00,false,0,Animal Battle Stats,1446203750204047426
1461864944105685004,,,,,,true,,0000,0,,1446203750204047426,,0,Animal Battle Stats,,1446204139909550150,,,2026-01-16T23:29:22.812Z,,4491519,0,,true,Visitor,RamiNoodle733,true,🌐 Location,"Katy, TX, US",,,,,,,,,,,,,,,,,,,2026-01-16T23:29:11.227000+00:00,👀 Site Visit,rich,0,,,false,,,,false,,,,,,,,,2026-01-16T23:29:22.812000+00:00,false,0,Animal Battle Stats,1446203750204047426
1461863702386053142,,,,,,true,,0000,0,,1446203750204047426,,0,Animal Battle Stats,,1446204139909550150,,,2026-01-16T23:24:26.763Z,,4491519,0,,true,Visitor,RamiNoodle733,true,🌐 Location,"Katy, TX, US",,,,,,,,,,,,,,,,,,,2026-01-16T23:24:26.461000+00:00,👀 Site Visit,rich,0,,,false,,,,false,,,,,,,,,2026-01-16T23:24:26.763000+00:00,false,0,Animal Battle Stats,1446203750204047426
1461863689224323257,,,,,,true,,0000,0,,1446203750204047426,,0,Animal Battle Stats,,1446204139909550150,,,2026-01-16T23:24:23.625Z,,4491519,0,,true,Visitor,RamiNoodle733,true,🌐 Location,"Katy, TX, US",,,,,,,,,,,,,,,,,,,2026-01-16T23:24:23.360000+00:00,👀 Site Visit,rich,0,,,false,,,,false,,,,,,,,,2026-01-16T23:24:23.625000+00:00,false,0,Animal Battle Stats,1446203750204047426
1461863668294615053,,,,,,true,,0000,0,,1446203750204047426,,0,Animal Battle Stats,,1446204139909550150,,,2026-01-16T23:24:18.635Z,,4491519,0,,true,Visitor,RamiNoodle733,true,🌐 Location,"Katy, TX, US",,,,,,,,,,,,,,,,,,,2026-01-16T23:24:18.360000+00:00,👀 Site Visit,rich,0,,,false,,,,false,,,,,,,,,2026-01-16T23:24:18.635000+00:00,false,0,Animal Battle Stats,1446203750204047426
1461863527009485054,,,,,,true,,0000,0,,1446203750204047426,,0,Animal Battle Stats,,1446204139909550150,,,2026-01-16T23:23:44.950Z,,4491519,0,,true,Visitor,RamiNoodle733,true,🌐 Location,"Katy, TX, US",,,,,,,,,,,,,,,,,,,2026-01-16T23:23:44.496000+00:00,👀 Site Visit,rich,0,,,false,,,,false,,,,,,,,,2026-01-16T23:23:44.950000+00:00,false,0,Animal Battle Stats,1446203750204047426
1461863143939506186,,,,,,true,,0000,0,,1446203750204047426,,0,Animal Battle Stats,,1446204139909550150,,,2026-01-16T23:22:13.619Z,,4491519,0,,true,Visitor,RamiNoodle733,true,🌐 Location,"Katy, TX, US",,,,,,,,,,,,,,,,,,,2026-01-16T23:22:13.323000+00:00,👀 Site Visit,rich,0,,,false,,,,false,,,,,,,,,2026-01-16T23:22:13.619000+00:00,false,0,Animal Battle Stats,1446203750204047426
1461863142736007189,,,,,,true,,0000,0,,1446203750204047426,,0,Animal Battle Stats,,1446204139909550150,,,2026-01-16T23:22:13.332Z,,4491519,0,,true,Visitor,RamiNoodle733,true,🌐 Location,"Katy, TX, US",,,,,,,,,,,,,,,,,,,2026-01-16T23:22:07.645000+00:00,👀 Site Visit,rich,0,,,false,,,,false,,,,,,,,,2026-01-16T23:22:13.332000+00:00,false,0,Animal Battle Stats,1446203750204047426
1461857891148370083,,,,,,true,,0000,0,,1446203750204047426,,0,Animal Battle Stats,,1446204139909550150,,,2026-01-16T23:01:21.256Z,,6710886,0,,true,User,RamiNoodle733,true,🌐 Location,"Katy, TX, US",,,,,,,,,,,,,,,,,,,2026-01-16T23:01:20.934000+00:00,👋 User Left Site,rich,0,,,false,,,,false,,,,,,,,,2026-01-16T23:01:21.256000+00:00,false,0,Animal Battle Stats,1446203750204047426
1461857633500659996,,,,,,true,,0000,0,,1446203750204047426,,0,Animal Battle Stats,,1446204139909550150,,,2026-01-16T23:00:19.828Z,,4491519,0,,true,Visitor,RamiNoodle733,true,🌐 Location,"Katy, TX, US",,,,,,,,,,,,,,,,,,,2026-01-16T23:00:19.431000+00:00,👀 Site Visit,rich,0,,,false,,,,false,,,,,,,,,2026-01-16T23:00:19.828000+00:00,false,0,Animal Battle Stats,1446203750204047426
1461857557164331058,,,,,,true,,0000,0,,1446203750204047426,,0,Animal Battle Stats,,1446204139909550150,,,2026-01-16T23:00:01.628Z,,4491519,0,,true,Visitor,RamiNoodle733,true,🌐 Location,"Katy, TX, US",,,,,,,,,,,,,,,,,,,2026-01-16T23:00:01.170000+00:00,👀 Site Visit,rich,0,,,false,,,,false,,,,,,,,,2026-01-16T23:00:01.628000+00:00,false,0,Animal Battle Stats,1446203750204047426
1461857555784663132,,,,,,true,,0000,0,,1446203750204047426,,0,Animal Battle Stats,,1446204139909550150,,,2026-01-16T23:00:01.299Z,,4491519,0,,true,Visitor,RamiNoodle733,true,🌐 Location,"Katy, TX, US",,,,,,,,,,,,,,,,,,,2026-01-16T22:59:17.537000+00:00,👀 Site Visit,rich,0,,,false,,,,false,,,,,,,,,2026-01-16T23:00:01.299000+00:00,false,0,Animal Battle Stats,1446203750204047426
1461857292885557373,,,,,,true,,0000,0,,1446203750204047426,,0,Animal Battle Stats,,1446204139909550150,,,2026-01-16T22:58:58.619Z,,6710886,0,,true,User,RamiNoodle733,true,🌐 Location,"Katy, TX, US",,,,,,,,,,,,,,,,,,,2026-01-16T22:58:58.227000+00:00,👋 User Left Site,rich,0,,,false,,,,false,,,,,,,,,2026-01-16T22:58:58.619000+00:00,false,0,Animal Battle Stats,1446203750204047426
1461856449679462400,,,,,,true,,0000,0,,1446203750204047426,,0,Animal Battle Stats,,1446204139909550150,,,2026-01-16T22:55:37.583Z,,4491519,0,,true,Visitor,RamiNoodle733,true,🌐 Location,"Katy, TX, US",,,,,,,,,,,,,,,,,,,2026-01-16T22:55:37.319000+00:00,👀 Site Visit,rich,0,,,false,,,,false,,,,,,,,,2026-01-16T22:55:37.583000+00:00,false,0,Animal Battle Stats,1446203750204047426
1461856448576360589,,,,,,true,,0000,0,,1446203750204047426,,0,Animal Battle Stats,,1446204139909550150,,,2026-01-16T22:55:37.320Z,,4491519,0,,true,Visitor,Anonymous,true,🌐 Location,"Washington, VA, US",,,,,,,,,,,,,,,,,,,2026-01-16T22:54:44.851000+00:00,👀 Site Visit,rich,0,,,false,,,,false,,,,,,,,,2026-01-16T22:55:37.320000+00:00,false,0,Animal Battle Stats,1446203750204047426
1461853062816731220,,,,,,true,,0000,0,,1446203750204047426,,0,Animal Battle Stats,,1446204139909550150,,,2026-01-16T22:42:10.092Z,,4491519,0,,true,Visitor,Anonymous,true,🌐 Location,"San Jose, CA, US",,,,,,,,,,,,,,,,,,,2026-01-16T22:42:09.775000+00:00,👀 Site Visit,rich,0,,,false,,,,false,,,,,,,,,2026-01-16T22:42:10.092000+00:00,false,0,Animal Battle Stats,1446203750204047426
1461853061470224490,,,,,,true,,0000,0,,1446203750204047426,,0,Animal Battle Stats,,1446204139909550150,,,2026-01-16T22:42:09.771Z,,4491519,0,,true,Visitor,Anonymous,true,🌐 Location,"San Jose, CA, US",,,,,,,,,,,,,,,,,,,2026-01-16T22:42:08.855000+00:00,👀 Site Visit,rich,0,,,false,,,,false,,,,,,,,,2026-01-16T22:42:09.771000+00:00,false,0,Animal Battle Stats,1446203750204047426
1461846898003415163,,,,,,true,,0000,0,,1446203750204047426,,0,Animal Battle Stats,,1446204139909550150,,,2026-01-16T22:17:40.286Z,,4491519,0,,true,Visitor,RamiNoodle733,true,🌐 Location,"Katy, TX, US",,,,,,,,,,,,,,,,,,,2026-01-16T22:17:40.059000+00:00,👀 Site Visit,rich,0,,,false,,,,false,,,,,,,,,2026-01-16T22:17:40.286000+00:00,false,0,Animal Battle Stats,1446203750204047426
1461846374931894312,,,,,,true,,0000,0,,1446203750204047426,,0,Animal Battle Stats,,1446204139909550150,,,2026-01-16T22:15:35.576Z,,4491519,0,,true,Visitor,RamiNoodle733,true,🌐 Location,"Katy, TX, US",,,,,,,,,,,,,,,,,,,2026-01-16T22:15:35.279000+00:00,👀 Site Visit,rich,0,,,false,,,,false,,,,,,,,,2026-01-16T22:15:35.576000+00:00,false,0,Animal Battle Stats,1446203750204047426
1461846364588867648,,,,,,true,,0000,0,,1446203750204047426,,0,Animal Battle Stats,,1446204139909550150,,,2026-01-16T22:15:33.110Z,,4491519,0,,true,Visitor,RamiNoodle733,true,🌐 Location,"Katy, TX, US",,,,,,,,,,,,,,,,,,,2026-01-16T22:15:32.822000+00:00,👀 Site Visit,rich,0,,,false,,,,false,,,,,,,,,2026-01-16T22:15:33.110000+00:00,false,0,Animal Battle Stats,1446203750204047426
1461845949314895985,,,,,,true,,0000,0,,1446203750204047426,,0,Animal Battle Stats,,1446204139909550150,,,2026-01-16T22:13:54.101Z,,4491519,0,,true,Visitor,RamiNoodle733,true,🌐 Location,"Katy, TX, US",,,,,,,,,,,,,,,,,,,2026-01-16T22:13:53.704000+00:00,👀 Site Visit,rich,0,,,false,,,,false,,,,,,,,,2026-01-16T22:13:54.101000+00:00,false,0,Animal Battle Stats,1446203750204047426
1461845655126544557,,,,,,true,,0000,0,,1446203750204047426,,0,Animal Battle Stats,,1446204139909550150,,,2026-01-16T22:12:43.961Z,,4491519,0,,true,Visitor,RamiNoodle733,true,🌐 Location,"Katy, TX, US",,,,,,,,,,,,,,,,,,,2026-01-16T22:12:43.622000+00:00,👀 Site Visit,rich,0,,,false,,,,false,,,,,,,,,2026-01-16T22:12:43.961000+00:00,false,0,Animal Battle Stats,1446203750204047426
1461845653834432664,,,,,,true,,0000,0,,1446203750204047426,,0,Animal Battle Stats,,1446204139909550150,,,2026-01-16T22:12:43.653Z,,4491519,0,,true,Visitor,RamiNoodle733,true,🌐 Location,"Katy, TX, US",,,,,,,,,,,,,,,,,,,2026-01-16T22:12:40.049000+00:00,👀 Site Visit,rich,0,,,false,,,,false,,,,,,,,,2026-01-16T22:12:43.653000+00:00,false,0,Animal Battle Stats,1446203750204047426
1461841503339937854,,,,,,true,,0000,0,,1446203750204047426,,0,Animal Battle Stats,,1446204139909550150,,,2026-01-16T21:56:14.098Z,,4491519,0,,true,Visitor,RamiNoodle733,true,🌐 Location,"Katy, TX, US",,,,,,,,,,,,,,,,,,,2026-01-16T21:56:13.766000+00:00,👀 Site Visit,rich,0,,,false,,,,false,,,,,,,,,2026-01-16T21:56:14.098000+00:00,false,0,Animal Battle Stats,1446203750204047426
1461841461522857984,,,,,,true,,0000,0,,1446203750204047426,,0,Animal Battle Stats,,1446204139909550150,,,2026-01-16T21:56:04.128Z,,4491519,0,,true,Visitor,RamiNoodle733,true,🌐 Location,"Katy, TX, US",,,,,,,,,,,,,,,,,,,2026-01-16T21:56:03.828000+00:00,👀 Site Visit,rich,0,,,false,,,,false,,,,,,,,,2026-01-16T21:56:04.128000+00:00,false,0,Animal Battle Stats,1446203750204047426
1461841460088279044,,,,,,true,,0000,0,,1446203750204047426,,0,Animal Battle Stats,,1446204139909550150,,,2026-01-16T21:56:03.786Z,,4491519,0,,true,Visitor,RamiNoodle733,true,🌐 Location,"Katy, TX, US",,,,,,,,,,,,,,,,,,,2026-01-16T21:55:59.680000+00:00,👀 Site Visit,rich,0,,,false,,,,false,,,,,,,,,2026-01-16T21:56:03.786000+00:00,false,0,Animal Battle Stats,1446203750204047426
1461839412190249115,,,,,,true,,0000,0,,1446203750204047426,,0,Animal Battle Stats,,1446204139909550150,,,2026-01-16T21:47:55.529Z,,4491519,0,,true,Visitor,RamiNoodle733,true,🌐 Location,"Katy, TX, US",,,,,,,,,,,,,,,,,,,2026-01-16T21:47:55.261000+00:00,👀 Site Visit,rich,0,,,false,,,,false,,,,,,,,,2026-01-16T21:47:55.529000+00:00,false,0,Animal Battle Stats,1446203750204047426
1461839387888189546,,,,,,true,,0000,0,,1446203750204047426,,0,Animal Battle Stats,,1446204139909550150,,,2026-01-16T21:47:49.735Z,,4491519,0,,true,Visitor,RamiNoodle733,true,🌐 Location,"Katy, TX, US",,,,,,,,,,,,,,,,,,,2026-01-16T21:47:49.379000+00:00,👀 Site Visit,rich,0,,,false,,,,false,,,,,,,,,2026-01-16T21:47:49.735000+00:00,false,0,Animal Battle Stats,1446203750204047426
1461838920227623146,,,,,,true,,0000,0,,1446203750204047426,,0,Animal Battle Stats,,1446204139909550150,,,2026-01-16T21:45:58.236Z,,4491519,0,,true,Visitor,RamiNoodle733,true,🌐 Location,"Katy, TX, US",,,,,,,,,,,,,,,,,,,2026-01-16T21:45:57.868000+00:00,👀 Site Visit,rich,0,,,false,,,,false,,,,,,,,,2026-01-16T21:45:58.236000+00:00,false,0,Animal Battle Stats,1446203750204047426
1461838817748189234,,,,,,true,,0000,0,,1446203750204047426,,0,Animal Battle Stats,,1446204139909550150,,,2026-01-16T21:45:33.803Z,,4491519,0,,true,Visitor,RamiNoodle733,true,🌐 Location,"Katy, TX, US",,,,,,,,,,,,,,,,,,,2026-01-16T21:45:33.473000+00:00,👀 Site Visit,rich,0,,,false,,,,false,,,,,,,,,2026-01-16T21:45:33.803000+00:00,false,0,Animal Battle Stats,1446203750204047426
1461838816418599109,,,,,,true,,0000,0,,1446203750204047426,,0,Animal Battle Stats,,1446204139909550150,,,2026-01-16T21:45:33.486Z,,4491519,0,,true,Visitor,RamiNoodle733,true,🌐 Location,"Katy, TX, US",,,,,,,,,,,,,,,,,,,2026-01-16T21:45:26.335000+00:00,👀 Site Visit,rich,0,,,false,,,,false,,,,,,,,,2026-01-16T21:45:33.486000+00:00,false,0,Animal Battle Stats,1446203750204047426
1461836111201702065,,,,,,true,,0000,0,,1446203750204047426,,0,Animal Battle Stats,,1446204139909550150,,,2026-01-16T21:34:48.512Z,,4491519,0,,true,Visitor,RamiNoodle733,true,🌐 Location,"Katy, TX, US",,,,,,,,,,,,,,,,,,,2026-01-16T21:34:48.265000+00:00,👀 Site Visit,rich,0,,,false,,,,false,,,,,,,,,2026-01-16T21:34:48.512000+00:00,false,0,Animal Battle Stats,1446203750204047426
1461836011523932280,,,,,,true,,0000,0,,1446203750204047426,,0,Animal Battle Stats,,1446204139909550150,,,2026-01-16T21:34:24.747Z,,4491519,0,,true,Visitor,RamiNoodle733,true,🌐 Location,"Katy, TX, US",,,,,,,,,,,,,,,,,,,2026-01-16T21:34:24.426000+00:00,👀 Site Visit,rich,0,,,false,,,,false,,,,,,,,,2026-01-16T21:34:24.747000+00:00,false,0,Animal Battle Stats,1446203750204047426
1461836000392253440,,,,,,true,,0000,0,,1446203750204047426,,0,Animal Battle Stats,,1446204139909550150,,,2026-01-16T21:34:22.093Z,,4491519,0,,true,Visitor,RamiNoodle733,true,🌐 Location,"Katy, TX, US",,,,,,,,,,,,,,,,,,,2026-01-16T21:34:21.820000+00:00,👀 Site Visit,rich,0,,,false,,,,false,,,,,,,,,2026-01-16T21:34:22.093000+00:00,false,0,Animal Battle Stats,1446203750204047426
1461835999238946961,,,,,,true,,0000,0,,1446203750204047426,,0,Animal Battle Stats,,1446204139909550150,,,2026-01-16T21:34:21.818Z,,4491519,0,,true,Visitor,RamiNoodle733,true,🌐 Location,"Katy, TX, US",,,,,,,,,,,,,,,,,,,2026-01-16T21:34:18.604000+00:00,👀 Site Visit,rich,0,,,false,,,,false,,,,,,,,,2026-01-16T21:34:21.818000+00:00,false,0,Animal Battle Stats,1446203750204047426
1461835780329836736,,,,,,true,,0000,0,,1446203750204047426,,0,Animal Battle Stats,,1446204139909550150,,,2026-01-16T21:33:29.626Z,,4491519,0,,true,Visitor,Anonymous,true,🌐 Location,"Santa Clara, CA, US",,,,,,,,,,,,,,,,,,,2026-01-16T21:33:29.205000+00:00,👀 Site Visit,rich,0,,,false,,,,false,,,,,,,,,2026-01-16T21:33:29.626000+00:00,false,0,Animal Battle Stats,1446203750204047426
1461835777452540089,,,,,,true,,0000,0,,1446203750204047426,,0,Animal Battle Stats,,1446204139909550150,,,2026-01-16T21:33:28.940Z,,4491519,0,,true,Visitor,Anonymous,true,🌐 Location,"San Jose, CA, US",,,,,,,,,,,,,,,,,,,2026-01-16T21:33:28.564000+00:00,👀 Site Visit,rich,0,,,false,,,,false,,,,,,,,,2026-01-16T21:33:28.940000+00:00,false,0,Animal Battle Stats,1446203750204047426
1461832535062478939,,,,,,true,,0000,0,,1446203750204047426,,0,Animal Battle Stats,,1446204139909550150,,,2026-01-16T21:20:35.894Z,,4491519,0,,true,Visitor,RamiNoodle733,true,🌐 Location,"Katy, TX, US",,,,,,,,,,,,,,,,,,,2026-01-16T21:20:35.611000+00:00,👀 Site Visit,rich,0,,,false,,,,false,,,,,,,,,2026-01-16T21:20:35.894000+00:00,false,0,Animal Battle Stats,1446203750204047426
1461832534169092302,,,,,,true,,0000,0,,1446203750204047426,,0,Animal Battle Stats,,1446204139909550150,,,2026-01-16T21:20:35.681Z,,4491519,0,,true,Visitor,RamiNoodle733,true,🌐 Location,"Katy, TX, US",,,,,,,,,,,,,,,,,,,2026-01-16T21:20:32.392000+00:00,👀 Site Visit,rich,0,,,false,,,,false,,,,,,,,,2026-01-16T21:20:35.681000+00:00,false,0,Animal Battle Stats,1446203750204047426
1461830782912823413,,,,,,true,,0000,0,,1446203750204047426,,0,Animal Battle Stats,,1446204139909550150,,,2026-01-16T21:13:38.149Z,,4491519,0,,true,Visitor,RamiNoodle733,true,🌐 Location,"Katy, TX, US",,,,,,,,,,,,,,,,,,,2026-01-16T21:13:37.874000+00:00,👀 Site Visit,rich,0,,,false,,,,false,,,,,,,,,2026-01-16T21:13:38.149000+00:00,false,0,Animal Battle Stats,1446203750204047426
1461830781893873960,,,,,,true,,0000,0,,1446203750204047426,,0,Animal Battle Stats,,1446204139909550150,,,2026-01-16T21:13:37.906Z,,4491519,0,,true,Visitor,RamiNoodle733,true,🌐 Location,"Katy, TX, US",,,,,,,,,,,,,,,,,,,2026-01-16T21:13:15.425000+00:00,👀 Site Visit,rich,0,,,false,,,,false,,,,,,,,,2026-01-16T21:13:37.906000+00:00,false,0,Animal Battle Stats,1446203750204047426
1461828539451052158,,,,,,true,,0000,0,,1446203750204047426,,0,Animal Battle Stats,,1446204139909550150,,,2026-01-16T21:04:43.266Z,,4491519,0,,true,Visitor,RamiNoodle733,true,🌐 Location,"Katy, TX, US",,,,,,,,,,,,,,,,,,,2026-01-16T21:04:42.999000+00:00,👀 Site Visit,rich,0,,,false,,,,false,,,,,,,,,2026-01-16T21:04:43.266000+00:00,false,0,Animal Battle Stats,1446203750204047426
1461828537706090569,,,,,,true,,0000,0,,1446203750204047426,,0,Animal Battle Stats,,1446204139909550150,,,2026-01-16T21:04:42.850Z,,4491519,0,,true,Visitor,RamiNoodle733,true,🌐 Location,"Katy, TX, US",,,,,,,,,,,,,,,,,,,2026-01-16T21:04:35.007000+00:00,👀 Site Visit,rich,0,,,false,,,,false,,,,,,,,,2026-01-16T21:04:42.850000+00:00,false,0,Animal Battle Stats,1446203750204047426
1461827465822339239,,,,,,true,,0000,0,,1446203750204047426,,0,Animal Battle Stats,,1446204139909550150,,,2026-01-16T21:00:27.293Z,,16739072,0,,false,Matchup,Monarch Butterfly vs Chameleon,true,User,Anonymous,true,🌐 Location,"Lodi, NJ, US",,,,,,,,,,,,,,,,2026-01-16T21:00:27.120000+00:00,⚔️ Battle Comparison,rich,0,,,false,,,,false,,,,,,,,,2026-01-16T21:00:27.293000+00:00,false,0,Animal Battle Stats,1446203750204047426
1461826810097438852,,,,,,true,,0000,0,,1446203750204047426,,0,Animal Battle Stats,,1446204139909550150,,,2026-01-16T20:57:50.956Z,,16739072,0,,false,Matchup,Goose vs Swan,true,User,Anonymous,true,🌐 Location,"Lodi, NJ, US",,,,,,,,,,,,,,,,2026-01-16T20:57:50.705000+00:00,⚔️ Battle Comparison,rich,0,,,false,,,,false,,,,,,,,,2026-01-16T20:57:50.956000+00:00,false,0,Animal Battle Stats,1446203750204047426
1461826459373928489,,,,,,true,,0000,0,,1446203750204047426,,0,Animal Battle Stats,,1446204139909550150,,,2026-01-16T20:56:27.337Z,,16739072,0,,false,Matchup,Deathstalker Scorpion vs Emperor Scorpion,true,User,Anonymous,true,🌐 Location,"Lodi, NJ, US",,,,,,,,,,,,,,,,2026-01-16T20:56:26.980000+00:00,⚔️ Battle Comparison,rich,0,,,false,,,,false,,,,,,,,,2026-01-16T20:56:27.337000+00:00,false,0,Animal Battle Stats,1446203750204047426
1461826253815545927,,,,,,true,,0000,0,,1446203750204047426,,0,Animal Battle Stats,,1446204139909550150,,,2026-01-16T20:55:38.328Z,,16739072,0,,false,Matchup,Pelican vs Capybara,true,User,Anonymous,true,🌐 Location,"Lodi, NJ, US",,,,,,,,,,,,,,,,2026-01-16T20:55:37.970000+00:00,⚔️ Battle Comparison,rich,0,,,false,,,,false,,,,,,,,,2026-01-16T20:55:38.328000+00:00,false,0,Animal Battle Stats,1446203750204047426
1461826015935463535,,,,,,true,,0000,0,,1446203750204047426,,0,Animal Battle Stats,,1446204139909550150,,,2026-01-16T20:54:41.613Z,,16739072,0,,false,Matchup,Harpy Eagle vs Ring-tailed Lemur,true,User,Anonymous,true,🌐 Location,"Lodi, NJ, US",,,,,,,,,,,,,,,,2026-01-16T20:54:41.326000+00:00,⚔️ Battle Comparison,rich,0,,,false,,,,false,,,,,,,,,2026-01-16T20:54:41.613000+00:00,false,0,Animal Battle Stats,1446203750204047426
1461825904962437321,,,,,,true,,0000,0,,1446203750204047426,,0,Animal Battle Stats,,1446204139909550150,,,2026-01-16T20:54:15.155Z,,16739072,0,,false,Matchup,Beluga Whale vs Blue Whale,true,User,Anonymous,true,🌐 Location,"Lodi, NJ, US",,,,,,,,,,,,,,,,2026-01-16T20:54:14.667000+00:00,⚔️ Battle Comparison,rich,0,,,false,,,,false,,,,,,,,,2026-01-16T20:54:15.155000+00:00,false,0,Animal Battle Stats,1446203750204047426
1461825691891798273,,,,,,true,,0000,0,,1446203750204047426,,0,Animal Battle Stats,,1446204139909550150,,,2026-01-16T20:53:24.355Z,,16739072,0,,false,Matchup,Polar Bear vs Walrus,true,User,Anonymous,true,🌐 Location,"Lodi, NJ, US",,,,,,,,,,,,,,,,2026-01-16T20:53:24.024000+00:00,⚔️ Battle Comparison,rich,0,,,false,,,,false,,,,,,,,,2026-01-16T20:53:24.355000+00:00,false,0,Animal Battle Stats,1446203750204047426
1461825430678933796,,,,,,true,,0000,0,,1446203750204047426,,0,Animal Battle Stats,,1446204139909550150,,,2026-01-16T20:52:22.077Z,,4491519,0,,true,Visitor,Anonymous,true,🌐 Location,"Lodi, NJ, US",,,,,,,,,,,,,,,,,,,2026-01-16T20:52:21.807000+00:00,👀 Site Visit,rich,0,,,false,,,,false,,,,,,,,,2026-01-16T20:52:22.077000+00:00,false,0,Animal Battle Stats,1446203750204047426
1461825429995520163,,,,,,true,,0000,0,,1446203750204047426,,0,Animal Battle Stats,,1446204139909550150,,,2026-01-16T20:52:21.914Z,,4491519,0,,true,Visitor,RamiNoodle733,true,🌐 Location,"Katy, TX, US",,,,,,,,,,,,,,,,,,,2026-01-16T20:47:42.406000+00:00,👀 Site Visit,rich,0,,,false,,,,false,,,,,,,,,2026-01-16T20:52:21.914000+00:00,false,0,Animal Battle Stats,1446203750204047426
1461818414074040331,,,,,,true,,0000,0,,1446203750204047426,,0,Animal Battle Stats,,1446204139909550150,,,2026-01-16T20:24:29.188Z,,4491519,0,,true,Visitor,RamiNoodle733,true,🌐 Location,"Houston, TX, US",,,,,,,,,,,,,,,,,,,2026-01-16T20:24:28.891000+00:00,👀 Site Visit,rich,0,,,false,,,,false,,,,,,,,,2026-01-16T20:24:29.188000+00:00,false,0,Animal Battle Stats,1446203750204047426
1461818413902073888,,,,,,true,,0000,0,,1446203750204047426,,0,Animal Battle Stats,,1446204139909550150,,,2026-01-16T20:24:29.147Z,,4491519,0,,true,Visitor,RamiNoodle733,true,🌐 Location,"Houston, TX, US",,,,,,,,,,,,,,,,,,,2026-01-16T20:24:20.976000+00:00,👀 Site Visit,rich,0,,,false,,,,false,,,,,,,,,2026-01-16T20:24:29.147000+00:00,false,0,Animal Battle Stats,1446203750204047426
1461787812239118640,,,,,,true,,0000,0,,1446203750204047426,,0,Animal Battle Stats,,1446204139909550150,,,2026-01-16T18:22:53.142Z,,4491519,0,,true,Visitor,RamiNoodle733,true,🌐 Location,"Katy, TX, US",,,,,,,,,,,,,,,,,,,2026-01-16T18:22:52.830000+00:00,👀 Site Visit,rich,0,,,false,,,,false,,,,,,,,,2026-01-16T18:22:53.142000+00:00,false,0,Animal Battle Stats,1446203750204047426
1461787635285491860,,,,,,true,,0000,0,,1446203750204047426,,0,Animal Battle Stats,,1446204139909550150,,,2026-01-16T18:22:10.953Z,,4491519,0,,true,Visitor,RamiNoodle733,true,🌐 Location,"Katy, TX, US",,,,,,,,,,,,,,,,,,,2026-01-16T18:22:10.682000+00:00,👀 Site Visit,rich,0,,,false,,,,false,,,,,,,,,2026-01-16T18:22:10.953000+00:00,false,0,Animal Battle Stats,1446203750204047426
1461787634148835485,,,,,,true,,0000,0,,1446203750204047426,,0,Animal Battle Stats,,1446204139909550150,,,2026-01-16T18:22:10.682Z,,4491519,0,,true,Visitor,RamiNoodle733,true,🌐 Location,"Katy, TX, US",,,,,,,,,,,,,,,,,,,2026-01-16T18:22:06.126000+00:00,👀 Site Visit,rich,0,,,false,,,,false,,,,,,,,,2026-01-16T18:22:10.682000+00:00,false,0,Animal Battle Stats,1446203750204047426
1461783950807666688,,,,,,true,,0000,0,,1446203750204047426,,0,Animal Battle Stats,,1446204139909550150,,,2026-01-16T18:07:32.505Z,,4491519,0,,true,Visitor,RamiNoodle733,true,🌐 Location,"Katy, TX, US",,,,,,,,,,,,,,,,,,,2026-01-16T18:07:32.116000+00:00,👀 Site Visit,rich,0,,,false,,,,false,,,,,,,,,2026-01-16T18:07:32.505000+00:00,false,0,Animal Battle Stats,1446203750204047426
1461782959140110336,,,,,,true,,0000,0,,1446203750204047426,,0,Animal Battle Stats,,1446204139909550150,,,2026-01-16T18:03:36.073Z,,4491519,0,,true,Visitor,RamiNoodle733,true,🌐 Location,"Katy, TX, US",,,,,,,,,,,,,,,,,,,2026-01-16T18:03:35.720000+00:00,👀 Site Visit,rich,0,,,false,,,,false,,,,,,,,,2026-01-16T18:03:36.073000+00:00,false,0,Animal Battle Stats,1446203750204047426
1461782958271627468,,,,,,true,,0000,0,,1446203750204047426,,0,Animal Battle Stats,,1446204139909550150,,,2026-01-16T18:03:35.866Z,,4491519,0,,true,Visitor,RamiNoodle733,true,🌐 Location,"Katy, TX, US",,,,,,,,,,,,,,,,,,,2026-01-16T18:03:33.308000+00:00,👀 Site Visit,rich,0,,,false,,,,false,,,,,,,,,2026-01-16T18:03:35.866000+00:00,false,0,Animal Battle Stats,1446203750204047426
1461780811148693615,,,,,,true,,0000,0,,1446203750204047426,,0,Animal Battle Stats,,1446204139909550150,,,2026-01-16T17:55:03.952Z,,4491519,0,,true,Visitor,RamiNoodle733,true,🌐 Location,"Katy, TX, US",,,,,,,,,,,,,,,,,,,2026-01-16T17:55:03.591000+00:00,👀 Site Visit,rich,0,,,false,,,,false,,,,,,,,,2026-01-16T17:55:03.952000+00:00,false,0,Animal Battle Stats,1446203750204047426
1461780810393977055,,,,,,true,,0000,0,,1446203750204047426,,0,Animal Battle Stats,,1446204139909550150,,,2026-01-16T17:55:03.772Z,,4491519,0,,true,Visitor,RamiNoodle733,true,🌐 Location,"Katy, TX, US",,,,,,,,,,,,,,,,,,,2026-01-16T17:55:00.385000+00:00,👀 Site Visit,rich,0,,,false,,,,false,,,,,,,,,2026-01-16T17:55:03.772000+00:00,false,0,Animal Battle Stats,1446203750204047426
1461746855644889161,,,,,,true,,0000,0,,1446203750204047426,,0,Animal Battle Stats,,1446204139909550150,,,2026-01-16T15:40:08.329Z,,16739072,0,,false,Matchup,Rhinoceros vs Hippopotamus,true,User,Anonymous,true,🌐 Location,"Bayonne, NJ, US",,,,,,,,,,,,,,,,2026-01-16T15:40:07.936000+00:00,⚔️ Battle Comparison,rich,0,,,false,,,,false,,,,,,,,,2026-01-16T15:40:08.329000+00:00,false,0,Animal Battle Stats,1446203750204047426
1461705820369588432,,,,,,true,,0000,0,,1446203750204047426,,0,Animal Battle Stats,,1446204139909550150,,,2026-01-16T12:57:04.757Z,,4491519,0,,true,Visitor,RamiNoodle733,true,🌐 Location,"Houston, TX, US",,,,,,,,,,,,,,,,,,,2026-01-16T12:57:04.421000+00:00,👀 Site Visit,rich,0,,,false,,,,false,,,,,,,,,2026-01-16T12:57:04.757000+00:00,false,0,Animal Battle Stats,1446203750204047426
1461705818792656977,,,,,,true,,0000,0,,1446203750204047426,,0,Animal Battle Stats,,1446204139909550150,,,2026-01-16T12:57:04.381Z,,4491519,0,,true,Visitor,RamiNoodle733,true,🌐 Location,"Houston, TX, US",,,,,,,,,,,,,,,,,,,2026-01-16T12:56:57.636000+00:00,👀 Site Visit,rich,0,,,false,,,,false,,,,,,,,,2026-01-16T12:57:04.381000+00:00,false,0,Animal Battle Stats,1446203750204047426
1461543162597347522,,,,,,true,,0000,0,,1446203750204047426,,0,Animal Battle Stats,,1446204139909550150,,,2026-01-16T02:10:44.122Z,,4491519,0,,true,Visitor,RamiNoodle733,true,🌐 Location,"Katy, TX, US",,,,,,,,,,,,,,,,,,,2026-01-16T02:10:43.837000+00:00,👀 Site Visit,rich,0,,,false,,,,false,,,,,,,,,2026-01-16T02:10:44.122000+00:00,false,0,Animal Battle Stats,1446203750204047426
1461543161691242703,,,,,,true,,0000,0,,1446203750204047426,,0,Animal Battle Stats,,1446204139909550150,,,2026-01-16T02:10:43.906Z,,4491519,0,,true,Visitor,RamiNoodle733,true,🌐 Location,"Katy, TX, US",,,,,,,,,,,,,,,,,,,2026-01-16T02:10:32.722000+00:00,👀 Site Visit,rich,0,,,false,,,,false,,,,,,,,,2026-01-16T02:10:43.906000+00:00,false,0,Animal Battle Stats,1446203750204047426
1461530840818516008,,,,,,true,,0000,0,,1446203750204047426,,0,Animal Battle Stats,,1446204139909550150,,,2026-01-16T01:21:46.381Z,,16739072,0,,false,Matchup,Cape Buffalo vs Tiger Shark,true,User,Anonymous,true,🌐 Location,"Lodi, NJ, US",,,,,,,,,,,,,,,,2026-01-16T01:21:46.062000+00:00,⚔️ Battle Comparison,rich,0,,,false,,,,false,,,,,,,,,2026-01-16T01:21:46.381000+00:00,false,0,Animal Battle Stats,1446203750204047426
1461530807104442451,,,,,,true,,0000,0,,1446203750204047426,,0,Animal Battle Stats,,1446204139909550150,,,2026-01-16T01:21:38.343Z,,16739072,0,,false,Matchup,Tiger Shark vs Cape Buffalo,true,User,Anonymous,true,🌐 Location,"Lodi, NJ, US",,,,,,,,,,,,,,,,2026-01-16T01:21:37.945000+00:00,⚔️ Battle Comparison,rich,0,,,false,,,,false,,,,,,,,,2026-01-16T01:21:38.343000+00:00,false,0,Animal Battle Stats,1446203750204047426
1461517119869943936,,,,,,true,,0000,0,,1446203750204047426,,0,Animal Battle Stats,,1446204139909550150,,,2026-01-16T00:27:15.052Z,,16739072,0,,false,Matchup,Saltwater Crocodile vs Jaguar,true,User,Anonymous,true,🌐 Location,"Lodi, NJ, US",,,,,,,,,,,,,,,,2026-01-16T00:27:14.592000+00:00,⚔️ Battle Comparison,rich,0,,,false,,,,false,,,,,,,,,2026-01-16T00:27:15.052000+00:00,false,0,Animal Battle Stats,1446203750204047426
1461485441479086224,,,,,,true,,0000,0,,1446203750204047426,,0,Animal Battle Stats,,1446204139909550150,,,2026-01-15T22:21:22.335Z,,4491519,0,,true,Visitor,RamiNoodle733,true,🌐 Location,"Katy, TX, US",,,,,,,,,,,,,,,,,,,2026-01-15T22:21:22.168000+00:00,👀 Site Visit,rich,0,,,false,,,,false,,,,,,,,,2026-01-15T22:21:22.335000+00:00,false,0,Animal Battle Stats,1446203750204047426
1461485431718940937,,,,,,true,,0000,0,,1446203750204047426,,0,Animal Battle Stats,,1446204139909550150,,,2026-01-15T22:21:20.008Z,,4491519,0,,true,Visitor,RamiNoodle733,true,🌐 Location,"Katy, TX, US",,,,,,,,,,,,,,,,,,,2026-01-15T22:21:19.701000+00:00,👀 Site Visit,rich,0,,,false,,,,false,,,,,,,,,2026-01-15T22:21:20.008000+00:00,false,0,Animal Battle Stats,1446203750204047426
1461485156484255841,,,,,,true,,0000,0,,1446203750204047426,,0,Animal Battle Stats,,1446204139909550150,,,2026-01-15T22:20:14.387Z,,4491519,0,,true,Visitor,RamiNoodle733,true,🌐 Location,"Katy, TX, US",,,,,,,,,,,,,,,,,,,2026-01-15T22:20:08.643000+00:00,👀 Site Visit,rich,0,,,false,,,,false,,,,,,,,,2026-01-15T22:20:14.387000+00:00,false,0,Animal Battle Stats,1446203750204047426
1461485154248953997,,,,,,true,,0000,0,,1446203750204047426,,0,Animal Battle Stats,,1446204139909550150,,,2026-01-15T22:20:13.854Z,,4491519,0,,true,Visitor,RamiNoodle733,true,🌐 Location,"Katy, TX, US",,,,,,,,,,,,,,,,,,,2026-01-15T22:20:13.363000+00:00,👀 Site Visit,rich,0,,,false,,,,false,,,,,,,,,2026-01-15T22:20:13.854000+00:00,false,0,Animal Battle Stats,1446203750204047426
1461434039968989315,,,,,,true,,0000,0,,1446203750204047426,,0,Animal Battle Stats,,1446204139909550150,,,2026-01-15T18:57:07.260Z,,4491519,0,,true,Visitor,RamiNoodle733,true,🌐 Location,"Katy, TX, US",,,,,,,,,,,,,,,,,,,2026-01-15T18:57:06.767000+00:00,👀 Site Visit,rich,0,,,false,,,,false,,,,,,,,,2026-01-15T18:57:07.260000+00:00,false,0,Animal Battle Stats,1446203750204047426
1461433829188177940,,,,,,true,,0000,0,,1446203750204047426,,0,Animal Battle Stats,,1446204139909550150,,,2026-01-15T18:56:17.006Z,,4491519,0,,true,Visitor,RamiNoodle733,true,🌐 Location,"Katy, TX, US",,,,,,,,,,,,,,,,,,,2026-01-15T18:56:16.455000+00:00,👀 Site Visit,rich,0,,,false,,,,false,,,,,,,,,2026-01-15T18:56:17.006000+00:00,false,0,Animal Battle Stats,1446203750204047426
1461433829163012116,,,,,,true,,0000,0,,1446203750204047426,,0,Animal Battle Stats,,1446204139909550150,,,2026-01-15T18:56:17.000Z,,4491519,0,,true,Visitor,RamiNoodle733,true,🌐 Location,"Katy, TX, US",,,,,,,,,,,,,,,,,,,2026-01-15T18:56:09.915000+00:00,👀 Site Visit,rich,0,,,false,,,,false,,,,,,,,,2026-01-15T18:56:17+00:00,false,0,Animal Battle Stats,1446203750204047426
1461420112816115854,,,,,,true,,0000,0,,1446203750204047426,,0,Animal Battle Stats,,1446204139909550150,,,2026-01-15T18:01:46.768Z,,4491519,0,,true,Visitor,RamiNoodle733,true,🌐 Location,"Katy, TX, US",,,,,,,,,,,,,,,,,,,2026-01-15T18:01:46.317000+00:00,👀 Site Visit,rich,0,,,false,,,,false,,,,,,,,,2026-01-15T18:01:46.768000+00:00,false,0,Animal Battle Stats,1446203750204047426
1461419935854235790,,,,,,true,,0000,0,,1446203750204047426,,0,Animal Battle Stats,,1446204139909550150,,,2026-01-15T18:01:04.577Z,,4491519,0,,true,Visitor,RamiNoodle733,true,🌐 Location,"Katy, TX, US",,,,,,,,,,,,,,,,,,,2026-01-15T18:00:50.597000+00:00,👀 Site Visit,rich,0,,,false,,,,false,,,,,,,,,2026-01-15T18:01:04.577000+00:00,false,0,Animal Battle Stats,1446203750204047426
1461417608120107159,,,,,,true,,0000,0,,1446203750204047426,,0,Animal Battle Stats,,1446204139909550150,,,2026-01-15T17:51:49.602Z,,4491519,0,,true,Visitor,RamiNoodle733,true,🌐 Location,"Katy, TX, US",,,,,,,,,,,,,,,,,,,2026-01-15T17:51:49.316000+00:00,👀 Site Visit,rich,0,,,false,,,,false,,,,,,,,,2026-01-15T17:51:49.602000+00:00,false,0,Animal Battle Stats,1446203750204047426
1461417607306543277,,,,,,true,,0000,0,,1446203750204047426,,0,Animal Battle Stats,,1446204139909550150,,,2026-01-15T17:51:49.408Z,,4491519,0,,true,Visitor,RamiNoodle733,true,🌐 Location,"Katy, TX, US",,,,,,,,,,,,,,,,,,,2026-01-15T17:51:37.233000+00:00,👀 Site Visit,rich,0,,,false,,,,false,,,,,,,,,2026-01-15T17:51:49.408000+00:00,false,0,Animal Battle Stats,1446203750204047426
1461378811890241577,,,,,,true,,0000,0,,1446203750204047426,,0,Animal Battle Stats,,1446204139909550150,,,2026-01-15T15:17:39.860Z,,4491519,0,,true,Visitor,Anonymous,true,🌐 Location,"Houston, TX, US",,,,,,,,,,,,,,,,,,,2026-01-15T15:17:39.572000+00:00,👀 Site Visit,rich,0,,,false,,,,false,,,,,,,,,2026-01-15T15:17:39.860000+00:00,false,0,Animal Battle Stats,1446203750204047426
1461378810527088893,,,,,,true,,0000,0,,1446203750204047426,,0,Animal Battle Stats,,1446204139909550150,,,2026-01-15T15:17:39.535Z,,4491519,0,,true,Visitor,Anonymous,true,🌐 Location,"Houston, TX, US",,,,,,,,,,,,,,,,,,,2026-01-15T15:17:29.644000+00:00,👀 Site Visit,rich,0,,,false,,,,false,,,,,,,,,2026-01-15T15:17:39.535000+00:00,false,0,Animal Battle Stats,1446203750204047426
1461378756324233270,,,,,,true,,0000,0,,1446203750204047426,,0,Animal Battle Stats,,1446204139909550150,,,2026-01-15T15:17:26.612Z,,4491519,0,,true,Visitor,Anonymous,true,🌐 Location,"Houston, TX, US",,,,,,,,,,,,,,,,,,,2026-01-15T15:17:26.299000+00:00,👀 Site Visit,rich,0,,,false,,,,false,,,,,,,,,2026-01-15T15:17:26.612000+00:00,false,0,Animal Battle Stats,1446203750204047426
1461378755221131275,,,,,,true,,0000,0,,1446203750204047426,,0,Animal Battle Stats,,1446204139909550150,,,2026-01-15T15:17:26.349Z,,4491519,0,,true,Visitor,Anonymous,true,🌐 Location,"Houston, TX, US",,,,,,,,,,,,,,,,,,,2026-01-15T15:17:20.696000+00:00,👀 Site Visit,rich,0,,,false,,,,false,,,,,,,,,2026-01-15T15:17:26.349000+00:00,false,0,Animal Battle Stats,1446203750204047426
1461377040187133972,,,,,,true,,0000,0,,1446203750204047426,,0,Animal Battle Stats,,1446204139909550150,,,2026-01-15T15:10:37.453Z,,4491519,0,,true,Visitor,Anonymous,true,🌐 Location,"Houston, TX, US",,,,,,,,,,,,,,,,,,,2026-01-15T15:10:37.180000+00:00,👀 Site Visit,rich,0,,,false,,,,false,,,,,,,,,2026-01-15T15:10:37.453000+00:00,false,0,Animal Battle Stats,1446203750204047426
1461377024563085496,,,,,,true,,0000,0,,1446203750204047426,,0,Animal Battle Stats,,1446204139909550150,,,2026-01-15T15:10:33.728Z,,4491519,0,,true,Visitor,Anonymous,true,🌐 Location,"Houston, TX, US",,,,,,,,,,,,,,,,,,,2026-01-15T15:10:33.417000+00:00,👀 Site Visit,rich,0,,,false,,,,false,,,,,,,,,2026-01-15T15:10:33.728000+00:00,false,0,Animal Battle Stats,1446203750204047426
1461377007198933042,,,,,,true,,0000,0,,1446203750204047426,,0,Animal Battle Stats,,1446204139909550150,,,2026-01-15T15:10:29.588Z,,4491519,0,,true,Visitor,Anonymous,true,🌐 Location,"Houston, TX, US",,,,,,,,,,,,,,,,,,,2026-01-15T15:10:29.338000+00:00,👀 Site Visit,rich,0,,,false,,,,false,,,,,,,,,2026-01-15T15:10:29.588000+00:00,false,0,Animal Battle Stats,1446203750204047426
1461376995584639203,,,,,,true,,0000,0,,1446203750204047426,,0,Animal Battle Stats,,1446204139909550150,,,2026-01-15T15:10:26.819Z,,4491519,0,,true,Visitor,Anonymous,true,🌐 Location,"Houston, TX, US",,,,,,,,,,,,,,,,,,,2026-01-15T15:10:25.591000+00:00,👀 Site Visit,rich,0,,,false,,,,false,,,,,,,,,2026-01-15T15:10:26.819000+00:00,false,0,Animal Battle Stats,1446203750204047426
1461376990593548431,,,,,,true,,0000,0,,1446203750204047426,,0,Animal Battle Stats,,1446204139909550150,,,2026-01-15T15:10:25.629Z,,4491519,0,,true,Visitor,Anonymous,true,🌐 Location,"Houston, TX, US",,,,,,,,,,,,,,,,,,,2026-01-15T15:09:52.680000+00:00,👀 Site Visit,rich,0,,,false,,,,false,,,,,,,,,2026-01-15T15:10:25.629000+00:00,false,0,Animal Battle Stats,1446203750204047426
1461362221685674045,,,,,,true,,0000,0,,1446203750204047426,,0,Animal Battle Stats,,1446204139909550150,,,2026-01-15T14:11:44.447Z,,4491519,0,,true,Visitor,RamiNoodle733,true,🌐 Location,"Katy, TX, US",,,,,,,,,,,,,,,,,,,2026-01-15T14:11:44.168000+00:00,👀 Site Visit,rich,0,,,false,,,,false,,,,,,,,,2026-01-15T14:11:44.447000+00:00,false,0,Animal Battle Stats,1446203750204047426
1461362163955536033,,,,,,true,,0000,0,,1446203750204047426,,0,Animal Battle Stats,,1446204139909550150,,,2026-01-15T14:11:30.683Z,,4491519,0,,true,Visitor,RamiNoodle733,true,🌐 Location,"Katy, TX, US",,,,,,,,,,,,,,,,,,,2026-01-15T14:11:30.319000+00:00,👀 Site Visit,rich,0,,,false,,,,false,,,,,,,,,2026-01-15T14:11:30.683000+00:00,false,0,Animal Battle Stats,1446203750204047426
1461362162730668154,,,,,,true,,0000,0,,1446203750204047426,,0,Animal Battle Stats,,1446204139909550150,,,2026-01-15T14:11:30.391Z,,4491519,0,,true,Visitor,RamiNoodle733,true,🌐 Location,"Katy, TX, US",,,,,,,,,,,,,,,,,,,2026-01-15T14:11:24.787000+00:00,👀 Site Visit,rich,0,,,false,,,,false,,,,,,,,,2026-01-15T14:11:30.391000+00:00,false,0,Animal Battle Stats,1446203750204047426
1461357433258643528,,,,,,true,,0000,0,,1446203750204047426,,0,Animal Battle Stats,,1446204139909550150,,,2026-01-15T13:52:42.797Z,,4491519,0,,true,Visitor,RamiNoodle733,true,🌐 Location,"Katy, TX, US",,,,,,,,,,,,,,,,,,,2026-01-15T13:52:42.451000+00:00,👀 Site Visit,rich,0,,,false,,,,false,,,,,,,,,2026-01-15T13:52:42.797000+00:00,false,0,Animal Battle Stats,1446203750204047426
1461357387905503253,,,,,,true,,0000,0,,1446203750204047426,,0,Animal Battle Stats,,1446204139909550150,,,2026-01-15T13:52:31.984Z,,4491519,0,,true,Visitor,RamiNoodle733,true,🌐 Location,"Katy, TX, US",,,,,,,,,,,,,,,,,,,2026-01-15T13:52:31.632000+00:00,👀 Site Visit,rich,0,,,false,,,,false,,,,,,,,,2026-01-15T13:52:31.984000+00:00,false,0,Animal Battle Stats,1446203750204047426
1461357293605093418,,,,,,true,,0000,0,,1446203750204047426,,0,Animal Battle Stats,,1446204139909550150,,,2026-01-15T13:52:09.501Z,,4491519,0,,true,Visitor,RamiNoodle733,true,🌐 Location,"Katy, TX, US",,,,,,,,,,,,,,,,,,,2026-01-15T13:52:09.003000+00:00,👀 Site Visit,rich,0,,,false,,,,false,,,,,,,,,2026-01-15T13:52:09.501000+00:00,false,0,Animal Battle Stats,1446203750204047426
1461357276924346399,,,,,,true,,0000,0,,1446203750204047426,,0,Animal Battle Stats,,1446204139909550150,,,2026-01-15T13:52:05.524Z,,4491519,0,,true,Visitor,RamiNoodle733,true,🌐 Location,"Katy, TX, US",,,,,,,,,,,,,,,,,,,2026-01-15T13:52:05.236000+00:00,👀 Site Visit,rich,0,,,false,,,,false,,,,,,,,,2026-01-15T13:52:05.524000+00:00,false,0,Animal Battle Stats,1446203750204047426
1461357236562558990,,,,,,true,,0000,0,,1446203750204047426,,0,Animal Battle Stats,,1446204139909550150,,,2026-01-15T13:51:55.901Z,,4491519,0,,true,Visitor,RamiNoodle733,true,🌐 Location,"Katy, TX, US",,,,,,,,,,,,,,,,,,,2026-01-15T13:51:55.641000+00:00,👀 Site Visit,rich,0,,,false,,,,false,,,,,,,,,2026-01-15T13:51:55.901000+00:00,false,0,Animal Battle Stats,1446203750204047426
1461357235459330082,,,,,,true,,0000,0,,1446203750204047426,,0,Animal Battle Stats,,1446204139909550150,,,2026-01-15T13:51:55.638Z,,4491519,0,,true,Visitor,RamiNoodle733,true,🌐 Location,"Katy, TX, US",,,,,,,,,,,,,,,,,,,2026-01-15T13:51:52.214000+00:00,👀 Site Visit,rich,0,,,false,,,,false,,,,,,,,,2026-01-15T13:51:55.638000+00:00,false,0,Animal Battle Stats,1446203750204047426
1461350724045897904,,,,,,true,,0000,0,,1446203750204047426,,0,Animal Battle Stats,,1446204139909550150,,,2026-01-15T13:26:03.196Z,,4491519,0,,true,Visitor,RamiNoodle733,true,🌐 Location,"Katy, TX, US",,,,,,,,,,,,,,,,,,,2026-01-15T13:26:02.955000+00:00,👀 Site Visit,rich,0,,,false,,,,false,,,,,,,,,2026-01-15T13:26:03.196000+00:00,false,0,Animal Battle Stats,1446203750204047426
1461350597901942879,,,,,,true,,0000,0,,1446203750204047426,,0,Animal Battle Stats,,1446204139909550150,,,2026-01-15T13:25:33.121Z,,4491519,0,,true,Visitor,RamiNoodle733,true,🌐 Location,"Katy, TX, US",,,,,,,,,,,,,,,,,,,2026-01-15T13:25:32.945000+00:00,👀 Site Visit,rich,0,,,false,,,,false,,,,,,,,,2026-01-15T13:25:33.121000+00:00,false,0,Animal Battle Stats,1446203750204047426
1461350525781020774,,,,,,true,,0000,0,,1446203750204047426,,0,Animal Battle Stats,,1446204139909550150,,,2026-01-15T13:25:15.926Z,,4491519,0,,true,Visitor,RamiNoodle733,true,🌐 Location,"Katy, TX, US",,,,,,,,,,,,,,,,,,,2026-01-15T13:25:15.498000+00:00,👀 Site Visit,rich,0,,,false,,,,false,,,,,,,,,2026-01-15T13:25:15.926000+00:00,false,0,Animal Battle Stats,1446203750204047426
1461350524166082795,,,,,,true,,0000,0,,1446203750204047426,,0,Animal Battle Stats,,1446204139909550150,,,2026-01-15T13:25:15.541Z,,4491519,0,,true,Visitor,RamiNoodle733,true,🌐 Location,"Katy, TX, US",,,,,,,,,,,,,,,,,,,2026-01-15T13:25:12.888000+00:00,👀 Site Visit,rich,0,,,false,,,,false,,,,,,,,,2026-01-15T13:25:15.541000+00:00,false,0,Animal Battle Stats,1446203750204047426
1461347677433237658,,,,,,true,,0000,0,,1446203750204047426,,0,Animal Battle Stats,,1446204139909550150,,,2026-01-15T13:13:56.827Z,,4491519,0,,true,Visitor,RamiNoodle733,true,🌐 Location,"Katy, TX, US",,,,,,,,,,,,,,,,,,,2026-01-15T13:13:56.575000+00:00,👀 Site Visit,rich,0,,,false,,,,false,,,,,,,,,2026-01-15T13:13:56.827000+00:00,false,0,Animal Battle Stats,1446203750204047426
1461347670147989681,,,,,,true,,0000,0,,1446203750204047426,,0,Animal Battle Stats,,1446204139909550150,,,2026-01-15T13:13:55.090Z,,4491519,0,,true,Visitor,RamiNoodle733,true,🌐 Location,"Katy, TX, US",,,,,,,,,,,,,,,,,,,2026-01-15T13:13:54.829000+00:00,👀 Site Visit,rich,0,,,false,,,,false,,,,,,,,,2026-01-15T13:13:55.090000+00:00,false,0,Animal Battle Stats,1446203750204047426
1461346936807231602,,,,,,true,,0000,0,,1446203750204047426,,0,Animal Battle Stats,,1446204139909550150,,,2026-01-15T13:11:00.248Z,,4491519,0,,true,Visitor,RamiNoodle733,true,🌐 Location,"Katy, TX, US",,,,,,,,,,,,,,,,,,,2026-01-15T13:10:59.967000+00:00,👀 Site Visit,rich,0,,,false,,,,false,,,,,,,,,2026-01-15T13:11:00.248000+00:00,false,0,Animal Battle Stats,1446203750204047426
1461346900447072328,,,,,,true,,0000,0,,1446203750204047426,,0,Animal Battle Stats,,1446204139909550150,,,2026-01-15T13:10:51.579Z,,4491519,0,,true,Visitor,RamiNoodle733,true,🌐 Location,"Katy, TX, US",,,,,,,,,,,,,,,,,,,2026-01-15T13:10:49.113000+00:00,👀 Site Visit,rich,0,,,false,,,,false,,,,,,,,,2026-01-15T13:10:51.579000+00:00,false,0,Animal Battle Stats,1446203750204047426
1461346896999354537,,,,,,true,,0000,0,,1446203750204047426,,0,Animal Battle Stats,,1446204139909550150,,,2026-01-15T13:10:50.757Z,,4491519,0,,true,Visitor,RamiNoodle733,true,🌐 Location,"Katy, TX, US",,,,,,,,,,,,,,,,,,,2026-01-15T13:10:50.379000+00:00,👀 Site Visit,rich,0,,,false,,,,false,,,,,,,,,2026-01-15T13:10:50.757000+00:00,false,0,Animal Battle Stats,1446203750204047426
1461189851473903627,,,,,,true,,0000,0,,1446203750204047426,,0,Animal Battle Stats,,1446204139909550150,,,2026-01-15T02:46:48.186Z,,4491519,0,,true,Visitor,RamiNoodle733,true,🌐 Location,"Katy, TX, US",,,,,,,,,,,,,,,,,,,2026-01-15T02:46:47.888000+00:00,👀 Site Visit,rich,0,,,false,,,,false,,,,,,,,,2026-01-15T02:46:48.186000+00:00,false,0,Animal Battle Stats,1446203750204047426
1461189850291110060,,,,,,true,,0000,0,,1446203750204047426,,0,Animal Battle Stats,,1446204139909550150,,,2026-01-15T02:46:47.904Z,,4491519,0,,true,Visitor,RamiNoodle733,true,🌐 Location,"Katy, TX, US",,,,,,,,,,,,,,,,,,,2026-01-15T02:44:54.850000+00:00,👀 Site Visit,rich,0,,,false,,,,false,,,,,,,,,2026-01-15T02:46:47.904000+00:00,false,0,Animal Battle Stats,1446203750204047426
1461159521320833176,,,,,,true,,0000,0,,1446203750204047426,,0,Animal Battle Stats,,1446204139909550150,,,2026-01-15T00:46:16.914Z,,4491519,0,,true,Visitor,RamiNoodle733,true,🌐 Location,"Katy, TX, US",,,,,,,,,,,,,,,,,,,2026-01-15T00:46:16.661000+00:00,👀 Site Visit,rich,0,,,false,,,,false,,,,,,,,,2026-01-15T00:46:16.914000+00:00,false,0,Animal Battle Stats,1446203750204047426
1461159514551091454,,,,,,true,,0000,0,,1446203750204047426,,0,Animal Battle Stats,,1446204139909550150,,,2026-01-15T00:46:15.300Z,,4491519,0,,true,Visitor,RamiNoodle733,true,🌐 Location,"Katy, TX, US",,,,,,,,,,,,,,,,,,,2026-01-15T00:46:15.125000+00:00,👀 Site Visit,rich,0,,,false,,,,false,,,,,,,,,2026-01-15T00:46:15.300000+00:00,false,0,Animal Battle Stats,1446203750204047426
1461159506536042659,,,,,,true,,0000,0,,1446203750204047426,,0,Animal Battle Stats,,1446204139909550150,,,2026-01-15T00:46:13.389Z,,4491519,0,,true,Visitor,RamiNoodle733,true,🌐 Location,"Katy, TX, US",,,,,,,,,,,,,,,,,,,2026-01-15T00:46:13.034000+00:00,👀 Site Visit,rich,0,,,false,,,,false,,,,,,,,,2026-01-15T00:46:13.389000+00:00,false,0,Animal Battle Stats,1446203750204047426
1461159484343713884,,,,,,true,,0000,0,,1446203750204047426,,0,Animal Battle Stats,,1446204139909550150,,,2026-01-15T00:46:08.098Z,,52326,0,,true,Username,RamiNoodle733,true,🌐 Location,"Katy, TX, US",,,,,,,,,,,,,,,,,,,2026-01-15T00:46:00.712000+00:00,🔓 User Login,rich,0,,,false,,,,false,,,,,,,,,2026-01-15T00:46:08.098000+00:00,false,0,Animal Battle Stats,1446203750204047426
1461159440307847269,,,,,,true,,0000,0,,1446203750204047426,,0,Animal Battle Stats,,1446204139909550150,,,2026-01-15T00:45:57.599Z,,4491519,0,,true,Visitor,Anonymous,true,🌐 Location,"Katy, TX, US",,,,,,,,,,,,,,,,,,,2026-01-15T00:45:57.336000+00:00,👀 Site Visit,rich,0,,,false,,,,false,,,,,,,,,2026-01-15T00:45:57.599000+00:00,false,0,Animal Battle Stats,1446203750204047426
1461159429327028389,,,,,,true,,0000,0,,1446203750204047426,,0,Animal Battle Stats,,1446204139909550150,,,2026-01-15T00:45:54.981Z,,4491519,0,,true,Visitor,Anonymous,true,🌐 Location,"Katy, TX, US",,,,,,,,,,,,,,,,,,,2026-01-15T00:45:54.675000+00:00,👀 Site Visit,rich,0,,,false,,,,false,,,,,,,,,2026-01-15T00:45:54.981000+00:00,false,0,Animal Battle Stats,1446203750204047426
1461159415993602174,,,,,,true,,0000,0,,1446203750204047426,,0,Animal Battle Stats,,1446204139909550150,,,2026-01-15T00:45:51.802Z,,4491519,0,,true,Visitor,Anonymous,true,🌐 Location,"Katy, TX, US",,,,,,,,,,,,,,,,,,,2026-01-15T00:45:51.581000+00:00,👀 Site Visit,rich,0,,,false,,,,false,,,,,,,,,2026-01-15T00:45:51.802000+00:00,false,0,Animal Battle Stats,1446203750204047426
1461159399350603940,,,,,,true,,0000,0,,1446203750204047426,,0,Animal Battle Stats,,1446204139909550150,,,2026-01-15T00:45:47.834Z,,4491519,0,,true,Visitor,Anonymous,true,🌐 Location,"Katy, TX, US",,,,,,,,,,,,,,,,,,,2026-01-15T00:45:47.418000+00:00,👀 Site Visit,rich,0,,,false,,,,false,,,,,,,,,2026-01-15T00:45:47.834000+00:00,false,0,Animal Battle Stats,1446203750204047426
1461159358304882698,,,,,,true,,0000,0,,1446203750204047426,,0,Animal Battle Stats,,1446204139909550150,,,2026-01-15T00:45:38.048Z,,4491519,0,,true,Visitor,Anonymous,true,🌐 Location,"Katy, TX, US",,,,,,,,,,,,,,,,,,,2026-01-15T00:45:37.746000+00:00,👀 Site Visit,rich,0,,,false,,,,false,,,,,,,,,2026-01-15T00:45:38.048000+00:00,false,0,Animal Battle Stats,1446203750204047426
1461159357789245566,,,,,,true,,0000,0,,1446203750204047426,,0,Animal Battle Stats,,1446204139909550150,,,2026-01-15T00:45:37.925Z,,16750848,0,,true,Username,RamiNoodle733,true,🌐 Location,"Katy, TX, US",,,,,,,,,,,,,,,,,,,2026-01-15T00:45:33.874000+00:00,🔒 User Logout,rich,0,,,false,,,,false,,,,,,,,,2026-01-15T00:45:37.925000+00:00,false,0,Animal Battle Stats,1446203750204047426
1461159356950384776,,,,,,true,,0000,0,,1446203750204047426,,0,Animal Battle Stats,,1446204139909550150,,,2026-01-15T00:45:37.725Z,,4491519,0,,true,Visitor,RamiNoodle733,true,🌐 Location,"Katy, TX, US",,,,,,,,,,,,,,,,,,,2026-01-15T00:44:57.298000+00:00,👀 Site Visit,rich,0,,,false,,,,false,,,,,,,,,2026-01-15T00:45:37.725000+00:00,false,0,Animal Battle Stats,1446203750204047426
1461152646462312509,,,,,,true,,0000,0,,1446203750204047426,,0,Animal Battle Stats,,1446204139909550150,,,2026-01-15T00:18:57.820Z,,16739072,0,,false,Matchup,Saltwater Crocodile vs Hippopotamus,true,User,RamiNoodle733,true,🌐 Location,"Katy, TX, US",,,,,,,,,,,,,,,,2026-01-15T00:18:57.426000+00:00,⚔️ Battle Comparison,rich,0,,,false,,,,false,,,,,,,,,2026-01-15T00:18:57.820000+00:00,false,0,Animal Battle Stats,1446203750204047426
1461152603747520613,,,,,,true,,0000,0,,1446203750204047426,,0,Animal Battle Stats,,1446204139909550150,,,2026-01-15T00:18:47.636Z,,4491519,0,,true,Visitor,RamiNoodle733,true,🌐 Location,"Katy, TX, US",,,,,,,,,,,,,,,,,,,2026-01-15T00:18:47.385000+00:00,👀 Site Visit,rich,0,,,false,,,,false,,,,,,,,,2026-01-15T00:18:47.636000+00:00,false,0,Animal Battle Stats,1446203750204047426
1461152555244585051,,,,,,true,,0000,0,,1446203750204047426,,0,Animal Battle Stats,,1446204139909550150,,,2026-01-15T00:18:36.072Z,,4491519,0,,true,Visitor,RamiNoodle733,true,🌐 Location,"Katy, TX, US",,,,,,,,,,,,,,,,,,,2026-01-15T00:18:35.729000+00:00,👀 Site Visit,rich,0,,,false,,,,false,,,,,,,,,2026-01-15T00:18:36.072000+00:00,false,0,Animal Battle Stats,1446203750204047426
1461152192731025509,,,,,,true,,0000,0,,1446203750204047426,,0,Animal Battle Stats,,1446204139909550150,,,2026-01-15T00:17:09.642Z,,4491519,0,,true,Visitor,RamiNoodle733,true,🌐 Location,"Katy, TX, US",,,,,,,,,,,,,,,,,,,2026-01-15T00:17:09.304000+00:00,👀 Site Visit,rich,0,,,false,,,,false,,,,,,,,,2026-01-15T00:17:09.642000+00:00,false,0,Animal Battle Stats,1446203750204047426
1461151694598574262,,,,,,true,,0000,0,,1446203750204047426,,0,Animal Battle Stats,,1446204139909550150,,,2026-01-15T00:15:10.878Z,,4491519,0,,true,Visitor,RamiNoodle733,true,🌐 Location,"Katy, TX, US",,,,,,,,,,,,,,,,,,,2026-01-15T00:15:09.291000+00:00,👀 Site Visit,rich,0,,,false,,,,false,,,,,,,,,2026-01-15T00:15:10.878000+00:00,false,0,Animal Battle Stats,1446203750204047426
1461151505603362860,,,,,,true,,0000,0,,1446203750204047426,,0,Animal Battle Stats,,1446204139909550150,,,2026-01-15T00:14:25.818Z,,4491519,0,,true,Visitor,RamiNoodle733,true,🌐 Location,"Katy, TX, US",,,,,,,,,,,,,,,,,,,2026-01-15T00:14:25.548000+00:00,👀 Site Visit,rich,0,,,false,,,,false,,,,,,,,,2026-01-15T00:14:25.818000+00:00,false,0,Animal Battle Stats,1446203750204047426
1461151262858018859,,,,,,true,,0000,0,,1446203750204047426,,0,Animal Battle Stats,,1446204139909550150,,,2026-01-15T00:13:27.943Z,,4491519,0,,true,Visitor,RamiNoodle733,true,🌐 Location,"Katy, TX, US",,,,,,,,,,,,,,,,,,,2026-01-15T00:13:27.618000+00:00,👀 Site Visit,rich,0,,,false,,,,false,,,,,,,,,2026-01-15T00:13:27.943000+00:00,false,0,Animal Battle Stats,1446203750204047426
1461151210420703374,,,,,,true,,0000,0,,1446203750204047426,,0,Animal Battle Stats,,1446204139909550150,,,2026-01-15T00:13:15.441Z,,4491519,0,,true,Visitor,RamiNoodle733,true,🌐 Location,"Katy, TX, US",,,,,,,,,,,,,,,,,,,2026-01-15T00:13:15.077000+00:00,👀 Site Visit,rich,0,,,false,,,,false,,,,,,,,,2026-01-15T00:13:15.441000+00:00,false,0,Animal Battle Stats,1446203750204047426
1461151209191903448,,,,,,true,,0000,0,,1446203750204047426,,0,Animal Battle Stats,,1446204139909550150,,,2026-01-15T00:13:15.148Z,,4491519,0,,true,Visitor,RamiNoodle733,true,🌐 Location,"Katy, TX, US",,,,,,,,,,,,,,,,,,,2026-01-15T00:13:03.565000+00:00,👀 Site Visit,rich,0,,,false,,,,false,,,,,,,,,2026-01-15T00:13:15.148000+00:00,false,0,Animal Battle Stats,1446203750204047426
1461140628107825275,,,,,,true,,0000,0,,1446203750204047426,,0,Animal Battle Stats,,1446204139909550150,,,2026-01-14T23:31:12.421Z,,4491519,0,,true,Visitor,RamiNoodle733,true,🌐 Location,"Katy, TX, US",,,,,,,,,,,,,,,,,,,2026-01-14T23:31:12.091000+00:00,👀 Site Visit,rich,0,,,false,,,,false,,,,,,,,,2026-01-14T23:31:12.421000+00:00,false,0,Animal Battle Stats,1446203750204047426
1461140610814840852,,,,,,true,,0000,0,,1446203750204047426,,0,Animal Battle Stats,,1446204139909550150,,,2026-01-14T23:31:08.298Z,,4491519,0,,true,Visitor,RamiNoodle733,true,🌐 Location,"Katy, TX, US",,,,,,,,,,,,,,,,,,,2026-01-14T23:31:07.991000+00:00,👀 Site Visit,rich,0,,,false,,,,false,,,,,,,,,2026-01-14T23:31:08.298000+00:00,false,0,Animal Battle Stats,1446203750204047426
1461140609694961790,,,,,,true,,0000,0,,1446203750204047426,,0,Animal Battle Stats,,1446204139909550150,,,2026-01-14T23:31:08.031Z,,4491519,0,,true,Visitor,RamiNoodle733,true,🌐 Location,"Katy, TX, US",,,,,,,,,,,,,,,,,,,2026-01-14T23:31:01.391000+00:00,👀 Site Visit,rich,0,,,false,,,,false,,,,,,,,,2026-01-14T23:31:08.031000+00:00,false,0,Animal Battle Stats,1446203750204047426
1461108984588144754,,,,,,true,,0000,0,,1446203750204047426,,0,Animal Battle Stats,,1446204139909550150,,,2026-01-14T21:25:28.018Z,,16739072,0,,false,Matchup,Koala vs Sloth,true,User,Anonymous,true,🌐 Location,"Lodi, NJ, US",,,,,,,,,,,,,,,,2026-01-14T21:25:27.740000+00:00,⚔️ Battle Comparison,rich,0,,,false,,,,false,,,,,,,,,2026-01-14T21:25:28.018000+00:00,false,0,Animal Battle Stats,1446203750204047426
1461108868787732615,,,,,,true,,0000,0,,1446203750204047426,,0,Animal Battle Stats,,1446204139909550150,,,2026-01-14T21:25:00.409Z,,16739072,0,,false,Matchup,Koala vs Sloth,true,User,Anonymous,true,🌐 Location,"Lodi, NJ, US",,,,,,,,,,,,,,,,2026-01-14T21:25:00.045000+00:00,⚔️ Battle Comparison,rich,0,,,false,,,,false,,,,,,,,,2026-01-14T21:25:00.409000+00:00,false,0,Animal Battle Stats,1446203750204047426
1461108846712848484,,,,,,true,,0000,0,,1446203750204047426,,0,Animal Battle Stats,,1446204139909550150,,,2026-01-14T21:24:55.146Z,,16739072,0,,false,Matchup,Koala vs Sloth,true,User,Anonymous,true,🌐 Location,"Lodi, NJ, US",,,,,,,,,,,,,,,,2026-01-14T21:24:54.833000+00:00,⚔️ Battle Comparison,rich,0,,,false,,,,false,,,,,,,,,2026-01-14T21:24:55.146000+00:00,false,0,Animal Battle Stats,1446203750204047426
1461108822717239296,,,,,,true,,0000,0,,1446203750204047426,,0,Animal Battle Stats,,1446204139909550150,,,2026-01-14T21:24:49.425Z,,16739072,0,,false,Matchup,Koala vs Sloth,true,User,Anonymous,true,🌐 Location,"Lodi, NJ, US",,,,,,,,,,,,,,,,2026-01-14T21:24:49.121000+00:00,⚔️ Battle Comparison,rich,0,,,false,,,,false,,,,,,,,,2026-01-14T21:24:49.425000+00:00,false,0,Animal Battle Stats,1446203750204047426
1461108651510075487,,,,,,true,,0000,0,,1446203750204047426,,0,Animal Battle Stats,,1446204139909550150,,,2026-01-14T21:24:08.606Z,,16739072,0,,false,Matchup,Arctic Wolf vs Gray Wolf,true,User,Anonymous,true,🌐 Location,"Lodi, NJ, US",,,,,,,,,,,,,,,,2026-01-14T21:24:08.259000+00:00,⚔️ Battle Comparison,rich,0,,,false,,,,false,,,,,,,,,2026-01-14T21:24:08.606000+00:00,false,0,Animal Battle Stats,1446203750204047426
1461108552981549109,,,,,,true,,0000,0,,1446203750204047426,,0,Animal Battle Stats,,1446204139909550150,,,2026-01-14T21:23:45.115Z,,16739072,0,,false,Matchup,Wombat vs Dingo,true,User,Anonymous,true,🌐 Location,"Lodi, NJ, US",,,,,,,,,,,,,,,,2026-01-14T21:23:44.943000+00:00,⚔️ Battle Comparison,rich,0,,,false,,,,false,,,,,,,,,2026-01-14T21:23:45.115000+00:00,false,0,Animal Battle Stats,1446203750204047426
1461108489601421425,,,,,,true,,0000,0,,1446203750204047426,,0,Animal Battle Stats,,1446204139909550150,,,2026-01-14T21:23:30.004Z,,16739072,0,,false,Matchup,Dingo vs Wombat,true,User,Anonymous,true,🌐 Location,"Lodi, NJ, US",,,,,,,,,,,,,,,,2026-01-14T21:23:29.703000+00:00,⚔️ Battle Comparison,rich,0,,,false,,,,false,,,,,,,,,2026-01-14T21:23:30.004000+00:00,false,0,Animal Battle Stats,1446203750204047426
1461108476246757398,,,,,,true,,0000,0,,1446203750204047426,,0,Animal Battle Stats,,1446204139909550150,,,2026-01-14T21:23:26.820Z,,16739072,0,,false,Matchup,Dingo vs Wombat,true,User,Anonymous,true,🌐 Location,"Lodi, NJ, US",,,,,,,,,,,,,,,,2026-01-14T21:23:26.498000+00:00,⚔️ Battle Comparison,rich,0,,,false,,,,false,,,,,,,,,2026-01-14T21:23:26.820000+00:00,false,0,Animal Battle Stats,1446203750204047426
1461108426129150004,,,,,,true,,0000,0,,1446203750204047426,,0,Animal Battle Stats,,1446204139909550150,,,2026-01-14T21:23:14.871Z,,16739072,0,,false,Matchup,Dingo vs Wombat,true,User,Anonymous,true,🌐 Location,"Lodi, NJ, US",,,,,,,,,,,,,,,,2026-01-14T21:23:14.387000+00:00,⚔️ Battle Comparison,rich,0,,,false,,,,false,,,,,,,,,2026-01-14T21:23:14.871000+00:00,false,0,Animal Battle Stats,1446203750204047426
1461108305824059595,,,,,,true,,0000,0,,1446203750204047426,,0,Animal Battle Stats,,1446204139909550150,,,2026-01-14T21:22:46.188Z,,16739072,0,,false,Matchup,Bobcat vs Wombat,true,User,Anonymous,true,🌐 Location,"Lodi, NJ, US",,,,,,,,,,,,,,,,2026-01-14T21:22:45.825000+00:00,⚔️ Battle Comparison,rich,0,,,false,,,,false,,,,,,,,,2026-01-14T21:22:46.188000+00:00,false,0,Animal Battle Stats,1446203750204047426
1461100752238936248,,,,,,true,,0000,0,,1446203750204047426,,0,Animal Battle Stats,,1446204139909550150,,,2026-01-14T20:52:45.273Z,,16739072,0,,false,Matchup,Grizzly Bear vs Gorilla,true,User,Anonymous,true,🌐 Location,"Lodi, NJ, US",,,,,,,,,,,,,,,,2026-01-14T20:52:44.929000+00:00,⚔️ Battle Comparison,rich,0,,,false,,,,false,,,,,,,,,2026-01-14T20:52:45.273000+00:00,false,0,Animal Battle Stats,1446203750204047426
1461100688338849882,,,,,,true,,0000,0,,1446203750204047426,,0,Animal Battle Stats,,1446204139909550150,,,2026-01-14T20:52:30.038Z,,16739072,0,,false,Matchup,Gorilla vs Grizzly Bear,true,User,Anonymous,true,🌐 Location,"Lodi, NJ, US",,,,,,,,,,,,,,,,2026-01-14T20:52:29.729000+00:00,⚔️ Battle Comparison,rich,0,,,false,,,,false,,,,,,,,,2026-01-14T20:52:30.038000+00:00,false,0,Animal Battle Stats,1446203750204047426
1461100632898535556,,,,,,true,,0000,0,,1446203750204047426,,0,Animal Battle Stats,,1446204139909550150,,,2026-01-14T20:52:16.820Z,,16739072,0,,false,Matchup,Grizzly Bear vs Gorilla,true,User,Anonymous,true,🌐 Location,"Lodi, NJ, US",,,,,,,,,,,,,,,,2026-01-14T20:52:16.397000+00:00,⚔️ Battle Comparison,rich,0,,,false,,,,false,,,,,,,,,2026-01-14T20:52:16.820000+00:00,false,0,Animal Battle Stats,1446203750204047426
1461099156222247055,,,,,,true,,0000,0,,1446203750204047426,,0,Animal Battle Stats,,1446204139909550150,,,2026-01-14T20:46:24.753Z,,4491519,0,,true,Visitor,RamiNoodle733,true,🌐 Location,"Katy, TX, US",,,,,,,,,,,,,,,,,,,2026-01-14T20:46:24.439000+00:00,👀 Site Visit,rich,0,,,false,,,,false,,,,,,,,,2026-01-14T20:46:24.753000+00:00,false,0,Animal Battle Stats,1446203750204047426
1461099141915611247,,,,,,true,,0000,0,,1446203750204047426,,0,Animal Battle Stats,,1446204139909550150,,,2026-01-14T20:46:21.342Z,,4491519,0,,true,Visitor,RamiNoodle733,true,🌐 Location,"Katy, TX, US",,,,,,,,,,,,,,,,,,,2026-01-14T20:46:20.981000+00:00,👀 Site Visit,rich,0,,,false,,,,false,,,,,,,,,2026-01-14T20:46:21.342000+00:00,false,0,Animal Battle Stats,1446203750204047426
1461099130234470573,,,,,,true,,0000,0,,1446203750204047426,,0,Animal Battle Stats,,1446204139909550150,,,2026-01-14T20:46:18.557Z,,4491519,0,,true,Visitor,RamiNoodle733,true,🌐 Location,"Katy, TX, US",,,,,,,,,,,,,,,,,,,2026-01-14T20:46:18.224000+00:00,👀 Site Visit,rich,0,,,false,,,,false,,,,,,,,,2026-01-14T20:46:18.557000+00:00,false,0,Animal Battle Stats,1446203750204047426
1461098886079975447,,,,,,true,,0000,0,,1446203750204047426,,0,Animal Battle Stats,,1446204139909550150,,,2026-01-14T20:45:20.346Z,,4491519,0,,true,Visitor,Anonymous,true,🌐 Location,"Katy, TX, US",,,,,,,,,,,,,,,,,,,2026-01-14T20:45:20.107000+00:00,👀 Site Visit,rich,0,,,false,,,,false,,,,,,,,,2026-01-14T20:45:20.346000+00:00,false,0,Animal Battle Stats,1446203750204047426
1461098874650497361,,,,,,true,,0000,0,,1446203750204047426,,0,Animal Battle Stats,,1446204139909550150,,,2026-01-14T20:45:17.621Z,,16750848,0,,true,Username,RamiNoodle733,true,🌐 Location,"Katy, TX, US",,,,,,,,,,,,,,,,,,,2026-01-14T20:45:17.303000+00:00,🔒 User Logout,rich,0,,,false,,,,false,,,,,,,,,2026-01-14T20:45:17.621000+00:00,false,0,Animal Battle Stats,1446203750204047426
1461098861865996523,,,,,,true,,0000,0,,1446203750204047426,,0,Animal Battle Stats,,1446204139909550150,,,2026-01-14T20:45:14.573Z,,4491519,0,,true,Visitor,RamiNoodle733,true,🌐 Location,"Katy, TX, US",,,,,,,,,,,,,,,,,,,2026-01-14T20:45:14.261000+00:00,👀 Site Visit,rich,0,,,false,,,,false,,,,,,,,,2026-01-14T20:45:14.573000+00:00,false,0,Animal Battle Stats,1446203750204047426
1461098850516341099,,,,,,true,,0000,0,,1446203750204047426,,0,Animal Battle Stats,,1446204139909550150,,,2026-01-14T20:45:11.867Z,,4491519,0,,true,Visitor,RamiNoodle733,true,🌐 Location,"Katy, TX, US",,,,,,,,,,,,,,,,,,,2026-01-14T20:45:11.419000+00:00,👀 Site Visit,rich,0,,,false,,,,false,,,,,,,,,2026-01-14T20:45:11.867000+00:00,false,0,Animal Battle Stats,1446203750204047426
1461098555551780989,,,,,,true,,0000,0,,1446203750204047426,,0,Animal Battle Stats,,1446204139909550150,,,2026-01-14T20:44:01.542Z,,4491519,0,,true,Visitor,RamiNoodle733,true,🌐 Location,"Katy, TX, US",,,,,,,,,,,,,,,,,,,2026-01-14T20:44:01.174000+00:00,👀 Site Visit,rich,0,,,false,,,,false,,,,,,,,,2026-01-14T20:44:01.542000+00:00,false,0,Animal Battle Stats,1446203750204047426
1461098554243285056,,,,,,true,,0000,0,,1446203750204047426,,0,Animal Battle Stats,,1446204139909550150,,,2026-01-14T20:44:01.230Z,,4491519,0,,true,Visitor,RamiNoodle733,true,🌐 Location,"Katy, TX, US",,,,,,,,,,,,,,,,,,,2026-01-14T20:43:56.365000+00:00,👀 Site Visit,rich,0,,,false,,,,false,,,,,,,,,2026-01-14T20:44:01.230000+00:00,false,0,Animal Battle Stats,1446203750204047426
1461091664729866342,,,,,,true,,0000,0,,1446203750204047426,,0,Animal Battle Stats,,1446204139909550150,,,2026-01-14T20:16:38.642Z,,4491519,0,,true,Visitor,RamiNoodle733,true,🌐 Location,"Katy, TX, US",,,,,,,,,,,,,,,,,,,2026-01-14T20:16:38.349000+00:00,👀 Site Visit,rich,0,,,false,,,,false,,,,,,,,,2026-01-14T20:16:38.642000+00:00,false,0,Animal Battle Stats,1446203750204047426
1461091653941985394,,,,,,true,,0000,0,,1446203750204047426,,0,Animal Battle Stats,,1446204139909550150,,,2026-01-14T20:16:36.070Z,,4491519,0,,true,Visitor,RamiNoodle733,true,🌐 Location,"Katy, TX, US",,,,,,,,,,,,,,,,,,,2026-01-14T20:16:35.824000+00:00,👀 Site Visit,rich,0,,,false,,,,false,,,,,,,,,2026-01-14T20:16:36.070000+00:00,false,0,Animal Battle Stats,1446203750204047426
1461090744193253406,,,,,,true,,0000,0,,1446203750204047426,,0,Animal Battle Stats,,1446204139909550150,,,2026-01-14T20:12:59.169Z,,4491519,0,,true,Visitor,RamiNoodle733,true,🌐 Location,"Katy, TX, US",,,,,,,,,,,,,,,,,,,2026-01-14T20:12:58.879000+00:00,👀 Site Visit,rich,0,,,false,,,,false,,,,,,,,,2026-01-14T20:12:59.169000+00:00,false,0,Animal Battle Stats,1446203750204047426
1461090696994754799,,,,,,true,,0000,0,,1446203750204047426,,0,Animal Battle Stats,,1446204139909550150,,,2026-01-14T20:12:47.916Z,,4491519,0,,true,Visitor,RamiNoodle733,true,🌐 Location,"Katy, TX, US",,,,,,,,,,,,,,,,,,,2026-01-14T20:12:47.668000+00:00,👀 Site Visit,rich,0,,,false,,,,false,,,,,,,,,2026-01-14T20:12:47.916000+00:00,false,0,Animal Battle Stats,1446203750204047426
1461090694813847645,,,,,,true,,0000,0,,1446203750204047426,,0,Animal Battle Stats,,1446204139909550150,,,2026-01-14T20:12:47.396Z,,4491519,0,,true,Visitor,RamiNoodle733,true,🌐 Location,"Katy, TX, US",,,,,,,,,,,,,,,,,,,2026-01-14T20:12:46.024000+00:00,👀 Site Visit,rich,0,,,false,,,,false,,,,,,,,,2026-01-14T20:12:47.396000+00:00,false,0,Animal Battle Stats,1446203750204047426
1461089726520889516,,,,,,true,,0000,0,,1446203750204047426,,0,Animal Battle Stats,,1446204139909550150,,,2026-01-14T20:08:56.537Z,,4491519,0,,true,Visitor,RamiNoodle733,true,🌐 Location,"Katy, TX, US",,,,,,,,,,,,,,,,,,,2026-01-14T20:08:56.235000+00:00,👀 Site Visit,rich,0,,,false,,,,false,,,,,,,,,2026-01-14T20:08:56.537000+00:00,false,0,Animal Battle Stats,1446203750204047426
1461089005469700371,,,,,,true,,0000,0,,1446203750204047426,,0,Animal Battle Stats,,1446204139909550150,,,2026-01-14T20:06:04.625Z,,4491519,0,,true,Visitor,RamiNoodle733,true,🌐 Location,"Katy, TX, US",,,,,,,,,,,,,,,,,,,2026-01-14T20:06:04.350000+00:00,👀 Site Visit,rich,0,,,false,,,,false,,,,,,,,,2026-01-14T20:06:04.625000+00:00,false,0,Animal Battle Stats,1446203750204047426
1461088997332877465,,,,,,true,,0000,0,,1446203750204047426,,0,Animal Battle Stats,,1446204139909550150,,,2026-01-14T20:06:02.685Z,,4491519,0,,true,Visitor,RamiNoodle733,true,🌐 Location,"Katy, TX, US",,,,,,,,,,,,,,,,,,,2026-01-14T20:06:02.347000+00:00,👀 Site Visit,rich,0,,,false,,,,false,,,,,,,,,2026-01-14T20:06:02.685000+00:00,false,0,Animal Battle Stats,1446203750204047426
1461088989846179913,,,,,,true,,0000,0,,1446203750204047426,,0,Animal Battle Stats,,1446204139909550150,,,2026-01-14T20:06:00.900Z,,4491519,0,,true,Visitor,RamiNoodle733,true,🌐 Location,"Katy, TX, US",,,,,,,,,,,,,,,,,,,2026-01-14T20:06:00.437000+00:00,👀 Site Visit,rich,0,,,false,,,,false,,,,,,,,,2026-01-14T20:06:00.900000+00:00,false,0,Animal Battle Stats,1446203750204047426
1461088981264498931,,,,,,true,,0000,0,,1446203750204047426,,0,Animal Battle Stats,,1446204139909550150,,,2026-01-14T20:05:58.854Z,,4491519,0,,true,Visitor,RamiNoodle733,true,🌐 Location,"Katy, TX, US",,,,,,,,,,,,,,,,,,,2026-01-14T20:05:58.528000+00:00,👀 Site Visit,rich,0,,,false,,,,false,,,,,,,,,2026-01-14T20:05:58.854000+00:00,false,0,Animal Battle Stats,1446203750204047426
1461088973953831044,,,,,,true,,0000,0,,1446203750204047426,,0,Animal Battle Stats,,1446204139909550150,,,2026-01-14T20:05:57.111Z,,4491519,0,,true,Visitor,RamiNoodle733,true,🌐 Location,"Katy, TX, US",,,,,,,,,,,,,,,,,,,2026-01-14T20:05:56.862000+00:00,👀 Site Visit,rich,0,,,false,,,,false,,,,,,,,,2026-01-14T20:05:57.111000+00:00,false,0,Animal Battle Stats,1446203750204047426
1461088964499865832,,,,,,true,,0000,0,,1446203750204047426,,0,Animal Battle Stats,,1446204139909550150,,,2026-01-14T20:05:54.857Z,,4491519,0,,true,Visitor,RamiNoodle733,true,🌐 Location,"Katy, TX, US",,,,,,,,,,,,,,,,,,,2026-01-14T20:05:54.373000+00:00,👀 Site Visit,rich,0,,,false,,,,false,,,,,,,,,2026-01-14T20:05:54.857000+00:00,false,0,Animal Battle Stats,1446203750204047426
1461088927438864466,,,,,,true,,0000,0,,1446203750204047426,,0,Animal Battle Stats,,1446204139909550150,,,2026-01-14T20:05:46.021Z,,4491519,0,,true,Visitor,RamiNoodle733,true,🌐 Location,"Katy, TX, US",,,,,,,,,,,,,,,,,,,2026-01-14T20:05:45.622000+00:00,👀 Site Visit,rich,0,,,false,,,,false,,,,,,,,,2026-01-14T20:05:46.021000+00:00,false,0,Animal Battle Stats,1446203750204047426
1461088916793856060,,,,,,true,,0000,0,,1446203750204047426,,0,Animal Battle Stats,,1446204139909550150,,,2026-01-14T20:05:43.483Z,,4491519,0,,true,Visitor,RamiNoodle733,true,🌐 Location,"Katy, TX, US",,,,,,,,,,,,,,,,,,,2026-01-14T20:05:43.133000+00:00,👀 Site Visit,rich,0,,,false,,,,false,,,,,,,,,2026-01-14T20:05:43.483000+00:00,false,0,Animal Battle Stats,1446203750204047426
1461088811537797191,,,,,,true,,0000,0,,1446203750204047426,,0,Animal Battle Stats,,1446204139909550150,,,2026-01-14T20:05:18.388Z,,4491519,0,,true,Visitor,RamiNoodle733,true,🌐 Location,"Katy, TX, US",,,,,,,,,,,,,,,,,,,2026-01-14T20:05:18.104000+00:00,👀 Site Visit,rich,0,,,false,,,,false,,,,,,,,,2026-01-14T20:05:18.388000+00:00,false,0,Animal Battle Stats,1446203750204047426
1461088797843390478,,,,,,true,,0000,0,,1446203750204047426,,0,Animal Battle Stats,,1446204139909550150,,,2026-01-14T20:05:15.123Z,,4491519,0,,true,Visitor,RamiNoodle733,true,🌐 Location,"Katy, TX, US",,,,,,,,,,,,,,,,,,,2026-01-14T20:05:14.810000+00:00,👀 Site Visit,rich,0,,,false,,,,false,,,,,,,,,2026-01-14T20:05:15.123000+00:00,false,0,Animal Battle Stats,1446203750204047426
1461087855605711058,,,,,,true,,0000,0,,1446203750204047426,,0,Animal Battle Stats,,1446204139909550150,,,2026-01-14T20:01:30.476Z,,4491519,0,,true,Visitor,RamiNoodle733,true,🌐 Location,"Katy, TX, US",,,,,,,,,,,,,,,,,,,2026-01-14T20:01:30.157000+00:00,👀 Site Visit,rich,0,,,false,,,,false,,,,,,,,,2026-01-14T20:01:30.476000+00:00,false,0,Animal Battle Stats,1446203750204047426
1461087826484662462,,,,,,true,,0000,0,,1446203750204047426,,0,Animal Battle Stats,,1446204139909550150,,,2026-01-14T20:01:23.533Z,,4491519,0,,true,Visitor,RamiNoodle733,true,🌐 Location,"Katy, TX, US",,,,,,,,,,,,,,,,,,,2026-01-14T20:01:23.216000+00:00,👀 Site Visit,rich,0,,,false,,,,false,,,,,,,,,2026-01-14T20:01:23.533000+00:00,false,0,Animal Battle Stats,1446203750204047426
1461087825847128145,,,,,,true,,0000,0,,1446203750204047426,,0,Animal Battle Stats,,1446204139909550150,,,2026-01-14T20:01:23.381Z,,4491519,0,,true,Visitor,RamiNoodle733,true,🌐 Location,"Katy, TX, US",,,,,,,,,,,,,,,,,,,2026-01-14T20:01:19.616000+00:00,👀 Site Visit,rich,0,,,false,,,,false,,,,,,,,,2026-01-14T20:01:23.381000+00:00,false,0,Animal Battle Stats,1446203750204047426
1461082778014847238,,,,,,true,,0000,0,,1446203750204047426,,0,Animal Battle Stats,,1446204139909550150,,,2026-01-14T19:41:19.884Z,,4491519,0,,true,Visitor,RamiNoodle733,true,🌐 Location,"Katy, TX, US",,,,,,,,,,,,,,,,,,,2026-01-14T19:41:19.570000+00:00,👀 Site Visit,rich,0,,,false,,,,false,,,,,,,,,2026-01-14T19:41:19.884000+00:00,false,0,Animal Battle Stats,1446203750204047426
1461082777062609198,,,,,,true,,0000,0,,1446203750204047426,,0,Animal Battle Stats,,1446204139909550150,,,2026-01-14T19:41:19.657Z,,4491519,0,,true,Visitor,RamiNoodle733,true,🌐 Location,"Katy, TX, US",,,,,,,,,,,,,,,,,,,2026-01-14T19:41:17.192000+00:00,👀 Site Visit,rich,0,,,false,,,,false,,,,,,,,,2026-01-14T19:41:19.657000+00:00,false,0,Animal Battle Stats,1446203750204047426
1461081708286971925,,,,,,true,,0000,0,,1446203750204047426,,0,Animal Battle Stats,,1446204139909550150,,,2026-01-14T19:37:04.841Z,,6710886,0,,true,User,RamiNoodle733,true,🌐 Location,"Katy, TX, US",,,,,,,,,,,,,,,,,,,2026-01-14T19:35:05.872000+00:00,👋 User Left Site,rich,0,,,false,,,,false,,,,,,,,,2026-01-14T19:37:04.841000+00:00,false,0,Animal Battle Stats,1446203750204047426
1461076273991389184,,,,,,true,,0000,0,,1446203750204047426,,0,Animal Battle Stats,,1446204139909550150,,,2026-01-14T19:15:29.204Z,,4491519,0,,true,Visitor,RamiNoodle733,true,🌐 Location,"Katy, TX, US",,,,,,,,,,,,,,,,,,,2026-01-14T19:15:28.824000+00:00,👀 Site Visit,rich,0,,,false,,,,false,,,,,,,,,2026-01-14T19:15:29.204000+00:00,false,0,Animal Battle Stats,1446203750204047426
1461076079639924798,,,,,,true,,0000,0,,1446203750204047426,,0,Animal Battle Stats,,1446204139909550150,,,2026-01-14T19:14:42.867Z,,4491519,0,,true,Visitor,RamiNoodle733,true,🌐 Location,"Katy, TX, US",,,,,,,,,,,,,,,,,,,2026-01-14T19:14:42.540000+00:00,👀 Site Visit,rich,0,,,false,,,,false,,,,,,,,,2026-01-14T19:14:42.867000+00:00,false,0,Animal Battle Stats,1446203750204047426
1461076079245787308,,,,,,true,,0000,0,,1446203750204047426,,0,Animal Battle Stats,,1446204139909550150,,,2026-01-14T19:14:42.773Z,,4491519,0,,true,Visitor,RamiNoodle733,true,🌐 Location,"Katy, TX, US",,,,,,,,,,,,,,,,,,,2026-01-14T19:14:37.535000+00:00,👀 Site Visit,rich,0,,,false,,,,false,,,,,,,,,2026-01-14T19:14:42.773000+00:00,false,0,Animal Battle Stats,1446203750204047426
1461064929879658610,,,,,,true,,0000,0,,1446203750204047426,,0,Animal Battle Stats,,1446204139909550150,,,2026-01-14T18:30:24.557Z,,4491519,0,,true,Visitor,RamiNoodle733,true,🌐 Location,"Katy, TX, US",,,,,,,,,,,,,,,,,,,2026-01-14T18:30:24.227000+00:00,👀 Site Visit,rich,0,,,false,,,,false,,,,,,,,,2026-01-14T18:30:24.557000+00:00,false,0,Animal Battle Stats,1446203750204047426
1461064918970142771,,,,,,true,,0000,0,,1446203750204047426,,0,Animal Battle Stats,,1446204139909550150,,,2026-01-14T18:30:21.956Z,,4491519,0,,true,Visitor,RamiNoodle733,true,🌐 Location,"Katy, TX, US",,,,,,,,,,,,,,,,,,,2026-01-14T18:30:21.536000+00:00,👀 Site Visit,rich,0,,,false,,,,false,,,,,,,,,2026-01-14T18:30:21.956000+00:00,false,0,Animal Battle Stats,1446203750204047426
1461064710051856384,,,,,,true,,0000,0,,1446203750204047426,,0,Animal Battle Stats,,1446204139909550150,,,2026-01-14T18:29:32.146Z,,4491519,0,,true,Visitor,RamiNoodle733,true,🌐 Location,"Katy, TX, US",,,,,,,,,,,,,,,,,,,2026-01-14T18:29:31.858000+00:00,👀 Site Visit,rich,0,,,false,,,,false,,,,,,,,,2026-01-14T18:29:32.146000+00:00,false,0,Animal Battle Stats,1446203750204047426
1461064641261076684,,,,,,true,,0000,0,,1446203750204047426,,0,Animal Battle Stats,,1446204139909550150,,,2026-01-14T18:29:15.745Z,,4491519,0,,true,Visitor,RamiNoodle733,true,🌐 Location,"Katy, TX, US",,,,,,,,,,,,,,,,,,,2026-01-14T18:29:15.202000+00:00,👀 Site Visit,rich,0,,,false,,,,false,,,,,,,,,2026-01-14T18:29:15.745000+00:00,false,0,Animal Battle Stats,1446203750204047426
1461064632411095141,,,,,,true,,0000,0,,1446203750204047426,,0,Animal Battle Stats,,1446204139909550150,,,2026-01-14T18:29:13.635Z,,4491519,0,,true,Visitor,RamiNoodle733,true,🌐 Location,"Katy, TX, US",,,,,,,,,,,,,,,,,,,2026-01-14T18:29:13.363000+00:00,👀 Site Visit,rich,0,,,false,,,,false,,,,,,,,,2026-01-14T18:29:13.635000+00:00,false,0,Animal Battle Stats,1446203750204047426
1461064625759060092,,,,,,true,,0000,0,,1446203750204047426,,0,Animal Battle Stats,,1446204139909550150,,,2026-01-14T18:29:12.049Z,,4491519,0,,true,Visitor,RamiNoodle733,true,🌐 Location,"Katy, TX, US",,,,,,,,,,,,,,,,,,,2026-01-14T18:29:11.436000+00:00,👀 Site Visit,rich,0,,,false,,,,false,,,,,,,,,2026-01-14T18:29:12.049000+00:00,false,0,Animal Battle Stats,1446203750204047426
1461064603793621066,,,,,,true,,0000,0,,1446203750204047426,,0,Animal Battle Stats,,1446204139909550150,,,2026-01-14T18:29:06.812Z,,4491519,0,,true,Visitor,RamiNoodle733,true,🌐 Location,"Katy, TX, US",,,,,,,,,,,,,,,,,,,2026-01-14T18:29:06.526000+00:00,👀 Site Visit,rich,0,,,false,,,,false,,,,,,,,,2026-01-14T18:29:06.812000+00:00,false,0,Animal Battle Stats,1446203750204047426
1461064603466465474,,,,,,true,,0000,0,,1446203750204047426,,0,Animal Battle Stats,,1446204139909550150,,,2026-01-14T18:29:06.734Z,,4491519,0,,true,Visitor,RamiNoodle733,true,🌐 Location,"Katy, TX, US",,,,,,,,,,,,,,,,,,,2026-01-14T18:28:46.805000+00:00,👀 Site Visit,rich,0,,,false,,,,false,,,,,,,,,2026-01-14T18:29:06.734000+00:00,false,0,Animal Battle Stats,1446203750204047426
1461064394048933972,,,,,,true,,0000,0,,1446203750204047426,,0,Animal Battle Stats,,1446204139909550150,,,2026-01-14T18:28:16.805Z,,4491519,0,,true,Visitor,RamiNoodle733,true,🌐 Location,"Katy, TX, US",,,,,,,,,,,,,,,,,,,2026-01-14T18:28:16.594000+00:00,👀 Site Visit,rich,0,,,false,,,,false,,,,,,,,,2026-01-14T18:28:16.805000+00:00,false,0,Animal Battle Stats,1446203750204047426
1461064393587560675,,,,,,true,,0000,0,,1446203750204047426,,0,Animal Battle Stats,,1446204139909550150,,,2026-01-14T18:28:16.695Z,,4491519,0,,true,Visitor,RamiNoodle733,true,🌐 Location,"Katy, TX, US",,,,,,,,,,,,,,,,,,,2026-01-14T18:28:13.740000+00:00,👀 Site Visit,rich,0,,,false,,,,false,,,,,,,,,2026-01-14T18:28:16.695000+00:00,false,0,Animal Battle Stats,1446203750204047426
1461064372955779103,,,,,,true,,0000,0,,1446203750204047426,,0,Animal Battle Stats,,1446204139909550150,,,2026-01-14T18:28:11.776Z,,4491519,0,,true,Visitor,RamiNoodle733,true,🌐 Location,"Katy, TX, US",,,,,,,,,,,,,,,,,,,2026-01-14T18:28:11.475000+00:00,👀 Site Visit,rich,0,,,false,,,,false,,,,,,,,,2026-01-14T18:28:11.776000+00:00,false,0,Animal Battle Stats,1446203750204047426
1461064355167862975,,,,,,true,,0000,0,,1446203750204047426,,0,Animal Battle Stats,,1446204139909550150,,,2026-01-14T18:28:07.535Z,,4491519,0,,true,Visitor,RamiNoodle733,true,🌐 Location,"Katy, TX, US",,,,,,,,,,,,,,,,,,,2026-01-14T18:28:07.061000+00:00,👀 Site Visit,rich,0,,,false,,,,false,,,,,,,,,2026-01-14T18:28:07.535000+00:00,false,0,Animal Battle Stats,1446203750204047426
1461064335668543588,,,,,,true,,0000,0,,1446203750204047426,,0,Animal Battle Stats,,1446204139909550150,,,2026-01-14T18:28:02.886Z,,4491519,0,,true,Visitor,RamiNoodle733,true,🌐 Location,"Katy, TX, US",,,,,,,,,,,,,,,,,,,2026-01-14T18:28:02.441000+00:00,👀 Site Visit,rich,0,,,false,,,,false,,,,,,,,,2026-01-14T18:28:02.886000+00:00,false,0,Animal Battle Stats,1446203750204047426
1461063907899609344,,,,,,true,,0000,0,,1446203750204047426,,0,Animal Battle Stats,,1446204139909550150,,,2026-01-14T18:26:20.898Z,,4491519,0,,true,Visitor,RamiNoodle733,true,🌐 Location,"Katy, TX, US",,,,,,,,,,,,,,,,,,,2026-01-14T18:26:20.606000+00:00,👀 Site Visit,rich,0,,,false,,,,false,,,,,,,,,2026-01-14T18:26:20.898000+00:00,false,0,Animal Battle Stats,1446203750204047426
1461063889872617614,,,,,,true,,0000,0,,1446203750204047426,,0,Animal Battle Stats,,1446204139909550150,,,2026-01-14T18:26:16.600Z,,4491519,0,,true,Visitor,RamiNoodle733,true,🌐 Location,"Katy, TX, US",,,,,,,,,,,,,,,,,,,2026-01-14T18:26:16.213000+00:00,👀 Site Visit,rich,0,,,false,,,,false,,,,,,,,,2026-01-14T18:26:16.600000+00:00,false,0,Animal Battle Stats,1446203750204047426
1461063761484972267,,,,,,true,,0000,0,,1446203750204047426,,0,Animal Battle Stats,,1446204139909550150,,,2026-01-14T18:25:45.990Z,,4491519,0,,true,Visitor,RamiNoodle733,true,🌐 Location,"Katy, TX, US",,,,,,,,,,,,,,,,,,,2026-01-14T18:25:45.743000+00:00,👀 Site Visit,rich,0,,,false,,,,false,,,,,,,,,2026-01-14T18:25:45.990000+00:00,false,0,Animal Battle Stats,1446203750204047426
1461063760432074852,,,,,,true,,0000,0,,1446203750204047426,,0,Animal Battle Stats,,1446204139909550150,,,2026-01-14T18:25:45.739Z,,6710886,0,,true,User,RamiNoodle733,true,🌐 Location,"Katy, TX, US",,,,,,,,,,,,,,,,,,,2026-01-14T18:24:16.885000+00:00,👋 User Left Site,rich,0,,,false,,,,false,,,,,,,,,2026-01-14T18:25:45.739000+00:00,false,0,Animal Battle Stats,1446203750204047426
1461061504765006093,,,,,,true,,0000,0,,1446203750204047426,,0,Animal Battle Stats,,1446204139909550150,,,2026-01-14T18:16:47.946Z,,4491519,0,,true,Visitor,RamiNoodle733,true,🌐 Location,"Katy, TX, US",,,,,,,,,,,,,,,,,,,2026-01-14T18:16:47.608000+00:00,👀 Site Visit,rich,0,,,false,,,,false,,,,,,,,,2026-01-14T18:16:47.946000+00:00,false,0,Animal Battle Stats,1446203750204047426
1461060949313323182,,,,,,true,,0000,0,,1446203750204047426,,0,Animal Battle Stats,,1446204139909550150,,,2026-01-14T18:14:35.516Z,,4491519,0,,true,Visitor,RamiNoodle733,true,🌐 Location,"Katy, TX, US",,,,,,,,,,,,,,,,,,,2026-01-14T18:14:35.172000+00:00,👀 Site Visit,rich,0,,,false,,,,false,,,,,,,,,2026-01-14T18:14:35.516000+00:00,false,0,Animal Battle Stats,1446203750204047426
1461060771847995392,,,,,,true,,0000,0,,1446203750204047426,,0,Animal Battle Stats,,1446204139909550150,,,2026-01-14T18:13:53.205Z,,4491519,0,,true,Visitor,RamiNoodle733,true,🌐 Location,"Katy, TX, US",,,,,,,,,,,,,,,,,,,2026-01-14T18:13:52.803000+00:00,👀 Site Visit,rich,0,,,false,,,,false,,,,,,,,,2026-01-14T18:13:53.205000+00:00,false,0,Animal Battle Stats,1446203750204047426
1461060361091551364,,,,,,true,,0000,0,,1446203750204047426,,0,Animal Battle Stats,,1446204139909550150,,,2026-01-14T18:12:15.273Z,,4491519,0,,true,Visitor,RamiNoodle733,true,🌐 Location,"Katy, TX, US",,,,,,,,,,,,,,,,,,,2026-01-14T18:12:14.980000+00:00,👀 Site Visit,rich,0,,,false,,,,false,,,,,,,,,2026-01-14T18:12:15.273000+00:00,false,0,Animal Battle Stats,1446203750204047426
1461060360504086618,,,,,,true,,0000,0,,1446203750204047426,,0,Animal Battle Stats,,1446204139909550150,,,2026-01-14T18:12:15.133Z,,4491519,0,,true,Visitor,RamiNoodle733,true,🌐 Location,"Katy, TX, US",,,,,,,,,,,,,,,,,,,2026-01-14T18:11:57.380000+00:00,👀 Site Visit,rich,0,,,false,,,,false,,,,,,,,,2026-01-14T18:12:15.133000+00:00,false,0,Animal Battle Stats,1446203750204047426
1461058892627841159,,,,,,true,,0000,0,,1446203750204047426,,0,Animal Battle Stats,,1446204139909550150,,,2026-01-14T18:06:25.164Z,,4491519,0,,true,Visitor,RamiNoodle733,true,🌐 Location,"Katy, TX, US",,,,,,,,,,,,,,,,,,,2026-01-14T18:01:00.492000+00:00,👀 Site Visit,rich,0,,,false,,,,false,,,,,,,,,2026-01-14T18:06:25.164000+00:00,false,0,Animal Battle Stats,1446203750204047426
1461002776690819133,,,,,,true,,0000,0,,1446203750204047426,,0,Animal Battle Stats,,1446204139909550150,,,2026-01-14T14:23:26.082Z,,4491519,0,,true,Visitor,RamiNoodle733,true,🌐 Location,"Katy, TX, US",,,,,,,,,,,,,,,,,,,2026-01-14T14:23:25.815000+00:00,👀 Site Visit,rich,0,,,false,,,,false,,,,,,,,,2026-01-14T14:23:26.082000+00:00,false,0,Animal Battle Stats,1446203750204047426
1461002753319895196,,,,,,true,,0000,0,,1446203750204047426,,0,Animal Battle Stats,,1446204139909550150,,,2026-01-14T14:23:20.510Z,,4491519,0,,true,Visitor,RamiNoodle733,true,🌐 Location,"Katy, TX, US",,,,,,,,,,,,,,,,,,,2026-01-14T14:23:20.211000+00:00,👀 Site Visit,rich,0,,,false,,,,false,,,,,,,,,2026-01-14T14:23:20.510000+00:00,false,0,Animal Battle Stats,1446203750204047426
1461002727583649813,,,,,,true,,0000,0,,1446203750204047426,,0,Animal Battle Stats,,1446204139909550150,,,2026-01-14T14:23:14.374Z,,4491519,0,,true,Visitor,RamiNoodle733,true,🌐 Location,"Katy, TX, US",,,,,,,,,,,,,,,,,,,2026-01-14T14:23:14.044000+00:00,👀 Site Visit,rich,0,,,false,,,,false,,,,,,,,,2026-01-14T14:23:14.374000+00:00,false,0,Animal Battle Stats,1446203750204047426
1461002725507731683,,,,,,true,,0000,0,,1446203750204047426,,0,Animal Battle Stats,,1446204139909550150,,,2026-01-14T14:23:13.879Z,,4491519,0,,true,Visitor,RamiNoodle733,true,🌐 Location,"Katy, TX, US",,,,,,,,,,,,,,,,,,,2026-01-14T14:23:00.430000+00:00,👀 Site Visit,rich,0,,,false,,,,false,,,,,,,,,2026-01-14T14:23:13.879000+00:00,false,0,Animal Battle Stats,1446203750204047426
1461001209543524615,,,,,,true,,0000,0,,1446203750204047426,,0,Animal Battle Stats,,1446204139909550150,,,2026-01-14T14:17:12.445Z,,4491519,0,,true,Visitor,Anonymous,true,🌐 Location,"Katy, TX, US",,,,,,,,,,,,,,,,,,,2026-01-14T14:17:12.192000+00:00,👀 Site Visit,rich,0,,,false,,,,false,,,,,,,,,2026-01-14T14:17:12.445000+00:00,false,0,Animal Battle Stats,1446203750204047426
1461001208104747061,,,,,,true,,0000,0,,1446203750204047426,,0,Animal Battle Stats,,1446204139909550150,,,2026-01-14T14:17:12.102Z,,6710886,0,,true,User,Anonymous,true,🌐 Location,"Katy, TX, US",,,,,,,,,,,,,,,,,,,2026-01-14T14:17:11.851000+00:00,👋 User Left Site,rich,0,,,false,,,,false,,,,,,,,,2026-01-14T14:17:12.102000+00:00,false,0,Animal Battle Stats,1446203750204047426
1461001195379363975,,,,,,true,,0000,0,,1446203750204047426,,0,Animal Battle Stats,,1446204139909550150,,,2026-01-14T14:17:09.068Z,,4491519,0,,true,Visitor,Anonymous,true,🌐 Location,"Katy, TX, US",,,,,,,,,,,,,,,,,,,2026-01-14T14:17:08.756000+00:00,👀 Site Visit,rich,0,,,false,,,,false,,,,,,,,,2026-01-14T14:17:09.068000+00:00,false,0,Animal Battle Stats,1446203750204047426
1461001182108717076,,,,,,true,,0000,0,,1446203750204047426,,0,Animal Battle Stats,,1446204139909550150,,,2026-01-14T14:17:05.904Z,,4491519,0,,true,Visitor,Anonymous,true,🌐 Location,"Katy, TX, US",,,,,,,,,,,,,,,,,,,2026-01-14T14:17:05.561000+00:00,👀 Site Visit,rich,0,,,false,,,,false,,,,,,,,,2026-01-14T14:17:05.904000+00:00,false,0,Animal Battle Stats,1446203750204047426
1461001180082733128,,,,,,true,,0000,0,,1446203750204047426,,0,Animal Battle Stats,,1446204139909550150,,,2026-01-14T14:17:05.421Z,,6710886,0,,true,User,Anonymous,true,🌐 Location,"Katy, TX, US",,,,,,,,,,,,,,,,,,,2026-01-14T14:17:05.218000+00:00,👋 User Left Site,rich,0,,,false,,,,false,,,,,,,,,2026-01-14T14:17:05.421000+00:00,false,0,Animal Battle Stats,1446203750204047426
1461001168946729097,,,,,,true,,0000,0,,1446203750204047426,,0,Animal Battle Stats,,1446204139909550150,,,2026-01-14T14:17:02.766Z,,4491519,0,,true,Visitor,Anonymous,true,🌐 Location,"Katy, TX, US",,,,,,,,,,,,,,,,,,,2026-01-14T14:17:02.468000+00:00,👀 Site Visit,rich,0,,,false,,,,false,,,,,,,,,2026-01-14T14:17:02.766000+00:00,false,0,Animal Battle Stats,1446203750204047426
1461001167072006204,,,,,,true,,0000,0,,1446203750204047426,,0,Animal Battle Stats,,1446204139909550150,,,2026-01-14T14:17:02.319Z,,6710886,0,,true,User,Anonymous,true,🌐 Location,"Katy, TX, US",,,,,,,,,,,,,,,,,,,2026-01-14T14:17:02.097000+00:00,👋 User Left Site,rich,0,,,false,,,,false,,,,,,,,,2026-01-14T14:17:02.319000+00:00,false,0,Animal Battle Stats,1446203750204047426
1461001155369893960,,,,,,true,,0000,0,,1446203750204047426,,0,Animal Battle Stats,,1446204139909550150,,,2026-01-14T14:16:59.529Z,,4491519,0,,true,Visitor,Anonymous,true,🌐 Location,"Katy, TX, US",,,,,,,,,,,,,,,,,,,2026-01-14T14:16:59.255000+00:00,👀 Site Visit,rich,0,,,false,,,,false,,,,,,,,,2026-01-14T14:16:59.529000+00:00,false,0,Animal Battle Stats,1446203750204047426
1461001132691427360,,,,,,true,,0000,0,,1446203750204047426,,0,Animal Battle Stats,,1446204139909550150,,,2026-01-14T14:16:54.122Z,,4491519,0,,true,Visitor,Anonymous,true,🌐 Location,"Katy, TX, US",,,,,,,,,,,,,,,,,,,2026-01-14T14:16:53.902000+00:00,👀 Site Visit,rich,0,,,false,,,,false,,,,,,,,,2026-01-14T14:16:54.122000+00:00,false,0,Animal Battle Stats,1446203750204047426
1461001131357634727,,,,,,true,,0000,0,,1446203750204047426,,0,Animal Battle Stats,,1446204139909550150,,,2026-01-14T14:16:53.804Z,,6710886,0,,true,User,Anonymous,true,🌐 Location,"Katy, TX, US",,,,,,,,,,,,,,,,,,,2026-01-14T14:16:53.499000+00:00,👋 User Left Site,rich,0,,,false,,,,false,,,,,,,,,2026-01-14T14:16:53.804000+00:00,false,0,Animal Battle Stats,1446203750204047426
1461001108142030849,,,,,,true,,0000,0,,1446203750204047426,,0,Animal Battle Stats,,1446204139909550150,,,2026-01-14T14:16:48.269Z,,4491519,0,,true,Visitor,Anonymous,true,🌐 Location,"Katy, TX, US",,,,,,,,,,,,,,,,,,,2026-01-14T14:16:48.005000+00:00,👀 Site Visit,rich,0,,,false,,,,false,,,,,,,,,2026-01-14T14:16:48.269000+00:00,false,0,Animal Battle Stats,1446203750204047426
1461001106787139780,,,,,,true,,0000,0,,1446203750204047426,,0,Animal Battle Stats,,1446204139909550150,,,2026-01-14T14:16:47.946Z,,6710886,0,,true,User,Anonymous,true,🌐 Location,"Katy, TX, US",,,,,,,,,,,,,,,,,,,2026-01-14T14:16:47.668000+00:00,👋 User Left Site,rich,0,,,false,,,,false,,,,,,,,,2026-01-14T14:16:47.946000+00:00,false,0,Animal Battle Stats,1446203750204047426
1461001087187419363,,,,,,true,,0000,0,,1446203750204047426,,0,Animal Battle Stats,,1446204139909550150,,,2026-01-14T14:16:43.273Z,,4491519,0,,true,Visitor,Anonymous,true,🌐 Location,"Katy, TX, US",,,,,,,,,,,,,,,,,,,2026-01-14T14:16:43.020000+00:00,👀 Site Visit,rich,0,,,false,,,,false,,,,,,,,,2026-01-14T14:16:43.273000+00:00,false,0,Animal Battle Stats,1446203750204047426
1461001085975134270,,,,,,true,,0000,0,,1446203750204047426,,0,Animal Battle Stats,,1446204139909550150,,,2026-01-14T14:16:42.984Z,,6710886,0,,true,User,Anonymous,true,🌐 Location,"Katy, TX, US",,,,,,,,,,,,,,,,,,,2026-01-14T14:16:42.695000+00:00,👋 User Left Site,rich,0,,,false,,,,false,,,,,,,,,2026-01-14T14:16:42.984000+00:00,false,0,Animal Battle Stats,1446203750204047426
1461001052697657354,,,,,,true,,0000,0,,1446203750204047426,,0,Animal Battle Stats,,1446204139909550150,,,2026-01-14T14:16:35.050Z,,4491519,0,,true,Visitor,Anonymous,true,🌐 Location,"Katy, TX, US",,,,,,,,,,,,,,,,,,,2026-01-14T14:16:34.775000+00:00,👀 Site Visit,rich,0,,,false,,,,false,,,,,,,,,2026-01-14T14:16:35.050000+00:00,false,0,Animal Battle Stats,1446203750204047426
1461001051237912719,,,,,,true,,0000,0,,1446203750204047426,,0,Animal Battle Stats,,1446204139909550150,,,2026-01-14T14:16:34.702Z,,6710886,0,,true,User,Anonymous,true,🌐 Location,"Katy, TX, US",,,,,,,,,,,,,,,,,,,2026-01-14T14:16:34.438000+00:00,👋 User Left Site,rich,0,,,false,,,,false,,,,,,,,,2026-01-14T14:16:34.702000+00:00,false,0,Animal Battle Stats,1446203750204047426
1461001051208552603,,,,,,true,,0000,0,,1446203750204047426,,0,Animal Battle Stats,,1446204139909550150,,,2026-01-14T14:16:34.695Z,,4491519,0,,true,Visitor,Anonymous,true,🌐 Location,"Katy, TX, US",,,,,,,,,,,,,,,,,,,2026-01-14T14:16:27.883000+00:00,👀 Site Visit,rich,0,,,false,,,,false,,,,,,,,,2026-01-14T14:16:34.695000+00:00,false,0,Animal Battle Stats,1446203750204047426
1461001044615106560,,,,,,true,,0000,0,,1446203750204047426,,0,Animal Battle Stats,,1446204139909550150,,,2026-01-14T14:16:33.123Z,,4491519,0,,true,Visitor,Anonymous,true,🌐 Location,"Katy, TX, US",,,,,,,,,,,,,,,,,,,2026-01-14T14:16:31.749000+00:00,👀 Site Visit,rich,0,,,false,,,,false,,,,,,,,,2026-01-14T14:16:33.123000+00:00,false,0,Animal Battle Stats,1446203750204047426
1461001038910980249,,,,,,true,,0000,0,,1446203750204047426,,0,Animal Battle Stats,,1446204139909550150,,,2026-01-14T14:16:31.763Z,,6710886,0,,true,User,Anonymous,true,🌐 Location,"Katy, TX, US",,,,,,,,,,,,,,,,,,,2026-01-14T14:16:23.251000+00:00,👋 User Left Site,rich,0,,,false,,,,false,,,,,,,,,2026-01-14T14:16:31.763000+00:00,false,0,Animal Battle Stats,1446203750204047426
1461001023740051683,,,,,,true,,0000,0,,1446203750204047426,,0,Animal Battle Stats,,1446204139909550150,,,2026-01-14T14:16:28.146Z,,6710886,0,,true,User,Anonymous,true,🌐 Location,"Katy, TX, US",,,,,,,,,,,,,,,,,,,2026-01-14T14:16:27.535000+00:00,👋 User Left Site,rich,0,,,false,,,,false,,,,,,,,,2026-01-14T14:16:28.146000+00:00,false,0,Animal Battle Stats,1446203750204047426
1461001005859602566,,,,,,true,,0000,0,,1446203750204047426,,0,Animal Battle Stats,,1446204139909550150,,,2026-01-14T14:16:23.883Z,,4491519,0,,true,Visitor,Anonymous,true,🌐 Location,"Katy, TX, US",,,,,,,,,,,,,,,,,,,2026-01-14T14:16:23.625000+00:00,👀 Site Visit,rich,0,,,false,,,,false,,,,,,,,,2026-01-14T14:16:23.883000+00:00,false,0,Animal Battle Stats,1446203750204047426
1461000991980654807,,,,,,true,,0000,0,,1446203750204047426,,0,Animal Battle Stats,,1446204139909550150,,,2026-01-14T14:16:20.574Z,,6710886,0,,true,User,Anonymous,true,🌐 Location,"Katy, TX, US",,,,,,,,,,,,,,,,,,,2026-01-14T14:16:19.926000+00:00,👋 User Left Site,rich,0,,,false,,,,false,,,,,,,,,2026-01-14T14:16:20.574000+00:00,false,0,Animal Battle Stats,1446203750204047426
1461000991376801875,,,,,,true,,0000,0,,1446203750204047426,,0,Animal Battle Stats,,1446204139909550150,,,2026-01-14T14:16:20.430Z,,4491519,0,,true,Visitor,Anonymous,true,🌐 Location,"Katy, TX, US",,,,,,,,,,,,,,,,,,,2026-01-14T14:16:20.221000+00:00,👀 Site Visit,rich,0,,,false,,,,false,,,,,,,,,2026-01-14T14:16:20.430000+00:00,false,0,Animal Battle Stats,1446203750204047426
1461000982828810313,,,,,,true,,0000,0,,1446203750204047426,,0,Animal Battle Stats,,1446204139909550150,,,2026-01-14T14:16:18.392Z,,4491519,0,,true,Visitor,Anonymous,true,🌐 Location,"Katy, TX, US",,,,,,,,,,,,,,,,,,,2026-01-14T14:16:17.995000+00:00,👀 Site Visit,rich,0,,,false,,,,false,,,,,,,,,2026-01-14T14:16:18.392000+00:00,false,0,Animal Battle Stats,1446203750204047426
1461000975853813950,,,,,,true,,0000,0,,1446203750204047426,,0,Animal Battle Stats,,1446204139909550150,,,2026-01-14T14:16:16.729Z,,6710886,0,,true,User,Anonymous,true,🌐 Location,"Katy, TX, US",,,,,,,,,,,,,,,,,,,2026-01-14T14:16:16.476000+00:00,👋 User Left Site,rich,0,,,false,,,,false,,,,,,,,,2026-01-14T14:16:16.729000+00:00,false,0,Animal Battle Stats,1446203750204047426
1461000963664904234,,,,,,true,,0000,0,,1446203750204047426,,0,Animal Battle Stats,,1446204139909550150,,,2026-01-14T14:16:13.823Z,,4491519,0,,true,Visitor,Anonymous,true,🌐 Location,"Katy, TX, US",,,,,,,,,,,,,,,,,,,2026-01-14T14:16:13.324000+00:00,👀 Site Visit,rich,0,,,false,,,,false,,,,,,,,,2026-01-14T14:16:13.823000+00:00,false,0,Animal Battle Stats,1446203750204047426
1461000942832058593,,,,,,true,,0000,0,,1446203750204047426,,0,Animal Battle Stats,,1446204139909550150,,,2026-01-14T14:16:08.856Z,,4491519,0,,true,Visitor,RamiNoodle733,true,🌐 Location,"Katy, TX, US",,,,,,,,,,,,,,,,,,,2026-01-14T14:16:08.547000+00:00,👀 Site Visit,rich,0,,,false,,,,false,,,,,,,,,2026-01-14T14:16:08.856000+00:00,false,0,Animal Battle Stats,1446203750204047426
1461000935307219159,,,,,,true,,0000,0,,1446203750204047426,,0,Animal Battle Stats,,1446204139909550150,,,2026-01-14T14:16:07.062Z,,4491519,0,,true,Visitor,RamiNoodle733,true,🌐 Location,"Katy, TX, US",,,,,,,,,,,,,,,,,,,2026-01-14T14:16:05.607000+00:00,👀 Site Visit,rich,0,,,false,,,,false,,,,,,,,,2026-01-14T14:16:07.062000+00:00,false,0,Animal Battle Stats,1446203750204047426
1461000878512144384,,,,,,true,,0000,0,,1446203750204047426,,0,Animal Battle Stats,,1446204139909550150,,,2026-01-14T14:15:53.521Z,,4491519,0,,true,Visitor,RamiNoodle733,true,🌐 Location,"Katy, TX, US",,,,,,,,,,,,,,,,,,,2026-01-14T14:15:53.246000+00:00,👀 Site Visit,rich,0,,,false,,,,false,,,,,,,,,2026-01-14T14:15:53.521000+00:00,false,0,Animal Battle Stats,1446203750204047426
1461000870396432576,,,,,,true,,0000,0,,1446203750204047426,,0,Animal Battle Stats,,1446204139909550150,,,2026-01-14T14:15:51.586Z,,4491519,0,,true,Visitor,RamiNoodle733,true,🌐 Location,"Katy, TX, US",,,,,,,,,,,,,,,,,,,2026-01-14T14:15:51.300000+00:00,👀 Site Visit,rich,0,,,false,,,,false,,,,,,,,,2026-01-14T14:15:51.586000+00:00,false,0,Animal Battle Stats,1446203750204047426
1461000856060039190,,,,,,true,,0000,0,,1446203750204047426,,0,Animal Battle Stats,,1446204139909550150,,,2026-01-14T14:15:48.168Z,,4491519,0,,true,Visitor,RamiNoodle733,true,🌐 Location,"Katy, TX, US",,,,,,,,,,,,,,,,,,,2026-01-14T14:15:47.872000+00:00,👀 Site Visit,rich,0,,,false,,,,false,,,,,,,,,2026-01-14T14:15:48.168000+00:00,false,0,Animal Battle Stats,1446203750204047426
1461000854953005221,,,,,,true,,0000,0,,1446203750204047426,,0,Animal Battle Stats,,1446204139909550150,,,2026-01-14T14:15:47.904Z,,4491519,0,,true,Visitor,Anonymous,true,🌐 Location,"Katy, TX, US",,,,,,,,,,,,,,,,,,,2026-01-14T14:15:47.647000+00:00,👀 Site Visit,rich,0,,,false,,,,false,,,,,,,,,2026-01-14T14:15:47.904000+00:00,false,0,Animal Battle Stats,1446203750204047426
1461000852788744315,,,,,,true,,0000,0,,1446203750204047426,,0,Animal Battle Stats,,1446204139909550150,,,2026-01-14T14:15:47.388Z,,6710886,0,,true,User,Anonymous,true,🌐 Location,"Katy, TX, US",,,,,,,,,,,,,,,,,,,2026-01-14T14:15:47.118000+00:00,👋 User Left Site,rich,0,,,false,,,,false,,,,,,,,,2026-01-14T14:15:47.388000+00:00,false,0,Animal Battle Stats,1446203750204047426
1461000850582278416,,,,,,true,,0000,0,,1446203750204047426,,0,Animal Battle Stats,,1446204139909550150,,,2026-01-14T14:15:46.862Z,,4491519,0,,true,Visitor,RamiNoodle733,true,🌐 Location,"Katy, TX, US",,,,,,,,,,,,,,,,,,,2026-01-14T14:15:46.557000+00:00,👀 Site Visit,rich,0,,,false,,,,false,,,,,,,,,2026-01-14T14:15:46.862000+00:00,false,0,Animal Battle Stats,1446203750204047426
1461000837881921761,,,,,,true,,0000,0,,1446203750204047426,,0,Animal Battle Stats,,1446204139909550150,,,2026-01-14T14:15:43.834Z,,4491519,0,,true,Visitor,Anonymous,true,🌐 Location,"Katy, TX, US",,,,,,,,,,,,,,,,,,,2026-01-14T14:15:43.567000+00:00,👀 Site Visit,rich,0,,,false,,,,false,,,,,,,,,2026-01-14T14:15:43.834000+00:00,false,0,Animal Battle Stats,1446203750204047426
1461000836003139701,,,,,,true,,0000,0,,1446203750204047426,,0,Animal Battle Stats,,1446204139909550150,,,2026-01-14T14:15:43.386Z,,6710886,0,,true,User,Anonymous,true,🌐 Location,"Katy, TX, US",,,,,,,,,,,,,,,,,,,2026-01-14T14:15:43.133000+00:00,👋 User Left Site,rich,0,,,false,,,,false,,,,,,,,,2026-01-14T14:15:43.386000+00:00,false,0,Animal Battle Stats,1446203750204047426
1461000824896491714,,,,,,true,,0000,0,,1446203750204047426,,0,Animal Battle Stats,,1446204139909550150,,,2026-01-14T14:15:40.738Z,,4491519,0,,true,Visitor,Anonymous,true,🌐 Location,"Katy, TX, US",,,,,,,,,,,,,,,,,,,2026-01-14T14:15:40.353000+00:00,👀 Site Visit,rich,0,,,false,,,,false,,,,,,,,,2026-01-14T14:15:40.738000+00:00,false,0,Animal Battle Stats,1446203750204047426
1461000822207811887,,,,,,true,,0000,0,,1446203750204047426,,0,Animal Battle Stats,,1446204139909550150,,,2026-01-14T14:15:40.097Z,,6710886,0,,true,User,Anonymous,true,🌐 Location,"Katy, TX, US",,,,,,,,,,,,,,,,,,,2026-01-14T14:15:39.827000+00:00,👋 User Left Site,rich,0,,,false,,,,false,,,,,,,,,2026-01-14T14:15:40.097000+00:00,false,0,Animal Battle Stats,1446203750204047426
1461000808320467088,,,,,,true,,0000,0,,1446203750204047426,,0,Animal Battle Stats,,1446204139909550150,,,2026-01-14T14:15:36.786Z,,4491519,0,,true,Visitor,Anonymous,true,🌐 Location,"Katy, TX, US",,,,,,,,,,,,,,,,,,,2026-01-14T14:15:36.531000+00:00,👀 Site Visit,rich,0,,,false,,,,false,,,,,,,,,2026-01-14T14:15:36.786000+00:00,false,0,Animal Battle Stats,1446203750204047426
1461000806021988677,,,,,,true,,0000,0,,1446203750204047426,,0,Animal Battle Stats,,1446204139909550150,,,2026-01-14T14:15:36.238Z,,6710886,0,,true,User,Anonymous,true,🌐 Location,"Katy, TX, US",,,,,,,,,,,,,,,,,,,2026-01-14T14:15:35.963000+00:00,👋 User Left Site,rich,0,,,false,,,,false,,,,,,,,,2026-01-14T14:15:36.238000+00:00,false,0,Animal Battle Stats,1446203750204047426
1461000789458813207,,,,,,true,,0000,0,,1446203750204047426,,0,Animal Battle Stats,,1446204139909550150,,,2026-01-14T14:15:32.289Z,,4491519,0,,true,Visitor,Anonymous,true,🌐 Location,"Katy, TX, US",,,,,,,,,,,,,,,,,,,2026-01-14T14:15:31.987000+00:00,👀 Site Visit,rich,0,,,false,,,,false,,,,,,,,,2026-01-14T14:15:32.289000+00:00,false,0,Animal Battle Stats,1446203750204047426
1461000773583507516,,,,,,true,,0000,0,,1446203750204047426,,0,Animal Battle Stats,,1446204139909550150,,,2026-01-14T14:15:28.504Z,,4491519,0,,true,Visitor,Anonymous,true,🌐 Location,"Katy, TX, US",,,,,,,,,,,,,,,,,,,2026-01-14T14:15:28.244000+00:00,👀 Site Visit,rich,0,,,false,,,,false,,,,,,,,,2026-01-14T14:15:28.504000+00:00,false,0,Animal Battle Stats,1446203750204047426
1461000772287336563,,,,,,true,,0000,0,,1446203750204047426,,0,Animal Battle Stats,,1446204139909550150,,,2026-01-14T14:15:28.195Z,,6710886,0,,true,User,Anonymous,true,🌐 Location,"Katy, TX, US",,,,,,,,,,,,,,,,,,,2026-01-14T14:15:27.872000+00:00,👋 User Left Site,rich,0,,,false,,,,false,,,,,,,,,2026-01-14T14:15:28.195000+00:00,false,0,Animal Battle Stats,1446203750204047426
1461000759649894516,,,,,,true,,0000,0,,1446203750204047426,,0,Animal Battle Stats,,1446204139909550150,,,2026-01-14T14:15:25.182Z,,4491519,0,,true,Visitor,Anonymous,true,🌐 Location,"Katy, TX, US",,,,,,,,,,,,,,,,,,,2026-01-14T14:15:24.807000+00:00,👀 Site Visit,rich,0,,,false,,,,false,,,,,,,,,2026-01-14T14:15:25.182000+00:00,false,0,Animal Battle Stats,1446203750204047426
1461000756974059683,,,,,,true,,0000,0,,1446203750204047426,,0,Animal Battle Stats,,1446204139909550150,,,2026-01-14T14:15:24.544Z,,6710886,0,,true,User,Anonymous,true,🌐 Location,"Katy, TX, US",,,,,,,,,,,,,,,,,,,2026-01-14T14:15:24.328000+00:00,👋 User Left Site,rich,0,,,false,,,,false,,,,,,,,,2026-01-14T14:15:24.544000+00:00,false,0,Animal Battle Stats,1446203750204047426
1461000746681106514,,,,,,true,,0000,0,,1446203750204047426,,0,Animal Battle Stats,,1446204139909550150,,,2026-01-14T14:15:22.090Z,,4491519,0,,true,Visitor,Anonymous,true,🌐 Location,"Katy, TX, US",,,,,,,,,,,,,,,,,,,2026-01-14T14:15:21.680000+00:00,👀 Site Visit,rich,0,,,false,,,,false,,,,,,,,,2026-01-14T14:15:22.090000+00:00,false,0,Animal Battle Stats,1446203750204047426
1461000744839942376,,,,,,true,,0000,0,,1446203750204047426,,0,Animal Battle Stats,,1446204139909550150,,,2026-01-14T14:15:21.651Z,,6710886,0,,true,User,Anonymous,true,🌐 Location,"Katy, TX, US",,,,,,,,,,,,,,,,,,,2026-01-14T14:15:21.383000+00:00,👋 User Left Site,rich,0,,,false,,,,false,,,,,,,,,2026-01-14T14:15:21.651000+00:00,false,0,Animal Battle Stats,1446203750204047426
1461000733532098681,,,,,,true,,0000,0,,1446203750204047426,,0,Animal Battle Stats,,1446204139909550150,,,2026-01-14T14:15:18.955Z,,4491519,0,,true,Visitor,Anonymous,true,🌐 Location,"Katy, TX, US",,,,,,,,,,,,,,,,,,,2026-01-14T14:15:18.702000+00:00,👀 Site Visit,rich,0,,,false,,,,false,,,,,,,,,2026-01-14T14:15:18.955000+00:00,false,0,Animal Battle Stats,1446203750204047426
1461000731288014858,,,,,,true,,0000,0,,1446203750204047426,,0,Animal Battle Stats,,1446204139909550150,,,2026-01-14T14:15:18.420Z,,6710886,0,,true,User,Anonymous,true,🌐 Location,"Katy, TX, US",,,,,,,,,,,,,,,,,,,2026-01-14T14:15:18.119000+00:00,👋 User Left Site,rich,0,,,false,,,,false,,,,,,,,,2026-01-14T14:15:18.420000+00:00,false,0,Animal Battle Stats,1446203750204047426
1461000721003450449,,,,,,true,,0000,0,,1446203750204047426,,0,Animal Battle Stats,,1446204139909550150,,,2026-01-14T14:15:15.968Z,,4491519,0,,true,Visitor,Anonymous,true,🌐 Location,"Katy, TX, US",,,,,,,,,,,,,,,,,,,2026-01-14T14:15:15.641000+00:00,👀 Site Visit,rich,0,,,false,,,,false,,,,,,,,,2026-01-14T14:15:15.968000+00:00,false,0,Animal Battle Stats,1446203750204047426
1461000698660392995,,,,,,true,,0000,0,,1446203750204047426,,0,Animal Battle Stats,,1446204139909550150,,,2026-01-14T14:15:10.641Z,,4491519,0,,true,Visitor,Anonymous,true,🌐 Location,"Katy, TX, US",,,,,,,,,,,,,,,,,,,2026-01-14T14:15:10.385000+00:00,👀 Site Visit,rich,0,,,false,,,,false,,,,,,,,,2026-01-14T14:15:10.641000+00:00,false,0,Animal Battle Stats,1446203750204047426
1461000697863733300,,,,,,true,,0000,0,,1446203750204047426,,0,Animal Battle Stats,,1446204139909550150,,,2026-01-14T14:15:10.451Z,,6710886,0,,true,User,Anonymous,true,🌐 Location,"Katy, TX, US",,,,,,,,,,,,,,,,,,,2026-01-14T14:15:10.073000+00:00,👋 User Left Site,rich,0,,,false,,,,false,,,,,,,,,2026-01-14T14:15:10.451000+00:00,false,0,Animal Battle Stats,1446203750204047426
1461000680478212229,,,,,,true,,0000,0,,1446203750204047426,,0,Animal Battle Stats,,1446204139909550150,,,2026-01-14T14:15:06.306Z,,4491519,0,,true,Visitor,Anonymous,true,🌐 Location,"Katy, TX, US",,,,,,,,,,,,,,,,,,,2026-01-14T14:15:06.006000+00:00,👀 Site Visit,rich,0,,,false,,,,false,,,,,,,,,2026-01-14T14:15:06.306000+00:00,false,0,Animal Battle Stats,1446203750204047426
1461000679140364478,,,,,,true,,0000,0,,1446203750204047426,,0,Animal Battle Stats,,1446204139909550150,,,2026-01-14T14:15:05.987Z,,6710886,0,,true,User,Anonymous,true,🌐 Location,"Katy, TX, US",,,,,,,,,,,,,,,,,,,2026-01-14T14:15:05.702000+00:00,👋 User Left Site,rich,0,,,false,,,,false,,,,,,,,,2026-01-14T14:15:05.987000+00:00,false,0,Animal Battle Stats,1446203750204047426
1461000665600888996,,,,,,true,,0000,0,,1446203750204047426,,0,Animal Battle Stats,,1446204139909550150,,,2026-01-14T14:15:02.759Z,,4491519,0,,true,Visitor,Anonymous,true,🌐 Location,"Katy, TX, US",,,,,,,,,,,,,,,,,,,2026-01-14T14:15:02.440000+00:00,👀 Site Visit,rich,0,,,false,,,,false,,,,,,,,,2026-01-14T14:15:02.759000+00:00,false,0,Animal Battle Stats,1446203750204047426
1461000663759716354,,,,,,true,,0000,0,,1446203750204047426,,0,Animal Battle Stats,,1446204139909550150,,,2026-01-14T14:15:02.320Z,,6710886,0,,true,User,Anonymous,true,🌐 Location,"Katy, TX, US",,,,,,,,,,,,,,,,,,,2026-01-14T14:15:01.942000+00:00,👋 User Left Site,rich,0,,,false,,,,false,,,,,,,,,2026-01-14T14:15:02.320000+00:00,false,0,Animal Battle Stats,1446203750204047426
1461000650627350572,,,,,,true,,0000,0,,1446203750204047426,,0,Animal Battle Stats,,1446204139909550150,,,2026-01-14T14:14:59.189Z,,4491519,0,,true,Visitor,Anonymous,true,🌐 Location,"Katy, TX, US",,,,,,,,,,,,,,,,,,,2026-01-14T14:14:58.827000+00:00,👀 Site Visit,rich,0,,,false,,,,false,,,,,,,,,2026-01-14T14:14:59.189000+00:00,false,0,Animal Battle Stats,1446203750204047426
1461000649691889898,,,,,,true,,0000,0,,1446203750204047426,,0,Animal Battle Stats,,1446204139909550150,,,2026-01-14T14:14:58.966Z,,6710886,0,,true,User,Anonymous,true,🌐 Location,"Katy, TX, US",,,,,,,,,,,,,,,,,,,2026-01-14T14:14:58.111000+00:00,👋 User Left Site,rich,0,,,false,,,,false,,,,,,,,,2026-01-14T14:14:58.966000+00:00,false,0,Animal Battle Stats,1446203750204047426
1461000649457008734,,,,,,true,,0000,0,,1446203750204047426,,0,Animal Battle Stats,,1446204139909550150,,,2026-01-14T14:14:58.910Z,,4491519,0,,true,Visitor,Anonymous,true,🌐 Location,"Katy, TX, US",,,,,,,,,,,,,,,,,,,2026-01-14T14:14:53.906000+00:00,👀 Site Visit,rich,0,,,false,,,,false,,,,,,,,,2026-01-14T14:14:58.910000+00:00,false,0,Animal Battle Stats,1446203750204047426
1460988202440720456,,,,,,true,,0000,0,,1446203750204047426,,0,Animal Battle Stats,,1446204139909550150,,,2026-01-14T13:25:31.310Z,,4491519,0,,true,Visitor,RamiNoodle733,true,🌐 Location,"Katy, TX, US",,,,,,,,,,,,,,,,,,,2026-01-14T13:25:31.012000+00:00,👀 Site Visit,rich,0,,,false,,,,false,,,,,,,,,2026-01-14T13:25:31.310000+00:00,false,0,Animal Battle Stats,1446203750204047426
1460988082961780797,,,,,,true,,0000,0,,1446203750204047426,,0,Animal Battle Stats,,1446204139909550150,,,2026-01-14T13:25:02.824Z,,4491519,0,,true,Visitor,RamiNoodle733,true,🌐 Location,"Katy, TX, US",,,,,,,,,,,,,,,,,,,2026-01-14T13:25:02.543000+00:00,👀 Site Visit,rich,0,,,false,,,,false,,,,,,,,,2026-01-14T13:25:02.824000+00:00,false,0,Animal Battle Stats,1446203750204047426
1460987977172910120,,,,,,true,,0000,0,,1446203750204047426,,0,Animal Battle Stats,,1446204139909550150,,,2026-01-14T13:24:37.602Z,,4491519,0,,true,Visitor,RamiNoodle733,true,🌐 Location,"Katy, TX, US",,,,,,,,,,,,,,,,,,,2026-01-14T13:24:37.302000+00:00,👀 Site Visit,rich,0,,,false,,,,false,,,,,,,,,2026-01-14T13:24:37.602000+00:00,false,0,Animal Battle Stats,1446203750204047426
1460987921552113785,,,,,,true,,0000,0,,1446203750204047426,,0,Animal Battle Stats,,1446204139909550150,,,2026-01-14T13:24:24.341Z,,4491519,0,,true,Visitor,RamiNoodle733,true,🌐 Location,"Katy, TX, US",,,,,,,,,,,,,,,,,,,2026-01-14T13:24:24.038000+00:00,👀 Site Visit,rich,0,,,false,,,,false,,,,,,,,,2026-01-14T13:24:24.341000+00:00,false,0,Animal Battle Stats,1446203750204047426
1460987919329132554,,,,,,true,,0000,0,,1446203750204047426,,0,Animal Battle Stats,,1446204139909550150,,,2026-01-14T13:24:23.811Z,,4491519,0,,true,Visitor,RamiNoodle733,true,🌐 Location,"Katy, TX, US",,,,,,,,,,,,,,,,,,,2026-01-14T13:24:22.790000+00:00,👀 Site Visit,rich,0,,,false,,,,false,,,,,,,,,2026-01-14T13:24:23.811000+00:00,false,0,Animal Battle Stats,1446203750204047426
1460968354272509984,,,,,,true,,0000,0,,1446203750204047426,,0,Animal Battle Stats,,1446204139909550150,,,2026-01-14T12:06:39.138Z,,4491519,0,,true,Visitor,RamiNoodle733,true,🌐 Location,"Katy, TX, US",,,,,,,,,,,,,,,,,,,2026-01-14T12:06:38.850000+00:00,👀 Site Visit,rich,0,,,false,,,,false,,,,,,,,,2026-01-14T12:06:39.138000+00:00,false,0,Animal Battle Stats,1446203750204047426
1460968258784989194,,,,,,true,,0000,0,,1446203750204047426,,0,Animal Battle Stats,,1446204139909550150,,,2026-01-14T12:06:16.372Z,,4491519,0,,true,Visitor,RamiNoodle733,true,🌐 Location,"Katy, TX, US",,,,,,,,,,,,,,,,,,,2026-01-14T12:06:15.939000+00:00,👀 Site Visit,rich,0,,,false,,,,false,,,,,,,,,2026-01-14T12:06:16.372000+00:00,false,0,Animal Battle Stats,1446203750204047426
1460968212610154519,,,,,,true,,0000,0,,1446203750204047426,,0,Animal Battle Stats,,1446204139909550150,,,2026-01-14T12:06:05.363Z,,4491519,0,,true,Visitor,RamiNoodle733,true,🌐 Location,"Katy, TX, US",,,,,,,,,,,,,,,,,,,2026-01-14T12:06:05.045000+00:00,👀 Site Visit,rich,0,,,false,,,,false,,,,,,,,,2026-01-14T12:06:05.363000+00:00,false,0,Animal Battle Stats,1446203750204047426
1460968130108063764,,,,,,true,,0000,0,,1446203750204047426,,0,Animal Battle Stats,,1446204139909550150,,,2026-01-14T12:05:45.693Z,,4491519,0,,true,Visitor,RamiNoodle733,true,🌐 Location,"Katy, TX, US",,,,,,,,,,,,,,,,,,,2026-01-14T12:05:45.438000+00:00,👀 Site Visit,rich,0,,,false,,,,false,,,,,,,,,2026-01-14T12:05:45.693000+00:00,false,0,Animal Battle Stats,1446203750204047426
1460968082209243136,,,,,,true,,0000,0,,1446203750204047426,,0,Animal Battle Stats,,1446204139909550150,,,2026-01-14T12:05:34.273Z,,4491519,0,,true,Visitor,RamiNoodle733,true,🌐 Location,"Katy, TX, US",,,,,,,,,,,,,,,,,,,2026-01-14T12:05:33.973000+00:00,👀 Site Visit,rich,0,,,false,,,,false,,,,,,,,,2026-01-14T12:05:34.273000+00:00,false,0,Animal Battle Stats,1446203750204047426
1460968040731775019,,,,,,true,,0000,0,,1446203750204047426,,0,Animal Battle Stats,,1446204139909550150,,,2026-01-14T12:05:24.384Z,,4491519,0,,true,Visitor,RamiNoodle733,true,🌐 Location,"Katy, TX, US",,,,,,,,,,,,,,,,,,,2026-01-14T12:05:24.058000+00:00,👀 Site Visit,rich,0,,,false,,,,false,,,,,,,,,2026-01-14T12:05:24.384000+00:00,false,0,Animal Battle Stats,1446203750204047426
1460968039993446482,,,,,,true,,0000,0,,1446203750204047426,,0,Animal Battle Stats,,1446204139909550150,,,2026-01-14T12:05:24.208Z,,4491519,0,,true,Visitor,RamiNoodle733,true,🌐 Location,"Katy, TX, US",,,,,,,,,,,,,,,,,,,2026-01-14T12:05:17.037000+00:00,👀 Site Visit,rich,0,,,false,,,,false,,,,,,,,,2026-01-14T12:05:24.208000+00:00,false,0,Animal Battle Stats,1446203750204047426
1460855288058876060,,,,,,true,,0000,0,,1446203750204047426,,0,Animal Battle Stats,,1446204139909550150,,,2026-01-14T04:37:22.052Z,,4491519,0,,true,Visitor,Anonymous,true,🌐 Location,"Warsaw, 14, PL",,,,,,,,,,,,,,,,,,,2026-01-14T04:37:21.798000+00:00,👀 Site Visit,rich,0,,,false,,,,false,,,,,,,,,2026-01-14T04:37:22.052000+00:00,false,0,Animal Battle Stats,1446203750204047426
1460854961855533178,,,,,,true,,0000,0,,1446203750204047426,,0,Animal Battle Stats,,1446204139909550150,,,2026-01-14T04:36:04.279Z,,4491519,0,,true,Visitor,RamiNoodle733,true,🌐 Location,"Katy, TX, US",,,,,,,,,,,,,,,,,,,2026-01-14T04:36:03.865000+00:00,👀 Site Visit,rich,0,,,false,,,,false,,,,,,,,,2026-01-14T04:36:04.279000+00:00,false,0,Animal Battle Stats,1446203750204047426
1460854873171034305,,,,,,true,,0000,0,,1446203750204047426,,0,Animal Battle Stats,,1446204139909550150,,,2026-01-14T04:35:43.135Z,,4491519,0,,true,Visitor,Anonymous,true,🌐 Location,"Council Bluffs, IA, US",,,,,,,,,,,,,,,,,,,2026-01-14T04:34:42.525000+00:00,👀 Site Visit,rich,0,,,false,,,,false,,,,,,,,,2026-01-14T04:35:43.135000+00:00,false,0,Animal Battle Stats,1446203750204047426
1460854870247477380,,,,,,true,,0000,0,,1446203750204047426,,0,Animal Battle Stats,,1446204139909550150,,,2026-01-14T04:35:42.438Z,,4491519,0,,true,Visitor,Anonymous,true,🌐 Location,"Warsaw, 14, PL",,,,,,,,,,,,,,,,,,,2026-01-14T04:35:42.055000+00:00,👀 Site Visit,rich,0,,,false,,,,false,,,,,,,,,2026-01-14T04:35:42.438000+00:00,false,0,Animal Battle Stats,1446203750204047426
1460854398736404563,,,,,,true,,0000,0,,1446203750204047426,,0,Animal Battle Stats,,1446204139909550150,,,2026-01-14T04:33:50.021Z,,4491519,0,,true,Visitor,Anonymous,true,🌐 Location,"Colorado Springs, CO, US",,,,,,,,,,,,,,,,,,,2026-01-14T04:33:49.780000+00:00,👀 Site Visit,rich,0,,,false,,,,false,,,,,,,,,2026-01-14T04:33:50.021000+00:00,false,0,Animal Battle Stats,1446203750204047426
1460854396203044928,,,,,,true,,0000,0,,1446203750204047426,,0,Animal Battle Stats,,1446204139909550150,,,2026-01-14T04:33:49.417Z,,4491519,0,,true,Visitor,Anonymous,true,🌐 Location,"Council Bluffs, IA, US",,,,,,,,,,,,,,,,,,,2026-01-14T04:33:43.030000+00:00,👀 Site Visit,rich,0,,,false,,,,false,,,,,,,,,2026-01-14T04:33:49.417000+00:00,false,0,Animal Battle Stats,1446203750204047426
1460839110334877840,,,,,,true,,0000,0,,1446203750204047426,,0,Animal Battle Stats,,1446204139909550150,,,2026-01-14T03:33:04.982Z,,4491519,0,,true,Visitor,RamiNoodle733,true,🌐 Location,"Katy, TX, US",,,,,,,,,,,,,,,,,,,2026-01-14T03:33:04.666000+00:00,👀 Site Visit,rich,0,,,false,,,,false,,,,,,,,,2026-01-14T03:33:04.982000+00:00,false,0,Animal Battle Stats,1446203750204047426
1460838997084340407,,,,,,true,,0000,0,,1446203750204047426,,0,Animal Battle Stats,,1446204139909550150,,,2026-01-14T03:32:37.981Z,,4491519,0,,true,Visitor,RamiNoodle733,true,🌐 Location,"Katy, TX, US",,,,,,,,,,,,,,,,,,,2026-01-14T03:32:37.654000+00:00,👀 Site Visit,rich,0,,,false,,,,false,,,,,,,,,2026-01-14T03:32:37.981000+00:00,false,0,Animal Battle Stats,1446203750204047426
1460838957309755504,,,,,,true,,0000,0,,1446203750204047426,,0,Animal Battle Stats,,1446204139909550150,,,2026-01-14T03:32:28.498Z,,4491519,0,,true,Visitor,RamiNoodle733,true,🌐 Location,"Katy, TX, US",,,,,,,,,,,,,,,,,,,2026-01-14T03:32:28.247000+00:00,👀 Site Visit,rich,0,,,false,,,,false,,,,,,,,,2026-01-14T03:32:28.498000+00:00,false,0,Animal Battle Stats,1446203750204047426
1460838946975121410,,,,,,true,,0000,0,,1446203750204047426,,0,Animal Battle Stats,,1446204139909550150,,,2026-01-14T03:32:26.034Z,,4491519,0,,true,Visitor,RamiNoodle733,true,🌐 Location,"Katy, TX, US",,,,,,,,,,,,,,,,,,,2026-01-14T03:32:25.759000+00:00,👀 Site Visit,rich,0,,,false,,,,false,,,,,,,,,2026-01-14T03:32:26.034000+00:00,false,0,Animal Battle Stats,1446203750204047426
1460838938976456746,,,,,,true,,0000,0,,1446203750204047426,,0,Animal Battle Stats,,1446204139909550150,,,2026-01-14T03:32:24.127Z,,4491519,0,,true,Visitor,RamiNoodle733,true,🌐 Location,"Katy, TX, US",,,,,,,,,,,,,,,,,,,2026-01-14T03:32:23.873000+00:00,👀 Site Visit,rich,0,,,false,,,,false,,,,,,,,,2026-01-14T03:32:24.127000+00:00,false,0,Animal Battle Stats,1446203750204047426
1460838928595554487,,,,,,true,,0000,0,,1446203750204047426,,0,Animal Battle Stats,,1446204139909550150,,,2026-01-14T03:32:21.652Z,,4491519,0,,true,Visitor,RamiNoodle733,true,🌐 Location,"Katy, TX, US",,,,,,,,,,,,,,,,,,,2026-01-14T03:32:21.375000+00:00,👀 Site Visit,rich,0,,,false,,,,false,,,,,,,,,2026-01-14T03:32:21.652000+00:00,false,0,Animal Battle Stats,1446203750204047426
1460838916843245720,,,,,,true,,0000,0,,1446203750204047426,,0,Animal Battle Stats,,1446204139909550150,,,2026-01-14T03:32:18.850Z,,4491519,0,,true,Visitor,RamiNoodle733,true,🌐 Location,"Katy, TX, US",,,,,,,,,,,,,,,,,,,2026-01-14T03:32:18.612000+00:00,👀 Site Visit,rich,0,,,false,,,,false,,,,,,,,,2026-01-14T03:32:18.850000+00:00,false,0,Animal Battle Stats,1446203750204047426
1460838847230251201,,,,,,true,,0000,0,,1446203750204047426,,0,Animal Battle Stats,,1446204139909550150,,,2026-01-14T03:32:02.253Z,,4491519,0,,true,Visitor,RamiNoodle733,true,🌐 Location,"Katy, TX, US",,,,,,,,,,,,,,,,,,,2026-01-14T03:32:01.966000+00:00,👀 Site Visit,rich,0,,,false,,,,false,,,,,,,,,2026-01-14T03:32:02.253000+00:00,false,0,Animal Battle Stats,1446203750204047426
1460838846236328007,,,,,,true,,0000,0,,1446203750204047426,,0,Animal Battle Stats,,1446204139909550150,,,2026-01-14T03:32:02.016Z,,4491519,0,,true,Visitor,RamiNoodle733,true,🌐 Location,"Katy, TX, US",,,,,,,,,,,,,,,,,,,2026-01-14T03:31:54.930000+00:00,👀 Site Visit,rich,0,,,false,,,,false,,,,,,,,,2026-01-14T03:32:02.016000+00:00,false,0,Animal Battle Stats,1446203750204047426
1460806560061194311,,,,,,true,,0000,0,,1446203750204047426,,0,Animal Battle Stats,,1446204139909550150,,,2026-01-14T01:23:44.392Z,,16739072,0,,false,Matchup,Saltwater Crocodile vs Bongo,true,User,Anonymous,true,🌐 Location,"Hackensack, NJ, US",,,,,,,,,,,,,,,,2026-01-14T01:23:43.953000+00:00,⚔️ Battle Comparison,rich,0,,,false,,,,false,,,,,,,,,2026-01-14T01:23:44.392000+00:00,false,0,Animal Battle Stats,1446203750204047426
1460796819041947770,,,,,,true,,0000,0,,1446203750204047426,,0,Animal Battle Stats,,1446204139909550150,,,2026-01-14T00:45:01.952Z,,16739072,0,,false,Matchup,Green Anaconda vs Warthog,true,User,Anonymous,true,🌐 Location,"Hackensack, NJ, US",,,,,,,,,,,,,,,,2026-01-14T00:45:01.376000+00:00,⚔️ Battle Comparison,rich,0,,,false,,,,false,,,,,,,,,2026-01-14T00:45:01.952000+00:00,false,0,Animal Battle Stats,1446203750204047426
1460796749839990801,,,,,,true,,0000,0,,1446203750204047426,,0,Animal Battle Stats,,1446204139909550150,,,2026-01-14T00:44:45.453Z,,16739072,0,,false,Matchup,Anaconda vs Wild Boar,true,User,Anonymous,true,🌐 Location,"Hackensack, NJ, US",,,,,,,,,,,,,,,,2026-01-14T00:44:43.883000+00:00,⚔️ Battle Comparison,rich,0,,,false,,,,false,,,,,,,,,2026-01-14T00:44:45.453000+00:00,false,0,Animal Battle Stats,1446203750204047426
1460796596584452161,,,,,,true,,0000,0,,1446203750204047426,,0,Animal Battle Stats,,1446204139909550150,,,2026-01-14T00:44:08.914Z,,16739072,0,,false,Matchup,Monarch Butterfly vs Walrus,true,User,Anonymous,true,🌐 Location,"Hackensack, NJ, US",,,,,,,,,,,,,,,,2026-01-14T00:44:08.728000+00:00,⚔️ Battle Comparison,rich,0,,,false,,,,false,,,,,,,,,2026-01-14T00:44:08.914000+00:00,false,0,Animal Battle Stats,1446203750204047426
1460796568390336562,,,,,,true,,0000,0,,1446203750204047426,,0,Animal Battle Stats,,1446204139909550150,,,2026-01-14T00:44:02.192Z,,16739072,0,,false,Matchup,Sugar Glider vs Walrus,true,User,Anonymous,true,🌐 Location,"Hackensack, NJ, US",,,,,,,,,,,,,,,,2026-01-14T00:44:01.915000+00:00,⚔️ Battle Comparison,rich,0,,,false,,,,false,,,,,,,,,2026-01-14T00:44:02.192000+00:00,false,0,Animal Battle Stats,1446203750204047426
1460796246649471193,,,,,,true,,0000,0,,1446203750204047426,,0,Animal Battle Stats,,1446204139909550150,,,2026-01-14T00:42:45.483Z,,16739072,0,,false,Matchup,Leatherback Sea Turtle vs Barn Owl,true,User,Anonymous,true,🌐 Location,"Hackensack, NJ, US",,,,,,,,,,,,,,,,2026-01-14T00:42:45.055000+00:00,⚔️ Battle Comparison,rich,0,,,false,,,,false,,,,,,,,,2026-01-14T00:42:45.483000+00:00,false,0,Animal Battle Stats,1446203750204047426
1460796134971674697,,,,,,true,,0000,0,,1446203750204047426,,0,Animal Battle Stats,,1446204139909550150,,,2026-01-14T00:42:18.857Z,,16739072,0,,false,Matchup,Badger vs Badger,true,User,Anonymous,true,🌐 Location,"Hackensack, NJ, US",,,,,,,,,,,,,,,,2026-01-14T00:42:18.625000+00:00,⚔️ Battle Comparison,rich,0,,,false,,,,false,,,,,,,,,2026-01-14T00:42:18.857000+00:00,false,0,Animal Battle Stats,1446203750204047426
1460796094697963682,,,,,,true,,0000,0,,1446203750204047426,,0,Animal Battle Stats,,1446204139909550150,,,2026-01-14T00:42:09.255Z,,16739072,0,,false,Matchup,Honey Badger vs Badger,true,User,Anonymous,true,🌐 Location,"Hackensack, NJ, US",,,,,,,,,,,,,,,,2026-01-14T00:42:08.755000+00:00,⚔️ Battle Comparison,rich,0,,,false,,,,false,,,,,,,,,2026-01-14T00:42:09.255000+00:00,false,0,Animal Battle Stats,1446203750204047426
1460795794599841822,,,,,,true,,0000,0,,1446203750204047426,,0,Animal Battle Stats,,1446204139909550150,,,2026-01-14T00:40:57.706Z,,16739072,0,,false,Matchup,Tasmanian Devil vs Flying Squirrel,true,User,Anonymous,true,🌐 Location,"Hackensack, NJ, US",,,,,,,,,,,,,,,,2026-01-14T00:40:57.424000+00:00,⚔️ Battle Comparison,rich,0,,,false,,,,false,,,,,,,,,2026-01-14T00:40:57.706000+00:00,false,0,Animal Battle Stats,1446203750204047426
1460795535643381780,,,,,,true,,0000,0,,1446203750204047426,,0,Animal Battle Stats,,1446204139909550150,,,2026-01-14T00:39:55.966Z,,4491519,0,,true,Visitor,Anonymous,true,🌐 Location,"Hackensack, NJ, US",,,,,,,,,,,,,,,,,,,2026-01-14T00:35:51.639000+00:00,👀 Site Visit,rich,0,,,false,,,,false,,,,,,,,,2026-01-14T00:39:55.966000+00:00,false,0,Animal Battle Stats,1446203750204047426