id,activity,application,application_id,attachments,author.avatar,author.bot,author.clan,author.discriminator,author.flags,author.global_name,author.id,author.primary_guild,author.public_flags,author.username,call,channel_id,components,content,date,edited_timestamp,embeds.0.color,embeds.0.content_scan_version,embeds.0.description,embeds.0.fields.0.inline,embeds.0.fields.0.name,embeds.0.fields.0.value,embeds.0.fields.1.inline,embeds.0.fields.1.name,embeds.0.fields.1.value,embeds.0.fields.2.inline,embeds.0.fields.2.name,embeds.0.fields.2.value,embeds.0.fields.3.inline,embeds.0.fields.3.name,embeds.0.fields.3.value,embeds.0.timestamp,embeds.0.title,embeds.0.type,flags,interaction,mention_channels,mention_everyone,mentions,message_reference,nonce,pinned,position,reactions,referenced_message,resolved,role_subscription_data,sticker_items,stickers,thread,timestamp,tts,type,userName,webhook_id
1460795326800859360,,,,,,true,,0000,0,,1446203750204047426,,0,Animal Battle Stats,,1446204139909550150,,,2026-01-14T00:39:06.174Z,,16739072,0,,false,Matchup,Sea Lion vs Seal,true,User,Anonymous,true,🌐 Location,"Hackensack, NJ, US",,,,2026-01-14T00:39:05.910000+00:00,⚔️ Battle Comparison,rich,0,,,false,,,,false,,,,,,,,,2026-01-14T00:39:06.174000+00:00,false,0,Animal Battle Stats,1446203750204047426
1460795160744169597,,,,,,true,,0000,0,,1446203750204047426,,0,Animal Battle Stats,,1446204139909550150,,,2026-01-14T00:38:26.583Z,,16739072,0,,false,Matchup,Boa Constrictor vs Bobcat,true,User,Anonymous,true,🌐 Location,"Hackensack, NJ, US",,,,2026-01-14T00:38:26.292000+00:00,⚔️ Battle Comparison,rich,0,,,false,,,,false,,,,,,,,,2026-01-14T00:38:26.583000+00:00,false,0,Animal Battle Stats,1446203750204047426
1460795117827919903,,,,,,true,,0000,0,,1446203750204047426,,0,Animal Battle Stats,,1446204139909550150,,,2026-01-14T00:38:16.351Z,,16739072,0,,false,Matchup,Leopard vs Jaguar,true,User,Anonymous,true,🌐 Location,"Hackensack, NJ, US",,,,2026-01-14T00:38:15.979000+00:00,⚔️ Battle Comparison,rich,0,,,false,,,,false,,,,,,,,,2026-01-14T00:38:16.351000+00:00,false,0,Animal Battle Stats,1446203750204047426
1460794970880479406,,,,,,true,,0000,0,,1446203750204047426,,0,Animal Battle Stats,,1446204139909550150,,,2026-01-14T00:37:41.316Z,,16739072,0,,false,Matchup,Cheetah vs Jaguar,true,User,Anonymous,true,🌐 Location,"Hackensack, NJ, US",,,,2026-01-14T00:37:40.933000+00:00,⚔️ Battle Comparison,rich,0,,,false,,,,false,,,,,,,,,2026-01-14T00:37:41.316000+00:00,false,0,Animal Battle Stats,1446203750204047426
1460794776784867358,,,,,,true,,0000,0,,1446203750204047426,,0,Animal Battle Stats,,1446204139909550150,,,2026-01-14T00:36:55.040Z,,16739072,0,,false,Matchup,Gorilla vs Siberian Tiger,true,User,Anonymous,true,🌐 Location,"Hackensack, NJ, US",,,,2026-01-14T00:36:54.705000+00:00,⚔️ Battle Comparison,rich,0,,,false,,,,false,,,,,,,,,2026-01-14T00:36:55.040000+00:00,false,0,Animal Battle Stats,1446203750204047426
1460794714361167872,,,,,,true,,0000,0,,1446203750204047426,,0,Animal Battle Stats,,1446204139909550150,,,2026-01-14T00:36:40.157Z,,16739072,0,,false,Matchup,Harpy Eagle vs Orca,true,User,Anonymous,true,🌐 Location,"Hackensack, NJ, US",,,,2026-01-14T00:36:39.849000+00:00,⚔️ Battle Comparison,rich,0,,,false,,,,false,,,,,,,,,2026-01-14T00:36:40.157000+00:00,false,0,Animal Battle Stats,1446203750204047426
1460794653426319516,,,,,,true,,0000,0,,1446203750204047426,,0,Animal Battle Stats,,1446204139909550150,,,2026-01-14T00:36:25.629Z,,16739072,0,,false,Matchup,Harpy Eagle vs Shoebill,true,User,Anonymous,true,🌐 Location,"Hackensack, NJ, US",,,,2026-01-14T00:36:25.191000+00:00,⚔️ Battle Comparison,rich,0,,,false,,,,false,,,,,,,,,2026-01-14T00:36:25.629000+00:00,false,0,Animal Battle Stats,1446203750204047426
1460779958447374481,,,,,,true,,0000,0,,1446203750204047426,,0,Animal Battle Stats,,1446204139909550150,,,2026-01-13T23:38:02.073Z,,4491519,0,,true,Visitor,Anonymous,true,🌐 Location,"Sugar Land, TX, US",,,,,,,2026-01-13T23:38:01.763000+00:00,👀 Site Visit,rich,0,,,false,,,,false,,,,,,,,,2026-01-13T23:38:02.073000+00:00,false,0,Animal Battle Stats,1446203750204047426
1460779956736098304,,,,,,true,,0000,0,,1446203750204047426,,0,Animal Battle Stats,,1446204139909550150,,,2026-01-13T23:38:01.665Z,,6710886,0,,true,User,Anonymous,true,🌐 Location,"Sugar Land, TX, US",,,,,,,2026-01-13T23:38:01.380000+00:00,👋 User Left Site,rich,0,,,false,,,,false,,,,,,,,,2026-01-13T23:38:01.665000+00:00,false,0,Animal Battle Stats,1446203750204047426
1460779945289584755,,,,,,true,,0000,0,,1446203750204047426,,0,Animal Battle Stats,,1446204139909550150,,,2026-01-13T23:37:58.936Z,,4491519,0,,true,Visitor,Anonymous,true,🌐 Location,"Sugar Land, TX, US",,,,,,,2026-01-13T23:37:58.686000+00:00,👀 Site Visit,rich,0,,,false,,,,false,,,,,,,,,2026-01-13T23:37:58.936000+00:00,false,0,Animal Battle Stats,1446203750204047426
1460779943704395959,,,,,,true,,0000,0,,1446203750204047426,,0,Animal Battle Stats,,1446204139909550150,,,2026-01-13T23:37:58.558Z,,6710886,0,,true,User,Anonymous,true,🌐 Location,"Sugar Land, TX, US",,,,,,,2026-01-13T23:37:58.318000+00:00,👋 User Left Site,rich,0,,,false,,,,false,,,,,,,,,2026-01-13T23:37:58.558000+00:00,false,0,Animal Battle Stats,1446203750204047426
1460779934258565171,,,,,,true,,0000,0,,1446203750204047426,,0,Animal Battle Stats,,1446204139909550150,,,2026-01-13T23:37:56.306Z,,4491519,0,,true,Visitor,Anonymous,true,🌐 Location,"Sugar Land, TX, US",,,,,,,2026-01-13T23:37:56.056000+00:00,👀 Site Visit,rich,0,,,false,,,,false,,,,,,,,,2026-01-13T23:37:56.306000+00:00,false,0,Animal Battle Stats,1446203750204047426
1460779931528200304,,,,,,true,,0000,0,,1446203750204047426,,0,Animal Battle Stats,,1446204139909550150,,,2026-01-13T23:37:55.655Z,,6710886,0,,true,User,Anonymous,true,🌐 Location,"Sugar Land, TX, US",,,,,,,2026-01-13T23:37:55.326000+00:00,👋 User Left Site,rich,0,,,false,,,,false,,,,,,,,,2026-01-13T23:37:55.655000+00:00,false,0,Animal Battle Stats,1446203750204047426
1460779920446849046,,,,,,true,,0000,0,,1446203750204047426,,0,Animal Battle Stats,,1446204139909550150,,,2026-01-13T23:37:53.013Z,,4491519,0,,true,Visitor,Anonymous,true,🌐 Location,"Sugar Land, TX, US",,,,,,,2026-01-13T23:37:52.668000+00:00,👀 Site Visit,rich,0,,,false,,,,false,,,,,,,,,2026-01-13T23:37:53.013000+00:00,false,0,Animal Battle Stats,1446203750204047426
1460779918924447805,,,,,,true,,0000,0,,1446203750204047426,,0,Animal Battle Stats,,1446204139909550150,,,2026-01-13T23:37:52.650Z,,6710886,0,,true,User,Anonymous,true,🌐 Location,"Sugar Land, TX, US",,,,,,,2026-01-13T23:37:52.356000+00:00,👋 User Left Site,rich,0,,,false,,,,false,,,,,,,,,2026-01-13T23:37:52.650000+00:00,false,0,Animal Battle Stats,1446203750204047426
1460779906794520671,,,,,,true,,0000,0,,1446203750204047426,,0,Animal Battle Stats,,1446204139909550150,,,2026-01-13T23:37:49.758Z,,4491519,0,,true,Visitor,Anonymous,true,🌐 Location,"Sugar Land, TX, US",,,,,,,2026-01-13T23:37:49.497000+00:00,👀 Site Visit,rich,0,,,false,,,,false,,,,,,,,,2026-01-13T23:37:49.758000+00:00,false,0,Animal Battle Stats,1446203750204047426
1460779885579599872,,,,,,true,,0000,0,,1446203750204047426,,0,Animal Battle Stats,,1446204139909550150,,,2026-01-13T23:37:44.700Z,,4491519,0,,true,Visitor,Anonymous,true,🌐 Location,"Sugar Land, TX, US",,,,,,,2026-01-13T23:37:44.434000+00:00,👀 Site Visit,rich,0,,,false,,,,false,,,,,,,,,2026-01-13T23:37:44.700000+00:00,false,0,Animal Battle Stats,1446203750204047426
1460779884329697330,,,,,,true,,0000,0,,1446203750204047426,,0,Animal Battle Stats,,1446204139909550150,,,2026-01-13T23:37:44.402Z,,6710886,0,,true,User,Anonymous,true,🌐 Location,"Sugar Land, TX, US",,,,,,,2026-01-13T23:37:44.119000+00:00,👋 User Left Site,rich,0,,,false,,,,false,,,,,,,,,2026-01-13T23:37:44.402000+00:00,false,0,Animal Battle Stats,1446203750204047426
1460779870002090014,,,,,,true,,0000,0,,1446203750204047426,,0,Animal Battle Stats,,1446204139909550150,,,2026-01-13T23:37:40.986Z,,4491519,0,,true,Visitor,Anonymous,true,🌐 Location,"Sugar Land, TX, US",,,,,,,2026-01-13T23:37:40.610000+00:00,👀 Site Visit,rich,0,,,false,,,,false,,,,,,,,,2026-01-13T23:37:40.986000+00:00,false,0,Animal Battle Stats,1446203750204047426
1460779868651262179,,,,,,true,,0000,0,,1446203750204047426,,0,Animal Battle Stats,,1446204139909550150,,,2026-01-13T23:37:40.664Z,,6710886,0,,true,User,Anonymous,true,🌐 Location,"Sugar Land, TX, US",,,,,,,2026-01-13T23:37:40.321000+00:00,👋 User Left Site,rich,0,,,false,,,,false,,,,,,,,,2026-01-13T23:37:40.664000+00:00,false,0,Animal Battle Stats,1446203750204047426
1460779856412545220,,,,,,true,,0000,0,,1446203750204047426,,0,Animal Battle Stats,,1446204139909550150,,,2026-01-13T23:37:37.746Z,,4491519,0,,true,Visitor,Anonymous,true,🌐 Location,"Sugar Land, TX, US",,,,,,,2026-01-13T23:37:37.364000+00:00,👀 Site Visit,rich,0,,,false,,,,false,,,,,,,,,2026-01-13T23:37:37.746000+00:00,false,0,Animal Battle Stats,1446203750204047426
1460779854214594682,,,,,,true,,0000,0,,1446203750204047426,,0,Animal Battle Stats,,1446204139909550150,,,2026-01-13T23:37:37.222Z,,6710886,0,,true,User,Anonymous,true,🌐 Location,"Sugar Land, TX, US",,,,,,,2026-01-13T23:37:36.883000+00:00,👋 User Left Site,rich,0,,,false,,,,false,,,,,,,,,2026-01-13T23:37:37.222000+00:00,false,0,Animal Battle Stats,1446203750204047426
1460779841069781024,,,,,,true,,0000,0,,1446203750204047426,,0,Animal Battle Stats,,1446204139909550150,,,2026-01-13T23:37:34.088Z,,4491519,0,,true,Visitor,Anonymous,true,🌐 Location,"Sugar Land, TX, US",,,,,,,2026-01-13T23:37:33.788000+00:00,👀 Site Visit,rich,0,,,false,,,,false,,,,,,,,,2026-01-13T23:37:34.088000+00:00,false,0,Animal Battle Stats,1446203750204047426
1460779828017103037,,,,,,true,,0000,0,,1446203750204047426,,0,Animal Battle Stats,,1446204139909550150,,,2026-01-13T23:37:30.976Z,,6710886,0,,true,User,Anonymous,true,🌐 Location,"Sugar Land, TX, US",,,,,,,2026-01-13T23:37:30.638000+00:00,👋 User Left Site,rich,0,,,false,,,,false,,,,,,,,,2026-01-13T23:37:30.976000+00:00,false,0,Animal Battle Stats,1446203750204047426
1460779722119184556,,,,,,true,,0000,0,,1446203750204047426,,0,Animal Battle Stats,,1446204139909550150,,,2026-01-13T23:37:05.728Z,,4491519,0,,true,Visitor,Anonymous,true,🌐 Location,"Sugar Land, TX, US",,,,,,,2026-01-13T23:37:05.330000+00:00,👀 Site Visit,rich,0,,,false,,,,false,,,,,,,,,2026-01-13T23:37:05.728000+00:00,false,0,Animal Battle Stats,1446203750204047426
1460779695615246418,,,,,,true,,0000,0,,1446203750204047426,,0,Animal Battle Stats,,1446204139909550150,,,2026-01-13T23:36:59.409Z,,4491519,0,,true,Visitor,Anonymous,true,🌐 Location,"Sugar Land, TX, US",,,,,,,2026-01-13T23:36:59.107000+00:00,👀 Site Visit,rich,0,,,false,,,,false,,,,,,,,,2026-01-13T23:36:59.409000+00:00,false,0,Animal Battle Stats,1446203750204047426
1460779694327726224,,,,,,true,,0000,0,,1446203750204047426,,0,Animal Battle Stats,,1446204139909550150,,,2026-01-13T23:36:59.102Z,,6710886,0,,true,User,Anonymous,true,🌐 Location,"Sugar Land, TX, US",,,,,,,2026-01-13T23:36:58.752000+00:00,👋 User Left Site,rich,0,,,false,,,,false,,,,,,,,,2026-01-13T23:36:59.102000+00:00,false,0,Animal Battle Stats,1446203750204047426
1460779673431576720,,,,,,true,,0000,0,,1446203750204047426,,0,Animal Battle Stats,,1446204139909550150,,,2026-01-13T23:36:54.120Z,,4491519,0,,true,Visitor,Anonymous,true,🌐 Location,"Sugar Land, TX, US",,,,,,,2026-01-13T23:36:53.935000+00:00,👀 Site Visit,rich,0,,,false,,,,false,,,,,,,,,2026-01-13T23:36:54.120000+00:00,false,0,Animal Battle Stats,1446203750204047426
1460779672810815775,,,,,,true,,0000,0,,1446203750204047426,,0,Animal Battle Stats,,1446204139909550150,,,2026-01-13T23:36:53.972Z,,6710886,0,,true,User,Anonymous,true,🌐 Location,"Sugar Land, TX, US",,,,,,,2026-01-13T23:36:53.418000+00:00,👋 User Left Site,rich,0,,,false,,,,false,,,,,,,,,2026-01-13T23:36:53.972000+00:00,false,0,Animal Battle Stats,1446203750204047426
1460779672789979341,,,,,,true,,0000,0,,1446203750204047426,,0,Animal Battle Stats,,1446204139909550150,,,2026-01-13T23:36:53.967Z,,4491519,0,,true,Visitor,Anonymous,true,🌐 Location,"Sugar Land, TX, US",,,,,,,2026-01-13T23:36:40.571000+00:00,👀 Site Visit,rich,0,,,false,,,,false,,,,,,,,,2026-01-13T23:36:53.967000+00:00,false,0,Animal Battle Stats,1446203750204047426
1460775429446303936,,,,,,true,,0000,0,,1446203750204047426,,0,Animal Battle Stats,,1446204139909550150,,,2026-01-13T23:20:02.275Z,,4491519,0,,true,Visitor,RamiNoodle733,true,🌐 Location,"Sugar Land, TX, US",,,,,,,2026-01-13T23:20:02.003000+00:00,👀 Site Visit,rich,0,,,false,,,,false,,,,,,,,,2026-01-13T23:20:02.275000+00:00,false,0,Animal Battle Stats,1446203750204047426
1460775409439473766,,,,,,true,,0000,0,,1446203750204047426,,0,Animal Battle Stats,,1446204139909550150,,,2026-01-13T23:19:57.505Z,,4491519,0,,true,Visitor,RamiNoodle733,true,🌐 Location,"Sugar Land, TX, US",,,,,,,2026-01-13T23:19:57.252000+00:00,👀 Site Visit,rich,0,,,false,,,,false,,,,,,,,,2026-01-13T23:19:57.505000+00:00,false,0,Animal Battle Stats,1446203750204047426
1460775401935868061,,,,,,true,,0000,0,,1446203750204047426,,0,Animal Battle Stats,,1446204139909550150,,,2026-01-13T23:19:55.716Z,,4491519,0,,true,Visitor,RamiNoodle733,true,🌐 Location,"Sugar Land, TX, US",,,,,,,2026-01-13T23:19:55.475000+00:00,👀 Site Visit,rich,0,,,false,,,,false,,,,,,,,,2026-01-13T23:19:55.716000+00:00,false,0,Animal Battle Stats,1446203750204047426
1460775385863033055,,,,,,true,,0000,0,,1446203750204047426,,0,Animal Battle Stats,,1446204139909550150,,,2026-01-13T23:19:51.884Z,,4491519,0,,true,Visitor,RamiNoodle733,true,🌐 Location,"Sugar Land, TX, US",,,,,,,2026-01-13T23:19:51.551000+00:00,👀 Site Visit,rich,0,,,false,,,,false,,,,,,,,,2026-01-13T23:19:51.884000+00:00,false,0,Animal Battle Stats,1446203750204047426
1460775377952702653,,,,,,true,,0000,0,,1446203750204047426,,0,Animal Battle Stats,,1446204139909550150,,,2026-01-13T23:19:49.998Z,,4491519,0,,true,Visitor,RamiNoodle733,true,🌐 Location,"Sugar Land, TX, US",,,,,,,2026-01-13T23:19:49.672000+00:00,👀 Site Visit,rich,0,,,false,,,,false,,,,,,,,,2026-01-13T23:19:49.998000+00:00,false,0,Animal Battle Stats,1446203750204047426
1460775365005017367,,,,,,true,,0000,0,,1446203750204047426,,0,Animal Battle Stats,,1446204139909550150,,,2026-01-13T23:19:46.911Z,,4491519,0,,true,Visitor,RamiNoodle733,true,🌐 Location,"Sugar Land, TX, US",,,,,,,2026-01-13T23:19:46.688000+00:00,👀 Site Visit,rich,0,,,false,,,,false,,,,,,,,,2026-01-13T23:19:46.911000+00:00,false,0,Animal Battle Stats,1446203750204047426
1460775308356620442,,,,,,true,,0000,0,,1446203750204047426,,0,Animal Battle Stats,,1446204139909550150,,,2026-01-13T23:19:33.405Z,,4491519,0,,true,Visitor,RamiNoodle733,true,🌐 Location,"Sugar Land, TX, US",,,,,,,2026-01-13T23:19:32.985000+00:00,👀 Site Visit,rich,0,,,false,,,,false,,,,,,,,,2026-01-13T23:19:33.405000+00:00,false,0,Animal Battle Stats,1446203750204047426
1460775232494108733,,,,,,true,,0000,0,,1446203750204047426,,0,Animal Battle Stats,,1446204139909550150,,,2026-01-13T23:19:15.318Z,,4491519,0,,true,Visitor,RamiNoodle733,true,🌐 Location,"Sugar Land, TX, US",,,,,,,2026-01-13T23:19:15.039000+00:00,👀 Site Visit,rich,0,,,false,,,,false,,,,,,,,,2026-01-13T23:19:15.318000+00:00,false,0,Animal Battle Stats,1446203750204047426
1460775179188965441,,,,,,true,,0000,0,,1446203750204047426,,0,Animal Battle Stats,,1446204139909550150,,,2026-01-13T23:19:02.609Z,,4491519,0,,true,Visitor,RamiNoodle733,true,🌐 Location,"Sugar Land, TX, US",,,,,,,2026-01-13T23:19:02.327000+00:00,👀 Site Visit,rich,0,,,false,,,,false,,,,,,,,,2026-01-13T23:19:02.609000+00:00,false,0,Animal Battle Stats,1446203750204047426
1460775127590633607,,,,,,true,,0000,0,,1446203750204047426,,0,Animal Battle Stats,,1446204139909550150,,,2026-01-13T23:18:50.307Z,,4491519,0,,true,Visitor,RamiNoodle733,true,🌐 Location,"Sugar Land, TX, US",,,,,,,2026-01-13T23:18:49.974000+00:00,👀 Site Visit,rich,0,,,false,,,,false,,,,,,,,,2026-01-13T23:18:50.307000+00:00,false,0,Animal Battle Stats,1446203750204047426
1460775106765787186,,,,,,true,,0000,0,,1446203750204047426,,0,Animal Battle Stats,,1446204139909550150,,,2026-01-13T23:18:45.342Z,,4491519,0,,true,Visitor,RamiNoodle733,true,🌐 Location,"Sugar Land, TX, US",,,,,,,2026-01-13T23:18:45.088000+00:00,👀 Site Visit,rich,0,,,false,,,,false,,,,,,,,,2026-01-13T23:18:45.342000+00:00,false,0,Animal Battle Stats,1446203750204047426
1460775091120898172,,,,,,true,,0000,0,,1446203750204047426,,0,Animal Battle Stats,,1446204139909550150,,,2026-01-13T23:18:41.612Z,,4491519,0,,true,Visitor,RamiNoodle733,true,🌐 Location,"Sugar Land, TX, US",,,,,,,2026-01-13T23:18:41.306000+00:00,👀 Site Visit,rich,0,,,false,,,,false,,,,,,,,,2026-01-13T23:18:41.612000+00:00,false,0,Animal Battle Stats,1446203750204047426
1460775033583698012,,,,,,true,,0000,0,,1446203750204047426,,0,Animal Battle Stats,,1446204139909550150,,,2026-01-13T23:18:27.894Z,,4491519,0,,true,Visitor,RamiNoodle733,true,🌐 Location,"Sugar Land, TX, US",,,,,,,2026-01-13T23:18:27.534000+00:00,👀 Site Visit,rich,0,,,false,,,,false,,,,,,,,,2026-01-13T23:18:27.894000+00:00,false,0,Animal Battle Stats,1446203750204047426
1460774827865407520,,,,,,true,,0000,0,,1446203750204047426,,0,Animal Battle Stats,,1446204139909550150,,,2026-01-13T23:17:38.847Z,,4491519,0,,true,Visitor,Anonymous,true,🌐 Location,"Sugar Land, TX, US",,,,,,,2026-01-13T23:17:38.598000+00:00,👀 Site Visit,rich,0,,,false,,,,false,,,,,,,,,2026-01-13T23:17:38.847000+00:00,false,0,Animal Battle Stats,1446203750204047426
1460774826426761382,,,,,,true,,0000,0,,1446203750204047426,,0,Animal Battle Stats,,1446204139909550150,,,2026-01-13T23:17:38.504Z,,6710886,0,,true,User,Anonymous,true,🌐 Location,"Sugar Land, TX, US",,,,,,,2026-01-13T23:17:38.223000+00:00,👋 User Left Site,rich,0,,,false,,,,false,,,,,,,,,2026-01-13T23:17:38.504000+00:00,false,0,Animal Battle Stats,1446203750204047426
1460774813760094304,,,,,,true,,0000,0,,1446203750204047426,,0,Animal Battle Stats,,1446204139909550150,,,2026-01-13T23:17:35.484Z,,4491519,0,,true,Visitor,Anonymous,true,🌐 Location,"Sugar Land, TX, US",,,,,,,2026-01-13T23:17:35.156000+00:00,👀 Site Visit,rich,0,,,false,,,,false,,,,,,,,,2026-01-13T23:17:35.484000+00:00,false,0,Animal Battle Stats,1446203750204047426
1460774811776192626,,,,,,true,,0000,0,,1446203750204047426,,0,Animal Battle Stats,,1446204139909550150,,,2026-01-13T23:17:35.011Z,,6710886,0,,true,User,Anonymous,true,🌐 Location,"Sugar Land, TX, US",,,,,,,2026-01-13T23:17:34.816000+00:00,👋 User Left Site,rich,0,,,false,,,,false,,,,,,,,,2026-01-13T23:17:35.011000+00:00,false,0,Animal Battle Stats,1446203750204047426
1460774800988438599,,,,,,true,,0000,0,,1446203750204047426,,0,Animal Battle Stats,,1446204139909550150,,,2026-01-13T23:17:32.439Z,,4491519,0,,true,Visitor,Anonymous,true,🌐 Location,"Sugar Land, TX, US",,,,,,,2026-01-13T23:17:32.169000+00:00,👀 Site Visit,rich,0,,,false,,,,false,,,,,,,,,2026-01-13T23:17:32.439000+00:00,false,0,Animal Battle Stats,1446203750204047426
1460774799465910353,,,,,,true,,0000,0,,1446203750204047426,,0,Animal Battle Stats,,1446204139909550150,,,2026-01-13T23:17:32.076Z,,6710886,0,,true,User,Anonymous,true,🌐 Location,"Sugar Land, TX, US",,,,,,,2026-01-13T23:17:31.807000+00:00,👋 User Left Site,rich,0,,,false,,,,false,,,,,,,,,2026-01-13T23:17:32.076000+00:00,false,0,Animal Battle Stats,1446203750204047426
1460774790146162792,,,,,,true,,0000,0,,1446203750204047426,,0,Animal Battle Stats,,1446204139909550150,,,2026-01-13T23:17:29.854Z,,4491519,0,,true,Visitor,Anonymous,true,🌐 Location,"Sugar Land, TX, US",,,,,,,2026-01-13T23:17:29.058000+00:00,👀 Site Visit,rich,0,,,false,,,,false,,,,,,,,,2026-01-13T23:17:29.854000+00:00,false,0,Animal Battle Stats,1446203750204047426
1460774786769752147,,,,,,true,,0000,0,,1446203750204047426,,0,Animal Battle Stats,,1446204139909550150,,,2026-01-13T23:17:29.049Z,,6710886,0,,true,User,Anonymous,true,🌐 Location,"Sugar Land, TX, US",,,,,,,2026-01-13T23:17:28.753000+00:00,👋 User Left Site,rich,0,,,false,,,,false,,,,,,,,,2026-01-13T23:17:29.049000+00:00,false,0,Animal Battle Stats,1446203750204047426
1460774775218503770,,,,,,true,,0000,0,,1446203750204047426,,0,Animal Battle Stats,,1446204139909550150,,,2026-01-13T23:17:26.295Z,,4491519,0,,true,Visitor,Anonymous,true,🌐 Location,"Sugar Land, TX, US",,,,,,,2026-01-13T23:17:26.052000+00:00,👀 Site Visit,rich,0,,,false,,,,false,,,,,,,,,2026-01-13T23:17:26.295000+00:00,false,0,Animal Battle Stats,1446203750204047426
1460774760685375609,,,,,,true,,0000,0,,1446203750204047426,,0,Animal Battle Stats,,1446204139909550150,,,2026-01-13T23:17:22.830Z,,4491519,0,,true,Visitor,Anonymous,true,🌐 Location,"Sugar Land, TX, US",,,,,,,2026-01-13T23:17:22.545000+00:00,👀 Site Visit,rich,0,,,false,,,,false,,,,,,,,,2026-01-13T23:17:22.830000+00:00,false,0,Animal Battle Stats,1446203750204047426
1460774759217496217,,,,,,true,,0000,0,,1446203750204047426,,0,Animal Battle Stats,,1446204139909550150,,,2026-01-13T23:17:22.480Z,,6710886,0,,true,User,Anonymous,true,🌐 Location,"Sugar Land, TX, US",,,,,,,2026-01-13T23:17:22.183000+00:00,👋 User Left Site,rich,0,,,false,,,,false,,,,,,,,,2026-01-13T23:17:22.480000+00:00,false,0,Animal Battle Stats,1446203750204047426
1460774748333150410,,,,,,true,,0000,0,,1446203750204047426,,0,Animal Battle Stats,,1446204139909550150,,,2026-01-13T23:17:19.885Z,,4491519,0,,true,Visitor,Anonymous,true,🌐 Location,"Sugar Land, TX, US",,,,,,,2026-01-13T23:17:19.506000+00:00,👀 Site Visit,rich,0,,,false,,,,false,,,,,,,,,2026-01-13T23:17:19.885000+00:00,false,0,Animal Battle Stats,1446203750204047426
1460774746659754014,,,,,,true,,0000,0,,1446203750204047426,,0,Animal Battle Stats,,1446204139909550150,,,2026-01-13T23:17:19.486Z,,6710886,0,,true,User,Anonymous,true,🌐 Location,"Sugar Land, TX, US",,,,,,,2026-01-13T23:17:19.187000+00:00,👋 User Left Site,rich,0,,,false,,,,false,,,,,,,,,2026-01-13T23:17:19.486000+00:00,false,0,Animal Battle Stats,1446203750204047426
1460774735997571186,,,,,,true,,0000,0,,1446203750204047426,,0,Animal Battle Stats,,1446204139909550150,,,2026-01-13T23:17:16.944Z,,4491519,0,,true,Visitor,Anonymous,true,🌐 Location,"Sugar Land, TX, US",,,,,,,2026-01-13T23:17:16.615000+00:00,👀 Site Visit,rich,0,,,false,,,,false,,,,,,,,,2026-01-13T23:17:16.944000+00:00,false,0,Animal Battle Stats,1446203750204047426
1460774735859417192,,,,,,true,,0000,0,,1446203750204047426,,0,Animal Battle Stats,,1446204139909550150,,,2026-01-13T23:17:16.911Z,,6710886,0,,true,User,Anonymous,true,🌐 Location,"Sugar Land, TX, US",,,,,,,2026-01-13T23:17:16.255000+00:00,👋 User Left Site,rich,0,,,false,,,,false,,,,,,,,,2026-01-13T23:17:16.911000+00:00,false,0,Animal Battle Stats,1446203750204047426
1460774723142156339,,,,,,true,,0000,0,,1446203750204047426,,0,Animal Battle Stats,,1446204139909550150,,,2026-01-13T23:17:13.879Z,,4491519,0,,true,Visitor,Anonymous,true,🌐 Location,"Sugar Land, TX, US",,,,,,,2026-01-13T23:17:13.601000+00:00,👀 Site Visit,rich,0,,,false,,,,false,,,,,,,,,2026-01-13T23:17:13.879000+00:00,false,0,Animal Battle Stats,1446203750204047426
1460774721724612742,,,,,,true,,0000,0,,1446203750204047426,,0,Animal Battle Stats,,1446204139909550150,,,2026-01-13T23:17:13.541Z,,6710886,0,,true,User,Anonymous,true,🌐 Location,"Sugar Land, TX, US",,,,,,,2026-01-13T23:17:13.263000+00:00,👋 User Left Site,rich,0,,,false,,,,false,,,,,,,,,2026-01-13T23:17:13.541000+00:00,false,0,Animal Battle Stats,1446203750204047426
1460774710080966782,,,,,,true,,0000,0,,1446203750204047426,,0,Animal Battle Stats,,1446204139909550150,,,2026-01-13T23:17:10.765Z,,4491519,0,,true,Visitor,Anonymous,true,🌐 Location,"Sugar Land, TX, US",,,,,,,2026-01-13T23:17:10.599000+00:00,👀 Site Visit,rich,0,,,false,,,,false,,,,,,,,,2026-01-13T23:17:10.765000+00:00,false,0,Animal Battle Stats,1446203750204047426
1460774692536455312,,,,,,true,,0000,0,,1446203750204047426,,0,Animal Battle Stats,,1446204139909550150,,,2026-01-13T23:17:06.582Z,,4491519,0,,true,Visitor,Anonymous,true,🌐 Location,"Sugar Land, TX, US",,,,,,,2026-01-13T23:17:06.287000+00:00,👀 Site Visit,rich,0,,,false,,,,false,,,,,,,,,2026-01-13T23:17:06.582000+00:00,false,0,Animal Battle Stats,1446203750204047426
1460774691026501767,,,,,,true,,0000,0,,1446203750204047426,,0,Animal Battle Stats,,1446204139909550150,,,2026-01-13T23:17:06.222Z,,6710886,0,,true,User,Anonymous,true,🌐 Location,"Sugar Land, TX, US",,,,,,,2026-01-13T23:17:05.911000+00:00,👋 User Left Site,rich,0,,,false,,,,false,,,,,,,,,2026-01-13T23:17:06.222000+00:00,false,0,Animal Battle Stats,1446203750204047426
1460774674395824292,,,,,,true,,0000,0,,1446203750204047426,,0,Animal Battle Stats,,1446204139909550150,,,2026-01-13T23:17:02.257Z,,4491519,0,,true,Visitor,Anonymous,true,🌐 Location,"Sugar Land, TX, US",,,,,,,2026-01-13T23:17:01.957000+00:00,👀 Site Visit,rich,0,,,false,,,,false,,,,,,,,,2026-01-13T23:17:02.257000+00:00,false,0,Animal Battle Stats,1446203750204047426
1460774673028612269,,,,,,true,,0000,0,,1446203750204047426,,0,Animal Battle Stats,,1446204139909550150,,,2026-01-13T23:17:01.931Z,,6710886,0,,true,User,Anonymous,true,🌐 Location,"Sugar Land, TX, US",,,,,,,2026-01-13T23:17:01.673000+00:00,👋 User Left Site,rich,0,,,false,,,,false,,,,,,,,,2026-01-13T23:17:01.931000+00:00,false,0,Animal Battle Stats,1446203750204047426
1460774657035735274,,,,,,true,,0000,0,,1446203750204047426,,0,Animal Battle Stats,,1446204139909550150,,,2026-01-13T23:16:58.118Z,,4491519,0,,true,Visitor,Anonymous,true,🌐 Location,"Sugar Land, TX, US",,,,,,,2026-01-13T23:16:57.784000+00:00,👀 Site Visit,rich,0,,,false,,,,false,,,,,,,,,2026-01-13T23:16:58.118000+00:00,false,0,Animal Battle Stats,1446203750204047426
1460774655093641310,,,,,,true,,0000,0,,1446203750204047426,,0,Animal Battle Stats,,1446204139909550150,,,2026-01-13T23:16:57.655Z,,6710886,0,,true,User,Anonymous,true,🌐 Location,"Sugar Land, TX, US",,,,,,,2026-01-13T23:16:57.342000+00:00,👋 User Left Site,rich,0,,,false,,,,false,,,,,,,,,2026-01-13T23:16:57.655000+00:00,false,0,Animal Battle Stats,1446203750204047426
1460774644591231153,,,,,,true,,0000,0,,1446203750204047426,,0,Animal Battle Stats,,1446204139909550150,,,2026-01-13T23:16:55.151Z,,4491519,0,,true,Visitor,Anonymous,true,🌐 Location,"Sugar Land, TX, US",,,,,,,2026-01-13T23:16:54.571000+00:00,👀 Site Visit,rich,0,,,false,,,,false,,,,,,,,,2026-01-13T23:16:55.151000+00:00,false,0,Animal Battle Stats,1446203750204047426
1460774642297077820,,,,,,true,,0000,0,,1446203750204047426,,0,Animal Battle Stats,,1446204139909550150,,,2026-01-13T23:16:54.604Z,,6710886,0,,true,User,Anonymous,true,🌐 Location,"Sugar Land, TX, US",,,,,,,2026-01-13T23:16:54.009000+00:00,👋 User Left Site,rich,0,,,false,,,,false,,,,,,,,,2026-01-13T23:16:54.604000+00:00,false,0,Animal Battle Stats,1446203750204047426
1460774642120921313,,,,,,true,,0000,0,,1446203750204047426,,0,Animal Battle Stats,,1446204139909550150,,,2026-01-13T23:16:54.562Z,,4491519,0,,true,Visitor,Anonymous,true,🌐 Location,"Sugar Land, TX, US",,,,,,,2026-01-13T23:16:51.320000+00:00,👀 Site Visit,rich,0,,,false,,,,false,,,,,,,,,2026-01-13T23:16:54.562000+00:00,false,0,Animal Battle Stats,1446203750204047426
1460774025721680077,,,,,,true,,0000,0,,1446203750204047426,,0,Animal Battle Stats,,1446204139909550150,,,2026-01-13T23:14:27.601Z,,4491519,0,,true,Visitor,Anonymous,true,🌐 Location,"Sugar Land, TX, US",,,,,,,2026-01-13T23:14:27.368000+00:00,👀 Site Visit,rich,0,,,false,,,,false,,,,,,,,,2026-01-13T23:14:27.601000+00:00,false,0,Animal Battle Stats,1446203750204047426
1460774024576761971,,,,,,true,,0000,0,,1446203750204047426,,0,Animal Battle Stats,,1446204139909550150,,,2026-01-13T23:14:27.328Z,,6710886,0,,true,User,Anonymous,true,🌐 Location,"Sugar Land, TX, US",,,,,,,2026-01-13T23:14:27.063000+00:00,👋 User Left Site,rich,0,,,false,,,,false,,,,,,,,,2026-01-13T23:14:27.328000+00:00,false,0,Animal Battle Stats,1446203750204047426
1460774009988845648,,,,,,true,,0000,0,,1446203750204047426,,0,Animal Battle Stats,,1446204139909550150,,,2026-01-13T23:14:23.850Z,,4491519,0,,true,Visitor,Anonymous,true,🌐 Location,"Sugar Land, TX, US",,,,,,,2026-01-13T23:14:23.561000+00:00,👀 Site Visit,rich,0,,,false,,,,false,,,,,,,,,2026-01-13T23:14:23.850000+00:00,false,0,Animal Battle Stats,1446203750204047426
1460773995279290388,,,,,,true,,0000,0,,1446203750204047426,,0,Animal Battle Stats,,1446204139909550150,,,2026-01-13T23:14:20.343Z,,4491519,0,,true,Visitor,Anonymous,true,🌐 Location,"Sugar Land, TX, US",,,,,,,2026-01-13T23:14:20.055000+00:00,👀 Site Visit,rich,0,,,false,,,,false,,,,,,,,,2026-01-13T23:14:20.343000+00:00,false,0,Animal Battle Stats,1446203750204047426
1460773993710747910,,,,,,true,,0000,0,,1446203750204047426,,0,Animal Battle Stats,,1446204139909550150,,,2026-01-13T23:14:19.969Z,,6710886,0,,true,User,Anonymous,true,🌐 Location,"Sugar Land, TX, US",,,,,,,2026-01-13T23:14:19.648000+00:00,👋 User Left Site,rich,0,,,false,,,,false,,,,,,,,,2026-01-13T23:14:19.969000+00:00,false,0,Animal Battle Stats,1446203750204047426
1460773982881190185,,,,,,true,,0000,0,,1446203750204047426,,0,Animal Battle Stats,,1446204139909550150,,,2026-01-13T23:14:17.387Z,,4491519,0,,true,Visitor,Anonymous,true,🌐 Location,"Sugar Land, TX, US",,,,,,,2026-01-13T23:14:17.021000+00:00,👀 Site Visit,rich,0,,,false,,,,false,,,,,,,,,2026-01-13T23:14:17.387000+00:00,false,0,Animal Battle Stats,1446203750204047426
1460773981287219210,,,,,,true,,0000,0,,1446203750204047426,,0,Animal Battle Stats,,1446204139909550150,,,2026-01-13T23:14:17.007Z,,4491519,0,,true,Visitor,Anonymous,true,🌐 Location,"Sugar Land, TX, US",,,,,,,2026-01-13T23:14:08.687000+00:00,👀 Site Visit,rich,0,,,false,,,,false,,,,,,,,,2026-01-13T23:14:17.007000+00:00,false,0,Animal Battle Stats,1446203750204047426
1460730158297256120,,,,,,true,,0000,0,,1446203750204047426,,0,Animal Battle Stats,,1446204139909550150,,,2026-01-13T20:20:08.792Z,,4491519,0,,true,Visitor,RamiNoodle733,true,🌐 Location,"Houston, TX, US",,,,,,,2026-01-13T20:20:08.018000+00:00,👀 Site Visit,rich,0,,,false,,,,false,,,,,,,,,2026-01-13T20:20:08.792000+00:00,false,0,Animal Battle Stats,1446203750204047426
1460730147534671993,,,,,,true,,0000,0,,1446203750204047426,,0,Animal Battle Stats,,1446204139909550150,,,2026-01-13T20:20:06.226Z,,4491519,0,,true,Visitor,RamiNoodle733,true,🌐 Location,"Houston, TX, US",,,,,,,2026-01-13T20:20:05.930000+00:00,👀 Site Visit,rich,0,,,false,,,,false,,,,,,,,,2026-01-13T20:20:06.226000+00:00,false,0,Animal Battle Stats,1446203750204047426
1460730127599276176,,,,,,true,,0000,0,,1446203750204047426,,0,Animal Battle Stats,,1446204139909550150,,,2026-01-13T20:20:01.473Z,,4491519,0,,true,Visitor,RamiNoodle733,true,🌐 Location,"Houston, TX, US",,,,,,,2026-01-13T20:20:01.116000+00:00,👀 Site Visit,rich,0,,,false,,,,false,,,,,,,,,2026-01-13T20:20:01.473000+00:00,false,0,Animal Battle Stats,1446203750204047426
1460730126785577173,,,,,,true,,0000,0,,1446203750204047426,,0,Animal Battle Stats,,1446204139909550150,,,2026-01-13T20:20:01.279Z,,4491519,0,,true,Visitor,RamiNoodle733,true,🌐 Location,"Houston, TX, US",,,,,,,2026-01-13T20:19:56.815000+00:00,👀 Site Visit,rich,0,,,false,,,,false,,,,,,,,,2026-01-13T20:20:01.279000+00:00,false,0,Animal Battle Stats,1446203750204047426
1460730010250907898,,,,,,true,,0000,0,,1446203750204047426,,0,Animal Battle Stats,,1446204139909550150,,,2026-01-13T20:19:33.495Z,,4491519,0,,true,Visitor,RamiNoodle733,true,🌐 Location,"Houston, TX, US",,,,,,,2026-01-13T20:19:33.157000+00:00,👀 Site Visit,rich,0,,,false,,,,false,,,,,,,,,2026-01-13T20:19:33.495000+00:00,false,0,Animal Battle Stats,1446203750204047426
1460729977669550222,,,,,,true,,0000,0,,1446203750204047426,,0,Animal Battle Stats,,1446204139909550150,,,2026-01-13T20:19:25.727Z,,4491519,0,,true,Visitor,RamiNoodle733,true,🌐 Location,"Houston, TX, US",,,,,,,2026-01-13T20:19:25.424000+00:00,👀 Site Visit,rich,0,,,false,,,,false,,,,,,,,,2026-01-13T20:19:25.727000+00:00,false,0,Animal Battle Stats,1446203750204047426
1460729969297588385,,,,,,true,,0000,0,,1446203750204047426,,0,Animal Battle Stats,,1446204139909550150,,,2026-01-13T20:19:23.731Z,,4491519,0,,true,Visitor,RamiNoodle733,true,🌐 Location,"Houston, TX, US",,,,,,,2026-01-13T20:19:23.332000+00:00,👀 Site Visit,rich,0,,,false,,,,false,,,,,,,,,2026-01-13T20:19:23.731000+00:00,false,0,Animal Battle Stats,1446203750204047426
1460729907847106835,,,,,,true,,0000,0,,1446203750204047426,,0,Animal Battle Stats,,1446204139909550150,,,2026-01-13T20:19:09.080Z,,4491519,0,,true,Visitor,RamiNoodle733,true,🌐 Location,"Houston, TX, US",,,,,,,2026-01-13T20:19:08.751000+00:00,👀 Site Visit,rich,0,,,false,,,,false,,,,,,,,,2026-01-13T20:19:09.080000+00:00,false,0,Animal Battle Stats,1446203750204047426
1460729906412392498,,,,,,true,,0000,0,,1446203750204047426,,0,Animal Battle Stats,,1446204139909550150,,,2026-01-13T20:19:08.738Z,,4491519,0,,true,Visitor,RamiNoodle733,true,🌐 Location,"Houston, TX, US",,,,,,,2026-01-13T20:18:59.741000+00:00,👀 Site Visit,rich,0,,,false,,,,false,,,,,,,,,2026-01-13T20:19:08.738000+00:00,false,0,Animal Battle Stats,1446203750204047426
1460710290248306838,,,,,,true,,0000,0,,1446203750204047426,,0,Animal Battle Stats,,1446204139909550150,,,2026-01-13T19:01:11.880Z,,4491519,0,,true,Visitor,RamiNoodle733,true,🌐 Location,"Sugar Land, TX, US",,,,,,,2026-01-13T19:01:11.545000+00:00,👀 Site Visit,rich,0,,,false,,,,false,,,,,,,,,2026-01-13T19:01:11.880000+00:00,false,0,Animal Battle Stats,1446203750204047426
1460710278160453754,,,,,,true,,0000,0,,1446203750204047426,,0,Animal Battle Stats,,1446204139909550150,,,2026-01-13T19:01:08.998Z,,4491519,0,,true,Visitor,RamiNoodle733,true,🌐 Location,"Sugar Land, TX, US",,,,,,,2026-01-13T19:01:08.700000+00:00,👀 Site Visit,rich,0,,,false,,,,false,,,,,,,,,2026-01-13T19:01:08.998000+00:00,false,0,Animal Battle Stats,1446203750204047426
1460710232677421066,,,,,,true,,0000,0,,1446203750204047426,,0,Animal Battle Stats,,1446204139909550150,,,2026-01-13T19:00:58.154Z,,4491519,0,,true,Visitor,RamiNoodle733,true,🌐 Location,"Sugar Land, TX, US",,,,,,,2026-01-13T19:00:57.440000+00:00,👀 Site Visit,rich,0,,,false,,,,false,,,,,,,,,2026-01-13T19:00:58.154000+00:00,false,0,Animal Battle Stats,1446203750204047426
1460710193607217344,,,,,,true,,0000,0,,1446203750204047426,,0,Animal Battle Stats,,1446204139909550150,,,2026-01-13T19:00:48.839Z,,4491519,0,,true,Visitor,RamiNoodle733,true,🌐 Location,"Sugar Land, TX, US",,,,,,,2026-01-13T19:00:48.467000+00:00,👀 Site Visit,rich,0,,,false,,,,false,,,,,,,,,2026-01-13T19:00:48.839000+00:00,false,0,Animal Battle Stats,1446203750204047426
1460710183360663583,,,,,,true,,0000,0,,1446203750204047426,,0,Animal Battle Stats,,1446204139909550150,,,2026-01-13T19:00:46.396Z,,4491519,0,,true,Visitor,RamiNoodle733,true,🌐 Location,"Sugar Land, TX, US",,,,,,,2026-01-13T19:00:46.052000+00:00,👀 Site Visit,rich,0,,,false,,,,false,,,,,,,,,2026-01-13T19:00:46.396000+00:00,false,0,Animal Battle Stats,1446203750204047426
1460710169309741200,,,,,,true,,0000,0,,1446203750204047426,,0,Animal Battle Stats,,1446204139909550150,,,2026-01-13T19:00:43.046Z,,4491519,0,,true,Visitor,RamiNoodle733,true,🌐 Location,"Sugar Land, TX, US",,,,,,,2026-01-13T19:00:42.784000+00:00,👀 Site Visit,rich,0,,,false,,,,false,,,,,,,,,2026-01-13T19:00:43.046000+00:00,false,0,Animal Battle Stats,1446203750204047426
1460710158182383706,,,,,,true,,0000,0,,1446203750204047426,,0,Animal Battle Stats,,1446204139909550150,,,2026-01-13T19:00:40.393Z,,4491519,0,,true,Visitor,RamiNoodle733,true,🌐 Location,"Sugar Land, TX, US",,,,,,,2026-01-13T19:00:40.074000+00:00,👀 Site Visit,rich,0,,,false,,,,false,,,,,,,,,2026-01-13T19:00:40.393000+00:00,false,0,Animal Battle Stats,1446203750204047426
1460710142545756387,,,,,,true,,0000,0,,1446203750204047426,,0,Animal Battle Stats,,1446204139909550150,,,2026-01-13T19:00:36.665Z,,4491519,0,,true,Visitor,RamiNoodle733,true,🌐 Location,"Sugar Land, TX, US",,,,,,,2026-01-13T19:00:36.304000+00:00,👀 Site Visit,rich,0,,,false,,,,false,,,,,,,,,2026-01-13T19:00:36.665000+00:00,false,0,Animal Battle Stats,1446203750204047426
1460710110887149750,,,,,,true,,0000,0,,1446203750204047426,,0,Animal Battle Stats,,1446204139909550150,,,2026-01-13T19:00:29.117Z,,4491519,0,,true,Visitor,RamiNoodle733,true,🌐 Location,"Sugar Land, TX, US",,,,,,,2026-01-13T19:00:28.812000+00:00,👀 Site Visit,rich,0,,,false,,,,false,,,,,,,,,2026-01-13T19:00:29.117000+00:00,false,0,Animal Battle Stats,1446203750204047426
1460709565908647946,,,,,,true,,0000,0,,1446203750204047426,,0,Animal Battle Stats,,1446204139909550150,,,2026-01-13T18:58:19.184Z,,4491519,0,,true,Visitor,Anonymous,true,🌐 Location,"Sugar Land, TX, US",,,,,,,2026-01-13T18:58:18.874000+00:00,👀 Site Visit,rich,0,,,false,,,,false,,,,,,,,,2026-01-13T18:58:19.184000+00:00,false,0,Animal Battle Stats,1446203750204047426
1460709564281393395,,,,,,true,,0000,0,,1446203750204047426,,0,Animal Battle Stats,,1446204139909550150,,,2026-01-13T18:58:18.796Z,,6710886,0,,true,User,Anonymous,true,🌐 Location,"Sugar Land, TX, US",,,,,,,2026-01-13T18:58:18.481000+00:00,👋 User Left Site,rich,0,,,false,,,,false,,,,,,,,,2026-01-13T18:58:18.796000+00:00,false,0,Animal Battle Stats,1446203750204047426
1460709551853666440,,,,,,true,,0000,0,,1446203750204047426,,0,Animal Battle Stats,,1446204139909550150,,,2026-01-13T18:58:15.833Z,,4491519,0,,true,Visitor,Anonymous,true,🌐 Location,"Sugar Land, TX, US",,,,,,,2026-01-13T18:58:15.555000+00:00,👀 Site Visit,rich,0,,,false,,,,false,,,,,,,,,2026-01-13T18:58:15.833000+00:00,false,0,Animal Battle Stats,1446203750204047426
1460709549198807223,,,,,,true,,0000,0,,1446203750204047426,,0,Animal Battle Stats,,1446204139909550150,,,2026-01-13T18:58:15.200Z,,6710886,0,,true,User,Anonymous,true,🌐 Location,"Sugar Land, TX, US",,,,,,,2026-01-13T18:58:14.902000+00:00,👋 User Left Site,rich,0,,,false,,,,false,,,,,,,,,2026-01-13T18:58:15.200000+00:00,false,0,Animal Battle Stats,1446203750204047426
1460709537630650623,,,,,,true,,0000,0,,1446203750204047426,,0,Animal Battle Stats,,1446204139909550150,,,2026-01-13T18:58:12.442Z,,4491519,0,,true,Visitor,Anonymous,true,🌐 Location,"Sugar Land, TX, US",,,,,,,2026-01-13T18:58:11.894000+00:00,👀 Site Visit,rich,0,,,false,,,,false,,,,,,,,,2026-01-13T18:58:12.442000+00:00,false,0,Animal Battle Stats,1446203750204047426
1460709534111629455,,,,,,true,,0000,0,,1446203750204047426,,0,Animal Battle Stats,,1446204139909550150,,,2026-01-13T18:58:11.603Z,,6710886,0,,true,User,Anonymous,true,🌐 Location,"Sugar Land, TX, US",,,,,,,2026-01-13T18:58:11.297000+00:00,👋 User Left Site,rich,0,,,false,,,,false,,,,,,,,,2026-01-13T18:58:11.603000+00:00,false,0,Animal Battle Stats,1446203750204047426
1460709513610002670,,,,,,true,,0000,0,,1446203750204047426,,0,Animal Battle Stats,,1446204139909550150,,,2026-01-13T18:58:06.715Z,,4491519,0,,true,Visitor,Anonymous,true,🌐 Location,"Sugar Land, TX, US",,,,,,,2026-01-13T18:58:06.444000+00:00,👀 Site Visit,rich,0,,,false,,,,false,,,,,,,,,2026-01-13T18:58:06.715000+00:00,false,0,Animal Battle Stats,1446203750204047426
1460709511269449891,,,,,,true,,0000,0,,1446203750204047426,,0,Animal Battle Stats,,1446204139909550150,,,2026-01-13T18:58:06.157Z,,6710886,0,,true,User,Anonymous,true,🌐 Location,"Sugar Land, TX, US",,,,,,,2026-01-13T18:58:05.857000+00:00,👋 User Left Site,rich,0,,,false,,,,false,,,,,,,,,2026-01-13T18:58:06.157000+00:00,false,0,Animal Battle Stats,1446203750204047426
1460709498757976267,,,,,,true,,0000,0,,1446203750204047426,,0,Animal Battle Stats,,1446204139909550150,,,2026-01-13T18:58:03.174Z,,4491519,0,,true,Visitor,Anonymous,true,🌐 Location,"Sugar Land, TX, US",,,,,,,2026-01-13T18:58:02.810000+00:00,👀 Site Visit,rich,0,,,false,,,,false,,,,,,,,,2026-01-13T18:58:03.174000+00:00,false,0,Animal Battle Stats,1446203750204047426
1460709481121054988,,,,,,true,,0000,0,,1446203750204047426,,0,Animal Battle Stats,,1446204139909550150,,,2026-01-13T18:57:58.969Z,,4491519,0,,true,Visitor,Anonymous,true,🌐 Location,"Sugar Land, TX, US",,,,,,,2026-01-13T18:57:58.692000+00:00,👀 Site Visit,rich,0,,,false,,,,false,,,,,,,,,2026-01-13T18:57:58.969000+00:00,false,0,Animal Battle Stats,1446203750204047426
1460709479250399452,,,,,,true,,0000,0,,1446203750204047426,,0,Animal Battle Stats,,1446204139909550150,,,2026-01-13T18:57:58.523Z,,6710886,0,,true,User,Anonymous,true,🌐 Location,"Sugar Land, TX, US",,,,,,,2026-01-13T18:57:58.228000+00:00,👋 User Left Site,rich,0,,,false,,,,false,,,,,,,,,2026-01-13T18:57:58.523000+00:00,false,0,Animal Battle Stats,1446203750204047426
1460709467279720509,,,,,,true,,0000,0,,1446203750204047426,,0,Animal Battle Stats,,1446204139909550150,,,2026-01-13T18:57:55.669Z,,4491519,0,,true,Visitor,Anonymous,true,🌐 Location,"Sugar Land, TX, US",,,,,,,2026-01-13T18:57:55.172000+00:00,👀 Site Visit,rich,0,,,false,,,,false,,,,,,,,,2026-01-13T18:57:55.669000+00:00,false,0,Animal Battle Stats,1446203750204047426
1460709465299881985,,,,,,true,,0000,0,,1446203750204047426,,0,Animal Battle Stats,,1446204139909550150,,,2026-01-13T18:57:55.197Z,,6710886,0,,true,User,Anonymous,true,🌐 Location,"Sugar Land, TX, US",,,,,,,2026-01-13T18:57:54.846000+00:00,👋 User Left Site,rich,0,,,false,,,,false,,,,,,,,,2026-01-13T18:57:55.197000+00:00,false,0,Animal Battle Stats,1446203750204047426
1460709453904220346,,,,,,true,,0000,0,,1446203750204047426,,0,Animal Battle Stats,,1446204139909550150,,,2026-01-13T18:57:52.480Z,,4491519,0,,true,Visitor,Anonymous,true,🌐 Location,"Sugar Land, TX, US",,,,,,,2026-01-13T18:57:52.067000+00:00,👀 Site Visit,rich,0,,,false,,,,false,,,,,,,,,2026-01-13T18:57:52.480000+00:00,false,0,Animal Battle Stats,1446203750204047426
1460709452419305482,,,,,,true,,0000,0,,1446203750204047426,,0,Animal Battle Stats,,1446204139909550150,,,2026-01-13T18:57:52.126Z,,6710886,0,,true,User,Anonymous,true,🌐 Location,"Sugar Land, TX, US",,,,,,,2026-01-13T18:57:51.699000+00:00,👋 User Left Site,rich,0,,,false,,,,false,,,,,,,,,2026-01-13T18:57:52.126000+00:00,false,0,Animal Battle Stats,1446203750204047426
1460709439618285568,,,,,,true,,0000,0,,1446203750204047426,,0,Animal Battle Stats,,1446204139909550150,,,2026-01-13T18:57:49.074Z,,4491519,0,,true,Visitor,Anonymous,true,🌐 Location,"Sugar Land, TX, US",,,,,,,2026-01-13T18:57:48.602000+00:00,👀 Site Visit,rich,0,,,false,,,,false,,,,,,,,,2026-01-13T18:57:49.074000+00:00,false,0,Animal Battle Stats,1446203750204047426
1460709437646962872,,,,,,true,,0000,0,,1446203750204047426,,0,Animal Battle Stats,,1446204139909550150,,,2026-01-13T18:57:48.604Z,,6710886,0,,true,User,Anonymous,true,🌐 Location,"Sugar Land, TX, US",,,,,,,2026-01-13T18:57:48.261000+00:00,👋 User Left Site,rich,0,,,false,,,,false,,,,,,,,,2026-01-13T18:57:48.604000+00:00,false,0,Animal Battle Stats,1446203750204047426
1460709425575624831,,,,,,true,,0000,0,,1446203750204047426,,0,Animal Battle Stats,,1446204139909550150,,,2026-01-13T18:57:45.726Z,,4491519,0,,true,Visitor,Anonymous,true,🌐 Location,"Sugar Land, TX, US",,,,,,,2026-01-13T18:57:45.406000+00:00,👀 Site Visit,rich,0,,,false,,,,false,,,,,,,,,2026-01-13T18:57:45.726000+00:00,false,0,Animal Battle Stats,1446203750204047426
1460709411403206758,,,,,,true,,0000,0,,1446203750204047426,,0,Animal Battle Stats,,1446204139909550150,,,2026-01-13T18:57:42.347Z,,4491519,0,,true,Visitor,Anonymous,true,🌐 Location,"Sugar Land, TX, US",,,,,,,2026-01-13T18:57:41.866000+00:00,👀 Site Visit,rich,0,,,false,,,,false,,,,,,,,,2026-01-13T18:57:42.347000+00:00,false,0,Animal Battle Stats,1446203750204047426
1460709409155055878,,,,,,true,,0000,0,,1446203750204047426,,0,Animal Battle Stats,,1446204139909550150,,,2026-01-13T18:57:41.811Z,,6710886,0,,true,User,Anonymous,true,🌐 Location,"Sugar Land, TX, US",,,,,,,2026-01-13T18:57:41.457000+00:00,👋 User Left Site,rich,0,,,false,,,,false,,,,,,,,,2026-01-13T18:57:41.811000+00:00,false,0,Animal Battle Stats,1446203750204047426
1460709392121987314,,,,,,true,,0000,0,,1446203750204047426,,0,Animal Battle Stats,,1446204139909550150,,,2026-01-13T18:57:37.750Z,,4491519,0,,true,Visitor,Anonymous,true,🌐 Location,"Sugar Land, TX, US",,,,,,,2026-01-13T18:57:37.424000+00:00,👀 Site Visit,rich,0,,,false,,,,false,,,,,,,,,2026-01-13T18:57:37.750000+00:00,false,0,Animal Battle Stats,1446203750204047426
1460709391065153764,,,,,,true,,0000,0,,1446203750204047426,,0,Animal Battle Stats,,1446204139909550150,,,2026-01-13T18:57:37.498Z,,6710886,0,,true,User,Anonymous,true,🌐 Location,"Sugar Land, TX, US",,,,,,,2026-01-13T18:57:37.160000+00:00,👋 User Left Site,rich,0,,,false,,,,false,,,,,,,,,2026-01-13T18:57:37.498000+00:00,false,0,Animal Battle Stats,1446203750204047426
1460709377626603684,,,,,,true,,0000,0,,1446203750204047426,,0,Animal Battle Stats,,1446204139909550150,,,2026-01-13T18:57:34.294Z,,4491519,0,,true,Visitor,Anonymous,true,🌐 Location,"Sugar Land, TX, US",,,,,,,2026-01-13T18:57:33.967000+00:00,👀 Site Visit,rich,0,,,false,,,,false,,,,,,,,,2026-01-13T18:57:34.294000+00:00,false,0,Animal Battle Stats,1446203750204047426
1460709376179310846,,,,,,true,,0000,0,,1446203750204047426,,0,Animal Battle Stats,,1446204139909550150,,,2026-01-13T18:57:33.949Z,,6710886,0,,true,User,Anonymous,true,🌐 Location,"Sugar Land, TX, US",,,,,,,2026-01-13T18:57:33.624000+00:00,👋 User Left Site,rich,0,,,false,,,,false,,,,,,,,,2026-01-13T18:57:33.949000+00:00,false,0,Animal Battle Stats,1446203750204047426
1460709363319574626,,,,,,true,,0000,0,,1446203750204047426,,0,Animal Battle Stats,,1446204139909550150,,,2026-01-13T18:57:30.883Z,,4491519,0,,true,Visitor,Anonymous,true,🌐 Location,"Sugar Land, TX, US",,,,,,,2026-01-13T18:57:30.578000+00:00,👀 Site Visit,rich,0,,,false,,,,false,,,,,,,,,2026-01-13T18:57:30.883000+00:00,false,0,Animal Battle Stats,1446203750204047426
1460709360664842290,,,,,,true,,0000,0,,1446203750204047426,,0,Animal Battle Stats,,1446204139909550150,,,2026-01-13T18:57:30.250Z,,6710886,0,,true,User,Anonymous,true,🌐 Location,"Sugar Land, TX, US",,,,,,,2026-01-13T18:57:29.928000+00:00,👋 User Left Site,rich,0,,,false,,,,false,,,,,,,,,2026-01-13T18:57:30.250000+00:00,false,0,Animal Battle Stats,1446203750204047426
1460709348547367154,,,,,,true,,0000,0,,1446203750204047426,,0,Animal Battle Stats,,1446204139909550150,,,2026-01-13T18:57:27.361Z,,4491519,0,,true,Visitor,Anonymous,true,🌐 Location,"Sugar Land, TX, US",,,,,,,2026-01-13T18:57:26.760000+00:00,👀 Site Visit,rich,0,,,false,,,,false,,,,,,,,,2026-01-13T18:57:27.361000+00:00,false,0,Animal Battle Stats,1446203750204047426
1460709345867202769,,,,,,true,,0000,0,,1446203750204047426,,0,Animal Battle Stats,,1446204139909550150,,,2026-01-13T18:57:26.722Z,,4491519,0,,true,Visitor,Anonymous,true,🌐 Location,"Washington, VA, US",,,,,,,2026-01-13T18:57:13.960000+00:00,👀 Site Visit,rich,0,,,false,,,,false,,,,,,,,,2026-01-13T18:57:26.722000+00:00,false,0,Animal Battle Stats,1446203750204047426
1460706232229957733,,,,,,true,,0000,0,,1446203750204047426,,0,Animal Battle Stats,,1446204139909550150,,,2026-01-13T18:45:04.373Z,,4491519,0,,true,Visitor,Anonymous,true,🌐 Location,"Sugar Land, TX, US",,,,,,,2026-01-13T18:45:04.028000+00:00,👀 Site Visit,rich,0,,,false,,,,false,,,,,,,,,2026-01-13T18:45:04.373000+00:00,false,0,Animal Battle Stats,1446203750204047426
1460706224860434578,,,,,,true,,0000,0,,1446203750204047426,,0,Animal Battle Stats,,1446204139909550150,,,2026-01-13T18:45:02.616Z,,4491519,0,,true,Visitor,Anonymous,true,🌐 Location,"Sugar Land, TX, US",,,,,,,2026-01-13T18:45:02.288000+00:00,👀 Site Visit,rich,0,,,false,,,,false,,,,,,,,,2026-01-13T18:45:02.616000+00:00,false,0,Animal Battle Stats,1446203750204047426
1460706197446459596,,,,,,true,,0000,0,,1446203750204047426,,0,Animal Battle Stats,,1446204139909550150,,,2026-01-13T18:44:56.080Z,,4491519,0,,true,Visitor,Anonymous,true,🌐 Location,"Sugar Land, TX, US",,,,,,,2026-01-13T18:44:55.772000+00:00,👀 Site Visit,rich,0,,,false,,,,false,,,,,,,,,2026-01-13T18:44:56.080000+00:00,false,0,Animal Battle Stats,1446203750204047426
1460705939018481921,,,,,,true,,0000,0,,1446203750204047426,,0,Animal Battle Stats,,1446204139909550150,,,2026-01-13T18:43:54.466Z,,4491519,0,,true,Visitor,Anonymous,true,🌐 Location,"Sugar Land, TX, US",,,,,,,2026-01-13T18:43:33.734000+00:00,👀 Site Visit,rich,0,,,false,,,,false,,,,,,,,,2026-01-13T18:43:54.466000+00:00,false,0,Animal Battle Stats,1446203750204047426
1460705934480244809,,,,,,true,,0000,0,,1446203750204047426,,0,Animal Battle Stats,,1446204139909550150,,,2026-01-13T18:43:53.384Z,,4491519,0,,true,Visitor,Anonymous,true,🌐 Location,"Sugar Land, TX, US",,,,,,,2026-01-13T18:43:24.708000+00:00,👀 Site Visit,rich,0,,,false,,,,false,,,,,,,,,2026-01-13T18:43:53.384000+00:00,false,0,Animal Battle Stats,1446203750204047426
1460705873822482443,,,,,,true,,0000,0,,1446203750204047426,,0,Animal Battle Stats,,1446204139909550150,,,2026-01-13T18:43:38.922Z,,4491519,0,,true,Visitor,Anonymous,true,🌐 Location,"Sugar Land, TX, US",,,,,,,2026-01-13T18:43:32.344000+00:00,👀 Site Visit,rich,0,,,false,,,,false,,,,,,,,,2026-01-13T18:43:38.922000+00:00,false,0,Animal Battle Stats,1446203750204047426
1460703837949263904,,,,,,true,,0000,0,,1446203750204047426,,0,Animal Battle Stats,,1446204139909550150,,,2026-01-13T18:35:33.532Z,,4491519,0,,true,Visitor,Anonymous,true,🌐 Location,"Sugar Land, TX, US",,,,,,,2026-01-13T18:35:33.283000+00:00,👀 Site Visit,rich,0,,,false,,,,false,,,,,,,,,2026-01-13T18:35:33.532000+00:00,false,0,Animal Battle Stats,1446203750204047426
1460703836992831488,,,,,,true,,0000,0,,1446203750204047426,,0,Animal Battle Stats,,1446204139909550150,,,2026-01-13T18:35:33.304Z,,6710886,0,,true,User,Anonymous,true,🌐 Location,"Sugar Land, TX, US",,,,,,,2026-01-13T18:35:32.887000+00:00,👋 User Left Site,rich,0,,,false,,,,false,,,,,,,,,2026-01-13T18:35:33.304000+00:00,false,0,Animal Battle Stats,1446203750204047426
1460703822480670862,,,,,,true,,0000,0,,1446203750204047426,,0,Animal Battle Stats,,1446204139909550150,,,2026-01-13T18:35:29.844Z,,4491519,0,,true,Visitor,Anonymous,true,🌐 Location,"Sugar Land, TX, US",,,,,,,2026-01-13T18:35:29.533000+00:00,👀 Site Visit,rich,0,,,false,,,,false,,,,,,,,,2026-01-13T18:35:29.844000+00:00,false,0,Animal Battle Stats,1446203750204047426
1460703803258179715,,,,,,true,,0000,0,,1446203750204047426,,0,Animal Battle Stats,,1446204139909550150,,,2026-01-13T18:35:25.261Z,,4491519,0,,true,Visitor,Anonymous,true,🌐 Location,"Sugar Land, TX, US",,,,,,,2026-01-13T18:35:24.984000+00:00,👀 Site Visit,rich,0,,,false,,,,false,,,,,,,,,2026-01-13T18:35:25.261000+00:00,false,0,Animal Battle Stats,1446203750204047426
1460703801735381259,,,,,,true,,0000,0,,1446203750204047426,,0,Animal Battle Stats,,1446204139909550150,,,2026-01-13T18:35:24.898Z,,6710886,0,,true,User,Anonymous,true,🌐 Location,"Sugar Land, TX, US",,,,,,,2026-01-13T18:35:24.628000+00:00,👋 User Left Site,rich,0,,,false,,,,false,,,,,,,,,2026-01-13T18:35:24.898000+00:00,false,0,Animal Battle Stats,1446203750204047426
1460703789605589096,,,,,,true,,0000,0,,1446203750204047426,,0,Animal Battle Stats,,1446204139909550150,,,2026-01-13T18:35:22.006Z,,4491519,0,,true,Visitor,Anonymous,true,🌐 Location,"Sugar Land, TX, US",,,,,,,2026-01-13T18:35:21.709000+00:00,👀 Site Visit,rich,0,,,false,,,,false,,,,,,,,,2026-01-13T18:35:22.006000+00:00,false,0,Animal Battle Stats,1446203750204047426
1460703788410212413,,,,,,true,,0000,0,,1446203750204047426,,0,Animal Battle Stats,,1446204139909550150,,,2026-01-13T18:35:21.721Z,,6710886,0,,true,User,Anonymous,true,🌐 Location,"Sugar Land, TX, US",,,,,,,2026-01-13T18:35:21.349000+00:00,👋 User Left Site,rich,0,,,false,,,,false,,,,,,,,,2026-01-13T18:35:21.721000+00:00,false,0,Animal Battle Stats,1446203750204047426
1460703775948804159,,,,,,true,,0000,0,,1446203750204047426,,0,Animal Battle Stats,,1446204139909550150,,,2026-01-13T18:35:18.750Z,,4491519,0,,true,Visitor,Anonymous,true,🌐 Location,"Sugar Land, TX, US",,,,,,,2026-01-13T18:35:18.451000+00:00,👀 Site Visit,rich,0,,,false,,,,false,,,,,,,,,2026-01-13T18:35:18.750000+00:00,false,0,Animal Battle Stats,1446203750204047426
1460703771368751378,,,,,,true,,0000,0,,1446203750204047426,,0,Animal Battle Stats,,1446204139909550150,,,2026-01-13T18:35:17.658Z,,6710886,0,,true,User,Anonymous,true,🌐 Location,"Sugar Land, TX, US",,,,,,,2026-01-13T18:35:17.340000+00:00,👋 User Left Site,rich,0,,,false,,,,false,,,,,,,,,2026-01-13T18:35:17.658000+00:00,false,0,Animal Battle Stats,1446203750204047426
1460703754587340942,,,,,,true,,0000,0,,1446203750204047426,,0,Animal Battle Stats,,1446204139909550150,,,2026-01-13T18:35:13.657Z,,4491519,0,,true,Visitor,Anonymous,true,🌐 Location,"Sugar Land, TX, US",,,,,,,2026-01-13T18:35:13.382000+00:00,👀 Site Visit,rich,0,,,false,,,,false,,,,,,,,,2026-01-13T18:35:13.657000+00:00,false,0,Animal Battle Stats,1446203750204047426
1460703753928970413,,,,,,true,,0000,0,,1446203750204047426,,0,Animal Battle Stats,,1446204139909550150,,,2026-01-13T18:35:13.500Z,,6710886,0,,true,User,Anonymous,true,🌐 Location,"Sugar Land, TX, US",,,,,,,2026-01-13T18:35:13.024000+00:00,👋 User Left Site,rich,0,,,false,,,,false,,,,,,,,,2026-01-13T18:35:13.500000+00:00,false,0,Animal Battle Stats,1446203750204047426
1460703740410593514,,,,,,true,,0000,0,,1446203750204047426,,0,Animal Battle Stats,,1446204139909550150,,,2026-01-13T18:35:10.277Z,,4491519,0,,true,Visitor,Anonymous,true,🌐 Location,"Sugar Land, TX, US",,,,,,,2026-01-13T18:35:09.975000+00:00,👀 Site Visit,rich,0,,,false,,,,false,,,,,,,,,2026-01-13T18:35:10.277000+00:00,false,0,Animal Battle Stats,1446203750204047426
1460703721133441106,,,,,,true,,0000,0,,1446203750204047426,,0,Animal Battle Stats,,1446204139909550150,,,2026-01-13T18:35:05.681Z,,4491519,0,,true,Visitor,Anonymous,true,🌐 Location,"Sugar Land, TX, US",,,,,,,2026-01-13T18:35:05.324000+00:00,👀 Site Visit,rich,0,,,false,,,,false,,,,,,,,,2026-01-13T18:35:05.681000+00:00,false,0,Animal Battle Stats,1446203750204047426
1460703719019646976,,,,,,true,,0000,0,,1446203750204047426,,0,Animal Battle Stats,,1446204139909550150,,,2026-01-13T18:35:05.177Z,,6710886,0,,true,User,Anonymous,true,🌐 Location,"Sugar Land, TX, US",,,,,,,2026-01-13T18:35:04.898000+00:00,👋 User Left Site,rich,0,,,false,,,,false,,,,,,,,,2026-01-13T18:35:05.177000+00:00,false,0,Animal Battle Stats,1446203750204047426
1460703694235500736,,,,,,true,,0000,0,,1446203750204047426,,0,Animal Battle Stats,,1446204139909550150,,,2026-01-13T18:34:59.268Z,,4491519,0,,true,Visitor,Anonymous,true,🌐 Location,"Sugar Land, TX, US",,,,,,,2026-01-13T18:34:58.995000+00:00,👀 Site Visit,rich,0,,,false,,,,false,,,,,,,,,2026-01-13T18:34:59.268000+00:00,false,0,Animal Battle Stats,1446203750204047426
1460703693333860616,,,,,,true,,0000,0,,1446203750204047426,,0,Animal Battle Stats,,1446204139909550150,,,2026-01-13T18:34:59.053Z,,6710886,0,,true,User,Anonymous,true,🌐 Location,"Sugar Land, TX, US",,,,,,,2026-01-13T18:34:58.692000+00:00,👋 User Left Site,rich,0,,,false,,,,false,,,,,,,,,2026-01-13T18:34:59.053000+00:00,false,0,Animal Battle Stats,1446203750204047426
1460703679202983977,,,,,,true,,0000,0,,1446203750204047426,,0,Animal Battle Stats,,1446204139909550150,,,2026-01-13T18:34:55.684Z,,4491519,0,,true,Visitor,Anonymous,true,🌐 Location,"Sugar Land, TX, US",,,,,,,2026-01-13T18:34:55.381000+00:00,👀 Site Visit,rich,0,,,false,,,,false,,,,,,,,,2026-01-13T18:34:55.684000+00:00,false,0,Animal Battle Stats,1446203750204047426
1460703677521334408,,,,,,true,,0000,0,,1446203750204047426,,0,Animal Battle Stats,,1446204139909550150,,,2026-01-13T18:34:55.283Z,,6710886,0,,true,User,Anonymous,true,🌐 Location,"Sugar Land, TX, US",,,,,,,2026-01-13T18:34:54.941000+00:00,👋 User Left Site,rich,0,,,false,,,,false,,,,,,,,,2026-01-13T18:34:55.283000+00:00,false,0,Animal Battle Stats,1446203750204047426
1460703660748050648,,,,,,true,,0000,0,,1446203750204047426,,0,Animal Battle Stats,,1446204139909550150,,,2026-01-13T18:34:51.284Z,,4491519,0,,true,Visitor,Anonymous,true,🌐 Location,"Sugar Land, TX, US",,,,,,,2026-01-13T18:34:51.040000+00:00,👀 Site Visit,rich,0,,,false,,,,false,,,,,,,,,2026-01-13T18:34:51.284000+00:00,false,0,Animal Battle Stats,1446203750204047426
1460703659804590297,,,,,,true,,0000,0,,1446203750204047426,,0,Animal Battle Stats,,1446204139909550150,,,2026-01-13T18:34:51.059Z,,6710886,0,,true,User,Anonymous,true,🌐 Location,"Sugar Land, TX, US",,,,,,,2026-01-13T18:34:50.676000+00:00,👋 User Left Site,rich,0,,,false,,,,false,,,,,,,,,2026-01-13T18:34:51.059000+00:00,false,0,Animal Battle Stats,1446203750204047426
1460703645392834600,,,,,,true,,0000,0,,1446203750204047426,,0,Animal Battle Stats,,1446204139909550150,,,2026-01-13T18:34:47.623Z,,4491519,0,,true,Visitor,Anonymous,true,🌐 Location,"Sugar Land, TX, US",,,,,,,2026-01-13T18:34:47.168000+00:00,👀 Site Visit,rich,0,,,false,,,,false,,,,,,,,,2026-01-13T18:34:47.623000+00:00,false,0,Animal Battle Stats,1446203750204047426
1460703289602605282,,,,,,true,,0000,0,,1446203750204047426,,0,Animal Battle Stats,,1446204139909550150,,,2026-01-13T18:33:22.796Z,,4491519,0,,true,Visitor,Anonymous,true,🌐 Location,"Sugar Land, TX, US",,,,,,,2026-01-13T18:33:22.518000+00:00,👀 Site Visit,rich,0,,,false,,,,false,,,,,,,,,2026-01-13T18:33:22.796000+00:00,false,0,Animal Battle Stats,1446203750204047426
1460703288591913009,,,,,,true,,0000,0,,1446203750204047426,,0,Animal Battle Stats,,1446204139909550150,,,2026-01-13T18:33:22.555Z,,6710886,0,,true,User,Anonymous,true,🌐 Location,"Sugar Land, TX, US",,,,,,,2026-01-13T18:33:22.157000+00:00,👋 User Left Site,rich,0,,,false,,,,false,,,,,,,,,2026-01-13T18:33:22.555000+00:00,false,0,Animal Battle Stats,1446203750204047426
1460703274691727533,,,,,,true,,0000,0,,1446203750204047426,,0,Animal Battle Stats,,1446204139909550150,,,2026-01-13T18:33:19.241Z,,4491519,0,,true,Visitor,Anonymous,true,🌐 Location,"Sugar Land, TX, US",,,,,,,2026-01-13T18:33:18.956000+00:00,👀 Site Visit,rich,0,,,false,,,,false,,,,,,,,,2026-01-13T18:33:19.241000+00:00,false,0,Animal Battle Stats,1446203750204047426
1460703273332772865,,,,,,true,,0000,0,,1446203750204047426,,0,Animal Battle Stats,,1446204139909550150,,,2026-01-13T18:33:18.917Z,,6710886,0,,true,User,Anonymous,true,🌐 Location,"Sugar Land, TX, US",,,,,,,2026-01-13T18:33:18.543000+00:00,👋 User Left Site,rich,0,,,false,,,,false,,,,,,,,,2026-01-13T18:33:18.917000+00:00,false,0,Animal Battle Stats,1446203750204047426
1460703255767158875,,,,,,true,,0000,0,,1446203750204047426,,0,Animal Battle Stats,,1446204139909550150,,,2026-01-13T18:33:14.729Z,,4491519,0,,true,Visitor,Anonymous,true,🌐 Location,"Sugar Land, TX, US",,,,,,,2026-01-13T18:33:14.389000+00:00,👀 Site Visit,rich,0,,,false,,,,false,,,,,,,,,2026-01-13T18:33:14.729000+00:00,false,0,Animal Battle Stats,1446203750204047426
1460703255456907356,,,,,,true,,0000,0,,1446203750204047426,,0,Animal Battle Stats,,1446204139909550150,,,2026-01-13T18:33:14.655Z,,4491519,0,,true,Visitor,Anonymous,true,🌐 Location,"Sugar Land, TX, US",,,,,,,2026-01-13T18:33:08.195000+00:00,👀 Site Visit,rich,0,,,false,,,,false,,,,,,,,,2026-01-13T18:33:14.655000+00:00,false,0,Animal Battle Stats,1446203750204047426
1460703229292839013,,,,,,true,,0000,0,,1446203750204047426,,0,Animal Battle Stats,,1446204139909550150,,,2026-01-13T18:33:08.417Z,,6710886,0,,true,User,Anonymous,true,🌐 Location,"Sugar Land, TX, US",,,,,,,2026-01-13T18:33:08.170000+00:00,👋 User Left Site,rich,0,,,false,,,,false,,,,,,,,,2026-01-13T18:33:08.417000+00:00,false,0,Animal Battle Stats,1446203750204047426
1460703200566050997,,,,,,true,,0000,0,,1446203750204047426,,0,Animal Battle Stats,,1446204139909550150,,,2026-01-13T18:33:01.568Z,,4491519,0,,true,Visitor,Anonymous,true,🌐 Location,"Sugar Land, TX, US",,,,,,,2026-01-13T18:33:01.275000+00:00,👀 Site Visit,rich,0,,,false,,,,false,,,,,,,,,2026-01-13T18:33:01.568000+00:00,false,0,Animal Battle Stats,1446203750204047426
1460703198967890123,,,,,,true,,0000,0,,1446203750204047426,,0,Animal Battle Stats,,1446204139909550150,,,2026-01-13T18:33:01.187Z,,6710886,0,,true,User,Anonymous,true,🌐 Location,"Sugar Land, TX, US",,,,,,,2026-01-13T18:33:00.848000+00:00,👋 User Left Site,rich,0,,,false,,,,false,,,,,,,,,2026-01-13T18:33:01.187000+00:00,false,0,Animal Battle Stats,1446203750204047426
1460703183335850250,,,,,,true,,0000,0,,1446203750204047426,,0,Animal Battle Stats,,1446204139909550150,,,2026-01-13T18:32:57.460Z,,4491519,0,,true,Visitor,Anonymous,true,🌐 Location,"Sugar Land, TX, US",,,,,,,2026-01-13T18:32:57.093000+00:00,👀 Site Visit,rich,0,,,false,,,,false,,,,,,,,,2026-01-13T18:32:57.460000+00:00,false,0,Animal Battle Stats,1446203750204047426
1460703181439893578,,,,,,true,,0000,0,,1446203750204047426,,0,Animal Battle Stats,,1446204139909550150,,,2026-01-13T18:32:57.008Z,,6710886,0,,true,User,Anonymous,true,🌐 Location,"Sugar Land, TX, US",,,,,,,2026-01-13T18:32:56.692000+00:00,👋 User Left Site,rich,0,,,false,,,,false,,,,,,,,,2026-01-13T18:32:57.008000+00:00,false,0,Animal Battle Stats,1446203750204047426
1460703161269354663,,,,,,true,,0000,0,,1446203750204047426,,0,Animal Battle Stats,,1446204139909550150,,,2026-01-13T18:32:52.199Z,,4491519,0,,true,Visitor,Anonymous,true,🌐 Location,"Sugar Land, TX, US",,,,,,,2026-01-13T18:32:51.859000+00:00,👀 Site Visit,rich,0,,,false,,,,false,,,,,,,,,2026-01-13T18:32:52.199000+00:00,false,0,Animal Battle Stats,1446203750204047426
1460703160279498763,,,,,,true,,0000,0,,1446203750204047426,,0,Animal Battle Stats,,1446204139909550150,,,2026-01-13T18:32:51.963Z,,4491519,0,,true,Visitor,Anonymous,true,🌐 Location,"Sugar Land, TX, US",,,,,,,2026-01-13T18:32:48.584000+00:00,👀 Site Visit,rich,0,,,false,,,,false,,,,,,,,,2026-01-13T18:32:51.963000+00:00,false,0,Animal Battle Stats,1446203750204047426
1460703160195747840,,,,,,true,,0000,0,,1446203750204047426,,0,Animal Battle Stats,,1446204139909550150,,,2026-01-13T18:32:51.943Z,,6710886,0,,true,User,Anonymous,true,🌐 Location,"Sugar Land, TX, US",,,,,,,2026-01-13T18:32:51.117000+00:00,👋 User Left Site,rich,0,,,false,,,,false,,,,,,,,,2026-01-13T18:32:51.943000+00:00,false,0,Animal Battle Stats,1446203750204047426
1460697558866329622,,,,,,true,,0000,0,,1446203750204047426,,0,Animal Battle Stats,,1446204139909550150,,,2026-01-13T18:10:36.482Z,,4491519,0,,true,Visitor,Anonymous,true,🌐 Location,"Sugar Land, TX, US",,,,,,,2026-01-13T18:10:36.204000+00:00,👀 Site Visit,rich,0,,,false,,,,false,,,,,,,,,2026-01-13T18:10:36.482000+00:00,false,0,Animal Battle Stats,1446203750204047426
1460697556970373355,,,,,,true,,0000,0,,1446203750204047426,,0,Animal Battle Stats,,1446204139909550150,,,2026-01-13T18:10:36.030Z,,6710886,0,,true,User,Anonymous,true,🌐 Location,"Sugar Land, TX, US",,,,,,,2026-01-13T18:10:35.811000+00:00,👋 User Left Site,rich,0,,,false,,,,false,,,,,,,,,2026-01-13T18:10:36.030000+00:00,false,0,Animal Battle Stats,1446203750204047426
1460697544106578194,,,,,,true,,0000,0,,1446203750204047426,,0,Animal Battle Stats,,1446204139909550150,,,2026-01-13T18:10:32.963Z,,4491519,0,,true,Visitor,Anonymous,true,🌐 Location,"Sugar Land, TX, US",,,,,,,2026-01-13T18:10:32.684000+00:00,👀 Site Visit,rich,0,,,false,,,,false,,,,,,,,,2026-01-13T18:10:32.963000+00:00,false,0,Animal Battle Stats,1446203750204047426
1460697542764532010,,,,,,true,,0000,0,,1446203750204047426,,0,Animal Battle Stats,,1446204139909550150,,,2026-01-13T18:10:32.643Z,,6710886,0,,true,User,Anonymous,true,🌐 Location,"Sugar Land, TX, US",,,,,,,2026-01-13T18:10:32.363000+00:00,👋 User Left Site,rich,0,,,false,,,,false,,,,,,,,,2026-01-13T18:10:32.643000+00:00,false,0,Animal Battle Stats,1446203750204047426
1460697531619999919,,,,,,true,,0000,0,,1446203750204047426,,0,Animal Battle Stats,,1446204139909550150,,,2026-01-13T18:10:29.986Z,,4491519,0,,true,Visitor,Anonymous,true,🌐 Location,"Sugar Land, TX, US",,,,,,,2026-01-13T18:10:29.671000+00:00,👀 Site Visit,rich,0,,,false,,,,false,,,,,,,,,2026-01-13T18:10:29.986000+00:00,false,0,Animal Battle Stats,1446203750204047426
1460697529539887168,,,,,,true,,0000,0,,1446203750204047426,,0,Animal Battle Stats,,1446204139909550150,,,2026-01-13T18:10:29.490Z,,6710886,0,,true,User,Anonymous,true,🌐 Location,"Sugar Land, TX, US",,,,,,,2026-01-13T18:10:29.242000+00:00,👋 User Left Site,rich,0,,,false,,,,false,,,,,,,,,2026-01-13T18:10:29.490000+00:00,false,0,Animal Battle Stats,1446203750204047426
1460697521709125815,,,,,,true,,0000,0,,1446203750204047426,,0,Animal Battle Stats,,1446204139909550150,,,2026-01-13T18:10:27.623Z,,4491519,0,,true,Visitor,Anonymous,true,🌐 Location,"Sugar Land, TX, US",,,,,,,2026-01-13T18:10:26.190000+00:00,👀 Site Visit,rich,0,,,false,,,,false,,,,,,,,,2026-01-13T18:10:27.623000+00:00,false,0,Animal Battle Stats,1446203750204047426
1460697515350561035,,,,,,true,,0000,0,,1446203750204047426,,0,Animal Battle Stats,,1446204139909550150,,,2026-01-13T18:10:26.107Z,,6710886,0,,true,User,Anonymous,true,🌐 Location,"Sugar Land, TX, US",,,,,,,2026-01-13T18:10:25.785000+00:00,👋 User Left Site,rich,0,,,false,,,,false,,,,,,,,,2026-01-13T18:10:26.107000+00:00,false,0,Animal Battle Stats,1446203750204047426
1460697503270830080,,,,,,true,,0000,0,,1446203750204047426,,0,Animal Battle Stats,,1446204139909550150,,,2026-01-13T18:10:23.227Z,,4491519,0,,true,Visitor,Anonymous,true,🌐 Location,"Sugar Land, TX, US",,,,,,,2026-01-13T18:10:22.838000+00:00,👀 Site Visit,rich,0,,,false,,,,false,,,,,,,,,2026-01-13T18:10:23.227000+00:00,false,0,Animal Battle Stats,1446203750204047426
1460697485659082947,,,,,,true,,0000,0,,1446203750204047426,,0,Animal Battle Stats,,1446204139909550150,,,2026-01-13T18:10:19.028Z,,4491519,0,,true,Visitor,Anonymous,true,🌐 Location,"Sugar Land, TX, US",,,,,,,2026-01-13T18:10:18.760000+00:00,👀 Site Visit,rich,0,,,false,,,,false,,,,,,,,,2026-01-13T18:10:19.028000+00:00,false,0,Animal Battle Stats,1446203750204047426
1460697484153065738,,,,,,true,,0000,0,,1446203750204047426,,0,Animal Battle Stats,,1446204139909550150,,,2026-01-13T18:10:18.669Z,,6710886,0,,true,User,Anonymous,true,🌐 Location,"Sugar Land, TX, US",,,,,,,2026-01-13T18:10:18.332000+00:00,👋 User Left Site,rich,0,,,false,,,,false,,,,,,,,,2026-01-13T18:10:18.669000+00:00,false,0,Animal Battle Stats,1446203750204047426
1460697471171952752,,,,,,true,,0000,0,,1446203750204047426,,0,Animal Battle Stats,,1446204139909550150,,,2026-01-13T18:10:15.574Z,,4491519,0,,true,Visitor,Anonymous,true,🌐 Location,"Sugar Land, TX, US",,,,,,,2026-01-13T18:10:15.245000+00:00,👀 Site Visit,rich,0,,,false,,,,false,,,,,,,,,2026-01-13T18:10:15.574000+00:00,false,0,Animal Battle Stats,1446203750204047426
1460697468592324669,,,,,,true,,0000,0,,1446203750204047426,,0,Animal Battle Stats,,1446204139909550150,,,2026-01-13T18:10:14.959Z,,6710886,0,,true,User,Anonymous,true,🌐 Location,"Sugar Land, TX, US",,,,,,,2026-01-13T18:10:14.670000+00:00,👋 User Left Site,rich,0,,,false,,,,false,,,,,,,,,2026-01-13T18:10:14.959000+00:00,false,0,Animal Battle Stats,1446203750204047426
1460697453702680823,,,,,,true,,0000,0,,1446203750204047426,,0,Animal Battle Stats,,1446204139909550150,,,2026-01-13T18:10:11.409Z,,4491519,0,,true,Visitor,Anonymous,true,🌐 Location,"Sugar Land, TX, US",,,,,,,2026-01-13T18:10:11.106000+00:00,👀 Site Visit,rich,0,,,false,,,,false,,,,,,,,,2026-01-13T18:10:11.409000+00:00,false,0,Animal Battle Stats,1446203750204047426
1460697451970170881,,,,,,true,,0000,0,,1446203750204047426,,0,Animal Battle Stats,,1446204139909550150,,,2026-01-13T18:10:10.996Z,,6710886,0,,true,User,Anonymous,true,🌐 Location,"Sugar Land, TX, US",,,,,,,2026-01-13T18:10:10.716000+00:00,👋 User Left Site,rich,0,,,false,,,,false,,,,,,,,,2026-01-13T18:10:10.996000+00:00,false,0,Animal Battle Stats,1446203750204047426
1460697437495627808,,,,,,true,,0000,0,,1446203750204047426,,0,Animal Battle Stats,,1446204139909550150,,,2026-01-13T18:10:07.545Z,,4491519,0,,true,Visitor,Anonymous,true,🌐 Location,"Sugar Land, TX, US",,,,,,,2026-01-13T18:10:07.219000+00:00,👀 Site Visit,rich,0,,,false,,,,false,,,,,,,,,2026-01-13T18:10:07.545000+00:00,false,0,Animal Battle Stats,1446203750204047426
1460697435373437100,,,,,,true,,0000,0,,1446203750204047426,,0,Animal Battle Stats,,1446204139909550150,,,2026-01-13T18:10:07.039Z,,6710886,0,,true,User,Anonymous,true,🌐 Location,"Sugar Land, TX, US",,,,,,,2026-01-13T18:10:06.749000+00:00,👋 User Left Site,rich,0,,,false,,,,false,,,,,,,,,2026-01-13T18:10:07.039000+00:00,false,0,Animal Battle Stats,1446203750204047426
1460697424002552019,,,,,,true,,0000,0,,1446203750204047426,,0,Animal Battle Stats,,1446204139909550150,,,2026-01-13T18:10:04.328Z,,4491519,0,,true,Visitor,Anonymous,true,🌐 Location,"Sugar Land, TX, US",,,,,,,2026-01-13T18:10:03.994000+00:00,👀 Site Visit,rich,0,,,false,,,,false,,,,,,,,,2026-01-13T18:10:04.328000+00:00,false,0,Animal Battle Stats,1446203750204047426
1460697406734733383,,,,,,true,,0000,0,,1446203750204047426,,0,Animal Battle Stats,,1446204139909550150,,,2026-01-13T18:10:00.211Z,,4491519,0,,true,Visitor,Anonymous,true,🌐 Location,"Sugar Land, TX, US",,,,,,,2026-01-13T18:09:59.814000+00:00,👀 Site Visit,rich,0,,,false,,,,false,,,,,,,,,2026-01-13T18:10:00.211000+00:00,false,0,Animal Battle Stats,1446203750204047426
1460697404968927363,,,,,,true,,0000,0,,1446203750204047426,,0,Animal Battle Stats,,1446204139909550150,,,2026-01-13T18:09:59.790Z,,6710886,0,,true,User,Anonymous,true,🌐 Location,"Sugar Land, TX, US",,,,,,,2026-01-13T18:09:59.458000+00:00,👋 User Left Site,rich,0,,,false,,,,false,,,,,,,,,2026-01-13T18:09:59.790000+00:00,false,0,Animal Battle Stats,1446203750204047426
1460697382298845461,,,,,,true,,0000,0,,1446203750204047426,,0,Animal Battle Stats,,1446204139909550150,,,2026-01-13T18:09:54.385Z,,4491519,0,,true,Visitor,Anonymous,true,🌐 Location,"Sugar Land, TX, US",,,,,,,2026-01-13T18:09:53.988000+00:00,👀 Site Visit,rich,0,,,false,,,,false,,,,,,,,,2026-01-13T18:09:54.385000+00:00,false,0,Animal Battle Stats,1446203750204047426
1460697380683911249,,,,,,true,,0000,0,,1446203750204047426,,0,Animal Battle Stats,,1446204139909550150,,,2026-01-13T18:09:54.000Z,,6710886,0,,true,User,Anonymous,true,🌐 Location,"Sugar Land, TX, US",,,,,,,2026-01-13T18:09:53.670000+00:00,👋 User Left Site,rich,0,,,false,,,,false,,,,,,,,,2026-01-13T18:09:54+00:00,false,0,Animal Battle Stats,1446203750204047426
1460697366356299940,,,,,,true,,0000,0,,1446203750204047426,,0,Animal Battle Stats,,1446204139909550150,,,2026-01-13T18:09:50.584Z,,4491519,0,,true,Visitor,Anonymous,true,🌐 Location,"Sugar Land, TX, US",,,,,,,2026-01-13T18:09:50.298000+00:00,👀 Site Visit,rich,0,,,false,,,,false,,,,,,,,,2026-01-13T18:09:50.584000+00:00,false,0,Animal Battle Stats,1446203750204047426
1460697362576965949,,,,,,true,,0000,0,,1446203750204047426,,0,Animal Battle Stats,,1446204139909550150,,,2026-01-13T18:09:49.683Z,,6710886,0,,true,User,Anonymous,true,🌐 Location,"Sugar Land, TX, US",,,,,,,2026-01-13T18:09:49.375000+00:00,👋 User Left Site,rich,0,,,false,,,,false,,,,,,,,,2026-01-13T18:09:49.683000+00:00,false,0,Animal Battle Stats,1446203750204047426
1460697345049104434,,,,,,true,,0000,0,,1446203750204047426,,0,Animal Battle Stats,,1446204139909550150,,,2026-01-13T18:09:45.504Z,,4491519,0,,true,Visitor,Anonymous,true,🌐 Location,"Sugar Land, TX, US",,,,,,,2026-01-13T18:09:45.105000+00:00,👀 Site Visit,rich,0,,,false,,,,false,,,,,,,,,2026-01-13T18:09:45.504000+00:00,false,0,Animal Battle Stats,1446203750204047426
1460697343681888400,,,,,,true,,0000,0,,1446203750204047426,,0,Animal Battle Stats,,1446204139909550150,,,2026-01-13T18:09:45.178Z,,6710886,0,,true,User,Anonymous,true,🌐 Location,"Sugar Land, TX, US",,,,,,,2026-01-13T18:09:44.492000+00:00,👋 User Left Site,rich,0,,,false,,,,false,,,,,,,,,2026-01-13T18:09:45.178000+00:00,false,0,Animal Battle Stats,1446203750204047426
1460697343585288254,,,,,,true,,0000,0,,1446203750204047426,,0,Animal Battle Stats,,1446204139909550150,,,2026-01-13T18:09:45.155Z,,4491519,0,,true,Visitor,Anonymous,true,🌐 Location,"Sugar Land, TX, US",,,,,,,2026-01-13T18:09:40.083000+00:00,👀 Site Visit,rich,0,,,false,,,,false,,,,,,,,,2026-01-13T18:09:45.155000+00:00,false,0,Animal Battle Stats,1446203750204047426
1460695501308694691,,,,,,true,,0000,0,,1446203750204047426,,0,Animal Battle Stats,,1446204139909550150,,,2026-01-13T18:02:25.922Z,,4491519,0,,true,Visitor,Anonymous,true,🌐 Location,"Sugar Land, TX, US",,,,,,,2026-01-13T18:02:25.567000+00:00,👀 Site Visit,rich,0,,,false,,,,false,,,,,,,,,2026-01-13T18:02:25.922000+00:00,false,0,Animal Battle Stats,1446203750204047426
1460695499949740250,,,,,,true,,0000,0,,1446203750204047426,,0,Animal Battle Stats,,1446204139909550150,,,2026-01-13T18:02:25.598Z,,6710886,0,,true,User,Anonymous,true,🌐 Location,"Sugar Land, TX, US",,,,,,,2026-01-13T18:02:25.170000+00:00,👋 User Left Site,rich,0,,,false,,,,false,,,,,,,,,2026-01-13T18:02:25.598000+00:00,false,0,Animal Battle Stats,1446203750204047426
1460695378440487048,,,,,,true,,0000,0,,1446203750204047426,,0,Animal Battle Stats,,1446204139909550150,,,2026-01-13T18:01:56.628Z,,4491519,0,,true,Visitor,Anonymous,true,🌐 Location,"Sugar Land, TX, US",,,,,,,2026-01-13T18:01:55.568000+00:00,👀 Site Visit,rich,0,,,false,,,,false,,,,,,,,,2026-01-13T18:01:56.628000+00:00,false,0,Animal Battle Stats,1446203750204047426
1460695373340348640,,,,,,true,,0000,0,,1446203750204047426,,0,Animal Battle Stats,,1446204139909550150,,,2026-01-13T18:01:55.412Z,,6710886,0,,true,User,Anonymous,true,🌐 Location,"Sugar Land, TX, US",,,,,,,2026-01-13T18:01:55.164000+00:00,👋 User Left Site,rich,0,,,false,,,,false,,,,,,,,,2026-01-13T18:01:55.412000+00:00,false,0,Animal Battle Stats,1446203750204047426
1460695249717432431,,,,,,true,,0000,0,,1446203750204047426,,0,Animal Battle Stats,,1446204139909550150,,,2026-01-13T18:01:25.938Z,,4491519,0,,true,Visitor,Anonymous,true,🌐 Location,"Sugar Land, TX, US",,,,,,,2026-01-13T18:01:25.636000+00:00,👀 Site Visit,rich,0,,,false,,,,false,,,,,,,,,2026-01-13T18:01:25.938000+00:00,false,0,Animal Battle Stats,1446203750204047426
1460695248182448374,,,,,,true,,0000,0,,1446203750204047426,,0,Animal Battle Stats,,1446204139909550150,,,2026-01-13T18:01:25.572Z,,6710886,0,,true,User,Anonymous,true,🌐 Location,"Sugar Land, TX, US",,,,,,,2026-01-13T18:01:25.165000+00:00,👋 User Left Site,rich,0,,,false,,,,false,,,,,,,,,2026-01-13T18:01:25.572000+00:00,false,0,Animal Battle Stats,1446203750204047426
1460695123506495543,,,,,,true,,0000,0,,1446203750204047426,,0,Animal Battle Stats,,1446204139909550150,,,2026-01-13T18:00:55.847Z,,4491519,0,,true,Visitor,Anonymous,true,🌐 Location,"Sugar Land, TX, US",,,,,,,2026-01-13T18:00:55.503000+00:00,👀 Site Visit,rich,0,,,false,,,,false,,,,,,,,,2026-01-13T18:00:55.847000+00:00,false,0,Animal Battle Stats,1446203750204047426
1460695121988157521,,,,,,true,,0000,0,,1446203750204047426,,0,Animal Battle Stats,,1446204139909550150,,,2026-01-13T18:00:55.485Z,,6710886,0,,true,User,Anonymous,true,🌐 Location,"Sugar Land, TX, US",,,,,,,2026-01-13T18:00:55.142000+00:00,👋 User Left Site,rich,0,,,false,,,,false,,,,,,,,,2026-01-13T18:00:55.485000+00:00,false,0,Animal Battle Stats,1446203750204047426
1460695001045536921,,,,,,true,,0000,0,,1446203750204047426,,0,Animal Battle Stats,,1446204139909550150,,,2026-01-13T18:00:26.650Z,,4491519,0,,true,Visitor,Anonymous,true,🌐 Location,"Sugar Land, TX, US",,,,,,,2026-01-13T18:00:26.253000+00:00,👀 Site Visit,rich,0,,,false,,,,false,,,,,,,,,2026-01-13T18:00:26.650000+00:00,false,0,Animal Battle Stats,1446203750204047426
1460694864680194169,,,,,,true,,0000,0,,1446203750204047426,,0,Animal Battle Stats,,1446204139909550150,,,2026-01-13T17:59:54.138Z,,4491519,0,,true,Visitor,Anonymous,true,🌐 Location,"Sugar Land, TX, US",,,,,,,2026-01-13T17:59:53.871000+00:00,👀 Site Visit,rich,0,,,false,,,,false,,,,,,,,,2026-01-13T17:59:54.138000+00:00,false,0,Animal Battle Stats,1446203750204047426
1460694864193654896,,,,,,true,,0000,0,,1446203750204047426,,0,Animal Battle Stats,,1446204139909550150,,,2026-01-13T17:59:54.022Z,,6710886,0,,true,User,Anonymous,true,🌐 Location,"Sugar Land, TX, US",,,,,,,2026-01-13T17:59:53.531000+00:00,👋 User Left Site,rich,0,,,false,,,,false,,,,,,,,,2026-01-13T17:59:54.022000+00:00,false,0,Animal Battle Stats,1446203750204047426
1460694739560173760,,,,,,true,,0000,0,,1446203750204047426,,0,Animal Battle Stats,,1446204139909550150,,,2026-01-13T17:59:24.307Z,,4491519,0,,true,Visitor,Anonymous,true,🌐 Location,"Sugar Land, TX, US",,,,,,,2026-01-13T17:59:23.991000+00:00,👀 Site Visit,rich,0,,,false,,,,false,,,,,,,,,2026-01-13T17:59:24.307000+00:00,false,0,Animal Battle Stats,1446203750204047426
1460694737836052633,,,,,,true,,0000,0,,1446203750204047426,,0,Animal Battle Stats,,1446204139909550150,,,2026-01-13T17:59:23.896Z,,6710886,0,,true,User,Anonymous,true,🌐 Location,"Sugar Land, TX, US",,,,,,,2026-01-13T17:59:23.506000+00:00,👋 User Left Site,rich,0,,,false,,,,false,,,,,,,,,2026-01-13T17:59:23.896000+00:00,false,0,Animal Battle Stats,1446203750204047426
1460694613215023246,,,,,,true,,0000,0,,1446203750204047426,,0,Animal Battle Stats,,1446204139909550150,,,2026-01-13T17:58:54.184Z,,4491519,0,,true,Visitor,Anonymous,true,🌐 Location,"Sugar Land, TX, US",,,,,,,2026-01-13T17:58:53.876000+00:00,👀 Site Visit,rich,0,,,false,,,,false,,,,,,,,,2026-01-13T17:58:54.184000+00:00,false,0,Animal Battle Stats,1446203750204047426
1460694611944017991,,,,,,true,,0000,0,,1446203750204047426,,0,Animal Battle Stats,,1446204139909550150,,,2026-01-13T17:58:53.881Z,,6710886,0,,true,User,Anonymous,true,🌐 Location,"Sugar Land, TX, US",,,,,,,2026-01-13T17:58:53.472000+00:00,👋 User Left Site,rich,0,,,false,,,,false,,,,,,,,,2026-01-13T17:58:53.881000+00:00,false,0,Animal Battle Stats,1446203750204047426
1460694487847276565,,,,,,true,,0000,0,,1446203750204047426,,0,Animal Battle Stats,,1446204139909550150,,,2026-01-13T17:58:24.294Z,,4491519,0,,true,Visitor,Anonymous,true,🌐 Location,"Sugar Land, TX, US",,,,,,,2026-01-13T17:58:23.952000+00:00,👀 Site Visit,rich,0,,,false,,,,false,,,,,,,,,2026-01-13T17:58:24.294000+00:00,false,0,Animal Battle Stats,1446203750204047426
1460694486156968121,,,,,,true,,0000,0,,1446203750204047426,,0,Animal Battle Stats,,1446204139909550150,,,2026-01-13T17:58:23.891Z,,6710886,0,,true,User,Anonymous,true,🌐 Location,"Sugar Land, TX, US",,,,,,,2026-01-13T17:58:23.442000+00:00,👋 User Left Site,rich,0,,,false,,,,false,,,,,,,,,2026-01-13T17:58:23.891000+00:00,false,0,Animal Battle Stats,1446203750204047426
1460694364962685183,,,,,,true,,0000,0,,1446203750204047426,,0,Animal Battle Stats,,1446204139909550150,,,2026-01-13T17:57:54.996Z,,4491519,0,,true,Visitor,Anonymous,true,🌐 Location,"Sugar Land, TX, US",,,,,,,2026-01-13T17:57:54.612000+00:00,👀 Site Visit,rich,0,,,false,,,,false,,,,,,,,,2026-01-13T17:57:54.996000+00:00,false,0,Animal Battle Stats,1446203750204047426
1460694230098907331,,,,,,true,,0000,0,,1446203750204047426,,0,Animal Battle Stats,,1446204139909550150,,,2026-01-13T17:57:22.842Z,,4491519,0,,true,Visitor,Anonymous,true,🌐 Location,"Sugar Land, TX, US",,,,,,,2026-01-13T17:57:22.575000+00:00,👀 Site Visit,rich,0,,,false,,,,false,,,,,,,,,2026-01-13T17:57:22.842000+00:00,false,0,Animal Battle Stats,1446203750204047426
1460694229033685216,,,,,,true,,0000,0,,1446203750204047426,,0,Animal Battle Stats,,1446204139909550150,,,2026-01-13T17:57:22.588Z,,6710886,0,,true,User,Anonymous,true,🌐 Location,"Sugar Land, TX, US",,,,,,,2026-01-13T17:57:22.206000+00:00,👋 User Left Site,rich,0,,,false,,,,false,,,,,,,,,2026-01-13T17:57:22.588000+00:00,false,0,Animal Battle Stats,1446203750204047426
1460694103833579672,,,,,,true,,0000,0,,1446203750204047426,,0,Animal Battle Stats,,1446204139909550150,,,2026-01-13T17:56:52.738Z,,4491519,0,,true,Visitor,Anonymous,true,🌐 Location,"Sugar Land, TX, US",,,,,,,2026-01-13T17:56:52.461000+00:00,👀 Site Visit,rich,0,,,false,,,,false,,,,,,,,,2026-01-13T17:56:52.738000+00:00,false,0,Animal Battle Stats,1446203750204047426
1460694102646722600,,,,,,true,,0000,0,,1446203750204047426,,0,Animal Battle Stats,,1446204139909550150,,,2026-01-13T17:56:52.455Z,,6710886,0,,true,User,Anonymous,true,🌐 Location,"Sugar Land, TX, US",,,,,,,2026-01-13T17:56:52.124000+00:00,👋 User Left Site,rich,0,,,false,,,,false,,,,,,,,,2026-01-13T17:56:52.455000+00:00,false,0,Animal Battle Stats,1446203750204047426
1460693978839253306,,,,,,true,,0000,0,,1446203750204047426,,0,Animal Battle Stats,,1446204139909550150,,,2026-01-13T17:56:22.937Z,,4491519,0,,true,Visitor,Anonymous,true,🌐 Location,"Sugar Land, TX, US",,,,,,,2026-01-13T17:56:22.661000+00:00,👀 Site Visit,rich,0,,,false,,,,false,,,,,,,,,2026-01-13T17:56:22.937000+00:00,false,0,Animal Battle Stats,1446203750204047426
1460693976905420883,,,,,,true,,0000,0,,1446203750204047426,,0,Animal Battle Stats,,1446204139909550150,,,2026-01-13T17:56:22.476Z,,6710886,0,,true,User,Anonymous,true,🌐 Location,"Sugar Land, TX, US",,,,,,,2026-01-13T17:56:22.218000+00:00,👋 User Left Site,rich,0,,,false,,,,false,,,,,,,,,2026-01-13T17:56:22.476000+00:00,false,0,Animal Battle Stats,1446203750204047426
1460693853068857379,,,,,,true,,0000,0,,1446203750204047426,,0,Animal Battle Stats,,1446204139909550150,,,2026-01-13T17:55:52.951Z,,6710886,0,,true,User,Anonymous,true,🌐 Location,"Sugar Land, TX, US",,,,,,,2026-01-13T17:55:52.161000+00:00,👋 User Left Site,rich,0,,,false,,,,false,,,,,,,,,2026-01-13T17:55:52.951000+00:00,false,0,Animal Battle Stats,1446203750204047426
1460693853022453812,,,,,,true,,0000,0,,1446203750204047426,,0,Animal Battle Stats,,1446204139909550150,,,2026-01-13T17:55:52.940Z,,4491519,0,,true,Visitor,Anonymous,true,🌐 Location,"Sugar Land, TX, US",,,,,,,2026-01-13T17:55:52.634000+00:00,👀 Site Visit,rich,0,,,false,,,,false,,,,,,,,,2026-01-13T17:55:52.940000+00:00,false,0,Animal Battle Stats,1446203750204047426
1460693851932197078,,,,,,true,,0000,0,,1446203750204047426,,0,Animal Battle Stats,,1446204139909550150,,,2026-01-13T17:55:52.680Z,,4491519,0,,true,Visitor,Anonymous,true,🌐 Location,"Sugar Land, TX, US",,,,,,,2026-01-13T17:55:27.509000+00:00,👀 Site Visit,rich,0,,,false,,,,false,,,,,,,,,2026-01-13T17:55:52.680000+00:00,false,0,Animal Battle Stats,1446203750204047426
1460683994868744480,,,,,,true,,0000,0,,1446203750204047426,,0,Animal Battle Stats,,1446204139909550150,,,2026-01-13T17:16:42.573Z,,4491519,0,,true,Visitor,Anonymous,true,🌐 Location,US,,,,,,,2026-01-13T17:16:42.287000+00:00,👀 Site Visit,rich,0,,,false,,,,false,,,,,,,,,2026-01-13T17:16:42.573000+00:00,false,0,Animal Battle Stats,1446203750204047426
1460683991123366043,,,,,,true,,0000,0,,1446203750204047426,,0,Animal Battle Stats,,1446204139909550150,,,2026-01-13T17:16:41.680Z,,4491519,0,,true,Visitor,Anonymous,true,🌐 Location,US,,,,,,,2026-01-13T17:16:03.430000+00:00,👀 Site Visit,rich,0,,,false,,,,false,,,,,,,,,2026-01-13T17:16:41.680000+00:00,false,0,Animal Battle Stats,1446203750204047426
1460627903976046655,,,,,,true,,0000,0,,1446203750204047426,,0,Animal Battle Stats,,1446204139909550150,,,2026-01-13T13:33:49.462Z,,16739072,0,,false,Matchup,Vulture vs Moray Eel,true,User,Anonymous,true,🌐 Location,"Wyckoff, NJ, US",,,,2026-01-13T13:33:49.184000+00:00,⚔️ Battle Comparison,rich,0,,,false,,,,false,,,,,,,,,2026-01-13T13:33:49.462000+00:00,false,0,Animal Battle Stats,1446203750204047426
1460627815580831806,,,,,,true,,0000,0,,1446203750204047426,,0,Animal Battle Stats,,1446204139909550150,,,2026-01-13T13:33:28.387Z,,16739072,0,,false,Matchup,Vulture vs Komodo Dragon,true,User,Anonymous,true,🌐 Location,"Wyckoff, NJ, US",,,,2026-01-13T13:33:28.030000+00:00,⚔️ Battle Comparison,rich,0,,,false,,,,false,,,,,,,,,2026-01-13T13:33:28.387000+00:00,false,0,Animal Battle Stats,1446203750204047426
1460627255037526191,,,,,,true,,0000,0,,1446203750204047426,,0,Animal Battle Stats,,1446204139909550150,,,2026-01-13T13:31:14.743Z,,16739072,0,,false,Matchup,Kangaroo vs Komodo Dragon,true,User,Anonymous,true,🌐 Location,"Wyckoff, NJ, US",,,,2026-01-13T13:31:14.190000+00:00,⚔️ Battle Comparison,rich,0,,,false,,,,false,,,,,,,,,2026-01-13T13:31:14.743000+00:00,false,0,Animal Battle Stats,1446203750204047426
1460627048824442963,,,,,,true,,0000,0,,1446203750204047426,,0,Animal Battle Stats,,1446204139909550150,,,2026-01-13T13:30:25.578Z,,16739072,0,,false,Matchup,Ibex vs Komodo Dragon,true,User,Anonymous,true,🌐 Location,"Wyckoff, NJ, US",,,,2026-01-13T13:30:25.284000+00:00,⚔️ Battle Comparison,rich,0,,,false,,,,false,,,,,,,,,2026-01-13T13:30:25.578000+00:00,false,0,Animal Battle Stats,1446203750204047426
1460627047146586227,,,,,,true,,0000,0,,1446203750204047426,,0,Animal Battle Stats,,1446204139909550150,,,2026-01-13T13:30:25.178Z,,16739072,0,,false,Matchup,Ibex vs Komodo Dragon,true,User,Anonymous,true,🌐 Location,"Wyckoff, NJ, US",,,,2026-01-13T13:30:24.763000+00:00,⚔️ Battle Comparison,rich,0,,,false,,,,false,,,,,,,,,2026-01-13T13:30:25.178000+00:00,false,0,Animal Battle Stats,1446203750204047426
1460623019855839233,,,,,,true,,0000,0,,1446203750204047426,,0,Animal Battle Stats,,1446204139909550150,,,2026-01-13T13:14:24.997Z,,16739072,0,,false,Matchup,Harpy Eagle vs Anaconda,true,User,Anonymous,true,🌐 Location,"Hackensack, NJ, US",,,,2026-01-13T13:14:24.632000+00:00,⚔️ Battle Comparison,rich,0,,,false,,,,false,,,,,,,,,2026-01-13T13:14:24.997000+00:00,false,0,Animal Battle Stats,1446203750204047426
1460622916944138280,,,,,,true,,0000,0,,1446203750204047426,,0,Animal Battle Stats,,1446204139909550150,,,2026-01-13T13:14:00.461Z,,16739072,0,,false,Matchup,Harpy Eagle vs Shoebill,true,User,Anonymous,true,🌐 Location,"Hackensack, NJ, US",,,,2026-01-13T13:14:00.190000+00:00,⚔️ Battle Comparison,rich,0,,,false,,,,false,,,,,,,,,2026-01-13T13:14:00.461000+00:00,false,0,Animal Battle Stats,1446203750204047426
1460622916273045595,,,,,,true,,0000,0,,1446203750204047426,,0,Animal Battle Stats,,1446204139909550150,,,2026-01-13T13:14:00.301Z,,16739072,0,,false,Matchup,Harpy Eagle vs Shoebill,true,User,Anonymous,true,🌐 Location,"Hackensack, NJ, US",,,,2026-01-13T13:13:59.872000+00:00,⚔️ Battle Comparison,rich,0,,,false,,,,false,,,,,,,,,2026-01-13T13:14:00.301000+00:00,false,0,Animal Battle Stats,1446203750204047426
1460609818992836731,,,,,,true,,0000,0,,1446203750204047426,,0,Animal Battle Stats,,1446204139909550150,,,2026-01-13T12:21:57.666Z,,16739072,0,,false,Matchup,Bullet Ant vs Anteater,true,User,Anonymous,true,🌐 Location,"Hackensack, NJ, US",,,,2026-01-13T12:21:57.273000+00:00,⚔️ Battle Comparison,rich,0,,,false,,,,false,,,,,,,,,2026-01-13T12:21:57.666000+00:00,false,0,Animal Battle Stats,1446203750204047426
1460609696011386977,,,,,,true,,0000,0,,1446203750204047426,,0,Animal Battle Stats,,1446204139909550150,,,2026-01-13T12:21:28.345Z,,16739072,0,,false,Matchup,Praying Mantis vs Black Widow,true,User,Anonymous,true,🌐 Location,"Hackensack, NJ, US",,,,2026-01-13T12:21:28.062000+00:00,⚔️ Battle Comparison,rich,0,,,false,,,,false,,,,,,,,,2026-01-13T12:21:28.345000+00:00,false,0,Animal Battle Stats,1446203750204047426
1460609571415658526,,,,,,true,,0000,0,,1446203750204047426,,0,Animal Battle Stats,,1446204139909550150,,,2026-01-13T12:20:58.639Z,,16739072,0,,false,Matchup,Wombat vs Badger,true,User,Anonymous,true,🌐 Location,"Hackensack, NJ, US",,,,2026-01-13T12:20:57.115000+00:00,⚔️ Battle Comparison,rich,0,,,false,,,,false,,,,,,,,,2026-01-13T12:20:58.639000+00:00,false,0,Animal Battle Stats,1446203750204047426
1460609321925738645,,,,,,true,,0000,0,,1446203750204047426,,0,Animal Battle Stats,,1446204139909550150,,,2026-01-13T12:19:59.156Z,,16739072,0,,false,Matchup,Deathstalker Scorpion vs Badger,true,User,Anonymous,true,🌐 Location,"Hackensack, NJ, US",,,,2026-01-13T12:19:58.987000+00:00,⚔️ Battle Comparison,rich,0,,,false,,,,false,,,,,,,,,2026-01-13T12:19:59.156000+00:00,false,0,Animal Battle Stats,1446203750204047426
1460608710014664835,,,,,,true,,0000,0,,1446203750204047426,,0,Animal Battle Stats,,1446204139909550150,,,2026-01-13T12:17:33.265Z,,16739072,0,,false,Matchup,Cape Buffalo vs Tiger Shark,true,User,Anonymous,true,🌐 Location,"Hackensack, NJ, US",,,,2026-01-13T12:17:32.965000+00:00,⚔️ Battle Comparison,rich,0,,,false,,,,false,,,,,,,,,2026-01-13T12:17:33.265000+00:00,false,0,Animal Battle Stats,1446203750204047426
1460608571799502911,,,,,,true,,0000,0,,1446203750204047426,,0,Animal Battle Stats,,1446204139909550150,,,2026-01-13T12:17:00.312Z,,16739072,0,,false,Matchup,Snowy Owl vs Impala,true,User,Anonymous,true,🌐 Location,"Hackensack, NJ, US",,,,2026-01-13T12:16:59.906000+00:00,⚔️ Battle Comparison,rich,0,,,false,,,,false,,,,,,,,,2026-01-13T12:17:00.312000+00:00,false,0,Animal Battle Stats,1446203750204047426
1460608427029172416,,,,,,true,,0000,0,,1446203750204047426,,0,Animal Battle Stats,,1446204139909550150,,,2026-01-13T12:16:25.796Z,,16739072,0,,false,Matchup,Sea Lion vs Python,true,User,Anonymous,true,🌐 Location,"Hackensack, NJ, US",,,,2026-01-13T12:16:25.282000+00:00,⚔️ Battle Comparison,rich,0,,,false,,,,false,,,,,,,,,2026-01-13T12:16:25.796000+00:00,false,0,Animal Battle Stats,1446203750204047426
1460599652322639989,,,,,,true,,0000,0,,1446203750204047426,,0,Animal Battle Stats,,1446204139909550150,,,2026-01-13T11:41:33.743Z,,4491519,0,,true,Visitor,RamiNoodle733,true,🌐 Location,"Sugar Land, TX, US",,,,,,,2026-01-13T11:41:33.561000+00:00,👀 Site Visit,rich,0,,,false,,,,false,,,,,,,,,2026-01-13T11:41:33.743000+00:00,false,0,Animal Battle Stats,1446203750204047426
1460599601638674559,,,,,,true,,0000,0,,1446203750204047426,,0,Animal Battle Stats,,1446204139909550150,,,2026-01-13T11:41:21.659Z,,4491519,0,,true,Visitor,RamiNoodle733,true,🌐 Location,"Sugar Land, TX, US",,,,,,,2026-01-13T11:41:21.447000+00:00,👀 Site Visit,rich,0,,,false,,,,false,,,,,,,,,2026-01-13T11:41:21.659000+00:00,false,0,Animal Battle Stats,1446203750204047426
1460599559804682250,,,,,,true,,0000,0,,1446203750204047426,,0,Animal Battle Stats,,1446204139909550150,,,2026-01-13T11:41:11.685Z,,4491519,0,,true,Visitor,RamiNoodle733,true,🌐 Location,"Sugar Land, TX, US",,,,,,,2026-01-13T11:41:11.243000+00:00,👀 Site Visit,rich,0,,,false,,,,false,,,,,,,,,2026-01-13T11:41:11.685000+00:00,false,0,Animal Battle Stats,1446203750204047426
1460599489302892711,,,,,,true,,0000,0,,1446203750204047426,,0,Animal Battle Stats,,1446204139909550150,,,2026-01-13T11:40:54.876Z,,4491519,0,,true,Visitor,RamiNoodle733,true,🌐 Location,"Sugar Land, TX, US",,,,,,,2026-01-13T11:40:54.528000+00:00,👀 Site Visit,rich,0,,,false,,,,false,,,,,,,,,2026-01-13T11:40:54.876000+00:00,false,0,Animal Battle Stats,1446203750204047426
1460599488363364423,,,,,,true,,0000,0,,1446203750204047426,,0,Animal Battle Stats,,1446204139909550150,,,2026-01-13T11:40:54.652Z,,4491519,0,,true,Visitor,RamiNoodle733,true,🌐 Location,"Sugar Land, TX, US",,,,,,,2026-01-13T11:40:30.872000+00:00,👀 Site Visit,rich,0,,,false,,,,false,,,,,,,,,2026-01-13T11:40:54.652000+00:00,false,0,Animal Battle Stats,1446203750204047426
1460504973111722070,,,,,,true,,0000,0,,1446203750204047426,,0,Animal Battle Stats,,1446204139909550150,,,2026-01-13T05:25:20.460Z,,4491519,0,,true,Visitor,RamiNoodle733,true,🌐 Location,"Sugar Land, TX, US",,,,,,,2026-01-13T05:25:20.157000+00:00,👀 Site Visit,rich,0,,,false,,,,false,,,,,,,,,2026-01-13T05:25:20.460000+00:00,false,0,Animal Battle Stats,1446203750204047426
1460504963313565782,,,,,,true,,0000,0,,1446203750204047426,,0,Animal Battle Stats,,1446204139909550150,,,2026-01-13T05:25:18.124Z,,4491519,0,,true,Visitor,RamiNoodle733,true,🌐 Location,"Sugar Land, TX, US",,,,,,,2026-01-13T05:25:17.723000+00:00,👀 Site Visit,rich,0,,,false,,,,false,,,,,,,,,2026-01-13T05:25:18.124000+00:00,false,0,Animal Battle Stats,1446203750204047426
1460504942161694943,,,,,,true,,0000,0,,1446203750204047426,,0,Animal Battle Stats,,1446204139909550150,,,2026-01-13T05:25:13.081Z,,4491519,0,,true,Visitor,RamiNoodle733,true,🌐 Location,"Sugar Land, TX, US",,,,,,,2026-01-13T05:25:12.649000+00:00,👀 Site Visit,rich,0,,,false,,,,false,,,,,,,,,2026-01-13T05:25:13.081000+00:00,false,0,Animal Battle Stats,1446203750204047426
1460504904815612091,,,,,,true,,0000,0,,1446203750204047426,,0,Animal Battle Stats,,1446204139909550150,,,2026-01-13T05:25:04.177Z,,4491519,0,,true,Visitor,RamiNoodle733,true,🌐 Location,"Sugar Land, TX, US",,,,,,,2026-01-13T05:25:03.882000+00:00,👀 Site Visit,rich,0,,,false,,,,false,,,,,,,,,2026-01-13T05:25:04.177000+00:00,false,0,Animal Battle Stats,1446203750204047426
1460504903029100576,,,,,,true,,0000,0,,1446203750204047426,,0,Animal Battle Stats,,1446204139909550150,,,2026-01-13T05:25:03.751Z,,4491519,0,,true,Visitor,RamiNoodle733,true,🌐 Location,"Sugar Land, TX, US",,,,,,,2026-01-13T05:24:53.077000+00:00,👀 Site Visit,rich,0,,,false,,,,false,,,,,,,,,2026-01-13T05:25:03.751000+00:00,false,0,Animal Battle Stats,1446203750204047426
1460504861618733147,,,,,,true,,0000,0,,1446203750204047426,,0,Animal Battle Stats,,1446204139909550150,,,2026-01-13T05:24:53.878Z,,4491519,0,,true,Visitor,RamiNoodle733,true,🌐 Location,"Sugar Land, TX, US",,,,,,,2026-01-13T05:24:45.965000+00:00,👀 Site Visit,rich,0,,,false,,,,false,,,,,,,,,2026-01-13T05:24:53.878000+00:00,false,0,Animal Battle Stats,1446203750204047426
1460496589289295924,,,,,,true,,0000,0,,1446203750204047426,,0,Animal Battle Stats,,1446204139909550150,,,2026-01-13T04:52:01.601Z,,4491519,0,,true,Visitor,RamiNoodle733,true,🌐 Location,"Sugar Land, TX, US",,,,,,,2026-01-13T04:52:01.244000+00:00,👀 Site Visit,rich,0,,,false,,,,false,,,,,,,,,2026-01-13T04:52:01.601000+00:00,false,0,Animal Battle Stats,1446203750204047426
1460496362562130121,,,,,,true,,0000,0,,1446203750204047426,,0,Animal Battle Stats,,1446204139909550150,,,2026-01-13T04:51:07.545Z,,4491519,0,,true,Visitor,RamiNoodle733,true,🌐 Location,"Sugar Land, TX, US",,,,,,,2026-01-13T04:51:07.247000+00:00,👀 Site Visit,rich,0,,,false,,,,false,,,,,,,,,2026-01-13T04:51:07.545000+00:00,false,0,Animal Battle Stats,1446203750204047426
1460496290701115475,,,,,,true,,0000,0,,1446203750204047426,,0,Animal Battle Stats,,1446204139909550150,,,2026-01-13T04:50:50.412Z,,4491519,0,,true,Visitor,RamiNoodle733,true,🌐 Location,"Sugar Land, TX, US",,,,,,,2026-01-13T04:50:50.133000+00:00,👀 Site Visit,rich,0,,,false,,,,false,,,,,,,,,2026-01-13T04:50:50.412000+00:00,false,0,Animal Battle Stats,1446203750204047426
1460496257817772298,,,,,,true,,0000,0,,1446203750204047426,,0,Animal Battle Stats,,1446204139909550150,,,2026-01-13T04:50:42.572Z,,4491519,0,,true,Visitor,RamiNoodle733,true,🌐 Location,"Sugar Land, TX, US",,,,,,,2026-01-13T04:50:42.226000+00:00,👀 Site Visit,rich,0,,,false,,,,false,,,,,,,,,2026-01-13T04:50:42.572000+00:00,false,0,Animal Battle Stats,1446203750204047426
1460496235285709038,,,,,,true,,0000,0,,1446203750204047426,,0,Animal Battle Stats,,1446204139909550150,,,2026-01-13T04:50:37.200Z,,4491519,0,,true,Visitor,RamiNoodle733,true,🌐 Location,"Sugar Land, TX, US",,,,,,,2026-01-13T04:50:37.010000+00:00,👀 Site Visit,rich,0,,,false,,,,false,,,,,,,,,2026-01-13T04:50:37.200000+00:00,false,0,Animal Battle Stats,1446203750204047426
1460496222958915714,,,,,,true,,0000,0,,1446203750204047426,,0,Animal Battle Stats,,1446204139909550150,,,2026-01-13T04:50:34.261Z,,4491519,0,,true,Visitor,RamiNoodle733,true,🌐 Location,"Sugar Land, TX, US",,,,,,,2026-01-13T04:50:33.988000+00:00,👀 Site Visit,rich,0,,,false,,,,false,,,,,,,,,2026-01-13T04:50:34.261000+00:00,false,0,Animal Battle Stats,1446203750204047426
1460496204881334408,,,,,,true,,0000,0,,1446203750204047426,,0,Animal Battle Stats,,1446204139909550150,,,2026-01-13T04:50:29.951Z,,4491519,0,,true,Visitor,RamiNoodle733,true,🌐 Location,"Sugar Land, TX, US",,,,,,,2026-01-13T04:50:29.693000+00:00,👀 Site Visit,rich,0,,,false,,,,false,,,,,,,,,2026-01-13T04:50:29.951000+00:00,false,0,Animal Battle Stats,1446203750204047426
1460496176091631636,,,,,,true,,0000,0,,1446203750204047426,,0,Animal Battle Stats,,1446204139909550150,,,2026-01-13T04:50:23.087Z,,4491519,0,,true,Visitor,RamiNoodle733,true,🌐 Location,"Sugar Land, TX, US",,,,,,,2026-01-13T04:50:22.767000+00:00,👀 Site Visit,rich,0,,,false,,,,false,,,,,,,,,2026-01-13T04:50:23.087000+00:00,false,0,Animal Battle Stats,1446203750204047426
1460496117820297451,,,,,,true,,0000,0,,1446203750204047426,,0,Animal Battle Stats,,1446204139909550150,,,2026-01-13T04:50:09.194Z,,4491519,0,,true,Visitor,RamiNoodle733,true,🌐 Location,"Sugar Land, TX, US",,,,,,,2026-01-13T04:50:08.949000+00:00,👀 Site Visit,rich,0,,,false,,,,false,,,,,,,,,2026-01-13T04:50:09.194000+00:00,false,0,Animal Battle Stats,1446203750204047426
1460495731923095562,,,,,,true,,0000,0,,1446203750204047426,,0,Animal Battle Stats,,1446204139909550150,,,2026-01-13T04:48:37.189Z,,4491519,0,,true,Visitor,RamiNoodle733,true,🌐 Location,"Sugar Land, TX, US",,,,,,,2026-01-13T04:48:36.918000+00:00,👀 Site Visit,rich,0,,,false,,,,false,,,,,,,,,2026-01-13T04:48:37.189000+00:00,false,0,Animal Battle Stats,1446203750204047426
1460495608493117557,,,,,,true,,0000,0,,1446203750204047426,,0,Animal Battle Stats,,1446204139909550150,,,2026-01-13T04:48:07.761Z,,4491519,0,,true,Visitor,RamiNoodle733,true,🌐 Location,"Sugar Land, TX, US",,,,,,,2026-01-13T04:48:07.565000+00:00,👀 Site Visit,rich,0,,,false,,,,false,,,,,,,,,2026-01-13T04:48:07.761000+00:00,false,0,Animal Battle Stats,1446203750204047426
1460495593385365619,,,,,,true,,0000,0,,1446203750204047426,,0,Animal Battle Stats,,1446204139909550150,,,2026-01-13T04:48:04.159Z,,4491519,0,,true,Visitor,RamiNoodle733,true,🌐 Location,"Sugar Land, TX, US",,,,,,,2026-01-13T04:48:03.878000+00:00,👀 Site Visit,rich,0,,,false,,,,false,,,,,,,,,2026-01-13T04:48:04.159000+00:00,false,0,Animal Battle Stats,1446203750204047426
1460495540994179156,,,,,,true,,0000,0,,1446203750204047426,,0,Animal Battle Stats,,1446204139909550150,,,2026-01-13T04:47:51.668Z,,4491519,0,,true,Visitor,RamiNoodle733,true,🌐 Location,"Sugar Land, TX, US",,,,,,,2026-01-13T04:47:51.492000+00:00,👀 Site Visit,rich,0,,,false,,,,false,,,,,,,,,2026-01-13T04:47:51.668000+00:00,false,0,Animal Battle Stats,1446203750204047426
1460495540444729425,,,,,,true,,0000,0,,1446203750204047426,,0,Animal Battle Stats,,1446204139909550150,,,2026-01-13T04:47:51.537Z,,4491519,0,,true,Visitor,RamiNoodle733,true,🌐 Location,"Sugar Land, TX, US",,,,,,,2026-01-13T04:47:35.994000+00:00,👀 Site Visit,rich,0,,,false,,,,false,,,,,,,,,2026-01-13T04:47:51.537000+00:00,false,0,Animal Battle Stats,1446203750204047426
1460492986860441600,,,,,,true,,0000,0,,1446203750204047426,,0,Animal Battle Stats,,1446204139909550150,,,2026-01-13T04:37:42.715Z,,4491519,0,,true,Visitor,RamiNoodle733,true,🌐 Location,"Sugar Land, TX, US",,,,,,,2026-01-13T04:37:42.430000+00:00,👀 Site Visit,rich,0,,,false,,,,false,,,,,,,,,2026-01-13T04:37:42.715000+00:00,false,0,Animal Battle Stats,1446203750204047426
1460492979184865403,,,,,,true,,0000,0,,1446203750204047426,,0,Animal Battle Stats,,1446204139909550150,,,2026-01-13T04:37:40.885Z,,4491519,0,,true,Visitor,RamiNoodle733,true,🌐 Location,"Sugar Land, TX, US",,,,,,,2026-01-13T04:37:40.560000+00:00,👀 Site Visit,rich,0,,,false,,,,false,,,,,,,,,2026-01-13T04:37:40.885000+00:00,false,0,Animal Battle Stats,1446203750204047426
1460492906904420546,,,,,,true,,0000,0,,1446203750204047426,,0,Animal Battle Stats,,1446204139909550150,,,2026-01-13T04:37:23.652Z,,4491519,0,,true,Visitor,RamiNoodle733,true,🌐 Location,"Sugar Land, TX, US",,,,,,,2026-01-13T04:37:23.342000+00:00,👀 Site Visit,rich,0,,,false,,,,false,,,,,,,,,2026-01-13T04:37:23.652000+00:00,false,0,Animal Battle Stats,1446203750204047426
1460492868748578982,,,,,,true,,0000,0,,1446203750204047426,,0,Animal Battle Stats,,1446204139909550150,,,2026-01-13T04:37:14.555Z,,4491519,0,,true,Visitor,RamiNoodle733,true,🌐 Location,"Sugar Land, TX, US",,,,,,,2026-01-13T04:37:14.229000+00:00,👀 Site Visit,rich,0,,,false,,,,false,,,,,,,,,2026-01-13T04:37:14.555000+00:00,false,0,Animal Battle Stats,1446203750204047426
1460492849127755951,,,,,,true,,0000,0,,1446203750204047426,,0,Animal Battle Stats,,1446204139909550150,,,2026-01-13T04:37:09.877Z,,4491519,0,,true,Visitor,RamiNoodle733,true,🌐 Location,"Sugar Land, TX, US",,,,,,,2026-01-13T04:37:09.599000+00:00,👀 Site Visit,rich,0,,,false,,,,false,,,,,,,,,2026-01-13T04:37:09.877000+00:00,false,0,Animal Battle Stats,1446203750204047426
1460492764247490722,,,,,,true,,0000,0,,1446203750204047426,,0,Animal Battle Stats,,1446204139909550150,,,2026-01-13T04:36:49.640Z,,4491519,0,,true,Visitor,RamiNoodle733,true,🌐 Location,"Sugar Land, TX, US",,,,,,,2026-01-13T04:36:49.275000+00:00,👀 Site Visit,rich,0,,,false,,,,false,,,,,,,,,2026-01-13T04:36:49.640000+00:00,false,0,Animal Battle Stats,1446203750204047426
1460492691086381303,,,,,,true,,0000,0,,1446203750204047426,,0,Animal Battle Stats,,1446204139909550150,,,2026-01-13T04:36:32.197Z,,4491519,0,,true,Visitor,RamiNoodle733,true,🌐 Location,"Sugar Land, TX, US",,,,,,,2026-01-13T04:36:31.978000+00:00,👀 Site Visit,rich,0,,,false,,,,false,,,,,,,,,2026-01-13T04:36:32.197000+00:00,false,0,Animal Battle Stats,1446203750204047426
1460492592989868043,,,,,,true,,0000,0,,1446203750204047426,,0,Animal Battle Stats,,1446204139909550150,,,2026-01-13T04:36:08.809Z,,4491519,0,,true,Visitor,RamiNoodle733,true,🌐 Location,"Sugar Land, TX, US",,,,,,,2026-01-13T04:36:08.520000+00:00,👀 Site Visit,rich,0,,,false,,,,false,,,,,,,,,2026-01-13T04:36:08.809000+00:00,false,0,Animal Battle Stats,1446203750204047426
1460492457115517073,,,,,,true,,0000,0,,1446203750204047426,,0,Animal Battle Stats,,1446204139909550150,,,2026-01-13T04:35:36.414Z,,4491519,0,,true,Visitor,RamiNoodle733,true,🌐 Location,"Sugar Land, TX, US",,,,,,,2026-01-13T04:35:36.086000+00:00,👀 Site Visit,rich,0,,,false,,,,false,,,,,,,,,2026-01-13T04:35:36.414000+00:00,false,0,Animal Battle Stats,1446203750204047426
1460492456180318302,,,,,,true,,0000,0,,1446203750204047426,,0,Animal Battle Stats,,1446204139909550150,,,2026-01-13T04:35:36.191Z,,4491519,0,,true,Visitor,RamiNoodle733,true,🌐 Location,"Sugar Land, TX, US",,,,,,,2026-01-13T04:35:23.976000+00:00,👀 Site Visit,rich,0,,,false,,,,false,,,,,,,,,2026-01-13T04:35:36.191000+00:00,false,0,Animal Battle Stats,1446203750204047426
1460464222503698570,,,,,,true,,0000,0,,1446203750204047426,,0,Animal Battle Stats,,1446204139909550150,,,2026-01-13T02:43:24.758Z,,16739072,0,,false,Matchup,Hippopotamus vs Saltwater Crocodile,true,User,Anonymous,true,🌐 Location,"Sugar Land, TX, US",,,,2026-01-13T02:43:24.420000+00:00,⚔️ Battle Comparison,rich,0,,,false,,,,false,,,,,,,,,2026-01-13T02:43:24.758000+00:00,false,0,Animal Battle Stats,1446203750204047426
1460451846509563955,,,,,,true,,0000,0,,1446203750204047426,,0,Animal Battle Stats,,1446204139909550150,,,2026-01-13T01:54:14.091Z,,16739072,0,,false,Matchup,Peregrine Falcon vs Giraffe,true,User,Anonymous,true,🌐 Location,"Hackensack, NJ, US",,,,2026-01-13T01:54:13.704000+00:00,⚔️ Battle Comparison,rich,0,,,false,,,,false,,,,,,,,,2026-01-13T01:54:14.091000+00:00,false,0,Animal Battle Stats,1446203750204047426
1460451726422442074,,,,,,true,,0000,0,,1446203750204047426,,0,Animal Battle Stats,,1446204139909550150,,,2026-01-13T01:53:45.460Z,,16739072,0,,false,Matchup,Clouded Leopard vs Python,true,User,Anonymous,true,🌐 Location,"Hackensack, NJ, US",,,,2026-01-13T01:53:45.153000+00:00,⚔️ Battle Comparison,rich,0,,,false,,,,false,,,,,,,,,2026-01-13T01:53:45.460000+00:00,false,0,Animal Battle Stats,1446203750204047426
1460451621107404942,,,,,,true,,0000,0,,1446203750204047426,,0,Animal Battle Stats,,1446204139909550150,,,2026-01-13T01:53:20.351Z,,16739072,0,,false,Matchup,Great Horned Owl vs Green Anaconda,true,User,Anonymous,true,🌐 Location,"Hackensack, NJ, US",,,,2026-01-13T01:53:20.031000+00:00,⚔️ Battle Comparison,rich,0,,,false,,,,false,,,,,,,,,2026-01-13T01:53:20.351000+00:00,false,0,Animal Battle Stats,1446203750204047426
1460451598227738747,,,,,,true,,0000,0,,1446203750204047426,,0,Animal Battle Stats,,1446204139909550150,,,2026-01-13T01:53:14.896Z,,16739072,0,,false,Matchup,Great Horned Owl vs Green Anaconda,true,User,Anonymous,true,🌐 Location,"Hackensack, NJ, US",,,,2026-01-13T01:53:14.597000+00:00,⚔️ Battle Comparison,rich,0,,,false,,,,false,,,,,,,,,2026-01-13T01:53:14.896000+00:00,false,0,Animal Battle Stats,1446203750204047426
1460451579814477947,,,,,,true,,0000,0,,1446203750204047426,,0,Animal Battle Stats,,1446204139909550150,,,2026-01-13T01:53:10.506Z,,16739072,0,,false,Matchup,Great Horned Owl vs Green Anaconda,true,User,Anonymous,true,🌐 Location,"Hackensack, NJ, US",,,,2026-01-13T01:53:10.223000+00:00,⚔️ Battle Comparison,rich,0,,,false,,,,false,,,,,,,,,2026-01-13T01:53:10.506000+00:00,false,0,Animal Battle Stats,1446203750204047426
1460450977722273852,,,,,,true,,0000,0,,1446203750204047426,,0,Animal Battle Stats,,1446204139909550150,,,2026-01-13T01:50:46.956Z,,16739072,0,,false,Matchup,Green Anaconda vs Boa Constrictor,true,User,Anonymous,true,🌐 Location,"Hackensack, NJ, US",,,,2026-01-13T01:50:46.524000+00:00,⚔️ Battle Comparison,rich,0,,,false,,,,false,,,,,,,,,2026-01-13T01:50:46.956000+00:00,false,0,Animal Battle Stats,1446203750204047426
1460450753322946724,,,,,,true,,0000,0,,1446203750204047426,,0,Animal Battle Stats,,1446204139909550150,,,2026-01-13T01:49:53.455Z,,16739072,0,,false,Matchup,Jaguar vs Alpaca,true,User,Anonymous,true,🌐 Location,"Hackensack, NJ, US",,,,2026-01-13T01:49:53.175000+00:00,⚔️ Battle Comparison,rich,0,,,false,,,,false,,,,,,,,,2026-01-13T01:49:53.455000+00:00,false,0,Animal Battle Stats,1446203750204047426
1460450489794826377,,,,,,true,,0000,0,,1446203750204047426,,0,Animal Battle Stats,,1446204139909550150,,,2026-01-13T01:48:50.625Z,,16739072,0,,false,Matchup,Alpaca vs Llama,true,User,Anonymous,true,🌐 Location,"Hackensack, NJ, US",,,,2026-01-13T01:48:50.297000+00:00,⚔️ Battle Comparison,rich,0,,,false,,,,false,,,,,,,,,2026-01-13T01:48:50.625000+00:00,false,0,Animal Battle Stats,1446203750204047426
1460449978152386664,,,,,,true,,0000,0,,1446203750204047426,,0,Animal Battle Stats,,1446204139909550150,,,2026-01-13T01:46:48.640Z,,16739072,0,,false,Matchup,Quokka vs Red Panda,true,User,Anonymous,true,🌐 Location,"Hackensack, NJ, US",,,,2026-01-13T01:46:48.359000+00:00,⚔️ Battle Comparison,rich,0,,,false,,,,false,,,,,,,,,2026-01-13T01:46:48.640000+00:00,false,0,Animal Battle Stats,1446203750204047426
1460449890688569366,,,,,,true,,0000,0,,1446203750204047426,,0,Animal Battle Stats,,1446204139909550150,,,2026-01-13T01:46:27.787Z,,16739072,0,,false,Matchup,Crow vs Albatross,true,User,Anonymous,true,🌐 Location,"Hackensack, NJ, US",,,,2026-01-13T01:46:27.528000+00:00,⚔️ Battle Comparison,rich,0,,,false,,,,false,,,,,,,,,2026-01-13T01:46:27.787000+00:00,false,0,Animal Battle Stats,1446203750204047426
1460449778507845856,,,,,,true,,0000,0,,1446203750204047426,,0,Animal Battle Stats,,1446204139909550150,,,2026-01-13T01:46:01.041Z,,16739072,0,,false,Matchup,Monarch Butterfly vs Wombat,true,User,Anonymous,true,🌐 Location,"Hackensack, NJ, US",,,,2026-01-13T01:46:00.735000+00:00,⚔️ Battle Comparison,rich,0,,,false,,,,false,,,,,,,,,2026-01-13T01:46:01.041000+00:00,false,0,Animal Battle Stats,1446203750204047426
1460449493685240010,,,,,,true,,0000,0,,1446203750204047426,,0,Animal Battle Stats,,1446204139909550150,,,2026-01-13T01:44:53.134Z,,16739072,0,,false,Matchup,Peregrine Falcon vs Electric Eel,true,User,Anonymous,true,🌐 Location,"Hackensack, NJ, US",,,,2026-01-13T01:44:52.799000+00:00,⚔️ Battle Comparison,rich,0,,,false,,,,false,,,,,,,,,2026-01-13T01:44:53.134000+00:00,false,0,Animal Battle Stats,1446203750204047426
1460449399284039712,,,,,,true,,0000,0,,1446203750204047426,,0,Animal Battle Stats,,1446204139909550150,,,2026-01-13T01:44:30.627Z,,16739072,0,,false,Matchup,Alligator vs Capybara,true,User,Anonymous,true,🌐 Location,"Hackensack, NJ, US",,,,2026-01-13T01:44:28.659000+00:00,⚔️ Battle Comparison,rich,0,,,false,,,,false,,,,,,,,,2026-01-13T01:44:30.627000+00:00,false,0,Animal Battle Stats,1446203750204047426
1460449396863926294,,,,,,true,,0000,0,,1446203750204047426,,0,Animal Battle Stats,,1446204139909550150,,,2026-01-13T01:44:30.050Z,,16739072,0,,false,Matchup,Alligator vs Capybara,true,User,Anonymous,true,🌐 Location,"Hackensack, NJ, US",,,,2026-01-13T01:44:29.882000+00:00,⚔️ Battle Comparison,rich,0,,,false,,,,false,,,,,,,,,2026-01-13T01:44:30.050000+00:00,false,0,Animal Battle Stats,1446203750204047426
1460449347513749755,,,,,,true,,0000,0,,1446203750204047426,,0,Animal Battle Stats,,1446204139909550150,,,2026-01-13T01:44:18.284Z,,16739072,0,,false,Matchup,Saltwater Crocodile vs Capybara,true,User,Anonymous,true,🌐 Location,"Hackensack, NJ, US",,,,2026-01-13T01:44:17.896000+00:00,⚔️ Battle Comparison,rich,0,,,false,,,,false,,,,,,,,,2026-01-13T01:44:18.284000+00:00,false,0,Animal Battle Stats,1446203750204047426
1460449275308933150,,,,,,true,,0000,0,,1446203750204047426,,0,Animal Battle Stats,,1446204139909550150,,,2026-01-13T01:44:01.069Z,,16739072,0,,false,Matchup,Kangaroo vs Capybara,true,User,Anonymous,true,🌐 Location,"Hackensack, NJ, US",,,,2026-01-13T01:44:00.766000+00:00,⚔️ Battle Comparison,rich,0,,,false,,,,false,,,,,,,,,2026-01-13T01:44:01.069000+00:00,false,0,Animal Battle Stats,1446203750204047426
1460449185026277460,,,,,,true,,0000,0,,1446203750204047426,,0,Animal Battle Stats,,1446204139909550150,,,2026-01-13T01:43:39.544Z,,16739072,0,,false,Matchup,Wombat vs Capybara,true,User,Anonymous,true,🌐 Location,"Hackensack, NJ, US",,,,2026-01-13T01:43:39.221000+00:00,⚔️ Battle Comparison,rich,0,,,false,,,,false,,,,,,,,,2026-01-13T01:43:39.544000+00:00,false,0,Animal Battle Stats,1446203750204047426
1460448917647921318,,,,,,true,,0000,0,,1446203750204047426,,0,Animal Battle Stats,,1446204139909550150,,,2026-01-13T01:42:35.796Z,,16739072,0,,false,Matchup,Monarch Butterfly vs Axolotl,true,User,Anonymous,true,🌐 Location,"Hackensack, NJ, US",,,,2026-01-13T01:42:35.490000+00:00,⚔️ Battle Comparison,rich,0,,,false,,,,false,,,,,,,,,2026-01-13T01:42:35.796000+00:00,false,0,Animal Battle Stats,1446203750204047426
1460448662177185842,,,,,,true,,0000,0,,1446203750204047426,,0,Animal Battle Stats,,1446204139909550150,,,2026-01-13T01:41:34.887Z,,16739072,0,,false,Matchup,Quokka vs Quoll,true,User,Anonymous,true,🌐 Location,"Hackensack, NJ, US",,,,2026-01-13T01:41:34.068000+00:00,⚔️ Battle Comparison,rich,0,,,false,,,,false,,,,,,,,,2026-01-13T01:41:34.887000+00:00,false,0,Animal Battle Stats,1446203750204047426
1460448374892527636,,,,,,true,,0000,0,,1446203750204047426,,0,Animal Battle Stats,,1446204139909550150,,,2026-01-13T01:40:26.393Z,,16739072,0,,false,Matchup,Rhinoceros vs Hippopotamus,true,User,Anonymous,true,🌐 Location,"Hackensack, NJ, US",,,,2026-01-13T01:40:26.086000+00:00,⚔️ Battle Comparison,rich,0,,,false,,,,false,,,,,,,,,2026-01-13T01:40:26.393000+00:00,false,0,Animal Battle Stats,1446203750204047426
1460448242117644309,,,,,,true,,0000,0,,1446203750204047426,,0,Animal Battle Stats,,1446204139909550150,,,2026-01-13T01:39:54.737Z,,16739072,0,,false,Matchup,African Elephant vs Rhinoceros,true,User,Anonymous,true,🌐 Location,"Hackensack, NJ, US",,,,2026-01-13T01:39:54.400000+00:00,⚔️ Battle Comparison,rich,0,,,false,,,,false,,,,,,,,,2026-01-13T01:39:54.737000+00:00,false,0,Animal Battle Stats,1446203750204047426
1460448115306795040,,,,,,true,,0000,0,,1446203750204047426,,0,Animal Battle Stats,,1446204139909550150,,,2026-01-13T01:39:24.503Z,,16739072,0,,false,Matchup,Platypus vs Camel,true,User,Anonymous,true,🌐 Location,"Hackensack, NJ, US",,,,2026-01-13T01:39:24.269000+00:00,⚔️ Battle Comparison,rich,0,,,false,,,,false,,,,,,,,,2026-01-13T01:39:24.503000+00:00,false,0,Animal Battle Stats,1446203750204047426
1460447880539275304,,,,,,true,,0000,0,,1446203750204047426,,0,Animal Battle Stats,,1446204139909550150,,,2026-01-13T01:38:28.530Z,,16739072,0,,false,Matchup,Saltwater Crocodile vs Gorilla,true,User,Anonymous,true,🌐 Location,"Hackensack, NJ, US",,,,2026-01-13T01:38:28.225000+00:00,⚔️ Battle Comparison,rich,0,,,false,,,,false,,,,,,,,,2026-01-13T01:38:28.530000+00:00,false,0,Animal Battle Stats,1446203750204047426
1460447687102038219,,,,,,true,,0000,0,,1446203750204047426,,0,Animal Battle Stats,,1446204139909550150,,,2026-01-13T01:37:42.411Z,,16739072,0,,false,Matchup,Goliath Birdeater vs Hummingbird,true,User,Anonymous,true,🌐 Location,"Hackensack, NJ, US",,,,2026-01-13T01:37:42.117000+00:00,⚔️ Battle Comparison,rich,0,,,false,,,,false,,,,,,,,,2026-01-13T01:37:42.411000+00:00,false,0,Animal Battle Stats,1446203750204047426
1460447392653643868,,,,,,true,,0000,0,,1446203750204047426,,0,Animal Battle Stats,,1446204139909550150,,,2026-01-13T01:36:32.209Z,,16739072,0,,false,Matchup,Swordfish vs Sailfish,true,User,Anonymous,true,🌐 Location,"Hackensack, NJ, US",,,,2026-01-13T01:36:31.906000+00:00,⚔️ Battle Comparison,rich,0,,,false,,,,false,,,,,,,,,2026-01-13T01:36:32.209000+00:00,false,0,Animal Battle Stats,1446203750204047426
1460447329650868491,,,,,,true,,0000,0,,1446203750204047426,,0,Animal Battle Stats,,1446204139909550150,,,2026-01-13T01:36:17.188Z,,16739072,0,,false,Matchup,Swordfish vs Sailfish,true,User,Anonymous,true,🌐 Location,"Hackensack, NJ, US",,,,2026-01-13T01:36:16.913000+00:00,⚔️ Battle Comparison,rich,0,,,false,,,,false,,,,,,,,,2026-01-13T01:36:17.188000+00:00,false,0,Animal Battle Stats,1446203750204047426
1460447192291475597,,,,,,true,,0000,0,,1446203750204047426,,0,Animal Battle Stats,,1446204139909550150,,,2026-01-13T01:35:44.439Z,,16739072,0,,false,Matchup,Koala vs Sloth,true,User,Anonymous,true,🌐 Location,"Hackensack, NJ, US",,,,2026-01-13T01:35:44.171000+00:00,⚔️ Battle Comparison,rich,0,,,false,,,,false,,,,,,,,,2026-01-13T01:35:44.439000+00:00,false,0,Animal Battle Stats,1446203750204047426
1460447073034965032,,,,,,true,,0000,0,,1446203750204047426,,0,Animal Battle Stats,,1446204139909550150,,,2026-01-13T01:35:16.006Z,,16739072,0,,false,Matchup,Sloth Bear vs Spectacled Bear,true,User,Anonymous,true,🌐 Location,"Hackensack, NJ, US",,,,2026-01-13T01:35:15.425000+00:00,⚔️ Battle Comparison,rich,0,,,false,,,,false,,,,,,,,,2026-01-13T01:35:16.006000+00:00,false,0,Animal Battle Stats,1446203750204047426
1460446978193232126,,,,,,true,,0000,0,,1446203750204047426,,0,Animal Battle Stats,,1446204139909550150,,,2026-01-13T01:34:53.394Z,,16739072,0,,false,Matchup,Grizzly Bear vs Polar Bear,true,User,Anonymous,true,🌐 Location,"Hackensack, NJ, US",,,,2026-01-13T01:34:53.129000+00:00,⚔️ Battle Comparison,rich,0,,,false,,,,false,,,,,,,,,2026-01-13T01:34:53.394000+00:00,false,0,Animal Battle Stats,1446203750204047426
1460446580476870854,,,,,,true,,0000,0,,1446203750204047426,,0,Animal Battle Stats,,1446204139909550150,,,2026-01-13T01:33:18.571Z,,16739072,0,,false,Matchup,Hercules Beetle vs Stag Beetle,true,User,Anonymous,true,🌐 Location,"Hackensack, NJ, US",,,,2026-01-13T01:33:18.277000+00:00,⚔️ Battle Comparison,rich,0,,,false,,,,false,,,,,,,,,2026-01-13T01:33:18.571000+00:00,false,0,Animal Battle Stats,1446203750204047426
1460446469734797467,,,,,,true,,0000,0,,1446203750204047426,,0,Animal Battle Stats,,1446204139909550150,,,2026-01-13T01:32:52.168Z,,16739072,0,,false,Matchup,Porcupine vs Hedgehog,true,User,Anonymous,true,🌐 Location,"Hackensack, NJ, US",,,,2026-01-13T01:32:51.881000+00:00,⚔️ Battle Comparison,rich,0,,,false,,,,false,,,,,,,,,2026-01-13T01:32:52.168000+00:00,false,0,Animal Battle Stats,1446203750204047426
1460446164133478410,,,,,,true,,0000,0,,1446203750204047426,,0,Animal Battle Stats,,1446204139909550150,,,2026-01-13T01:31:39.307Z,,16739072,0,,false,Matchup,Emperor Scorpion vs Emperor Penguin,true,User,Anonymous,true,🌐 Location,"Hackensack, NJ, US",,,,2026-01-13T01:31:38.985000+00:00,⚔️ Battle Comparison,rich,0,,,false,,,,false,,,,,,,,,2026-01-13T01:31:39.307000+00:00,false,0,Animal Battle Stats,1446203750204047426
1460445965516410912,,,,,,true,,0000,0,,1446203750204047426,,0,Animal Battle Stats,,1446204139909550150,,,2026-01-13T01:30:51.953Z,,16739072,0,,false,Matchup,Ring-tailed Lemur vs Emperor Scorpion,true,User,Anonymous,true,🌐 Location,"Hackensack, NJ, US",,,,2026-01-13T01:30:51.661000+00:00,⚔️ Battle Comparison,rich,0,,,false,,,,false,,,,,,,,,2026-01-13T01:30:51.953000+00:00,false,0,Animal Battle Stats,1446203750204047426
1460445920616513732,,,,,,true,,0000,0,,1446203750204047426,,0,Animal Battle Stats,,1446204139909550150,,,2026-01-13T01:30:41.248Z,,16739072,0,,false,Matchup,Deathstalker Scorpion vs Emperor Scorpion,true,User,Anonymous,true,🌐 Location,"Hackensack, NJ, US",,,,2026-01-13T01:30:40.969000+00:00,⚔️ Battle Comparison,rich,0,,,false,,,,false,,,,,,,,,2026-01-13T01:30:41.248000+00:00,false,0,Animal Battle Stats,1446203750204047426
1460445844217004149,,,,,,true,,0000,0,,1446203750204047426,,0,Animal Battle Stats,,1446204139909550150,,,2026-01-13T01:30:23.033Z,,16739072,0,,false,Matchup,Emperor Scorpion vs Emu,true,User,Anonymous,true,🌐 Location,"Hackensack, NJ, US",,,,2026-01-13T01:30:22.224000+00:00,⚔️ Battle Comparison,rich,0,,,false,,,,false,,,,,,,,,2026-01-13T01:30:23.033000+00:00,false,0,Animal Battle Stats,1446203750204047426
1460445806686376109,,,,,,true,,0000,0,,1446203750204047426,,0,Animal Battle Stats,,1446204139909550150,,,2026-01-13T01:30:14.085Z,,16739072,0,,false,Matchup,Cassowary vs Emu,true,User,Anonymous,true,🌐 Location,"Hackensack, NJ, US",,,,2026-01-13T01:30:13.812000+00:00,⚔️ Battle Comparison,rich,0,,,false,,,,false,,,,,,,,,2026-01-13T01:30:14.085000+00:00,false,0,Animal Battle Stats,1446203750204047426
1460445686221901869,,,,,,true,,0000,0,,1446203750204047426,,0,Animal Battle Stats,,1446204139909550150,,,2026-01-13T01:29:45.364Z,,4491519,0,,true,Visitor,Anonymous,true,🌐 Location,"Hackensack, NJ, US",,,,,,,2026-01-13T01:29:45.131000+00:00,👀 Site Visit,rich,0,,,false,,,,false,,,,,,,,,2026-01-13T01:29:45.364000+00:00,false,0,Animal Battle Stats,1446203750204047426
1460445685441626350,,,,,,true,,0000,0,,1446203750204047426,,0,Animal Battle Stats,,1446204139909550150,,,2026-01-13T01:29:45.178Z,,4491519,0,,true,Visitor,Anonymous,true,🌐 Location,"Hackensack, NJ, US",,,,,,,2026-01-13T01:29:14.746000+00:00,👀 Site Visit,rich,0,,,false,,,,false,,,,,,,,,2026-01-13T01:29:45.178000+00:00,false,0,Animal Battle Stats,1446203750204047426
1460444393403187210,,,,,,true,,0000,0,,1446203750204047426,,0,Animal Battle Stats,,1446204139909550150,,,2026-01-13T01:24:37.132Z,,16739072,0,,false,Matchup,Kangaroo vs Badger,true,User,Anonymous,true,🌐 Location,"Hackensack, NJ, US",,,,2026-01-13T01:24:36.884000+00:00,⚔️ Battle Comparison,rich,0,,,false,,,,false,,,,,,,,,2026-01-13T01:24:37.132000+00:00,false,0,Animal Battle Stats,1446203750204047426
1460444190981750919,,,,,,true,,0000,0,,1446203750204047426,,0,Animal Battle Stats,,1446204139909550150,,,2026-01-13T01:23:48.871Z,,16739072,0,,false,Matchup,Galapagos Tortoise vs Dragonfly,true,User,Anonymous,true,🌐 Location,"Hackensack, NJ, US",,,,2026-01-13T01:23:48.565000+00:00,⚔️ Battle Comparison,rich,0,,,false,,,,false,,,,,,,,,2026-01-13T01:23:48.871000+00:00,false,0,Animal Battle Stats,1446203750204047426
1460444029476143137,,,,,,true,,0000,0,,1446203750204047426,,0,Animal Battle Stats,,1446204139909550150,,,2026-01-13T01:23:10.365Z,,16739072,0,,false,Matchup,Great Horned Owl vs Golden Eagle,true,User,Anonymous,true,🌐 Location,"Hackensack, NJ, US",,,,2026-01-13T01:23:10.149000+00:00,⚔️ Battle Comparison,rich,0,,,false,,,,false,,,,,,,,,2026-01-13T01:23:10.365000+00:00,false,0,Animal Battle Stats,1446203750204047426
1460443901386166457,,,,,,true,,0000,0,,1446203750204047426,,0,Animal Battle Stats,,1446204139909550150,,,2026-01-13T01:22:39.826Z,,16739072,0,,false,Matchup,Blue Whale vs Rattlesnake,true,User,Anonymous,true,🌐 Location,"Hackensack, NJ, US",,,,2026-01-13T01:22:39.509000+00:00,⚔️ Battle Comparison,rich,0,,,false,,,,false,,,,,,,,,2026-01-13T01:22:39.826000+00:00,false,0,Animal Battle Stats,1446203750204047426
1460443853885669539,,,,,,true,,0000,0,,1446203750204047426,,0,Animal Battle Stats,,1446204139909550150,,,2026-01-13T01:22:28.501Z,,16739072,0,,false,Matchup,Coyote vs Dingo,true,User,Anonymous,true,🌐 Location,"Hackensack, NJ, US",,,,2026-01-13T01:22:28.089000+00:00,⚔️ Battle Comparison,rich,0,,,false,,,,false,,,,,,,,,2026-01-13T01:22:28.501000+00:00,false,0,Animal Battle Stats,1446203750204047426
1460443699640008756,,,,,,true,,0000,0,,1446203750204047426,,0,Animal Battle Stats,,1446204139909550150,,,2026-01-13T01:21:51.726Z,,16739072,0,,false,Matchup,Cape Buffalo vs Tiger Shark,true,User,Anonymous,true,🌐 Location,"Hackensack, NJ, US",,,,2026-01-13T01:21:51.305000+00:00,⚔️ Battle Comparison,rich,0,,,false,,,,false,,,,,,,,,2026-01-13T01:21:51.726000+00:00,false,0,Animal Battle Stats,1446203750204047426
1460443698478190896,,,,,,true,,0000,0,,1446203750204047426,,0,Animal Battle Stats,,1446204139909550150,,,2026-01-13T01:21:51.449Z,,16739072,0,,false,Matchup,Cape Buffalo vs Tiger Shark,true,User,Anonymous,true,🌐 Location,"Hackensack, NJ, US",,,,2026-01-13T01:21:51.058000+00:00,⚔️ Battle Comparison,rich,0,,,false,,,,false,,,,,,,,,2026-01-13T01:21:51.449000+00:00,false,0,Animal Battle Stats,1446203750204047426
1460420252469956805,,,,,,true,,0000,0,,1446203750204047426,,0,Animal Battle Stats,,1446204139909550150,,,2026-01-12T23:48:41.485Z,,16739072,0,,false,Matchup,African Elephant vs Hippopotamus,true,User,Anonymous,true,🌐 Location,"Hackensack, NJ, US",,,,2026-01-12T23:48:41.051000+00:00,⚔️ Battle Comparison,rich,0,,,false,,,,false,,,,,,,,,2026-01-12T23:48:41.485000+00:00,false,0,Animal Battle Stats,1446203750204047426
1460413901828264191,,,,,,true,,0000,0,,1446203750204047426,,0,Animal Battle Stats,,1446204139909550150,,,2026-01-12T23:23:27.374Z,,16739072,0,,false,Matchup,Wolverine vs Komodo Dragon,true,User,Anonymous,true,🌐 Location,"Wyckoff, NJ, US",,,,2026-01-12T23:23:27.076000+00:00,⚔️ Battle Comparison,rich,0,,,false,,,,false,,,,,,,,,2026-01-12T23:23:27.374000+00:00,false,0,Animal Battle Stats,1446203750204047426
1460413772450496593,,,,,,true,,0000,0,,1446203750204047426,,0,Animal Battle Stats,,1446204139909550150,,,2026-01-12T23:22:56.528Z,,16739072,0,,false,Matchup,Manta Ray vs Komodo Dragon,true,User,Anonymous,true,🌐 Location,"Wyckoff, NJ, US",,,,2026-01-12T23:22:56.087000+00:00,⚔️ Battle Comparison,rich,0,,,false,,,,false,,,,,,,,,2026-01-12T23:22:56.528000+00:00,false,0,Animal Battle Stats,1446203750204047426
1460413708516724786,,,,,,true,,0000,0,,1446203750204047426,,0,Animal Battle Stats,,1446204139909550150,,,2026-01-12T23:22:41.285Z,,16739072,0,,false,Matchup,Walrus vs Komodo Dragon,true,User,Anonymous,true,🌐 Location,"Wyckoff, NJ, US",,,,2026-01-12T23:22:40.903000+00:00,⚔️ Battle Comparison,rich,0,,,false,,,,false,,,,,,,,,2026-01-12T23:22:41.285000+00:00,false,0,Animal Battle Stats,1446203750204047426
1460413436851654788,,,,,,true,,0000,0,,1446203750204047426,,0,Animal Battle Stats,,1446204139909550150,,,2026-01-12T23:21:36.515Z,,16739072,0,,false,Matchup,Boa Constrictor vs Komodo Dragon,true,User,Anonymous,true,🌐 Location,"Wyckoff, NJ, US",,,,2026-01-12T23:21:36.194000+00:00,⚔️ Battle Comparison,rich,0,,,false,,,,false,,,,,,,,,2026-01-12T23:21:36.515000+00:00,false,0,Animal Battle Stats,1446203750204047426
1460413163764715826,,,,,,true,,0000,0,,1446203750204047426,,0,Animal Battle Stats,,1446204139909550150,,,2026-01-12T23:20:31.406Z,,16739072,0,,false,Matchup,Boa Constrictor vs Condor,true,User,Anonymous,true,🌐 Location,"Wyckoff, NJ, US",,,,2026-01-12T23:20:31.087000+00:00,⚔️ Battle Comparison,rich,0,,,false,,,,false,,,,,,,,,2026-01-12T23:20:31.406000+00:00,false,0,Animal Battle Stats,1446203750204047426
1460413015060119686,,,,,,true,,0000,0,,1446203750204047426,,0,Animal Battle Stats,,1446204139909550150,,,2026-01-12T23:19:55.952Z,,16739072,0,,false,Matchup,Boa Constrictor vs Sun Bear,true,User,Anonymous,true,🌐 Location,"Wyckoff, NJ, US",,,,2026-01-12T23:19:55.661000+00:00,⚔️ Battle Comparison,rich,0,,,false,,,,false,,,,,,,,,2026-01-12T23:19:55.952000+00:00,false,0,Animal Battle Stats,1446203750204047426
1460412962362888364,,,,,,true,,0000,0,,1446203750204047426,,0,Animal Battle Stats,,1446204139909550150,,,2026-01-12T23:19:43.388Z,,16739072,0,,false,Matchup,Boa Constrictor vs Moose,true,User,Anonymous,true,🌐 Location,"Wyckoff, NJ, US",,,,2026-01-12T23:19:42.970000+00:00,⚔️ Battle Comparison,rich,0,,,false,,,,false,,,,,,,,,2026-01-12T23:19:43.388000+00:00,false,0,Animal Battle Stats,1446203750204047426
1460412887079321783,,,,,,true,,0000,0,,1446203750204047426,,0,Animal Battle Stats,,1446204139909550150,,,2026-01-12T23:19:25.439Z,,16739072,0,,false,Matchup,Black Panther vs Moose,true,User,Anonymous,true,🌐 Location,"Wyckoff, NJ, US",,,,2026-01-12T23:19:25.176000+00:00,⚔️ Battle Comparison,rich,0,,,false,,,,false,,,,,,,,,2026-01-12T23:19:25.439000+00:00,false,0,Animal Battle Stats,1446203750204047426
1460411877132734597,,,,,,true,,0000,0,,1446203750204047426,,0,Animal Battle Stats,,1446204139909550150,,,2026-01-12T23:15:24.649Z,,4491519,0,,true,Visitor,Anonymous,true,🌐 Location,"Wyckoff, NJ, US",,,,,,,2026-01-12T23:15:24.381000+00:00,👀 Site Visit,rich,0,,,false,,,,false,,,,,,,,,2026-01-12T23:15:24.649000+00:00,false,0,Animal Battle Stats,1446203750204047426
1460411874968473631,,,,,,true,,0000,0,,1446203750204047426,,0,Animal Battle Stats,,1446204139909550150,,,2026-01-12T23:15:24.133Z,,6710886,0,,true,User,Anonymous,true,🌐 Location,"Wyckoff, NJ, US",,,,,,,2026-01-12T23:14:57.903000+00:00,👋 User Left Site,rich,0,,,false,,,,false,,,,,,,,,2026-01-12T23:15:24.133000+00:00,false,0,Animal Battle Stats,1446203750204047426
1460411317889532089,,,,,,true,,0000,0,,1446203750204047426,,0,Animal Battle Stats,,1446204139909550150,,,2026-01-12T23:13:11.315Z,,16739072,0,,false,Matchup,Komodo Dragon vs Giant Squid,true,User,Anonymous,true,🌐 Location,"Wyckoff, NJ, US",,,,2026-01-12T23:13:11.001000+00:00,⚔️ Battle Comparison,rich,0,,,false,,,,false,,,,,,,,,2026-01-12T23:13:11.315000+00:00,false,0,Animal Battle Stats,1446203750204047426
1460411252567179507,,,,,,true,,0000,0,,1446203750204047426,,0,Animal Battle Stats,,1446204139909550150,,,2026-01-12T23:12:55.741Z,,16739072,0,,false,Matchup,Komodo Dragon vs Giant Squid,true,User,Anonymous,true,🌐 Location,"Wyckoff, NJ, US",,,,2026-01-12T23:12:55.397000+00:00,⚔️ Battle Comparison,rich,0,,,false,,,,false,,,,,,,,,2026-01-12T23:12:55.741000+00:00,false,0,Animal Battle Stats,1446203750204047426
1460410972710895769,,,,,,true,,0000,0,,1446203750204047426,,0,Animal Battle Stats,,1446204139909550150,,,2026-01-12T23:11:49.018Z,,16739072,0,,false,Matchup,Tarantula Hawk vs Giant Squid,true,User,Anonymous,true,🌐 Location,"Wyckoff, NJ, US",,,,2026-01-12T23:11:48.729000+00:00,⚔️ Battle Comparison,rich,0,,,false,,,,false,,,,,,,,,2026-01-12T23:11:49.018000+00:00,false,0,Animal Battle Stats,1446203750204047426
1460410723485093933,,,,,,true,,0000,0,,1446203750204047426,,0,Animal Battle Stats,,1446204139909550150,,,2026-01-12T23:10:49.598Z,,16739072,0,,false,Matchup,Tarantula Hawk vs Colossal Squid,true,User,Anonymous,true,🌐 Location,"Wyckoff, NJ, US",,,,2026-01-12T23:10:49.272000+00:00,⚔️ Battle Comparison,rich,0,,,false,,,,false,,,,,,,,,2026-01-12T23:10:49.598000+00:00,false,0,Animal Battle Stats,1446203750204047426
1460409579123769356,,,,,,true,,0000,0,,1446203750204047426,,0,Animal Battle Stats,,1446204139909550150,,,2026-01-12T23:06:16.761Z,,16739072,0,,false,Matchup,Electric Eel vs Komodo Dragon,true,User,Anonymous,true,🌐 Location,"Wyckoff, NJ, US",,,,2026-01-12T23:06:16.420000+00:00,⚔️ Battle Comparison,rich,0,,,false,,,,false,,,,,,,,,2026-01-12T23:06:16.761000+00:00,false,0,Animal Battle Stats,1446203750204047426
1460409312139542639,,,,,,true,,0000,0,,1446203750204047426,,0,Animal Battle Stats,,1446204139909550150,,,2026-01-12T23:05:13.107Z,,16739072,0,,false,Matchup,Bald Eagle vs Condor,true,User,Anonymous,true,🌐 Location,"Wyckoff, NJ, US",,,,2026-01-12T23:05:12.709000+00:00,⚔️ Battle Comparison,rich,0,,,false,,,,false,,,,,,,,,2026-01-12T23:05:13.107000+00:00,false,0,Animal Battle Stats,1446203750204047426
1460409002323218634,,,,,,true,,0000,0,,1446203750204047426,,0,Animal Battle Stats,,1446204139909550150,,,2026-01-12T23:03:59.241Z,,16739072,0,,false,Matchup,Musk Ox vs Moose,true,User,Anonymous,true,🌐 Location,"Wyckoff, NJ, US",,,,2026-01-12T23:03:58.949000+00:00,⚔️ Battle Comparison,rich,0,,,false,,,,false,,,,,,,,,2026-01-12T23:03:59.241000+00:00,false,0,Animal Battle Stats,1446203750204047426
1460408952465653902,,,,,,true,,0000,0,,1446203750204047426,,0,Animal Battle Stats,,1446204139909550150,,,2026-01-12T23:03:47.354Z,,16739072,0,,false,Matchup,Musk Ox vs Moose,true,User,Anonymous,true,🌐 Location,"Wyckoff, NJ, US",,,,2026-01-12T23:03:47.084000+00:00,⚔️ Battle Comparison,rich,0,,,false,,,,false,,,,,,,,,2026-01-12T23:03:47.354000+00:00,false,0,Animal Battle Stats,1446203750204047426
1460408784630579383,,,,,,true,,0000,0,,1446203750204047426,,0,Animal Battle Stats,,1446204139909550150,,,2026-01-12T23:03:07.339Z,,16739072,0,,false,Matchup,Tiger Shark vs Clouded Leopard,true,User,Anonymous,true,🌐 Location,"Wyckoff, NJ, US",,,,2026-01-12T23:03:06.992000+00:00,⚔️ Battle Comparison,rich,0,,,false,,,,false,,,,,,,,,2026-01-12T23:03:07.339000+00:00,false,0,Animal Battle Stats,1446203750204047426
1460408277572784331,,,,,,true,,0000,0,,1446203750204047426,,0,Animal Battle Stats,,1446204139909550150,,,2026-01-12T23:01:06.447Z,,16739072,0,,false,Matchup,Megalodon vs Orca,true,User,Anonymous,true,🌐 Location,"Wyckoff, NJ, US",,,,2026-01-12T23:01:06.055000+00:00,⚔️ Battle Comparison,rich,0,,,false,,,,false,,,,,,,,,2026-01-12T23:01:06.447000+00:00,false,0,Animal Battle Stats,1446203750204047426
1460408109791969565,,,,,,true,,0000,0,,1446203750204047426,,0,Animal Battle Stats,,1446204139909550150,,,2026-01-12T23:00:26.445Z,,16739072,0,,false,Matchup,Gorilla vs Black Panther,true,User,Anonymous,true,🌐 Location,"Wyckoff, NJ, US",,,,2026-01-12T23:00:26.209000+00:00,⚔️ Battle Comparison,rich,0,,,false,,,,false,,,,,,,,,2026-01-12T23:00:26.445000+00:00,false,0,Animal Battle Stats,1446203750204047426
1460407999628705833,,,,,,true,,0000,0,,1446203750204047426,,0,Animal Battle Stats,,1446204139909550150,,,2026-01-12T23:00:00.180Z,,16739072,0,,false,Matchup,Black Panther vs Camel,true,User,Anonymous,true,🌐 Location,"Wyckoff, NJ, US",,,,2026-01-12T22:59:59.873000+00:00,⚔️ Battle Comparison,rich,0,,,false,,,,false,,,,,,,,,2026-01-12T23:00:00.180000+00:00,false,0,Animal Battle Stats,1446203750204047426
1460407825183281338,,,,,,true,,0000,0,,1446203750204047426,,0,Animal Battle Stats,,1446204139909550150,,,2026-01-12T22:59:18.589Z,,16739072,0,,false,Matchup,Siberian Tiger vs Grizzly Bear,true,User,Anonymous,true,🌐 Location,"Wyckoff, NJ, US",,,,2026-01-12T22:59:18.259000+00:00,⚔️ Battle Comparison,rich,0,,,false,,,,false,,,,,,,,,2026-01-12T22:59:18.589000+00:00,false,0,Animal Battle Stats,1446203750204047426
1460407594194567374,,,,,,true,,0000,0,,1446203750204047426,,0,Animal Battle Stats,,1446204139909550150,,,2026-01-12T22:58:23.517Z,,16739072,0,,false,Matchup,Megalodon vs Hippopotamus,true,User,Anonymous,true,🌐 Location,"Wyckoff, NJ, US",,,,2026-01-12T22:58:23.293000+00:00,⚔️ Battle Comparison,rich,0,,,false,,,,false,,,,,,,,,2026-01-12T22:58:23.517000+00:00,false,0,Animal Battle Stats,1446203750204047426
1460406555563397160,,,,,,true,,0000,0,,1446203750204047426,,0,Animal Battle Stats,,1446204139909550150,,,2026-01-12T22:54:15.888Z,,16739072,0,,false,Matchup,Mantis Shrimp vs Goliath Birdeater,true,User,Anonymous,true,🌐 Location,"Hackensack, NJ, US",,,,2026-01-12T22:54:15.556000+00:00,⚔️ Battle Comparison,rich,0,,,false,,,,false,,,,,,,,,2026-01-12T22:54:15.888000+00:00,false,0,Animal Battle Stats,1446203750204047426
1460406521191075912,,,,,,true,,0000,0,,1446203750204047426,,0,Animal Battle Stats,,1446204139909550150,,,2026-01-12T22:54:07.693Z,,16739072,0,,false,Matchup,Goliath Birdeater vs Mantis Shrimp,true,User,Anonymous,true,🌐 Location,"Hackensack, NJ, US",,,,2026-01-12T22:54:07.353000+00:00,⚔️ Battle Comparison,rich,0,,,false,,,,false,,,,,,,,,2026-01-12T22:54:07.693000+00:00,false,0,Animal Battle Stats,1446203750204047426
1460406490299891713,,,,,,true,,0000,0,,1446203750204047426,,0,Animal Battle Stats,,1446204139909550150,,,2026-01-12T22:54:00.328Z,,16739072,0,,false,Matchup,Mantis Shrimp vs Goliath Birdeater,true,User,Anonymous,true,🌐 Location,"Hackensack, NJ, US",,,,2026-01-12T22:53:59.976000+00:00,⚔️ Battle Comparison,rich,0,,,false,,,,false,,,,,,,,,2026-01-12T22:54:00.328000+00:00,false,0,Animal Battle Stats,1446203750204047426
1460403498540859426,,,,,,true,,0000,0,,1446203750204047426,,0,Animal Battle Stats,,1446204139909550150,,,2026-01-12T22:42:07.037Z,,16739072,0,,false,Matchup,Green Anaconda vs King Cobra,true,User,Anonymous,true,🌐 Location,"Hackensack, NJ, US",,,,2026-01-12T22:42:06.830000+00:00,⚔️ Battle Comparison,rich,0,,,false,,,,false,,,,,,,,,2026-01-12T22:42:07.037000+00:00,false,0,Animal Battle Stats,1446203750204047426
1460403299030401187,,,,,,true,,0000,0,,1446203750204047426,,0,Animal Battle Stats,,1446204139909550150,,,2026-01-12T22:41:19.470Z,,16739072,0,,false,Matchup,Golden Eagle vs Hyena,true,User,Anonymous,true,🌐 Location,"Hackensack, NJ, US",,,,2026-01-12T22:41:19.164000+00:00,⚔️ Battle Comparison,rich,0,,,false,,,,false,,,,,,,,,2026-01-12T22:41:19.470000+00:00,false,0,Animal Battle Stats,1446203750204047426
1460402306385318063,,,,,,true,,0000,0,,1446203750204047426,,0,Animal Battle Stats,,1446204139909550150,,,2026-01-12T22:37:22.805Z,,16739072,0,,false,Matchup,Goliath Birdeater vs Raccoon,true,User,Anonymous,true,🌐 Location,"Hackensack, NJ, US",,,,2026-01-12T22:37:22.462000+00:00,⚔️ Battle Comparison,rich,0,,,false,,,,false,,,,,,,,,2026-01-12T22:37:22.805000+00:00,false,0,Animal Battle Stats,1446203750204047426
1460402220582567992,,,,,,true,,0000,0,,1446203750204047426,,0,Animal Battle Stats,,1446204139909550150,,,2026-01-12T22:37:02.348Z,,16739072,0,,false,Matchup,Emperor Penguin vs Stag Beetle,true,User,Anonymous,true,🌐 Location,"Hackensack, NJ, US",,,,2026-01-12T22:37:02.054000+00:00,⚔️ Battle Comparison,rich,0,,,false,,,,false,,,,,,,,,2026-01-12T22:37:02.348000+00:00,false,0,Animal Battle Stats,1446203750204047426
1460401771691118695,,,,,,true,,0000,0,,1446203750204047426,,0,Animal Battle Stats,,1446204139909550150,,,2026-01-12T22:35:15.324Z,,16739072,0,,false,Matchup,Chimpanzee vs Barn Owl,true,User,Anonymous,true,🌐 Location,"Hackensack, NJ, US",,,,2026-01-12T22:35:15.077000+00:00,⚔️ Battle Comparison,rich,0,,,false,,,,false,,,,,,,,,2026-01-12T22:35:15.324000+00:00,false,0,Animal Battle Stats,1446203750204047426
1460401613348012096,,,,,,true,,0000,0,,1446203750204047426,,0,Animal Battle Stats,,1446204139909550150,,,2026-01-12T22:34:37.572Z,,16739072,0,,false,Matchup,Gibbon vs Wild Boar,true,User,Anonymous,true,🌐 Location,"Hackensack, NJ, US",,,,2026-01-12T22:34:37.316000+00:00,⚔️ Battle Comparison,rich,0,,,false,,,,false,,,,,,,,,2026-01-12T22:34:37.572000+00:00,false,0,Animal Battle Stats,1446203750204047426
1460401579273228463,,,,,,true,,0000,0,,1446203750204047426,,0,Animal Battle Stats,,1446204139909550150,,,2026-01-12T22:34:29.448Z,,16739072,0,,false,Matchup,Box Jellyfish vs Wild Boar,true,User,Anonymous,true,🌐 Location,"Hackensack, NJ, US",,,,2026-01-12T22:34:29.159000+00:00,⚔️ Battle Comparison,rich,0,,,false,,,,false,,,,,,,,,2026-01-12T22:34:29.448000+00:00,false,0,Animal Battle Stats,1446203750204047426
1460401541390536746,,,,,,true,,0000,0,,1446203750204047426,,0,Animal Battle Stats,,1446204139909550150,,,2026-01-12T22:34:20.416Z,,16739072,0,,false,Matchup,Box Jellyfish vs Bongo,true,User,Anonymous,true,🌐 Location,"Hackensack, NJ, US",,,,2026-01-12T22:34:19.972000+00:00,⚔️ Battle Comparison,rich,0,,,false,,,,false,,,,,,,,,2026-01-12T22:34:20.416000+00:00,false,0,Animal Battle Stats,1446203750204047426
1460401462197878947,,,,,,true,,0000,0,,1446203750204047426,,0,Animal Battle Stats,,1446204139909550150,,,2026-01-12T22:34:01.535Z,,16739072,0,,false,Matchup,Orca vs Gorilla,true,User,Anonymous,true,🌐 Location,"Hackensack, NJ, US",,,,2026-01-12T22:34:01.046000+00:00,⚔️ Battle Comparison,rich,0,,,false,,,,false,,,,,,,,,2026-01-12T22:34:01.535000+00:00,false,0,Animal Battle Stats,1446203750204047426
1460394819494084628,,,,,,true,,0000,0,,1446203750204047426,,0,Animal Battle Stats,,1446204139909550150,,,2026-01-12T22:07:37.791Z,,16739072,0,,false,Matchup,Mantis Shrimp vs Goliath Birdeater,true,User,Anonymous,true,🌐 Location,"Hackensack, NJ, US",,,,2026-01-12T22:07:37.428000+00:00,⚔️ Battle Comparison,rich,0,,,false,,,,false,,,,,,,,,2026-01-12T22:07:37.791000+00:00,false,0,Animal Battle Stats,1446203750204047426
1460394791048052776,,,,,,true,,0000,0,,1446203750204047426,,0,Animal Battle Stats,,1446204139909550150,,,2026-01-12T22:07:31.009Z,,16739072,0,,false,Matchup,Mantis Shrimp vs Mantis Shrimp,true,User,Anonymous,true,🌐 Location,"Hackensack, NJ, US",,,,2026-01-12T22:07:30.656000+00:00,⚔️ Battle Comparison,rich,0,,,false,,,,false,,,,,,,,,2026-01-12T22:07:31.009000+00:00,false,0,Animal Battle Stats,1446203750204047426
1460394718759227402,,,,,,true,,0000,0,,1446203750204047426,,0,Animal Battle Stats,,1446204139909550150,,,2026-01-12T22:07:13.774Z,,16739072,0,,false,Matchup,Mantis Shrimp vs Bullet Ant,true,User,Anonymous,true,🌐 Location,"Hackensack, NJ, US",,,,2026-01-12T22:07:13.438000+00:00,⚔️ Battle Comparison,rich,0,,,false,,,,false,,,,,,,,,2026-01-12T22:07:13.774000+00:00,false,0,Animal Battle Stats,1446203750204047426
1460391815407468717,,,,,,true,,0000,0,,1446203750204047426,,0,Animal Battle Stats,,1446204139909550150,,,2026-01-12T21:55:41.561Z,,16739072,0,,false,Matchup,Peregrine Falcon vs Giant Squid,true,User,Anonymous,true,🌐 Location,"Hackensack, NJ, US",,,,2026-01-12T21:55:41.250000+00:00,⚔️ Battle Comparison,rich,0,,,false,,,,false,,,,,,,,,2026-01-12T21:55:41.561000+00:00,false,0,Animal Battle Stats,1446203750204047426
1460391458786775111,,,,,,true,,0000,0,,1446203750204047426,,0,Animal Battle Stats,,1446204139909550150,,,2026-01-12T21:54:16.536Z,,16739072,0,,false,Matchup,Bullet Ant vs Army Ant,true,User,Anonymous,true,🌐 Location,"Hackensack, NJ, US",,,,2026-01-12T21:54:16.202000+00:00,⚔️ Battle Comparison,rich,0,,,false,,,,false,,,,,,,,,2026-01-12T21:54:16.536000+00:00,false,0,Animal Battle Stats,1446203750204047426
1460391357838262486,,,,,,true,,0000,0,,1446203750204047426,,0,Animal Battle Stats,,1446204139909550150,,,2026-01-12T21:53:52.468Z,,16739072,0,,false,Matchup,Monarch Butterfly vs Dragonfly,true,User,Anonymous,true,🌐 Location,"Hackensack, NJ, US",,,,2026-01-12T21:53:52.208000+00:00,⚔️ Battle Comparison,rich,0,,,false,,,,false,,,,,,,,,2026-01-12T21:53:52.468000+00:00,false,0,Animal Battle Stats,1446203750204047426
1460391324225372304,,,,,,true,,0000,0,,1446203750204047426,,0,Animal Battle Stats,,1446204139909550150,,,2026-01-12T21:53:44.454Z,,16739072,0,,false,Matchup,Monarch Butterfly vs Hercules Beetle,true,User,Anonymous,true,🌐 Location,"Hackensack, NJ, US",,,,2026-01-12T21:53:44.133000+00:00,⚔️ Battle Comparison,rich,0,,,false,,,,false,,,,,,,,,2026-01-12T21:53:44.454000+00:00,false,0,Animal Battle Stats,1446203750204047426
1460391295439868151,,,,,,true,,0000,0,,1446203750204047426,,0,Animal Battle Stats,,1446204139909550150,,,2026-01-12T21:53:37.591Z,,16739072,0,,false,Matchup,Monarch Butterfly vs Hippopotamus,true,User,Anonymous,true,🌐 Location,"Hackensack, NJ, US",,,,2026-01-12T21:53:37.191000+00:00,⚔️ Battle Comparison,rich,0,,,false,,,,false,,,,,,,,,2026-01-12T21:53:37.591000+00:00,false,0,Animal Battle Stats,1446203750204047426
1460391193547505790,,,,,,true,,0000,0,,1446203750204047426,,0,Animal Battle Stats,,1446204139909550150,,,2026-01-12T21:53:13.298Z,,16739072,0,,false,Matchup,Orca vs Hippopotamus,true,User,Anonymous,true,🌐 Location,"Hackensack, NJ, US",,,,2026-01-12T21:53:13.008000+00:00,⚔️ Battle Comparison,rich,0,,,false,,,,false,,,,,,,,,2026-01-12T21:53:13.298000+00:00,false,0,Animal Battle Stats,1446203750204047426
1460391166066561026,,,,,,true,,0000,0,,1446203750204047426,,0,Animal Battle Stats,,1446204139909550150,,,2026-01-12T21:53:06.746Z,,16739072,0,,false,Matchup,Orca vs Polar Bear,true,User,Anonymous,true,🌐 Location,"Hackensack, NJ, US",,,,2026-01-12T21:53:06.493000+00:00,⚔️ Battle Comparison,rich,0,,,false,,,,false,,,,,,,,,2026-01-12T21:53:06.746000+00:00,false,0,Animal Battle Stats,1446203750204047426
1460390960214053046,,,,,,true,,0000,0,,1446203750204047426,,0,Animal Battle Stats,,1446204139909550150,,,2026-01-12T21:52:17.667Z,,16739072,0,,false,Matchup,King Crab vs Kiwi,true,User,Anonymous,true,🌐 Location,"Hackensack, NJ, US",,,,2026-01-12T21:52:17.381000+00:00,⚔️ Battle Comparison,rich,0,,,false,,,,false,,,,,,,,,2026-01-12T21:52:17.667000+00:00,false,0,Animal Battle Stats,1446203750204047426
1460390879226368228,,,,,,true,,0000,0,,1446203750204047426,,0,Animal Battle Stats,,1446204139909550150,,,2026-01-12T21:51:58.358Z,,16739072,0,,false,Matchup,King Crab vs Kiwi,true,User,Anonymous,true,🌐 Location,"Hackensack, NJ, US",,,,2026-01-12T21:51:58.028000+00:00,⚔️ Battle Comparison,rich,0,,,false,,,,false,,,,,,,,,2026-01-12T21:51:58.358000+00:00,false,0,Animal Battle Stats,1446203750204047426
1460390611441160204,,,,,,true,,0000,0,,1446203750204047426,,0,Animal Battle Stats,,1446204139909550150,,,2026-01-12T21:50:54.513Z,,16739072,0,,false,Matchup,Kookaburra vs Kiwi,true,User,Anonymous,true,🌐 Location,"Hackensack, NJ, US",,,,2026-01-12T21:50:54.264000+00:00,⚔️ Battle Comparison,rich,0,,,false,,,,false,,,,,,,,,2026-01-12T21:50:54.513000+00:00,false,0,Animal Battle Stats,1446203750204047426
1460390486115094571,,,,,,true,,0000,0,,1446203750204047426,,0,Animal Battle Stats,,1446204139909550150,,,2026-01-12T21:50:24.633Z,,16739072,0,,false,Matchup,Polar Bear vs Koala,true,User,Anonymous,true,🌐 Location,"Hackensack, NJ, US",,,,2026-01-12T21:50:24.362000+00:00,⚔️ Battle Comparison,rich,0,,,false,,,,false,,,,,,,,,2026-01-12T21:50:24.633000+00:00,false,0,Animal Battle Stats,1446203750204047426
1460390418687725712,,,,,,true,,0000,0,,1446203750204047426,,0,Animal Battle Stats,,1446204139909550150,,,2026-01-12T21:50:08.557Z,,16739072,0,,false,Matchup,Koala vs Polar Bear,true,User,Anonymous,true,🌐 Location,"Hackensack, NJ, US",,,,2026-01-12T21:50:08.291000+00:00,⚔️ Battle Comparison,rich,0,,,false,,,,false,,,,,,,,,2026-01-12T21:50:08.557000+00:00,false,0,Animal Battle Stats,1446203750204047426
1460390367475007654,,,,,,true,,0000,0,,1446203750204047426,,0,Animal Battle Stats,,1446204139909550150,,,2026-01-12T21:49:56.347Z,,16739072,0,,false,Matchup,Polar Bear vs Koala,true,User,Anonymous,true,🌐 Location,"Hackensack, NJ, US",,,,2026-01-12T21:49:56.054000+00:00,⚔️ Battle Comparison,rich,0,,,false,,,,false,,,,,,,,,2026-01-12T21:49:56.347000+00:00,false,0,Animal Battle Stats,1446203750204047426
1460390093788283064,,,,,,true,,0000,0,,1446203750204047426,,0,Animal Battle Stats,,1446204139909550150,,,2026-01-12T21:48:51.095Z,,16739072,0,,false,Matchup,Red-Eyed Tree Frog vs Bottlenose Dolphin,true,User,Anonymous,true,🌐 Location,"Hackensack, NJ, US",,,,2026-01-12T21:48:50.713000+00:00,⚔️ Battle Comparison,rich,0,,,false,,,,false,,,,,,,,,2026-01-12T21:48:51.095000+00:00,false,0,Animal Battle Stats,1446203750204047426
1460390077250404393,,,,,,true,,0000,0,,1446203750204047426,,0,Animal Battle Stats,,1446204139909550150,,,2026-01-12T21:48:47.152Z,,16739072,0,,false,Matchup,Red-Eyed Tree Frog vs Bottlenose Dolphin,true,User,Anonymous,true,🌐 Location,"Hackensack, NJ, US",,,,2026-01-12T21:48:46.878000+00:00,⚔️ Battle Comparison,rich,0,,,false,,,,false,,,,,,,,,2026-01-12T21:48:47.152000+00:00,false,0,Animal Battle Stats,1446203750204047426
1460390049911799931,,,,,,true,,0000,0,,1446203750204047426,,0,Animal Battle Stats,,1446204139909550150,,,2026-01-12T21:48:40.634Z,,16739072,0,,false,Matchup,Red-Eyed Tree Frog vs Bottlenose Dolphin,true,User,Anonymous,true,🌐 Location,"Hackensack, NJ, US",,,,2026-01-12T21:48:40.362000+00:00,⚔️ Battle Comparison,rich,0,,,false,,,,false,,,,,,,,,2026-01-12T21:48:40.634000+00:00,false,0,Animal Battle Stats,1446203750204047426
1460389887977984238,,,,,,true,,0000,0,,1446203750204047426,,0,Animal Battle Stats,,1446204139909550150,,,2026-01-12T21:48:02.026Z,,16739072,0,,false,Matchup,Gaboon Viper vs Arctic Fox,true,User,Anonymous,true,🌐 Location,"Hackensack, NJ, US",,,,2026-01-12T21:48:01.400000+00:00,⚔️ Battle Comparison,rich,0,,,false,,,,false,,,,,,,,,2026-01-12T21:48:02.026000+00:00,false,0,Animal Battle Stats,1446203750204047426
1460389784252977402,,,,,,true,,0000,0,,1446203750204047426,,0,Animal Battle Stats,,1446204139909550150,,,2026-01-12T21:47:37.296Z,,16739072,0,,false,Matchup,Arctic Wolf vs Arctic Fox,true,User,Anonymous,true,🌐 Location,"Hackensack, NJ, US",,,,2026-01-12T21:47:37.055000+00:00,⚔️ Battle Comparison,rich,0,,,false,,,,false,,,,,,,,,2026-01-12T21:47:37.296000+00:00,false,0,Animal Battle Stats,1446203750204047426
1460389615050424390,,,,,,true,,0000,0,,1446203750204047426,,0,Animal Battle Stats,,1446204139909550150,,,2026-01-12T21:46:56.955Z,,16739072,0,,false,Matchup,Reticulated Python vs Python,true,User,Anonymous,true,🌐 Location,"Hackensack, NJ, US",,,,2026-01-12T21:46:56.676000+00:00,⚔️ Battle Comparison,rich,0,,,false,,,,false,,,,,,,,,2026-01-12T21:46:56.955000+00:00,false,0,Animal Battle Stats,1446203750204047426
1460389556322042092,,,,,,true,,0000,0,,1446203750204047426,,0,Animal Battle Stats,,1446204139909550150,,,2026-01-12T21:46:42.953Z,,16739072,0,,false,Matchup,Reticulated Python vs Python,true,User,Anonymous,true,🌐 Location,"Hackensack, NJ, US",,,,2026-01-12T21:46:42.137000+00:00,⚔️ Battle Comparison,rich,0,,,false,,,,false,,,,,,,,,2026-01-12T21:46:42.953000+00:00,false,0,Animal Battle Stats,1446203750204047426
1460389404739768444,,,,,,true,,0000,0,,1446203750204047426,,0,Animal Battle Stats,,1446204139909550150,,,2026-01-12T21:46:06.813Z,,16739072,0,,false,Matchup,Sun Bear vs Python,true,User,Anonymous,true,🌐 Location,"Hackensack, NJ, US",,,,2026-01-12T21:46:06.510000+00:00,⚔️ Battle Comparison,rich,0,,,false,,,,false,,,,,,,,,2026-01-12T21:46:06.813000+00:00,false,0,Animal Battle Stats,1446203750204047426
1460389062413390030,,,,,,true,,0000,0,,1446203750204047426,,0,Animal Battle Stats,,1446204139909550150,,,2026-01-12T21:44:45.196Z,,16739072,0,,false,Matchup,Cape Buffalo vs Beaver,true,User,Anonymous,true,🌐 Location,"Hackensack, NJ, US",,,,2026-01-12T21:44:44.782000+00:00,⚔️ Battle Comparison,rich,0,,,false,,,,false,,,,,,,,,2026-01-12T21:44:45.196000+00:00,false,0,Animal Battle Stats,1446203750204047426
1460388948072337575,,,,,,true,,0000,0,,1446203750204047426,,0,Animal Battle Stats,,1446204139909550150,,,2026-01-12T21:44:17.935Z,,16739072,0,,false,Matchup,Quokka vs Capybara,true,User,Anonymous,true,🌐 Location,"Hackensack, NJ, US",,,,2026-01-12T21:44:17.625000+00:00,⚔️ Battle Comparison,rich,0,,,false,,,,false,,,,,,,,,2026-01-12T21:44:17.935000+00:00,false,0,Animal Battle Stats,1446203750204047426
1460388450023768114,,,,,,true,,0000,0,,1446203750204047426,,0,Animal Battle Stats,,1446204139909550150,,,2026-01-12T21:42:19.191Z,,16739072,0,,false,Matchup,Alligator vs Wild Boar,true,User,Anonymous,true,🌐 Location,"Hackensack, NJ, US",,,,2026-01-12T21:42:18.825000+00:00,⚔️ Battle Comparison,rich,0,,,false,,,,false,,,,,,,,,2026-01-12T21:42:19.191000+00:00,false,0,Animal Battle Stats,1446203750204047426
1460380248762744833,,,,,,true,,0000,0,,1446203750204047426,,0,Animal Battle Stats,,1446204139909550150,,,2026-01-12T21:09:43.858Z,,16739072,0,,false,Matchup,Saltwater Crocodile vs Komodo Dragon,true,User,Anonymous,true,🌐 Location,"Hackensack, NJ, US",,,,2026-01-12T21:09:43.427000+00:00,⚔️ Battle Comparison,rich,0,,,false,,,,false,,,,,,,,,2026-01-12T21:09:43.858000+00:00,false,0,Animal Battle Stats,1446203750204047426
1460380245189198036,,,,,,true,,0000,0,,1446203750204047426,,0,Animal Battle Stats,,1446204139909550150,,,2026-01-12T21:09:43.006Z,,16739072,0,,false,Matchup,Saltwater Crocodile vs Komodo Dragon,true,User,Anonymous,true,🌐 Location,"Hackensack, NJ, US",,,,2026-01-12T21:09:42.552000+00:00,⚔️ Battle Comparison,rich,0,,,false,,,,false,,,,,,,,,2026-01-12T21:09:43.006000+00:00,false,0,Animal Battle Stats,1446203750204047426
1460375392039997587,,,,,,true,,0000,0,,1446203750204047426,,0,Animal Battle Stats,,1446204139909550150,,,2026-01-12T20:50:25.925Z,,16739072,0,,false,Matchup,Barracuda vs Saltwater Crocodile,true,User,Anonymous,true,🌐 Location,"Wyckoff, NJ, US",,,,2026-01-12T20:50:25.563000+00:00,⚔️ Battle Comparison,rich,0,,,false,,,,false,,,,,,,,,2026-01-12T20:50:25.925000+00:00,false,0,Animal Battle Stats,1446203750204047426
1460375338034008078,,,,,,true,,0000,0,,1446203750204047426,,0,Animal Battle Stats,,1446204139909550150,,,2026-01-12T20:50:13.049Z,,16739072,0,,false,Matchup,Barracuda vs Saltwater Crocodile,true,User,Anonymous,true,🌐 Location,"Wyckoff, NJ, US",,,,2026-01-12T20:50:12.749000+00:00,⚔️ Battle Comparison,rich,0,,,false,,,,false,,,,,,,,,2026-01-12T20:50:13.049000+00:00,false,0,Animal Battle Stats,1446203750204047426
1460375277753471187,,,,,,true,,0000,0,,1446203750204047426,,0,Animal Battle Stats,,1446204139909550150,,,2026-01-12T20:49:58.677Z,,16739072,0,,false,Matchup,Hammerhead Shark vs Saltwater Crocodile,true,User,Anonymous,true,🌐 Location,"Wyckoff, NJ, US",,,,2026-01-12T20:49:58.129000+00:00,⚔️ Battle Comparison,rich,0,,,false,,,,false,,,,,,,,,2026-01-12T20:49:58.677000+00:00,false,0,Animal Battle Stats,1446203750204047426
1460374256507551887,,,,,,true,,0000,0,,1446203750204047426,,0,Animal Battle Stats,,1446204139909550150,,,2026-01-12T20:45:55.193Z,,16739072,0,,false,Matchup,Hammerhead Shark vs Saltwater Crocodile,true,User,Anonymous,true,🌐 Location,"Wyckoff, NJ, US",,,,2026-01-12T20:45:54.833000+00:00,⚔️ Battle Comparison,rich,0,,,false,,,,false,,,,,,,,,2026-01-12T20:45:55.193000+00:00,false,0,Animal Battle Stats,1446203750204047426
1460374256276869122,,,,,,true,,0000,0,,1446203750204047426,,0,Animal Battle Stats,,1446204139909550150,,,2026-01-12T20:45:55.138Z,,16739072,0,,false,Matchup,Hammerhead Shark vs Saltwater Crocodile,true,User,Anonymous,true,🌐 Location,"Wyckoff, NJ, US",,,,2026-01-12T20:45:54.878000+00:00,⚔️ Battle Comparison,rich,0,,,false,,,,false,,,,,,,,,2026-01-12T20:45:55.138000+00:00,false,0,Animal Battle Stats,1446203750204047426
1460374230960050207,,,,,,true,,0000,0,,1446203750204047426,,0,Animal Battle Stats,,1446204139909550150,,,2026-01-12T20:45:49.102Z,,16739072,0,,false,Matchup,Hammerhead Shark vs Saltwater Crocodile,true,User,Anonymous,true,🌐 Location,"Wyckoff, NJ, US",,,,2026-01-12T20:45:48.772000+00:00,⚔️ Battle Comparison,rich,0,,,false,,,,false,,,,,,,,,2026-01-12T20:45:49.102000+00:00,false,0,Animal Battle Stats,1446203750204047426
1460374126874198036,,,,,,true,,0000,0,,1446203750204047426,,0,Animal Battle Stats,,1446204139909550150,,,2026-01-12T20:45:24.286Z,,16739072,0,,false,Matchup,Jaguar vs Saltwater Crocodile,true,User,Anonymous,true,🌐 Location,"Wyckoff, NJ, US",,,,2026-01-12T20:45:24.011000+00:00,⚔️ Battle Comparison,rich,0,,,false,,,,false,,,,,,,,,2026-01-12T20:45:24.286000+00:00,false,0,Animal Battle Stats,1446203750204047426
1460373726389338157,,,,,,true,,0000,0,,1446203750204047426,,0,Animal Battle Stats,,1446204139909550150,,,2026-01-12T20:43:48.803Z,,16739072,0,,false,Matchup,Jaguar vs Saltwater Crocodile,true,User,Anonymous,true,🌐 Location,"Wyckoff, NJ, US",,,,2026-01-12T20:43:47.935000+00:00,⚔️ Battle Comparison,rich,0,,,false,,,,false,,,,,,,,,2026-01-12T20:43:48.803000+00:00,false,0,Animal Battle Stats,1446203750204047426
1460373445748461668,,,,,,true,,0000,0,,1446203750204047426,,0,Animal Battle Stats,,1446204139909550150,,,2026-01-12T20:42:41.893Z,,16739072,0,,false,Matchup,African Lion vs Saltwater Crocodile,true,User,Anonymous,true,🌐 Location,"Wyckoff, NJ, US",,,,2026-01-12T20:42:41.566000+00:00,⚔️ Battle Comparison,rich,0,,,false,,,,false,,,,,,,,,2026-01-12T20:42:41.893000+00:00,false,0,Animal Battle Stats,1446203750204047426
1460373265443721414,,,,,,true,,0000,0,,1446203750204047426,,0,Animal Battle Stats,,1446204139909550150,,,2026-01-12T20:41:58.905Z,,16739072,0,,false,Matchup,Great White Shark vs Saltwater Crocodile,true,User,Anonymous,true,🌐 Location,"Wyckoff, NJ, US",,,,2026-01-12T20:41:58.559000+00:00,⚔️ Battle Comparison,rich,0,,,false,,,,false,,,,,,,,,2026-01-12T20:41:58.905000+00:00,false,0,Animal Battle Stats,1446203750204047426
1460373119251382282,,,,,,true,,0000,0,,1446203750204047426,,0,Animal Battle Stats,,1446204139909550150,,,2026-01-12T20:41:24.050Z,,16739072,0,,false,Matchup,Tiger Shark vs Saltwater Crocodile,true,User,Anonymous,true,🌐 Location,"Wyckoff, NJ, US",,,,2026-01-12T20:41:23.738000+00:00,⚔️ Battle Comparison,rich,0,,,false,,,,false,,,,,,,,,2026-01-12T20:41:24.050000+00:00,false,0,Animal Battle Stats,1446203750204047426
1460372972039835841,,,,,,true,,0000,0,,1446203750204047426,,0,Animal Battle Stats,,1446204139909550150,,,2026-01-12T20:40:48.952Z,,16739072,0,,false,Matchup,Cape Buffalo vs Saltwater Crocodile,true,User,Anonymous,true,🌐 Location,"Wyckoff, NJ, US",,,,2026-01-12T20:40:48.623000+00:00,⚔️ Battle Comparison,rich,0,,,false,,,,false,,,,,,,,,2026-01-12T20:40:48.952000+00:00,false,0,Animal Battle Stats,1446203750204047426
1460372827877150975,,,,,,true,,0000,0,,1446203750204047426,,0,Animal Battle Stats,,1446204139909550150,,,2026-01-12T20:40:14.581Z,,16739072,0,,false,Matchup,Alligator vs Saltwater Crocodile,true,User,Anonymous,true,🌐 Location,"Wyckoff, NJ, US",,,,2026-01-12T20:40:14.217000+00:00,⚔️ Battle Comparison,rich,0,,,false,,,,false,,,,,,,,,2026-01-12T20:40:14.581000+00:00,false,0,Animal Battle Stats,1446203750204047426
1460372611706917025,,,,,,true,,0000,0,,1446203750204047426,,0,Animal Battle Stats,,1446204139909550150,,,2026-01-12T20:39:23.042Z,,16739072,0,,false,Matchup,Alligator vs Grizzly Bear,true,User,Anonymous,true,🌐 Location,"Wyckoff, NJ, US",,,,2026-01-12T20:39:22.614000+00:00,⚔️ Battle Comparison,rich,0,,,false,,,,false,,,,,,,,,2026-01-12T20:39:23.042000+00:00,false,0,Animal Battle Stats,1446203750204047426
1460372460988923936,,,,,,true,,0000,0,,1446203750204047426,,0,Animal Battle Stats,,1446204139909550150,,,2026-01-12T20:38:47.108Z,,16739072,0,,false,Matchup,Siberian Tiger vs Grizzly Bear,true,User,Anonymous,true,🌐 Location,"Wyckoff, NJ, US",,,,2026-01-12T20:38:46.783000+00:00,⚔️ Battle Comparison,rich,0,,,false,,,,false,,,,,,,,,2026-01-12T20:38:47.108000+00:00,false,0,Animal Battle Stats,1446203750204047426
1460372304729997519,,,,,,true,,0000,0,,1446203750204047426,,0,Animal Battle Stats,,1446204139909550150,,,2026-01-12T20:38:09.853Z,,16739072,0,,false,Matchup,Siberian Tiger vs Black Panther,true,User,Anonymous,true,🌐 Location,"Wyckoff, NJ, US",,,,2026-01-12T20:38:09.590000+00:00,⚔️ Battle Comparison,rich,0,,,false,,,,false,,,,,,,,,2026-01-12T20:38:09.853000+00:00,false,0,Animal Battle Stats,1446203750204047426
1460372159326060615,,,,,,true,,0000,0,,1446203750204047426,,0,Animal Battle Stats,,1446204139909550150,,,2026-01-12T20:37:35.186Z,,16739072,0,,false,Matchup,Cheetah vs Black Panther,true,User,Anonymous,true,🌐 Location,"Wyckoff, NJ, US",,,,2026-01-12T20:37:34.811000+00:00,⚔️ Battle Comparison,rich,0,,,false,,,,false,,,,,,,,,2026-01-12T20:37:35.186000+00:00,false,0,Animal Battle Stats,1446203750204047426
1460371861417230511,,,,,,true,,0000,0,,1446203750204047426,,0,Animal Battle Stats,,1446204139909550150,,,2026-01-12T20:36:24.159Z,,16739072,0,,false,Matchup,Black Rhinoceros vs Rhinoceros,true,User,Anonymous,true,🌐 Location,"Wyckoff, NJ, US",,,,2026-01-12T20:36:23.910000+00:00,⚔️ Battle Comparison,rich,0,,,false,,,,false,,,,,,,,,2026-01-12T20:36:24.159000+00:00,false,0,Animal Battle Stats,1446203750204047426
1460371619229728811,,,,,,true,,0000,0,,1446203750204047426,,0,Animal Battle Stats,,1446204139909550150,,,2026-01-12T20:35:26.417Z,,16739072,0,,false,Matchup,Orca vs Grizzly Bear,true,User,Anonymous,true,🌐 Location,"Wyckoff, NJ, US",,,,2026-01-12T20:35:26.182000+00:00,⚔️ Battle Comparison,rich,0,,,false,,,,false,,,,,,,,,2026-01-12T20:35:26.417000+00:00,false,0,Animal Battle Stats,1446203750204047426
1460371427411886213,,,,,,true,,0000,0,,1446203750204047426,,0,Animal Battle Stats,,1446204139909550150,,,2026-01-12T20:34:40.684Z,,16739072,0,,false,Matchup,African Elephant vs Grizzly Bear,true,User,Anonymous,true,🌐 Location,"Wyckoff, NJ, US",,,,2026-01-12T20:34:40.288000+00:00,⚔️ Battle Comparison,rich,0,,,false,,,,false,,,,,,,,,2026-01-12T20:34:40.684000+00:00,false,0,Animal Battle Stats,1446203750204047426
1460371207156142203,,,,,,true,,0000,0,,1446203750204047426,,0,Animal Battle Stats,,1446204139909550150,,,2026-01-12T20:33:48.171Z,,16739072,0,,false,Matchup,Polar Bear vs Black Bear,true,User,Anonymous,true,🌐 Location,"Wyckoff, NJ, US",,,,2026-01-12T20:33:47.679000+00:00,⚔️ Battle Comparison,rich,0,,,false,,,,false,,,,,,,,,2026-01-12T20:33:48.171000+00:00,false,0,Animal Battle Stats,1446203750204047426
1460370888812658720,,,,,,true,,0000,0,,1446203750204047426,,0,Animal Battle Stats,,1446204139909550150,,,2026-01-12T20:32:32.272Z,,16739072,0,,false,Matchup,Cheetah vs Tiger Shark,true,User,Anonymous,true,🌐 Location,"Wyckoff, NJ, US",,,,2026-01-12T20:32:31.885000+00:00,⚔️ Battle Comparison,rich,0,,,false,,,,false,,,,,,,,,2026-01-12T20:32:32.272000+00:00,false,0,Animal Battle Stats,1446203750204047426
1460346394635141367,,,,,,true,,0000,0,,1446203750204047426,,0,Animal Battle Stats,,1446204139909550150,,,2026-01-12T18:55:12.405Z,,16724838,0,,true,User,RamiNoodle733,true,Animal,Hummingbird,true,Vote,👎 Downvote,true,🌐 Location,"Sugar Land, TX, US",2026-01-12T18:55:12.122000+00:00,👎 New Vote,rich,0,,,false,,,,false,,,,,,,,,2026-01-12T18:55:12.405000+00:00,false,0,Animal Battle Stats,1446203750204047426
1460346374565658665,,,,,,true,,0000,0,,1446203750204047426,,0,Animal Battle Stats,,1446204139909550150,,,2026-01-12T18:55:07.620Z,,65416,0,,true,User,RamiNoodle733,true,Animal,Monarch Butterfly,true,Vote,👍 Upvote,true,🌐 Location,"Sugar Land, TX, US",2026-01-12T18:55:07.351000+00:00,👍 New Vote,rich,0,,,false,,,,false,,,,,,,,,2026-01-12T18:55:07.620000+00:00,false,0,Animal Battle Stats,1446203750204047426
1460346338133671978,,,,,,true,,0000,0,,1446203750204047426,,0,Animal Battle Stats,,1446204139909550150,,,2026-01-12T18:54:58.934Z,,65416,0,,true,User,RamiNoodle733,true,Animal,Sloth,true,Vote,👍 Upvote,true,🌐 Location,"Sugar Land, TX, US",2026-01-12T18:54:58.649000+00:00,👍 New Vote,rich,0,,,false,,,,false,,,,,,,,,2026-01-12T18:54:58.934000+00:00,false,0,Animal Battle Stats,1446203750204047426
1460346308391993697,,,,,,true,,0000,0,,1446203750204047426,,0,Animal Battle Stats,,1446204139909550150,,,2026-01-12T18:54:51.843Z,,16724838,0,,true,User,RamiNoodle733,true,Animal,Praying Mantis,true,Vote,👎 Downvote,true,🌐 Location,"Sugar Land, TX, US",2026-01-12T18:54:51.561000+00:00,👎 New Vote,rich,0,,,false,,,,false,,,,,,,,,2026-01-12T18:54:51.843000+00:00,false,0,Animal Battle Stats,1446203750204047426
1460346147796291698,,,,,,true,,0000,0,,1446203750204047426,,0,Animal Battle Stats,,1446204139909550150,,,2026-01-12T18:54:13.554Z,,65416,0,,true,User,RamiNoodle733,true,Animal,Megalodon,true,Vote,👍 Upvote,true,🌐 Location,"Sugar Land, TX, US",2026-01-12T18:54:13.303000+00:00,👍 New Vote,rich,0,,,false,,,,false,,,,,,,,,2026-01-12T18:54:13.554000+00:00,false,0,Animal Battle Stats,1446203750204047426
1460346137729826890,,,,,,true,,0000,0,,1446203750204047426,,0,Animal Battle Stats,,1446204139909550150,,,2026-01-12T18:54:11.154Z,,65416,0,,true,User,RamiNoodle733,true,Animal,Megalodon,true,Vote,👍 Upvote,true,🌐 Location,"Sugar Land, TX, US",2026-01-12T18:54:10.813000+00:00,👍 New Vote,rich,0,,,false,,,,false,,,,,,,,,2026-01-12T18:54:11.154000+00:00,false,0,Animal Battle Stats,1446203750204047426
1460345949460365586,,,,,,true,,0000,0,,1446203750204047426,,0,Animal Battle Stats,,1446204139909550150,,,2026-01-12T18:53:26.267Z,,6710886,0,,true,User,RamiNoodle733,true,🌐 Location,"Sugar Land, TX, US",,,,,,,2026-01-12T18:53:25.333000+00:00,👋 User Left Site,rich,0,,,false,,,,false,,,,,,,,,2026-01-12T18:53:26.267000+00:00,false,0,Animal Battle Stats,1446203750204047426
1460345679300788239,,,,,,true,,0000,0,,1446203750204047426,,0,Animal Battle Stats,,1446204139909550150,,,2026-01-12T18:52:21.856Z,,65416,0,,true,User,RamiNoodle733,true,Animal,Kangaroo,true,Vote,👍 Upvote,true,🌐 Location,"Sugar Land, TX, US",2026-01-12T18:52:21.472000+00:00,👍 New Vote,rich,0,,,false,,,,false,,,,,,,,,2026-01-12T18:52:21.856000+00:00,false,0,Animal Battle Stats,1446203750204047426
1460345648745287741,,,,,,true,,0000,0,,1446203750204047426,,0,Animal Battle Stats,,1446204139909550150,,,2026-01-12T18:52:14.571Z,,65416,0,,true,User,RamiNoodle733,true,Animal,Cougar,true,Vote,👍 Upvote,true,🌐 Location,"Sugar Land, TX, US",2026-01-12T18:52:14.197000+00:00,👍 New Vote,rich,0,,,false,,,,false,,,,,,,,,2026-01-12T18:52:14.571000+00:00,false,0,Animal Battle Stats,1446203750204047426
1460345630424826127,,,,,,true,,0000,0,,1446203750204047426,,0,Animal Battle Stats,,1446204139909550150,,,2026-01-12T18:52:10.203Z,,65416,0,,true,User,RamiNoodle733,true,Animal,African Lion,true,Vote,👍 Upvote,true,🌐 Location,"Sugar Land, TX, US",2026-01-12T18:52:09.858000+00:00,👍 New Vote,rich,0,,,false,,,,false,,,,,,,,,2026-01-12T18:52:10.203000+00:00,false,0,Animal Battle Stats,1446203750204047426
1460345596685848629,,,,,,true,,0000,0,,1446203750204047426,,0,Animal Battle Stats,,1446204139909550150,,,2026-01-12T18:52:02.159Z,,65416,0,,true,User,RamiNoodle733,true,Animal,Hippopotamus,true,Vote,👍 Upvote,true,🌐 Location,"Sugar Land, TX, US",2026-01-12T18:52:01.929000+00:00,👍 New Vote,rich,0,,,false,,,,false,,,,,,,,,2026-01-12T18:52:02.159000+00:00,false,0,Animal Battle Stats,1446203750204047426
1460345563105988618,,,,,,true,,0000,0,,1446203750204047426,,0,Animal Battle Stats,,1446204139909550150,,,2026-01-12T18:51:54.153Z,,65416,0,,true,User,RamiNoodle733,true,Animal,Hippopotamus,true,Vote,👍 Upvote,true,🌐 Location,"Sugar Land, TX, US",2026-01-12T18:51:53.783000+00:00,👍 New Vote,rich,0,,,false,,,,false,,,,,,,,,2026-01-12T18:51:54.153000+00:00,false,0,Animal Battle Stats,1446203750204047426
1460345541354323978,,,,,,true,,0000,0,,1446203750204047426,,0,Animal Battle Stats,,1446204139909550150,,,2026-01-12T18:51:48.967Z,,65416,0,,true,User,RamiNoodle733,true,Animal,Hippopotamus,true,Vote,👍 Upvote,true,🌐 Location,"Sugar Land, TX, US",2026-01-12T18:51:48.661000+00:00,👍 New Vote,rich,0,,,false,,,,false,,,,,,,,,2026-01-12T18:51:48.967000+00:00,false,0,Animal Battle Stats,1446203750204047426
1460345527660183617,,,,,,true,,0000,0,,1446203750204047426,,0,Animal Battle Stats,,1446204139909550150,,,2026-01-12T18:51:45.702Z,,65416,0,,true,User,RamiNoodle733,true,Animal,Hippopotamus,true,Vote,👍 Upvote,true,🌐 Location,"Sugar Land, TX, US",2026-01-12T18:51:45.473000+00:00,👍 New Vote,rich,0,,,false,,,,false,,,,,,,,,2026-01-12T18:51:45.702000+00:00,false,0,Animal Battle Stats,1446203750204047426
1460345524678033535,,,,,,true,,0000,0,,1446203750204047426,,0,Animal Battle Stats,,1446204139909550150,,,2026-01-12T18:51:44.991Z,,65416,0,,true,User,RamiNoodle733,true,Animal,Megalodon,true,Vote,👍 Upvote,true,🌐 Location,"Sugar Land, TX, US",2026-01-12T18:51:44.669000+00:00,👍 New Vote,rich,0,,,false,,,,false,,,,,,,,,2026-01-12T18:51:44.991000+00:00,false,0,Animal Battle Stats,1446203750204047426
1460345501319823470,,,,,,true,,0000,0,,1446203750204047426,,0,Animal Battle Stats,,1446204139909550150,,,2026-01-12T18:51:39.422Z,,65416,0,,true,User,RamiNoodle733,true,Animal,Great White Shark,true,Vote,👍 Upvote,true,🌐 Location,"Sugar Land, TX, US",2026-01-12T18:51:39.070000+00:00,👍 New Vote,rich,0,,,false,,,,false,,,,,,,,,2026-01-12T18:51:39.422000+00:00,false,0,Animal Battle Stats,1446203750204047426
1460345350412828794,,,,,,true,,0000,0,,1446203750204047426,,0,Animal Battle Stats,,1446204139909550150,,,2026-01-12T18:51:03.443Z,,65416,0,,true,User,RamiNoodle733,true,Animal,Moray Eel,true,Vote,👍 Upvote,true,🌐 Location,"Sugar Land, TX, US",2026-01-12T18:51:03.110000+00:00,👍 New Vote,rich,0,,,false,,,,false,,,,,,,,,2026-01-12T18:51:03.443000+00:00,false,0,Animal Battle Stats,1446203750204047426
1460345252396142776,,,,,,true,,0000,0,,1446203750204047426,,0,Animal Battle Stats,,1446204139909550150,,,2026-01-12T18:50:40.074Z,,16724838,0,,true,User,RamiNoodle733,true,Animal,Beluga Whale,true,Vote,👎 Downvote,true,🌐 Location,"Sugar Land, TX, US",2026-01-12T18:50:38.443000+00:00,👎 New Vote,rich,0,,,false,,,,false,,,,,,,,,2026-01-12T18:50:40.074000+00:00,false,0,Animal Battle Stats,1446203750204047426
1460345236751650990,,,,,,true,,0000,0,,1446203750204047426,,0,Animal Battle Stats,,1446204139909550150,,,2026-01-12T18:50:36.344Z,,65416,0,,true,User,RamiNoodle733,true,Animal,Jaguar,true,Vote,👍 Upvote,true,🌐 Location,"Sugar Land, TX, US",2026-01-12T18:50:36.007000+00:00,👍 New Vote,rich,0,,,false,,,,false,,,,,,,,,2026-01-12T18:50:36.344000+00:00,false,0,Animal Battle Stats,1446203750204047426
1460345225905180845,,,,,,true,,0000,0,,1446203750204047426,,0,Animal Battle Stats,,1446204139909550150,,,2026-01-12T18:50:33.758Z,,65416,0,,true,User,RamiNoodle733,true,Animal,Siberian Tiger,true,Vote,👍 Upvote,true,🌐 Location,"Sugar Land, TX, US",2026-01-12T18:50:33.495000+00:00,👍 New Vote,rich,0,,,false,,,,false,,,,,,,,,2026-01-12T18:50:33.758000+00:00,false,0,Animal Battle Stats,1446203750204047426
1460345190672891987,,,,,,true,,0000,0,,1446203750204047426,,0,Animal Battle Stats,,1446204139909550150,,,2026-01-12T18:50:25.358Z,,65416,0,,true,User,RamiNoodle733,true,Animal,Orca,true,Vote,👍 Upvote,true,🌐 Location,"Sugar Land, TX, US",2026-01-12T18:50:25.009000+00:00,👍 New Vote,rich,0,,,false,,,,false,,,,,,,,,2026-01-12T18:50:25.358000+00:00,false,0,Animal Battle Stats,1446203750204047426
1460342993176494182,,,,,,true,,0000,0,,1446203750204047426,,0,Animal Battle Stats,,1446204139909550150,,,2026-01-12T18:41:41.434Z,,16739072,0,,false,Matchup,Octopus vs Gibbon,true,User,RamiNoodle733,true,🌐 Location,"Sugar Land, TX, US",,,,2026-01-12T18:41:41.075000+00:00,⚔️ Battle Comparison,rich,0,,,false,,,,false,,,,,,,,,2026-01-12T18:41:41.434000+00:00,false,0,Animal Battle Stats,1446203750204047426
1460342747562250290,,,,,,true,,0000,0,,1446203750204047426,,0,Animal Battle Stats,,1446204139909550150,,,2026-01-12T18:40:42.875Z,,16739072,0,,false,Matchup,Peregrine Falcon vs Gibbon,true,User,RamiNoodle733,true,🌐 Location,"Sugar Land, TX, US",,,,2026-01-12T18:40:42.413000+00:00,⚔️ Battle Comparison,rich,0,,,false,,,,false,,,,,,,,,2026-01-12T18:40:42.875000+00:00,false,0,Animal Battle Stats,1446203750204047426
1460312253046722635,,,,,,true,,0000,0,,1446203750204047426,,0,Animal Battle Stats,,1446204139909550150,,,2026-01-12T16:39:32.416Z,,16739072,0,,false,Matchup,Cuttlefish vs Giraffe,true,User,Anonymous,true,🌐 Location,"Bayonne, NJ, US",,,,2026-01-12T16:39:32.115000+00:00,⚔️ Battle Comparison,rich,0,,,false,,,,false,,,,,,,,,2026-01-12T16:39:32.416000+00:00,false,0,Animal Battle Stats,1446203750204047426
1460311072501137501,,,,,,true,,0000,0,,1446203750204047426,,0,Animal Battle Stats,,1446204139909550150,,,2026-01-12T16:34:50.952Z,,16739072,0,,false,Matchup,Quokka vs Army Ant,true,User,Anonymous,true,🌐 Location,"Bayonne, NJ, US",,,,2026-01-12T16:34:50.554000+00:00,⚔️ Battle Comparison,rich,0,,,false,,,,false,,,,,,,,,2026-01-12T16:34:50.952000+00:00,false,0,Animal Battle Stats,1446203750204047426
1460310513916575856,,,,,,true,,0000,0,,1446203750204047426,,0,Animal Battle Stats,,1446204139909550150,,,2026-01-12T16:32:37.775Z,,16739072,0,,false,Matchup,Red-Eyed Tree Frog vs Stork,true,User,Anonymous,true,🌐 Location,"Bayonne, NJ, US",,,,2026-01-12T16:32:37.481000+00:00,⚔️ Battle Comparison,rich,0,,,false,,,,false,,,,,,,,,2026-01-12T16:32:37.775000+00:00,false,0,Animal Battle Stats,1446203750204047426
1460310370295091427,,,,,,true,,0000,0,,1446203750204047426,,0,Animal Battle Stats,,1446204139909550150,,,2026-01-12T16:32:03.533Z,,16739072,0,,false,Matchup,Grizzly Bear vs Stingray,true,User,Anonymous,true,🌐 Location,"Bayonne, NJ, US",,,,2026-01-12T16:32:03.282000+00:00,⚔️ Battle Comparison,rich,0,,,false,,,,false,,,,,,,,,2026-01-12T16:32:03.533000+00:00,false,0,Animal Battle Stats,1446203750204047426
1460310273641549995,,,,,,true,,0000,0,,1446203750204047426,,0,Animal Battle Stats,,1446204139909550150,,,2026-01-12T16:31:40.489Z,,16739072,0,,false,Matchup,Grizzly Bear vs Gray Wolf,true,User,Anonymous,true,🌐 Location,"Bayonne, NJ, US",,,,2026-01-12T16:31:40.278000+00:00,⚔️ Battle Comparison,rich,0,,,false,,,,false,,,,,,,,,2026-01-12T16:31:40.489000+00:00,false,0,Animal Battle Stats,1446203750204047426
1460310196457967797,,,,,,true,,0000,0,,1446203750204047426,,0,Animal Battle Stats,,1446204139909550150,,,2026-01-12T16:31:22.087Z,,16739072,0,,false,Matchup,Grizzly Bear vs African Lion,true,User,Anonymous,true,🌐 Location,"Bayonne, NJ, US",,,,2026-01-12T16:31:21.651000+00:00,⚔️ Battle Comparison,rich,0,,,false,,,,false,,,,,,,,,2026-01-12T16:31:22.087000+00:00,false,0,Animal Battle Stats,1446203750204047426
1460310072767938671,,,,,,true,,0000,0,,1446203750204047426,,0,Animal Battle Stats,,1446204139909550150,,,2026-01-12T16:30:52.597Z,,16739072,0,,false,Matchup,Orca vs Polar Bear,true,User,Anonymous,true,🌐 Location,"Bayonne, NJ, US",,,,2026-01-12T16:30:52.224000+00:00,⚔️ Battle Comparison,rich,0,,,false,,,,false,,,,,,,,,2026-01-12T16:30:52.597000+00:00,false,0,Animal Battle Stats,1446203750204047426
1460309782610182360,,,,,,true,,0000,0,,1446203750204047426,,0,Animal Battle Stats,,1446204139909550150,,,2026-01-12T16:29:43.418Z,,16739072,0,,false,Matchup,Siberian Tiger vs African Lion,true,User,Anonymous,true,🌐 Location,"Bayonne, NJ, US",,,,2026-01-12T16:29:43.136000+00:00,⚔️ Battle Comparison,rich,0,,,false,,,,false,,,,,,,,,2026-01-12T16:29:43.418000+00:00,false,0,Animal Battle Stats,1446203750204047426
1460309647327105067,,,,,,true,,0000,0,,1446203750204047426,,0,Animal Battle Stats,,1446204139909550150,,,2026-01-12T16:29:11.164Z,,16739072,0,,false,Matchup,African Elephant vs Hippopotamus,true,User,Anonymous,true,🌐 Location,"Bayonne, NJ, US",,,,2026-01-12T16:29:10.840000+00:00,⚔️ Battle Comparison,rich,0,,,false,,,,false,,,,,,,,,2026-01-12T16:29:11.164000+00:00,false,0,Animal Battle Stats,1446203750204047426
1460309608215085129,,,,,,true,,0000,0,,1446203750204047426,,0,Animal Battle Stats,,1446204139909550150,,,2026-01-12T16:29:01.839Z,,16739072,0,,false,Matchup,African Elephant vs Giraffe,true,User,Anonymous,true,🌐 Location,"Bayonne, NJ, US",,,,2026-01-12T16:29:01.564000+00:00,⚔️ Battle Comparison,rich,0,,,false,,,,false,,,,,,,,,2026-01-12T16:29:01.839000+00:00,false,0,Animal Battle Stats,1446203750204047426
1460309330388582466,,,,,,true,,0000,0,,1446203750204047426,,0,Animal Battle Stats,,1446204139909550150,,,2026-01-12T16:27:55.600Z,,16739072,0,,false,Matchup,Fennec Fox vs Giraffe,true,User,Anonymous,true,🌐 Location,"Bayonne, NJ, US",,,,2026-01-12T16:27:55.333000+00:00,⚔️ Battle Comparison,rich,0,,,false,,,,false,,,,,,,,,2026-01-12T16:27:55.600000+00:00,false,0,Animal Battle Stats,1446203750204047426
1460309276357558386,,,,,,true,,0000,0,,1446203750204047426,,0,Animal Battle Stats,,1446204139909550150,,,2026-01-12T16:27:42.718Z,,16739072,0,,false,Matchup,Monarch Butterfly vs Giraffe,true,User,Anonymous,true,🌐 Location,"Bayonne, NJ, US",,,,2026-01-12T16:27:42.430000+00:00,⚔️ Battle Comparison,rich,0,,,false,,,,false,,,,,,,,,2026-01-12T16:27:42.718000+00:00,false,0,Animal Battle Stats,1446203750204047426
1460309219759624337,,,,,,true,,0000,0,,1446203750204047426,,0,Animal Battle Stats,,1446204139909550150,,,2026-01-12T16:27:29.224Z,,16739072,0,,false,Matchup,Monarch Butterfly vs Giant Squid,true,User,Anonymous,true,🌐 Location,"Bayonne, NJ, US",,,,2026-01-12T16:27:28.944000+00:00,⚔️ Battle Comparison,rich,0,,,false,,,,false,,,,,,,,,2026-01-12T16:27:29.224000+00:00,false,0,Animal Battle Stats,1446203750204047426
1460309161190625396,,,,,,true,,0000,0,,1446203750204047426,,0,Animal Battle Stats,,1446204139909550150,,,2026-01-12T16:27:15.260Z,,16739072,0,,false,Matchup,Bullet Ant vs Monarch Butterfly,true,User,Anonymous,true,🌐 Location,"Bayonne, NJ, US",,,,2026-01-12T16:27:15.025000+00:00,⚔️ Battle Comparison,rich,0,,,false,,,,false,,,,,,,,,2026-01-12T16:27:15.260000+00:00,false,0,Animal Battle Stats,1446203750204047426
1460309107285164193,,,,,,true,,0000,0,,1446203750204047426,,0,Animal Battle Stats,,1446204139909550150,,,2026-01-12T16:27:02.408Z,,16739072,0,,false,Matchup,Barracuda vs Bull Shark,true,User,Anonymous,true,🌐 Location,"Bayonne, NJ, US",,,,2026-01-12T16:27:02.093000+00:00,⚔️ Battle Comparison,rich,0,,,false,,,,false,,,,,,,,,2026-01-12T16:27:02.408000+00:00,false,0,Animal Battle Stats,1446203750204047426
1460308936518533200,,,,,,true,,0000,0,,1446203750204047426,,0,Animal Battle Stats,,1446204139909550150,,,2026-01-12T16:26:21.694Z,,16739072,0,,false,Matchup,Sun Bear vs Beluga Whale,true,User,Anonymous,true,🌐 Location,"Bayonne, NJ, US",,,,2026-01-12T16:26:21.430000+00:00,⚔️ Battle Comparison,rich,0,,,false,,,,false,,,,,,,,,2026-01-12T16:26:21.694000+00:00,false,0,Animal Battle Stats,1446203750204047426
1460308870814634024,,,,,,true,,0000,0,,1446203750204047426,,0,Animal Battle Stats,,1446204139909550150,,,2026-01-12T16:26:06.029Z,,16739072,0,,false,Matchup,Sun Bear vs Lionfish,true,User,Anonymous,true,🌐 Location,"Bayonne, NJ, US",,,,2026-01-12T16:26:05.706000+00:00,⚔️ Battle Comparison,rich,0,,,false,,,,false,,,,,,,,,2026-01-12T16:26:06.029000+00:00,false,0,Animal Battle Stats,1446203750204047426
1460308653675647061,,,,,,true,,0000,0,,1446203750204047426,,0,Animal Battle Stats,,1446204139909550150,,,2026-01-12T16:25:14.259Z,,16739072,0,,false,Matchup,Porcupine vs Hedgehog,true,User,Anonymous,true,🌐 Location,"Bayonne, NJ, US",,,,2026-01-12T16:25:14.067000+00:00,⚔️ Battle Comparison,rich,0,,,false,,,,false,,,,,,,,,2026-01-12T16:25:14.259000+00:00,false,0,Animal Battle Stats,1446203750204047426
1460308638827548734,,,,,,true,,0000,0,,1446203750204047426,,0,Animal Battle Stats,,1446204139909550150,,,2026-01-12T16:25:10.719Z,,16739072,0,,false,Matchup,Porcupine vs Hedgehog,true,User,Anonymous,true,🌐 Location,"Bayonne, NJ, US",,,,2026-01-12T16:25:10.390000+00:00,⚔️ Battle Comparison,rich,0,,,false,,,,false,,,,,,,,,2026-01-12T16:25:10.719000+00:00,false,0,Animal Battle Stats,1446203750204047426
1460308527133491241,,,,,,true,,0000,0,,1446203750204047426,,0,Animal Battle Stats,,1446204139909550150,,,2026-01-12T16:24:44.089Z,,16739072,0,,false,Matchup,Poison Dart Frog vs Capybara,true,User,Anonymous,true,🌐 Location,"Bayonne, NJ, US",,,,2026-01-12T16:24:43.778000+00:00,⚔️ Battle Comparison,rich,0,,,false,,,,false,,,,,,,,,2026-01-12T16:24:44.089000+00:00,false,0,Animal Battle Stats,1446203750204047426
1460308443830157395,,,,,,true,,0000,0,,1446203750204047426,,0,Animal Battle Stats,,1446204139909550150,,,2026-01-12T16:24:24.228Z,,16739072,0,,false,Matchup,Honey Badger vs Badger,true,User,Anonymous,true,🌐 Location,"Bayonne, NJ, US",,,,2026-01-12T16:24:23.720000+00:00,⚔️ Battle Comparison,rich,0,,,false,,,,false,,,,,,,,,2026-01-12T16:24:24.228000+00:00,false,0,Animal Battle Stats,1446203750204047426
1460308248077799474,,,,,,true,,0000,0,,1446203750204047426,,0,Animal Battle Stats,,1446204139909550150,,,2026-01-12T16:23:37.557Z,,16739072,0,,false,Matchup,Gorilla vs Polar Bear,true,User,Anonymous,true,🌐 Location,"Bayonne, NJ, US",,,,2026-01-12T16:23:37.228000+00:00,⚔️ Battle Comparison,rich,0,,,false,,,,false,,,,,,,,,2026-01-12T16:23:37.557000+00:00,false,0,Animal Battle Stats,1446203750204047426
1460308205581369397,,,,,,true,,0000,0,,1446203750204047426,,0,Animal Battle Stats,,1446204139909550150,,,2026-01-12T16:23:27.425Z,,16739072,0,,false,Matchup,Gorilla vs Badger,true,User,Anonymous,true,🌐 Location,"Bayonne, NJ, US",,,,2026-01-12T16:23:26.958000+00:00,⚔️ Battle Comparison,rich,0,,,false,,,,false,,,,,,,,,2026-01-12T16:23:27.425000+00:00,false,0,Animal Battle Stats,1446203750204047426
1460308160475697377,,,,,,true,,0000,0,,1446203750204047426,,0,Animal Battle Stats,,1446204139909550150,,,2026-01-12T16:23:16.671Z,,16739072,0,,false,Matchup,Wild Boar vs Badger,true,User,Anonymous,true,🌐 Location,"Bayonne, NJ, US",,,,2026-01-12T16:23:16.396000+00:00,⚔️ Battle Comparison,rich,0,,,false,,,,false,,,,,,,,,2026-01-12T16:23:16.671000+00:00,false,0,Animal Battle Stats,1446203750204047426
1460308102149836820,,,,,,true,,0000,0,,1446203750204047426,,0,Animal Battle Stats,,1446204139909550150,,,2026-01-12T16:23:02.765Z,,16739072,0,,false,Matchup,Polar Bear vs Badger,true,User,Anonymous,true,🌐 Location,"Bayonne, NJ, US",,,,2026-01-12T16:23:02.431000+00:00,⚔️ Battle Comparison,rich,0,,,false,,,,false,,,,,,,,,2026-01-12T16:23:02.765000+00:00,false,0,Animal Battle Stats,1446203750204047426
1460308056448569580,,,,,,true,,0000,0,,1446203750204047426,,0,Animal Battle Stats,,1446204139909550150,,,2026-01-12T16:22:51.869Z,,16739072,0,,false,Matchup,African Elephant vs Badger,true,User,Anonymous,true,🌐 Location,"Bayonne, NJ, US",,,,2026-01-12T16:22:51.553000+00:00,⚔️ Battle Comparison,rich,0,,,false,,,,false,,,,,,,,,2026-01-12T16:22:51.869000+00:00,false,0,Animal Battle Stats,1446203750204047426
1460307976383365322,,,,,,true,,0000,0,,1446203750204047426,,0,Animal Battle Stats,,1446204139909550150,,,2026-01-12T16:22:32.780Z,,16739072,0,,false,Matchup,Hedgehog vs Badger,true,User,Anonymous,true,🌐 Location,"Bayonne, NJ, US",,,,2026-01-12T16:22:32.495000+00:00,⚔️ Battle Comparison,rich,0,,,false,,,,false,,,,,,,,,2026-01-12T16:22:32.780000+00:00,false,0,Animal Battle Stats,1446203750204047426
1460307905894027457,,,,,,true,,0000,0,,1446203750204047426,,0,Animal Battle Stats,,1446204139909550150,,,2026-01-12T16:22:15.974Z,,16739072,0,,false,Matchup,Camel Spider vs Gecko,true,User,Anonymous,true,🌐 Location,"Bayonne, NJ, US",,,,2026-01-12T16:22:15.674000+00:00,⚔️ Battle Comparison,rich,0,,,false,,,,false,,,,,,,,,2026-01-12T16:22:15.974000+00:00,false,0,Animal Battle Stats,1446203750204047426
1460307795370053763,,,,,,true,,0000,0,,1446203750204047426,,0,Animal Battle Stats,,1446204139909550150,,,2026-01-12T16:21:49.623Z,,16739072,0,,false,Matchup,Hammerhead Shark vs Tiger Shark,true,User,Anonymous,true,🌐 Location,"Bayonne, NJ, US",,,,2026-01-12T16:21:49.301000+00:00,⚔️ Battle Comparison,rich,0,,,false,,,,false,,,,,,,,,2026-01-12T16:21:49.623000+00:00,false,0,Animal Battle Stats,1446203750204047426
1460307633520115844,,,,,,true,,0000,0,,1446203750204047426,,0,Animal Battle Stats,,1446204139909550150,,,2026-01-12T16:21:11.035Z,,16739072,0,,false,Matchup,Siberian Tiger vs Cape Buffalo,true,User,Anonymous,true,🌐 Location,"Bayonne, NJ, US",,,,2026-01-12T16:21:10.754000+00:00,⚔️ Battle Comparison,rich,0,,,false,,,,false,,,,,,,,,2026-01-12T16:21:11.035000+00:00,false,0,Animal Battle Stats,1446203750204047426
1460307432214630562,,,,,,true,,0000,0,,1446203750204047426,,0,Animal Battle Stats,,1446204139909550150,,,2026-01-12T16:20:23.040Z,,16739072,0,,false,Matchup,Tiger Shark vs Bull Shark,true,User,Anonymous,true,🌐 Location,"Bayonne, NJ, US",,,,2026-01-12T16:20:22.666000+00:00,⚔️ Battle Comparison,rich,0,,,false,,,,false,,,,,,,,,2026-01-12T16:20:23.040000+00:00,false,0,Animal Battle Stats,1446203750204047426
1460307340765958480,,,,,,true,,0000,0,,1446203750204047426,,0,Animal Battle Stats,,1446204139909550150,,,2026-01-12T16:20:01.237Z,,16739072,0,,false,Matchup,Great White Shark vs Tiger Shark,true,User,Anonymous,true,🌐 Location,"Bayonne, NJ, US",,,,2026-01-12T16:20:00.924000+00:00,⚔️ Battle Comparison,rich,0,,,false,,,,false,,,,,,,,,2026-01-12T16:20:01.237000+00:00,false,0,Animal Battle Stats,1446203750204047426
1460307256988930168,,,,,,true,,0000,0,,1446203750204047426,,0,Animal Battle Stats,,1446204139909550150,,,2026-01-12T16:19:41.263Z,,16739072,0,,false,Matchup,Saltwater Crocodile vs Hippopotamus,true,User,Anonymous,true,🌐 Location,"Bayonne, NJ, US",,,,2026-01-12T16:19:40.933000+00:00,⚔️ Battle Comparison,rich,0,,,false,,,,false,,,,,,,,,2026-01-12T16:19:41.263000+00:00,false,0,Animal Battle Stats,1446203750204047426
1460307232527880483,,,,,,true,,0000,0,,1446203750204047426,,0,Animal Battle Stats,,1446204139909550150,,,2026-01-12T16:19:35.431Z,,16739072,0,,false,Matchup,Saltwater Crocodile vs Polar Bear,true,User,Anonymous,true,🌐 Location,"Bayonne, NJ, US",,,,2026-01-12T16:19:35.063000+00:00,⚔️ Battle Comparison,rich,0,,,false,,,,false,,,,,,,,,2026-01-12T16:19:35.431000+00:00,false,0,Animal Battle Stats,1446203750204047426
1460307113690665035,,,,,,true,,0000,0,,1446203750204047426,,0,Animal Battle Stats,,1446204139909550150,,,2026-01-12T16:19:07.098Z,,16739072,0,,false,Matchup,Megalodon vs Orca,true,User,Anonymous,true,🌐 Location,"Bayonne, NJ, US",,,,2026-01-12T16:19:06.791000+00:00,⚔️ Battle Comparison,rich,0,,,false,,,,false,,,,,,,,,2026-01-12T16:19:07.098000+00:00,false,0,Animal Battle Stats,1446203750204047426
1460306867229298905,,,,,,true,,0000,0,,1446203750204047426,,0,Animal Battle Stats,,1446204139909550150,,,2026-01-12T16:18:08.337Z,,16739072,0,,false,Matchup,Black Rhinoceros vs Rhinoceros,true,User,Anonymous,true,🌐 Location,"Bayonne, NJ, US",,,,2026-01-12T16:18:08.087000+00:00,⚔️ Battle Comparison,rich,0,,,false,,,,false,,,,,,,,,2026-01-12T16:18:08.337000+00:00,false,0,Animal Battle Stats,1446203750204047426
1460306759368446080,,,,,,true,,0000,0,,1446203750204047426,,0,Animal Battle Stats,,1446204139909550150,,,2026-01-12T16:17:42.621Z,,16739072,0,,false,Matchup,African Elephant vs Rhinoceros,true,User,Anonymous,true,🌐 Location,"Bayonne, NJ, US",,,,2026-01-12T16:17:42.234000+00:00,⚔️ Battle Comparison,rich,0,,,false,,,,false,,,,,,,,,2026-01-12T16:17:42.621000+00:00,false,0,Animal Battle Stats,1446203750204047426
1460306611145805945,,,,,,true,,0000,0,,1446203750204047426,,0,Animal Battle Stats,,1446204139909550150,,,2026-01-12T16:17:07.282Z,,16739072,0,,false,Matchup,Sloth Bear vs Spectacled Bear,true,User,Anonymous,true,🌐 Location,"Bayonne, NJ, US",,,,2026-01-12T16:17:07.016000+00:00,⚔️ Battle Comparison,rich,0,,,false,,,,false,,,,,,,,,2026-01-12T16:17:07.282000+00:00,false,0,Animal Battle Stats,1446203750204047426
1460306515775983799,,,,,,true,,0000,0,,1446203750204047426,,0,Animal Battle Stats,,1446204139909550150,,,2026-01-12T16:16:44.544Z,,16739072,0,,false,Matchup,Saltwater Crocodile vs Alligator,true,User,Anonymous,true,🌐 Location,"Bayonne, NJ, US",,,,2026-01-12T16:16:44.238000+00:00,⚔️ Battle Comparison,rich,0,,,false,,,,false,,,,,,,,,2026-01-12T16:16:44.544000+00:00,false,0,Animal Battle Stats,1446203750204047426
1460306443407458305,,,,,,true,,0000,0,,1446203750204047426,,0,Animal Battle Stats,,1446204139909550150,,,2026-01-12T16:16:27.290Z,,16739072,0,,false,Matchup,Cape Buffalo vs African Elephant,true,User,Anonymous,true,🌐 Location,"Bayonne, NJ, US",,,,2026-01-12T16:16:26.818000+00:00,⚔️ Battle Comparison,rich,0,,,false,,,,false,,,,,,,,,2026-01-12T16:16:27.290000+00:00,false,0,Animal Battle Stats,1446203750204047426
1460306319796863018,,,,,,true,,0000,0,,1446203750204047426,,0,Animal Battle Stats,,1446204139909550150,,,2026-01-12T16:15:57.819Z,,16739072,0,,false,Matchup,Orca vs Blue Whale,true,User,Anonymous,true,🌐 Location,"Bayonne, NJ, US",,,,2026-01-12T16:15:57.510000+00:00,⚔️ Battle Comparison,rich,0,,,false,,,,false,,,,,,,,,2026-01-12T16:15:57.819000+00:00,false,0,Animal Battle Stats,1446203750204047426
1460306252851577044,,,,,,true,,0000,0,,1446203750204047426,,0,Animal Battle Stats,,1446204139909550150,,,2026-01-12T16:15:41.858Z,,16739072,0,,false,Matchup,Megalodon vs Blue Whale,true,User,Anonymous,true,🌐 Location,"Bayonne, NJ, US",,,,2026-01-12T16:15:41.514000+00:00,⚔️ Battle Comparison,rich,0,,,false,,,,false,,,,,,,,,2026-01-12T16:15:41.858000+00:00,false,0,Animal Battle Stats,1446203750204047426
1460306181208801342,,,,,,true,,0000,0,,1446203750204047426,,0,Animal Battle Stats,,1446204139909550150,,,2026-01-12T16:15:24.777Z,,16739072,0,,false,Matchup,Megalodon vs Sloth,true,User,Anonymous,true,🌐 Location,"Bayonne, NJ, US",,,,2026-01-12T16:15:24.450000+00:00,⚔️ Battle Comparison,rich,0,,,false,,,,false,,,,,,,,,2026-01-12T16:15:24.777000+00:00,false,0,Animal Battle Stats,1446203750204047426
1460306112996835328,,,,,,true,,0000,0,,1446203750204047426,,0,Animal Battle Stats,,1446204139909550150,,,2026-01-12T16:15:08.514Z,,16739072,0,,false,Matchup,Megalodon vs Camel Spider,true,User,Anonymous,true,🌐 Location,"Bayonne, NJ, US",,,,2026-01-12T16:15:08.081000+00:00,⚔️ Battle Comparison,rich,0,,,false,,,,false,,,,,,,,,2026-01-12T16:15:08.514000+00:00,false,0,Animal Battle Stats,1446203750204047426
1460305986022539507,,,,,,true,,0000,0,,1446203750204047426,,0,Animal Battle Stats,,1446204139909550150,,,2026-01-12T16:14:38.241Z,,16739072,0,,false,Matchup,African Elephant vs Great White Shark,true,User,Anonymous,true,🌐 Location,"Bayonne, NJ, US",,,,2026-01-12T16:14:37.813000+00:00,⚔️ Battle Comparison,rich,0,,,false,,,,false,,,,,,,,,2026-01-12T16:14:38.241000+00:00,false,0,Animal Battle Stats,1446203750204047426
1460305851301495091,,,,,,true,,0000,0,,1446203750204047426,,0,Animal Battle Stats,,1446204139909550150,,,2026-01-12T16:14:06.121Z,,16739072,0,,false,Matchup,Fennec Fox vs Arctic Fox,true,User,Anonymous,true,🌐 Location,"Bayonne, NJ, US",,,,2026-01-12T16:14:05.762000+00:00,⚔️ Battle Comparison,rich,0,,,false,,,,false,,,,,,,,,2026-01-12T16:14:06.121000+00:00,false,0,Animal Battle Stats,1446203750204047426
1460305710930854166,,,,,,true,,0000,0,,1446203750204047426,,0,Animal Battle Stats,,1446204139909550150,,,2026-01-12T16:13:32.654Z,,16739072,0,,false,Matchup,Gorilla vs Moose,true,User,Anonymous,true,🌐 Location,"Bayonne, NJ, US",,,,2026-01-12T16:13:32.366000+00:00,⚔️ Battle Comparison,rich,0,,,false,,,,false,,,,,,,,,2026-01-12T16:13:32.654000+00:00,false,0,Animal Battle Stats,1446203750204047426
1460305546602090506,,,,,,true,,0000,0,,1446203750204047426,,0,Animal Battle Stats,,1446204139909550150,,,2026-01-12T16:12:53.475Z,,16739072,0,,false,Matchup,Green Anaconda vs Anaconda,true,User,Anonymous,true,🌐 Location,"Bayonne, NJ, US",,,,2026-01-12T16:12:53.058000+00:00,⚔️ Battle Comparison,rich,0,,,false,,,,false,,,,,,,,,2026-01-12T16:12:53.475000+00:00,false,0,Animal Battle Stats,1446203750204047426
1460305367849369938,,,,,,true,,0000,0,,1446203750204047426,,0,Animal Battle Stats,,1446204139909550150,,,2026-01-12T16:12:10.857Z,,16739072,0,,false,Matchup,Anaconda vs Gorilla,true,User,Anonymous,true,🌐 Location,"Bayonne, NJ, US",,,,2026-01-12T16:12:10.507000+00:00,⚔️ Battle Comparison,rich,0,,,false,,,,false,,,,,,,,,2026-01-12T16:12:10.857000+00:00,false,0,Animal Battle Stats,1446203750204047426
1460305297758490655,,,,,,true,,0000,0,,1446203750204047426,,0,Animal Battle Stats,,1446204139909550150,,,2026-01-12T16:11:54.146Z,,16739072,0,,false,Matchup,Gorilla vs Platypus,true,User,Anonymous,true,🌐 Location,"Bayonne, NJ, US",,,,2026-01-12T16:11:53.864000+00:00,⚔️ Battle Comparison,rich,0,,,false,,,,false,,,,,,,,,2026-01-12T16:11:54.146000+00:00,false,0,Animal Battle Stats,1446203750204047426
1460305268578717840,,,,,,true,,0000,0,,1446203750204047426,,0,Animal Battle Stats,,1446204139909550150,,,2026-01-12T16:11:47.189Z,,16739072,0,,false,Matchup,Jaguar vs Platypus,true,User,Anonymous,true,🌐 Location,"Bayonne, NJ, US",,,,2026-01-12T16:11:45.135000+00:00,⚔️ Battle Comparison,rich,0,,,false,,,,false,,,,,,,,,2026-01-12T16:11:47.189000+00:00,false,0,Animal Battle Stats,1446203750204047426
1460305265596305754,,,,,,true,,0000,0,,1446203750204047426,,0,Animal Battle Stats,,1446204139909550150,,,2026-01-12T16:11:46.478Z,,16739072,0,,false,Matchup,Jaguar vs Platypus,true,User,Anonymous,true,🌐 Location,"Bayonne, NJ, US",,,,2026-01-12T16:11:46.079000+00:00,⚔️ Battle Comparison,rich,0,,,false,,,,false,,,,,,,,,2026-01-12T16:11:46.478000+00:00,false,0,Animal Battle Stats,1446203750204047426
1460305238761406661,,,,,,true,,0000,0,,1446203750204047426,,0,Animal Battle Stats,,1446204139909550150,,,2026-01-12T16:11:40.080Z,,16739072,0,,false,Matchup,African Lion vs Platypus,true,User,Anonymous,true,🌐 Location,"Bayonne, NJ, US",,,,2026-01-12T16:11:39.759000+00:00,⚔️ Battle Comparison,rich,0,,,false,,,,false,,,,,,,,,2026-01-12T16:11:40.080000+00:00,false,0,Animal Battle Stats,1446203750204047426
1460305157865607262,,,,,,true,,0000,0,,1446203750204047426,,0,Animal Battle Stats,,1446204139909550150,,,2026-01-12T16:11:20.793Z,,16739072,0,,false,Matchup,Megalodon vs Platypus,true,User,Anonymous,true,🌐 Location,"Bayonne, NJ, US",,,,2026-01-12T16:11:20.414000+00:00,⚔️ Battle Comparison,rich,0,,,false,,,,false,,,,,,,,,2026-01-12T16:11:20.793000+00:00,false,0,Animal Battle Stats,1446203750204047426
1460304790319010036,,,,,,true,,0000,0,,1446203750204047426,,0,Animal Battle Stats,,1446204139909550150,,,2026-01-12T16:09:53.163Z,,16739072,0,,false,Matchup,Cape Buffalo vs Tiger Shark,true,User,Anonymous,true,🌐 Location,"Bayonne, NJ, US",,,,2026-01-12T16:09:52.846000+00:00,⚔️ Battle Comparison,rich,0,,,false,,,,false,,,,,,,,,2026-01-12T16:09:53.163000+00:00,false,0,Animal Battle Stats,1446203750204047426
1460304676061974844,,,,,,true,,0000,0,,1446203750204047426,,0,Animal Battle Stats,,1446204139909550150,,,2026-01-12T16:09:25.922Z,,16739072,0,,false,Matchup,Koala vs Sloth,true,User,Anonymous,true,🌐 Location,"Bayonne, NJ, US",,,,2026-01-12T16:09:25.522000+00:00,⚔️ Battle Comparison,rich,0,,,false,,,,false,,,,,,,,,2026-01-12T16:09:25.922000+00:00,false,0,Animal Battle Stats,1446203750204047426
1460283080957886505,,,,,,true,,0000,0,,1446203750204047426,,0,Animal Battle Stats,,1446204139909550150,,,2026-01-12T14:43:37.248Z,,4491519,0,,true,Visitor,RamiNoodle733,true,🌐 Location,"Sugar Land, TX, US",,,,,,,2026-01-12T14:43:36.980000+00:00,👀 Site Visit,rich,0,,,false,,,,false,,,,,,,,,2026-01-12T14:43:37.248000+00:00,false,0,Animal Battle Stats,1446203750204047426
1460283078818791464,,,,,,true,,0000,0,,1446203750204047426,,0,Animal Battle Stats,,1446204139909550150,,,2026-01-12T14:43:36.738Z,,6710886,0,,true,User,RamiNoodle733,true,🌐 Location,"Sugar Land, TX, US",,,,,,,2026-01-12T14:43:35.747000+00:00,👋 User Left Site,rich,0,,,false,,,,false,,,,,,,,,2026-01-12T14:43:36.738000+00:00,false,0,Animal Battle Stats,1446203750204047426
1460280070215307414,,,,,,true,,0000,0,,1446203750204047426,,0,Animal Battle Stats,,1446204139909550150,,,2026-01-12T14:31:39.431Z,,4491519,0,,true,Visitor,RamiNoodle733,true,🌐 Location,"Sugar Land, TX, US",,,,,,,2026-01-12T14:31:39.098000+00:00,👀 Site Visit,rich,0,,,false,,,,false,,,,,,,,,2026-01-12T14:31:39.431000+00:00,false,0,Animal Battle Stats,1446203750204047426
1460280068441116723,,,,,,true,,0000,0,,1446203750204047426,,0,Animal Battle Stats,,1446204139909550150,,,2026-01-12T14:31:39.008Z,,6710886,0,,true,User,RamiNoodle733,true,🌐 Location,"Sugar Land, TX, US",,,,,,,2026-01-12T14:31:37.427000+00:00,👋 User Left Site,rich,0,,,false,,,,false,,,,,,,,,2026-01-12T14:31:39.008000+00:00,false,0,Animal Battle Stats,1446203750204047426
1460261744713928772,,,,,,true,,0000,0,,1446203750204047426,,0,Animal Battle Stats,,1446204139909550150,,,2026-01-12T13:18:50.291Z,,16739072,0,,false,Matchup,Orca vs Rhinoceros,true,User,Anonymous,true,🌐 Location,"Hackensack, NJ, US",,,,2026-01-12T13:18:49.961000+00:00,⚔️ Battle Comparison,rich,0,,,false,,,,false,,,,,,,,,2026-01-12T13:18:50.291000+00:00,false,0,Animal Battle Stats,1446203750204047426
1460261718285488386,,,,,,true,,0000,0,,1446203750204047426,,0,Animal Battle Stats,,1446204139909550150,,,2026-01-12T13:18:43.990Z,,16739072,0,,false,Matchup,African Elephant vs Rhinoceros,true,User,Anonymous,true,🌐 Location,"Hackensack, NJ, US",,,,2026-01-12T13:18:43.740000+00:00,⚔️ Battle Comparison,rich,0,,,false,,,,false,,,,,,,,,2026-01-12T13:18:43.990000+00:00,false,0,Animal Battle Stats,1446203750204047426
1460261687826321419,,,,,,true,,0000,0,,1446203750204047426,,0,Animal Battle Stats,,1446204139909550150,,,2026-01-12T13:18:36.728Z,,16739072,0,,false,Matchup,African Elephant vs Hippopotamus,true,User,Anonymous,true,🌐 Location,"Hackensack, NJ, US",,,,2026-01-12T13:18:36.347000+00:00,⚔️ Battle Comparison,rich,0,,,false,,,,false,,,,,,,,,2026-01-12T13:18:36.728000+00:00,false,0,Animal Battle Stats,1446203750204047426
1460162851208560805,,,,,,true,,0000,0,,1446203750204047426,,0,Animal Battle Stats,,1446204139909550150,,,2026-01-12T06:45:52.242Z,,65416,0,,true,User,RamiNoodle733,true,Animal,Cassowary,true,Vote,👍 Upvote,true,🌐 Location,"Sugar Land, TX, US",2026-01-12T06:45:51.642000+00:00,👍 New Vote,rich,0,,,false,,,,false,,,,,,,,,2026-01-12T06:45:52.242000+00:00,false,0,Animal Battle Stats,1446203750204047426
1460128758660071574,,,,,,true,,0000,0,,1446203750204047426,,0,Animal Battle Stats,,1446204139909550150,,,2026-01-12T04:30:23.945Z,,6710886,0,,true,User,RamiNoodle733,true,🌐 Location,"Sugar Land, TX, US",,,,,,,2026-01-12T04:30:23.607000+00:00,👋 User Left Site,rich,0,,,false,,,,false,,,,,,,,,2026-01-12T04:30:23.945000+00:00,false,0,Animal Battle Stats,1446203750204047426
1460127474410192927,,,,,,true,,0000,0,,1446203750204047426,,0,Animal Battle Stats,,1446204139909550150,,,2026-01-12T04:25:17.756Z,,4491519,0,,true,Visitor,RamiNoodle733,true,🌐 Location,"Sugar Land, TX, US",,,,,,,2026-01-12T04:25:17.391000+00:00,👀 Site Visit,rich,0,,,false,,,,false,,,,,,,,,2026-01-12T04:25:17.756000+00:00,false,0,Animal Battle Stats,1446203750204047426
1460127472333881452,,,,,,true,,0000,0,,1446203750204047426,,0,Animal Battle Stats,,1446204139909550150,,,2026-01-12T04:25:17.261Z,,6710886,0,,true,User,RamiNoodle733,true,🌐 Location,"Sugar Land, TX, US",,,,,,,2026-01-12T04:25:06.149000+00:00,👋 User Left Site,rich,0,,,false,,,,false,,,,,,,,,2026-01-12T04:25:17.261000+00:00,false,0,Animal Battle Stats,1446203750204047426
1460127323968901338,,,,,,true,,0000,0,,1446203750204047426,,0,Animal Battle Stats,,1446204139909550150,,,2026-01-12T04:24:41.888Z,,4491519,0,,true,Visitor,RamiNoodle733,true,🌐 Location,"Sugar Land, TX, US",,,,,,,2026-01-12T04:24:41.434000+00:00,👀 Site Visit,rich,0,,,false,,,,false,,,,,,,,,2026-01-12T04:24:41.888000+00:00,false,0,Animal Battle Stats,1446203750204047426
1460127318298202367,,,,,,true,,0000,0,,1446203750204047426,,0,Animal Battle Stats,,1446204139909550150,,,2026-01-12T04:24:40.536Z,,6710886,0,,true,User,RamiNoodle733,true,🌐 Location,"Sugar Land, TX, US",,,,,,,2026-01-12T04:24:40.210000+00:00,👋 User Left Site,rich,0,,,false,,,,false,,,,,,,,,2026-01-12T04:24:40.536000+00:00,false,0,Animal Battle Stats,1446203750204047426
1460126242589245683,,,,,,true,,0000,0,,1446203750204047426,,0,Animal Battle Stats,,1446204139909550150,,,2026-01-12T04:20:24.067Z,,4491519,0,,true,Visitor,RamiNoodle733,true,🌐 Location,"Sugar Land, TX, US",,,,,,,2026-01-12T04:20:23.769000+00:00,👀 Site Visit,rich,0,,,false,,,,false,,,,,,,,,2026-01-12T04:20:24.067000+00:00,false,0,Animal Battle Stats,1446203750204047426
1460126240429314171,,,,,,true,,0000,0,,1446203750204047426,,0,Animal Battle Stats,,1446204139909550150,,,2026-01-12T04:20:23.552Z,,4491519,0,,true,Visitor,RamiNoodle733,true,🌐 Location,"Sugar Land, TX, US",,,,,,,2026-01-12T04:20:05.827000+00:00,👀 Site Visit,rich,0,,,false,,,,false,,,,,,,,,2026-01-12T04:20:23.552000+00:00,false,0,Animal Battle Stats,1446203750204047426
1460126240286707774,,,,,,true,,0000,0,,1446203750204047426,,0,Animal Battle Stats,,1446204139909550150,,,2026-01-12T04:20:23.518Z,,6710886,0,,true,User,RamiNoodle733,true,🌐 Location,"Sugar Land, TX, US",,,,,,,2026-01-12T04:20:10.164000+00:00,👋 User Left Site,rich,0,,,false,,,,false,,,,,,,,,2026-01-12T04:20:23.518000+00:00,false,0,Animal Battle Stats,1446203750204047426
1460118678270902292,,,,,,true,,0000,0,,1446203750204047426,,0,Animal Battle Stats,,1446204139909550150,,,2026-01-12T03:50:20.593Z,,6710886,0,,true,User,RamiNoodle733,true,🌐 Location,"Sugar Land, TX, US",,,,,,,2026-01-12T03:50:19.999000+00:00,👋 User Left Site,rich,0,,,false,,,,false,,,,,,,,,2026-01-12T03:50:20.593000+00:00,false,0,Animal Battle Stats,1446203750204047426
1460023665390522570,,,,,,true,,0000,0,,1446203750204047426,,0,Animal Battle Stats,,1446204139909550150,,,2026-01-11T21:32:47.757Z,,4491519,0,,true,Visitor,RamiNoodle733,true,🌐 Location,"Sugar Land, TX, US",,,,,,,2026-01-11T21:32:47.417000+00:00,👀 Site Visit,rich,0,,,false,,,,false,,,,,,,,,2026-01-11T21:32:47.757000+00:00,false,0,Animal Battle Stats,1446203750204047426
1460023662903169051,,,,,,true,,0000,0,,1446203750204047426,,0,Animal Battle Stats,,1446204139909550150,,,2026-01-11T21:32:47.164Z,,6710886,0,,true,User,RamiNoodle733,true,🌐 Location,"Sugar Land, TX, US",,,,,,,2026-01-11T21:32:45.844000+00:00,👋 User Left Site,rich,0,,,false,,,,false,,,,,,,,,2026-01-11T21:32:47.164000+00:00,false,0,Animal Battle Stats,1446203750204047426
1460021529692602388,,,,,,true,,0000,0,,1446203750204047426,,0,Animal Battle Stats,,1446204139909550150,,,2026-01-11T21:24:18.567Z,,4491519,0,,true,Visitor,RamiNoodle733,true,🌐 Location,"Sugar Land, TX, US",,,,,,,2026-01-11T21:24:18.272000+00:00,👀 Site Visit,rich,0,,,false,,,,false,,,,,,,,,2026-01-11T21:24:18.567000+00:00,false,0,Animal Battle Stats,1446203750204047426
1460021528157487106,,,,,,true,,0000,0,,1446203750204047426,,0,Animal Battle Stats,,1446204139909550150,,,2026-01-11T21:24:18.201Z,,6710886,0,,true,User,RamiNoodle733,true,🌐 Location,"Sugar Land, TX, US",,,,,,,2026-01-11T21:24:17.169000+00:00,👋 User Left Site,rich,0,,,false,,,,false,,,,,,,,,2026-01-11T21:24:18.201000+00:00,false,0,Animal Battle Stats,1446203750204047426
1460021485405077609,,,,,,true,,0000,0,,1446203750204047426,,0,Animal Battle Stats,,1446204139909550150,,,2026-01-11T21:24:08.008Z,,4491519,0,,true,Visitor,RamiNoodle733,true,🌐 Location,"Sugar Land, TX, US",,,,,,,2026-01-11T21:24:07.745000+00:00,👀 Site Visit,rich,0,,,false,,,,false,,,,,,,,,2026-01-11T21:24:08.008000+00:00,false,0,Animal Battle Stats,1446203750204047426
1460021482167206051,,,,,,true,,0000,0,,1446203750204047426,,0,Animal Battle Stats,,1446204139909550150,,,2026-01-11T21:24:07.236Z,,6710886,0,,true,User,RamiNoodle733,true,🌐 Location,"Sugar Land, TX, US",,,,,,,2026-01-11T21:24:06.956000+00:00,👋 User Left Site,rich,0,,,false,,,,false,,,,,,,,,2026-01-11T21:24:07.236000+00:00,false,0,Animal Battle Stats,1446203750204047426
1460021418254139514,,,,,,true,,0000,0,,1446203750204047426,,0,Animal Battle Stats,,1446204139909550150,,,2026-01-11T21:23:51.998Z,,4491519,0,,true,Visitor,RamiNoodle733,true,🌐 Location,"Sugar Land, TX, US",,,,,,,2026-01-11T21:23:51.730000+00:00,👀 Site Visit,rich,0,,,false,,,,false,,,,,,,,,2026-01-11T21:23:51.998000+00:00,false,0,Animal Battle Stats,1446203750204047426
1460021416429752534,,,,,,true,,0000,0,,1446203750204047426,,0,Animal Battle Stats,,1446204139909550150,,,2026-01-11T21:23:51.563Z,,6710886,0,,true,User,RamiNoodle733,true,🌐 Location,"Sugar Land, TX, US",,,,,,,2026-01-11T21:23:50.634000+00:00,👋 User Left Site,rich,0,,,false,,,,false,,,,,,,,,2026-01-11T21:23:51.563000+00:00,false,0,Animal Battle Stats,1446203750204047426
1460018183032410413,,,,,,true,,0000,0,,1446203750204047426,,0,Animal Battle Stats,,1446204139909550150,,,2026-01-11T21:11:00.661Z,,16739072,0,,false,Matchup,Cape Buffalo vs Polar Bear,true,User,RamiNoodle733,true,🌐 Location,"Sugar Land, TX, US",,,,2026-01-11T21:11:00.297000+00:00,⚔️ Battle Comparison,rich,0,,,false,,,,false,,,,,,,,,2026-01-11T21:11:00.661000+00:00,false,0,Animal Battle Stats,1446203750204047426
1460018127025733794,,,,,,true,,0000,0,,1446203750204047426,,0,Animal Battle Stats,,1446204139909550150,,,2026-01-11T21:10:47.308Z,,4491519,0,,true,Visitor,RamiNoodle733,true,🌐 Location,"Sugar Land, TX, US",,,,,,,2026-01-11T21:10:46.969000+00:00,👀 Site Visit,rich,0,,,false,,,,false,,,,,,,,,2026-01-11T21:10:47.308000+00:00,false,0,Animal Battle Stats,1446203750204047426
1460018124370874612,,,,,,true,,0000,0,,1446203750204047426,,0,Animal Battle Stats,,1446204139909550150,,,2026-01-11T21:10:46.675Z,,6710886,0,,true,User,RamiNoodle733,true,🌐 Location,"Sugar Land, TX, US",,,,,,,2026-01-11T21:10:46.346000+00:00,👋 User Left Site,rich,0,,,false,,,,false,,,,,,,,,2026-01-11T21:10:46.675000+00:00,false,0,Animal Battle Stats,1446203750204047426
1460018072034480397,,,,,,true,,0000,0,,1446203750204047426,,0,Animal Battle Stats,,1446204139909550150,,,2026-01-11T21:10:34.197Z,,4491519,0,,true,Visitor,RamiNoodle733,true,🌐 Location,"Sugar Land, TX, US",,,,,,,2026-01-11T21:10:33.944000+00:00,👀 Site Visit,rich,0,,,false,,,,false,,,,,,,,,2026-01-11T21:10:34.197000+00:00,false,0,Animal Battle Stats,1446203750204047426
1460018070264348937,,,,,,true,,0000,0,,1446203750204047426,,0,Animal Battle Stats,,1446204139909550150,,,2026-01-11T21:10:33.775Z,,6710886,0,,true,User,RamiNoodle733,true,🌐 Location,"Sugar Land, TX, US",,,,,,,2026-01-11T21:10:32.735000+00:00,👋 User Left Site,rich,0,,,false,,,,false,,,,,,,,,2026-01-11T21:10:33.775000+00:00,false,0,Animal Battle Stats,1446203750204047426
1460017902848835597,,,,,,true,,0000,0,,1446203750204047426,,0,Animal Battle Stats,,1446204139909550150,,,2026-01-11T21:09:53.860Z,,4491519,0,,true,Visitor,RamiNoodle733,true,🌐 Location,"Sugar Land, TX, US",,,,,,,2026-01-11T21:09:53.690000+00:00,👀 Site Visit,rich,0,,,false,,,,false,,,,,,,,,2026-01-11T21:09:53.860000+00:00,false,0,Animal Battle Stats,1446203750204047426
1460017901535756453,,,,,,true,,0000,0,,1446203750204047426,,0,Animal Battle Stats,,1446204139909550150,,,2026-01-11T21:09:53.547Z,,6710886,0,,true,User,RamiNoodle733,true,🌐 Location,"Sugar Land, TX, US",,,,,,,2026-01-11T21:09:52.634000+00:00,👋 User Left Site,rich,0,,,false,,,,false,,,,,,,,,2026-01-11T21:09:53.547000+00:00,false,0,Animal Battle Stats,1446203750204047426
1460017901535756451,,,,,,true,,0000,0,,1446203750204047426,,0,Animal Battle Stats,,1446204139909550150,,,2026-01-11T21:09:53.547Z,,4491519,0,,true,Visitor,RamiNoodle733,true,🌐 Location,"Sugar Land, TX, US",,,,,,,2026-01-11T21:07:05.873000+00:00,👀 Site Visit,rich,0,,,false,,,,false,,,,,,,,,2026-01-11T21:09:53.547000+00:00,false,0,Animal Battle Stats,1446203750204047426
1460015345845797148,,,,,,true,,0000,0,,1446203750204047426,,0,Animal Battle Stats,,1446204139909550150,,,2026-01-11T20:59:44.223Z,,4491519,0,,true,Visitor,RamiNoodle733,true,🌐 Location,"Sugar Land, TX, US",,,,,,,2026-01-11T20:59:43.916000+00:00,👀 Site Visit,rich,0,,,false,,,,false,,,,,,,,,2026-01-11T20:59:44.223000+00:00,false,0,Animal Battle Stats,1446203750204047426
1460015343840923912,,,,,,true,,0000,0,,1446203750204047426,,0,Animal Battle Stats,,1446204139909550150,,,2026-01-11T20:59:43.745Z,,6710886,0,,true,User,RamiNoodle733,true,🌐 Location,"Sugar Land, TX, US",,,,,,,2026-01-11T20:59:43.112000+00:00,👋 User Left Site,rich,0,,,false,,,,false,,,,,,,,,2026-01-11T20:59:43.745000+00:00,false,0,Animal Battle Stats,1446203750204047426
1460015265495384127,,,,,,true,,0000,0,,1446203750204047426,,0,Animal Battle Stats,,1446204139909550150,,,2026-01-11T20:59:25.066Z,,6710886,0,,true,User,RamiNoodle733,true,🌐 Location,"Sugar Land, TX, US",,,,,,,2026-01-11T20:59:22.999000+00:00,👋 User Left Site,rich,0,,,false,,,,false,,,,,,,,,2026-01-11T20:59:25.066000+00:00,false,0,Animal Battle Stats,1446203750204047426
1460015264056873221,,,,,,true,,0000,0,,1446203750204047426,,0,Animal Battle Stats,,1446204139909550150,,,2026-01-11T20:59:24.723Z,,4491519,0,,true,Visitor,RamiNoodle733,true,🌐 Location,"Sugar Land, TX, US",,,,,,,2026-01-11T20:59:24.218000+00:00,👀 Site Visit,rich,0,,,false,,,,false,,,,,,,,,2026-01-11T20:59:24.723000+00:00,false,0,Animal Battle Stats,1446203750204047426
1460013829344723087,,,,,,true,,0000,0,,1446203750204047426,,0,Animal Battle Stats,,1446204139909550150,,,2026-01-11T20:53:42.661Z,,16739072,0,,false,Matchup,Orca vs Cape Buffalo,true,User,RamiNoodle733,true,🌐 Location,"Sugar Land, TX, US",,,,2026-01-11T20:53:42.293000+00:00,⚔️ Battle Comparison,rich,0,,,false,,,,false,,,,,,,,,2026-01-11T20:53:42.661000+00:00,false,0,Animal Battle Stats,1446203750204047426
1460008590600310805,,,,,,true,,0000,0,,1446203750204047426,,0,Animal Battle Stats,,1446204139909550150,,,2026-01-11T20:32:53.647Z,,4491519,0,,true,Visitor,RamiNoodle733,true,🌐 Location,"Sugar Land, TX, US",,,,,,,2026-01-11T20:32:53.302000+00:00,👀 Site Visit,rich,0,,,false,,,,false,,,,,,,,,2026-01-11T20:32:53.647000+00:00,false,0,Animal Battle Stats,1446203750204047426
1460008588448890972,,,,,,true,,0000,0,,1446203750204047426,,0,Animal Battle Stats,,1446204139909550150,,,2026-01-11T20:32:53.134Z,,6710886,0,,true,User,RamiNoodle733,true,🌐 Location,"Sugar Land, TX, US",,,,,,,2026-01-11T20:32:52.807000+00:00,👋 User Left Site,rich,0,,,false,,,,false,,,,,,,,,2026-01-11T20:32:53.134000+00:00,false,0,Animal Battle Stats,1446203750204047426
1460008475319996579,,,,,,true,,0000,0,,1446203750204047426,,0,Animal Battle Stats,,1446204139909550150,,,2026-01-11T20:32:26.162Z,,4491519,0,,true,Visitor,RamiNoodle733,true,🌐 Location,"Sugar Land, TX, US",,,,,,,2026-01-11T20:32:25.880000+00:00,👀 Site Visit,rich,0,,,false,,,,false,,,,,,,,,2026-01-11T20:32:26.162000+00:00,false,0,Animal Battle Stats,1446203750204047426
1460008473524699423,,,,,,true,,0000,0,,1446203750204047426,,0,Animal Battle Stats,,1446204139909550150,,,2026-01-11T20:32:25.734Z,,6710886,0,,true,User,RamiNoodle733,true,🌐 Location,"Sugar Land, TX, US",,,,,,,2026-01-11T20:32:24.652000+00:00,👋 User Left Site,rich,0,,,false,,,,false,,,,,,,,,2026-01-11T20:32:25.734000+00:00,false,0,Animal Battle Stats,1446203750204047426
1460007224964546682,,,,,,true,,0000,0,,1446203750204047426,,0,Animal Battle Stats,,1446204139909550150,,,2026-01-11T20:27:28.054Z,,4491519,0,,true,Visitor,RamiNoodle733,true,🌐 Location,"Sugar Land, TX, US",,,,,,,2026-01-11T20:27:27.741000+00:00,👀 Site Visit,rich,0,,,false,,,,false,,,,,,,,,2026-01-11T20:27:28.054000+00:00,false,0,Animal Battle Stats,1446203750204047426
1460007223119053023,,,,,,true,,0000,0,,1446203750204047426,,0,Animal Battle Stats,,1446204139909550150,,,2026-01-11T20:27:27.614Z,,6710886,0,,true,User,RamiNoodle733,true,🌐 Location,"Sugar Land, TX, US",,,,,,,2026-01-11T20:27:26.626000+00:00,👋 User Left Site,rich,0,,,false,,,,false,,,,,,,,,2026-01-11T20:27:27.614000+00:00,false,0,Animal Battle Stats,1446203750204047426
1460005589827584152,,,,,,true,,0000,0,,1446203750204047426,,0,Animal Battle Stats,,1446204139909550150,,,2026-01-11T20:20:58.207Z,,4491519,0,,true,Visitor,Anonymous,true,🌐 Location,"Hackensack, NJ, US",,,,,,,2026-01-11T20:20:57.849000+00:00,👀 Site Visit,rich,0,,,false,,,,false,,,,,,,,,2026-01-11T20:20:58.207000+00:00,false,0,Animal Battle Stats,1446203750204047426
1460005413708763156,,,,,,true,,0000,0,,1446203750204047426,,0,Animal Battle Stats,,1446204139909550150,,,2026-01-11T20:20:16.217Z,,4491519,0,,true,Visitor,RamiNoodle733,true,🌐 Location,"Sugar Land, TX, US",,,,,,,2026-01-11T20:20:15.904000+00:00,👀 Site Visit,rich,0,,,false,,,,false,,,,,,,,,2026-01-11T20:20:16.217000+00:00,false,0,Animal Battle Stats,1446203750204047426
1460005411666268451,,,,,,true,,0000,0,,1446203750204047426,,0,Animal Battle Stats,,1446204139909550150,,,2026-01-11T20:20:15.730Z,,6710886,0,,true,User,RamiNoodle733,true,🌐 Location,"Sugar Land, TX, US",,,,,,,2026-01-11T20:20:14.277000+00:00,👋 User Left Site,rich,0,,,false,,,,false,,,,,,,,,2026-01-11T20:20:15.730000+00:00,false,0,Animal Battle Stats,1446203750204047426
1460003946595614901,,,,,,true,,0000,0,,1446203750204047426,,0,Animal Battle Stats,,1446204139909550150,,,2026-01-11T20:14:26.430Z,,4491519,0,,true,Visitor,RamiNoodle733,true,🌐 Location,"Sugar Land, TX, US",,,,,,,2026-01-11T20:14:26.046000+00:00,👀 Site Visit,rich,0,,,false,,,,false,,,,,,,,,2026-01-11T20:14:26.430000+00:00,false,0,Animal Battle Stats,1446203750204047426
1460003945136259263,,,,,,true,,0000,0,,1446203750204047426,,0,Animal Battle Stats,,1446204139909550150,,,2026-01-11T20:14:26.082Z,,6710886,0,,true,User,RamiNoodle733,true,🌐 Location,"Sugar Land, TX, US",,,,,,,2026-01-11T20:14:24.878000+00:00,👋 User Left Site,rich,0,,,false,,,,false,,,,,,,,,2026-01-11T20:14:26.082000+00:00,false,0,Animal Battle Stats,1446203750204047426
1460003880635990028,,,,,,true,,0000,0,,1446203750204047426,,0,Animal Battle Stats,,1446204139909550150,,,2026-01-11T20:14:10.704Z,,4491519,0,,true,Visitor,RamiNoodle733,true,🌐 Location,"Sugar Land, TX, US",,,,,,,2026-01-11T20:14:10.457000+00:00,👀 Site Visit,rich,0,,,false,,,,false,,,,,,,,,2026-01-11T20:14:10.704000+00:00,false,0,Animal Battle Stats,1446203750204047426
1460003878924718130,,,,,,true,,0000,0,,1446203750204047426,,0,Animal Battle Stats,,1446204139909550150,,,2026-01-11T20:14:10.296Z,,6710886,0,,true,User,RamiNoodle733,true,🌐 Location,"Sugar Land, TX, US",,,,,,,2026-01-11T20:14:09.293000+00:00,👋 User Left Site,rich,0,,,false,,,,false,,,,,,,,,2026-01-11T20:14:10.296000+00:00,false,0,Animal Battle Stats,1446203750204047426
1460001127755026513,,,,,,true,,0000,0,,1446203750204047426,,0,Animal Battle Stats,,1446204139909550150,,,2026-01-11T20:03:14.366Z,,16739072,0,,false,Matchup,Sloth Bear vs Sun Bear,true,User,Anonymous,true,🌐 Location,"Hackensack, NJ, US",,,,2026-01-11T20:03:14.082000+00:00,⚔️ Battle Comparison,rich,0,,,false,,,,false,,,,,,,,,2026-01-11T20:03:14.366000+00:00,false,0,Animal Battle Stats,1446203750204047426
1460001054581063731,,,,,,true,,0000,0,,1446203750204047426,,0,Animal Battle Stats,,1446204139909550150,,,2026-01-11T20:02:56.920Z,,4491519,0,,true,Visitor,Anonymous,true,🌐 Location,"Hackensack, NJ, US",,,,,,,2026-01-11T20:02:56.647000+00:00,👀 Site Visit,rich,0,,,false,,,,false,,,,,,,,,2026-01-11T20:02:56.920000+00:00,false,0,Animal Battle Stats,1446203750204047426
1460000896619647086,,,,,,true,,0000,0,,1446203750204047426,,0,Animal Battle Stats,,1446204139909550150,,,2026-01-11T20:02:19.259Z,,16739072,0,,false,Matchup,African Elephant vs Orca,true,User,RamiNoodle733,true,🌐 Location,"Sugar Land, TX, US",,,,2026-01-11T20:02:18.970000+00:00,⚔️ Battle Comparison,rich,0,,,false,,,,false,,,,,,,,,2026-01-11T20:02:19.259000+00:00,false,0,Animal Battle Stats,1446203750204047426
1460000351708254333,,,,,,true,,0000,0,,1446203750204047426,,0,Animal Battle Stats,,1446204139909550150,,,2026-01-11T20:00:09.342Z,,16739072,0,,false,Matchup,Grizzly Bear vs Polar Bear,true,User,Anonymous,true,🌐 Location,"Hackensack, NJ, US",,,,2026-01-11T20:00:08.959000+00:00,⚔️ Battle Comparison,rich,0,,,false,,,,false,,,,,,,,,2026-01-11T20:00:09.342000+00:00,false,0,Animal Battle Stats,1446203750204047426
1460000167943082034,,,,,,true,,0000,0,,1446203750204047426,,0,Animal Battle Stats,,1446204139909550150,,,2026-01-11T19:59:25.529Z,,4491519,0,,true,Visitor,RamiNoodle733,true,🌐 Location,"Sugar Land, TX, US",,,,,,,2026-01-11T19:59:25.270000+00:00,👀 Site Visit,rich,0,,,false,,,,false,,,,,,,,,2026-01-11T19:59:25.529000+00:00,false,0,Animal Battle Stats,1446203750204047426
1460000165917098109,,,,,,true,,0000,0,,1446203750204047426,,0,Animal Battle Stats,,1446204139909550150,,,2026-01-11T19:59:25.046Z,,6710886,0,,true,User,RamiNoodle733,true,🌐 Location,"Sugar Land, TX, US",,,,,,,2026-01-11T19:59:24.791000+00:00,👋 User Left Site,rich,0,,,false,,,,false,,,,,,,,,2026-01-11T19:59:25.046000+00:00,false,0,Animal Battle Stats,1446203750204047426
1460000153011228693,,,,,,true,,0000,0,,1446203750204047426,,0,Animal Battle Stats,,1446204139909550150,,,2026-01-11T19:59:21.969Z,,4491519,0,,true,Visitor,RamiNoodle733,true,🌐 Location,"Sugar Land, TX, US",,,,,,,2026-01-11T19:59:21.669000+00:00,👀 Site Visit,rich,0,,,false,,,,false,,,,,,,,,2026-01-11T19:59:21.969000+00:00,false,0,Animal Battle Stats,1446203750204047426
1460000150771728526,,,,,,true,,0000,0,,1446203750204047426,,0,Animal Battle Stats,,1446204139909550150,,,2026-01-11T19:59:21.435Z,,6710886,0,,true,User,RamiNoodle733,true,🌐 Location,"Sugar Land, TX, US",,,,,,,2026-01-11T19:59:21.181000+00:00,👋 User Left Site,rich,0,,,false,,,,false,,,,,,,,,2026-01-11T19:59:21.435000+00:00,false,0,Animal Battle Stats,1446203750204047426
1460000143850995886,,,,,,true,,0000,0,,1446203750204047426,,0,Animal Battle Stats,,1446204139909550150,,,2026-01-11T19:59:19.785Z,,4491519,0,,true,Visitor,Anonymous,true,🌐 Location,"Santa Clara, CA, US",,,,,,,2026-01-11T19:59:19.429000+00:00,👀 Site Visit,rich,0,,,false,,,,false,,,,,,,,,2026-01-11T19:59:19.785000+00:00,false,0,Animal Battle Stats,1446203750204047426
1460000139832987815,,,,,,true,,0000,0,,1446203750204047426,,0,Animal Battle Stats,,1446204139909550150,,,2026-01-11T19:59:18.827Z,,4491519,0,,true,Visitor,RamiNoodle733,true,🌐 Location,"Sugar Land, TX, US",,,,,,,2026-01-11T19:59:18.522000+00:00,👀 Site Visit,rich,0,,,false,,,,false,,,,,,,,,2026-01-11T19:59:18.827000+00:00,false,0,Animal Battle Stats,1446203750204047426
1460000136523419763,,,,,,true,,0000,0,,1446203750204047426,,0,Animal Battle Stats,,1446204139909550150,,,2026-01-11T19:59:18.038Z,,6710886,0,,true,User,RamiNoodle733,true,🌐 Location,"Sugar Land, TX, US",,,,,,,2026-01-11T19:59:17.382000+00:00,👋 User Left Site,rich,0,,,false,,,,false,,,,,,,,,2026-01-11T19:59:18.038000+00:00,false,0,Animal Battle Stats,1446203750204047426
1460000066218758246,,,,,,true,,0000,0,,1446203750204047426,,0,Animal Battle Stats,,1446204139909550150,,,2026-01-11T19:59:01.276Z,,4491519,0,,true,Visitor,RamiNoodle733,true,🌐 Location,"Sugar Land, TX, US",,,,,,,2026-01-11T19:59:00.965000+00:00,👀 Site Visit,rich,0,,,false,,,,false,,,,,,,,,2026-01-11T19:59:01.276000+00:00,false,0,Animal Battle Stats,1446203750204047426
1460000065534951505,,,,,,true,,0000,0,,1446203750204047426,,0,Animal Battle Stats,,1446204139909550150,,,2026-01-11T19:59:01.113Z,,6710886,0,,true,User,RamiNoodle733,true,🌐 Location,"Sugar Land, TX, US",,,,,,,2026-01-11T19:58:57.949000+00:00,👋 User Left Site,rich,0,,,false,,,,false,,,,,,,,,2026-01-11T19:59:01.113000+00:00,false,0,Animal Battle Stats,1446203750204047426
1460000013529776128,,,,,,true,,0000,0,,1446203750204047426,,0,Animal Battle Stats,,1446204139909550150,,,2026-01-11T19:58:48.714Z,,4491519,0,,true,Visitor,Anonymous,true,🌐 Location,"Hackensack, NJ, US",,,,,,,2026-01-11T19:58:48.460000+00:00,👀 Site Visit,rich,0,,,false,,,,false,,,,,,,,,2026-01-11T19:58:48.714000+00:00,false,0,Animal Battle Stats,1446203750204047426
1459999954331238636,,,,,,true,,0000,0,,1446203750204047426,,0,Animal Battle Stats,,1446204139909550150,,,2026-01-11T19:58:34.600Z,,4491519,0,,true,Visitor,RamiNoodle733,true,🌐 Location,"Sugar Land, TX, US",,,,,,,2026-01-11T19:58:34.298000+00:00,👀 Site Visit,rich,0,,,false,,,,false,,,,,,,,,2026-01-11T19:58:34.600000+00:00,false,0,Animal Battle Stats,1446203750204047426
1459999952137752758,,,,,,true,,0000,0,,1446203750204047426,,0,Animal Battle Stats,,1446204139909550150,,,2026-01-11T19:58:34.077Z,,6710886,0,,true,User,RamiNoodle733,true,🌐 Location,"Sugar Land, TX, US",,,,,,,2026-01-11T19:58:32.320000+00:00,👋 User Left Site,rich,0,,,false,,,,false,,,,,,,,,2026-01-11T19:58:34.077000+00:00,false,0,Animal Battle Stats,1446203750204047426
1459998577110552821,,,,,,true,,0000,0,,1446203750204047426,,0,Animal Battle Stats,,1446204139909550150,,,2026-01-11T19:53:06.245Z,,16739072,0,,false,Matchup,Rhinoceros vs Hippopotamus,true,User,Anonymous,true,🌐 Location,"Hackensack, NJ, US",,,,2026-01-11T19:53:05.821000+00:00,⚔️ Battle Comparison,rich,0,,,false,,,,false,,,,,,,,,2026-01-11T19:53:06.245000+00:00,false,0,Animal Battle Stats,1446203750204047426
1459998021277323542,,,,,,true,,0000,0,,1446203750204047426,,0,Animal Battle Stats,,1446204139909550150,,,2026-01-11T19:50:53.724Z,,16739072,0,,false,Matchup,Rhinoceros vs Hippopotamus,true,User,Anonymous,true,🌐 Location,"Hackensack, NJ, US",,,,2026-01-11T19:50:53.418000+00:00,⚔️ Battle Comparison,rich,0,,,false,,,,false,,,,,,,,,2026-01-11T19:50:53.724000+00:00,false,0,Animal Battle Stats,1446203750204047426
1459997946040025323,,,,,,true,,0000,0,,1446203750204047426,,0,Animal Battle Stats,,1446204139909550150,,,2026-01-11T19:50:35.786Z,,16739072,0,,false,Matchup,African Elephant vs Rhinoceros,true,User,Anonymous,true,🌐 Location,"Hackensack, NJ, US",,,,2026-01-11T19:50:35.386000+00:00,⚔️ Battle Comparison,rich,0,,,false,,,,false,,,,,,,,,2026-01-11T19:50:35.786000+00:00,false,0,Animal Battle Stats,1446203750204047426
1459997844353319024,,,,,,true,,0000,0,,1446203750204047426,,0,Animal Battle Stats,,1446204139909550150,,,2026-01-11T19:50:11.542Z,,16739072,0,,false,Matchup,Fennec Fox vs Arctic Fox,true,User,Anonymous,true,🌐 Location,"Hackensack, NJ, US",,,,2026-01-11T19:50:11.253000+00:00,⚔️ Battle Comparison,rich,0,,,false,,,,false,,,,,,,,,2026-01-11T19:50:11.542000+00:00,false,0,Animal Battle Stats,1446203750204047426
1459997529683923173,,,,,,true,,0000,0,,1446203750204047426,,0,Animal Battle Stats,,1446204139909550150,,,2026-01-11T19:48:56.519Z,,16739072,0,,false,Matchup,Hippopotamus vs African Lion,true,User,Anonymous,true,🌐 Location,"Hackensack, NJ, US",,,,2026-01-11T19:48:56.133000+00:00,⚔️ Battle Comparison,rich,0,,,false,,,,false,,,,,,,,,2026-01-11T19:48:56.519000+00:00,false,0,Animal Battle Stats,1446203750204047426
1459993819796869181,,,,,,true,,0000,0,,1446203750204047426,,0,Animal Battle Stats,,1446204139909550150,,,2026-01-11T19:34:12.013Z,,16739072,0,,false,Matchup,Rhinoceros vs Orca,true,User,RamiNoodle733,true,🌐 Location,"Sugar Land, TX, US",,,,2026-01-11T19:34:11.499000+00:00,⚔️ Battle Comparison,rich,0,,,false,,,,false,,,,,,,,,2026-01-11T19:34:12.013000+00:00,false,0,Animal Battle Stats,1446203750204047426
1459985833883996316,,,,,,true,,0000,0,,1446203750204047426,,0,Animal Battle Stats,,1446204139909550150,,,2026-01-11T19:02:28.023Z,,4491519,0,,true,Visitor,RamiNoodle733,true,🌐 Location,"Sugar Land, TX, US",,,,,,,2026-01-11T19:02:27.586000+00:00,👀 Site Visit,rich,0,,,false,,,,false,,,,,,,,,2026-01-11T19:02:28.023000+00:00,false,0,Animal Battle Stats,1446203750204047426
1459985831933513728,,,,,,true,,0000,0,,1446203750204047426,,0,Animal Battle Stats,,1446204139909550150,,,2026-01-11T19:02:27.558Z,,6710886,0,,true,User,RamiNoodle733,true,🌐 Location,"Sugar Land, TX, US",,,,,,,2026-01-11T19:02:25.541000+00:00,👋 User Left Site,rich,0,,,false,,,,false,,,,,,,,,2026-01-11T19:02:27.558000+00:00,false,0,Animal Battle Stats,1446203750204047426
1459985681437688051,,,,,,true,,0000,0,,1446203750204047426,,0,Animal Battle Stats,,1446204139909550150,,,2026-01-11T19:01:51.677Z,,4491519,0,,true,Visitor,RamiNoodle733,true,🌐 Location,"Sugar Land, TX, US",,,,,,,2026-01-11T19:01:51.341000+00:00,👀 Site Visit,rich,0,,,false,,,,false,,,,,,,,,2026-01-11T19:01:51.677000+00:00,false,0,Animal Battle Stats,1446203750204047426
1459985679248392356,,,,,,true,,0000,0,,1446203750204047426,,0,Animal Battle Stats,,1446204139909550150,,,2026-01-11T19:01:51.155Z,,6710886,0,,true,User,RamiNoodle733,true,🌐 Location,"Sugar Land, TX, US",,,,,,,2026-01-11T19:01:49.923000+00:00,👋 User Left Site,rich,0,,,false,,,,false,,,,,,,,,2026-01-11T19:01:51.155000+00:00,false,0,Animal Battle Stats,1446203750204047426
1459981937723838586,,,,,,true,,0000,0,,1446203750204047426,,0,Animal Battle Stats,,1446204139909550150,,,2026-01-11T18:46:59.106Z,,4491519,0,,true,Visitor,RamiNoodle733,true,🌐 Location,"Sugar Land, TX, US",,,,,,,2026-01-11T18:46:58.792000+00:00,👀 Site Visit,rich,0,,,false,,,,false,,,,,,,,,2026-01-11T18:46:59.106000+00:00,false,0,Animal Battle Stats,1446203750204047426
1459981935651717231,,,,,,true,,0000,0,,1446203750204047426,,0,Animal Battle Stats,,1446204139909550150,,,2026-01-11T18:46:58.612Z,,6710886,0,,true,User,RamiNoodle733,true,🌐 Location,"Sugar Land, TX, US",,,,,,,2026-01-11T18:46:58.286000+00:00,👋 User Left Site,rich,0,,,false,,,,false,,,,,,,,,2026-01-11T18:46:58.612000+00:00,false,0,Animal Battle Stats,1446203750204047426
1459981818399949008,,,,,,true,,0000,0,,1446203750204047426,,0,Animal Battle Stats,,1446204139909550150,,,2026-01-11T18:46:30.657Z,,4491519,0,,true,Visitor,RamiNoodle733,true,🌐 Location,"Sugar Land, TX, US",,,,,,,2026-01-11T18:46:30.368000+00:00,👀 Site Visit,rich,0,,,false,,,,false,,,,,,,,,2026-01-11T18:46:30.657000+00:00,false,0,Animal Battle Stats,1446203750204047426
1459981812657815675,,,,,,true,,0000,0,,1446203750204047426,,0,Animal Battle Stats,,1446204139909550150,,,2026-01-11T18:46:29.288Z,,6710886,0,,true,User,RamiNoodle733,true,🌐 Location,"Sugar Land, TX, US",,,,,,,2026-01-11T18:46:28.918000+00:00,👋 User Left Site,rich,0,,,false,,,,false,,,,,,,,,2026-01-11T18:46:29.288000+00:00,false,0,Animal Battle Stats,1446203750204047426
1459981784010854531,,,,,,true,,0000,0,,1446203750204047426,,0,Animal Battle Stats,,1446204139909550150,,,2026-01-11T18:46:22.458Z,,4491519,0,,true,Visitor,RamiNoodle733,true,🌐 Location,"Sugar Land, TX, US",,,,,,,2026-01-11T18:46:22.113000+00:00,👀 Site Visit,rich,0,,,false,,,,false,,,,,,,,,2026-01-11T18:46:22.458000+00:00,false,0,Animal Battle Stats,1446203750204047426
1459981779128684726,,,,,,true,,0000,0,,1446203750204047426,,0,Animal Battle Stats,,1446204139909550150,,,2026-01-11T18:46:21.294Z,,6710886,0,,true,User,RamiNoodle733,true,🌐 Location,"Sugar Land, TX, US",,,,,,,2026-01-11T18:46:21.018000+00:00,👋 User Left Site,rich,0,,,false,,,,false,,,,,,,,,2026-01-11T18:46:21.294000+00:00,false,0,Animal Battle Stats,1446203750204047426
1459981741514293393,,,,,,true,,0000,0,,1446203750204047426,,0,Animal Battle Stats,,1446204139909550150,,,2026-01-11T18:46:12.326Z,,4491519,0,,true,Visitor,RamiNoodle733,true,🌐 Location,"Sugar Land, TX, US",,,,,,,2026-01-11T18:46:12.044000+00:00,👀 Site Visit,rich,0,,,false,,,,false,,,,,,,,,2026-01-11T18:46:12.326000+00:00,false,0,Animal Battle Stats,1446203750204047426
1459981736950759559,,,,,,true,,0000,0,,1446203750204047426,,0,Animal Battle Stats,,1446204139909550150,,,2026-01-11T18:46:11.238Z,,6710886,0,,true,User,RamiNoodle733,true,🌐 Location,"Sugar Land, TX, US",,,,,,,2026-01-11T18:46:10.936000+00:00,👋 User Left Site,rich,0,,,false,,,,false,,,,,,,,,2026-01-11T18:46:11.238000+00:00,false,0,Animal Battle Stats,1446203750204047426
1459981721155141632,,,,,,true,,0000,0,,1446203750204047426,,0,Animal Battle Stats,,1446204139909550150,,,2026-01-11T18:46:07.472Z,,4491519,0,,true,Visitor,RamiNoodle733,true,🌐 Location,"Sugar Land, TX, US",,,,,,,2026-01-11T18:46:07.141000+00:00,👀 Site Visit,rich,0,,,false,,,,false,,,,,,,,,2026-01-11T18:46:07.472000+00:00,false,0,Animal Battle Stats,1446203750204047426
1459981718990618837,,,,,,true,,0000,0,,1446203750204047426,,0,Animal Battle Stats,,1446204139909550150,,,2026-01-11T18:46:06.956Z,,6710886,0,,true,User,RamiNoodle733,true,🌐 Location,"Sugar Land, TX, US",,,,,,,2026-01-11T18:46:06+00:00,👋 User Left Site,rich,0,,,false,,,,false,,,,,,,,,2026-01-11T18:46:06.956000+00:00,false,0,Animal Battle Stats,1446203750204047426
1459976996640657502,,,,,,true,,0000,0,,1446203750204047426,,0,Animal Battle Stats,,1446204139909550150,,,2026-01-11T18:27:21.060Z,,4491519,0,,true,Visitor,RamiNoodle733,true,🌐 Location,"Sugar Land, TX, US",,,,,,,2026-01-11T18:27:20.791000+00:00,👀 Site Visit,rich,0,,,false,,,,false,,,,,,,,,2026-01-11T18:27:21.060000+00:00,false,0,Animal Battle Stats,1446203750204047426
1459976960288755865,,,,,,true,,0000,0,,1446203750204047426,,0,Animal Battle Stats,,1446204139909550150,,,2026-01-11T18:27:12.393Z,,6710886,0,,true,User,RamiNoodle733,true,🌐 Location,"Sugar Land, TX, US",,,,,,,2026-01-11T18:27:11.923000+00:00,👋 User Left Site,rich,0,,,false,,,,false,,,,,,,,,2026-01-11T18:27:12.393000+00:00,false,0,Animal Battle Stats,1446203750204047426
1459976261307990026,,,,,,true,,0000,0,,1446203750204047426,,0,Animal Battle Stats,,1446204139909550150,,,2026-01-11T18:24:25.743Z,,4491519,0,,true,Visitor,RamiNoodle733,true,🌐 Location,"Sugar Land, TX, US",,,,,,,2026-01-11T18:24:25.485000+00:00,👀 Site Visit,rich,0,,,false,,,,false,,,,,,,,,2026-01-11T18:24:25.743000+00:00,false,0,Animal Battle Stats,1446203750204047426
1459976259051454488,,,,,,true,,0000,0,,1446203750204047426,,0,Animal Battle Stats,,1446204139909550150,,,2026-01-11T18:24:25.205Z,,6710886,0,,true,User,RamiNoodle733,true,🌐 Location,"Sugar Land, TX, US",,,,,,,2026-01-11T18:24:24.936000+00:00,👋 User Left Site,rich,0,,,false,,,,false,,,,,,,,,2026-01-11T18:24:25.205000+00:00,false,0,Animal Battle Stats,1446203750204047426
1459975722775875756,,,,,,true,,0000,0,,1446203750204047426,,0,Animal Battle Stats,,1446204139909550150,,,2026-01-11T18:22:17.347Z,,16739072,0,,false,Matchup,Koala vs Sloth,true,User,Anonymous,true,🌐 Location,"Hackensack, NJ, US",,,,2026-01-11T18:22:17.109000+00:00,⚔️ Battle Comparison,rich,0,,,false,,,,false,,,,,,,,,2026-01-11T18:22:17.347000+00:00,false,0,Animal Battle Stats,1446203750204047426
1459975327504666800,,,,,,true,,0000,0,,1446203750204047426,,0,Animal Battle Stats,,1446204139909550150,,,2026-01-11T18:20:43.107Z,,16739072,0,,false,Matchup,Koala vs Kiwi,true,User,Anonymous,true,🌐 Location,"Hackensack, NJ, US",,,,2026-01-11T18:20:42.794000+00:00,⚔️ Battle Comparison,rich,0,,,false,,,,false,,,,,,,,,2026-01-11T18:20:43.107000+00:00,false,0,Animal Battle Stats,1446203750204047426
1459975098487406888,,,,,,true,,0000,0,,1446203750204047426,,0,Animal Battle Stats,,1446204139909550150,,,2026-01-11T18:19:48.505Z,,4491519,0,,true,Visitor,RamiNoodle733,true,🌐 Location,"Sugar Land, TX, US",,,,,,,2026-01-11T18:19:48.255000+00:00,👀 Site Visit,rich,0,,,false,,,,false,,,,,,,,,2026-01-11T18:19:48.505000+00:00,false,0,Animal Battle Stats,1446203750204047426
1459975092363591731,,,,,,true,,0000,0,,1446203750204047426,,0,Animal Battle Stats,,1446204139909550150,,,2026-01-11T18:19:47.045Z,,6710886,0,,true,User,RamiNoodle733,true,🌐 Location,"Sugar Land, TX, US",,,,,,,2026-01-11T18:19:46.785000+00:00,👋 User Left Site,rich,0,,,false,,,,false,,,,,,,,,2026-01-11T18:19:47.045000+00:00,false,0,Animal Battle Stats,1446203750204047426
1459975075255156971,,,,,,true,,0000,0,,1446203750204047426,,0,Animal Battle Stats,,1446204139909550150,,,2026-01-11T18:19:42.966Z,,4491519,0,,true,Visitor,RamiNoodle733,true,🌐 Location,"Sugar Land, TX, US",,,,,,,2026-01-11T18:19:42.670000+00:00,👀 Site Visit,rich,0,,,false,,,,false,,,,,,,,,2026-01-11T18:19:42.966000+00:00,false,0,Animal Battle Stats,1446203750204047426
1459975072612745247,,,,,,true,,0000,0,,1446203750204047426,,0,Animal Battle Stats,,1446204139909550150,,,2026-01-11T18:19:42.336Z,,6710886,0,,true,User,RamiNoodle733,true,🌐 Location,"Sugar Land, TX, US",,,,,,,2026-01-11T18:19:40.736000+00:00,👋 User Left Site,rich,0,,,false,,,,false,,,,,,,,,2026-01-11T18:19:42.336000+00:00,false,0,Animal Battle Stats,1446203750204047426
1459975040509415425,,,,,,true,,0000,0,,1446203750204047426,,0,Animal Battle Stats,,1446204139909550150,,,2026-01-11T18:19:34.682Z,,16739072,0,,false,Matchup,Saltwater Crocodile vs Alligator,true,User,Anonymous,true,🌐 Location,"Hackensack, NJ, US",,,,2026-01-11T18:19:34.333000+00:00,⚔️ Battle Comparison,rich,0,,,false,,,,false,,,,,,,,,2026-01-11T18:19:34.682000+00:00,false,0,Animal Battle Stats,1446203750204047426
1459975003796930709,,,,,,true,,0000,0,,1446203750204047426,,0,Animal Battle Stats,,1446204139909550150,,,2026-01-11T18:19:25.929Z,,16739072,0,,false,Matchup,Reticulated Python vs Alligator,true,User,Anonymous,true,🌐 Location,"Hackensack, NJ, US",,,,2026-01-11T18:19:25.476000+00:00,⚔️ Battle Comparison,rich,0,,,false,,,,false,,,,,,,,,2026-01-11T18:19:25.929000+00:00,false,0,Animal Battle Stats,1446203750204047426
1459974737680662748,,,,,,true,,0000,0,,1446203750204047426,,0,Animal Battle Stats,,1446204139909550150,,,2026-01-11T18:18:22.482Z,,16739072,0,,false,Matchup,Pufferfish vs Ferret,true,User,Anonymous,true,🌐 Location,"Hackensack, NJ, US",,,,2026-01-11T18:18:22.282000+00:00,⚔️ Battle Comparison,rich,0,,,false,,,,false,,,,,,,,,2026-01-11T18:18:22.482000+00:00,false,0,Animal Battle Stats,1446203750204047426
1459974661189402790,,,,,,true,,0000,0,,1446203750204047426,,0,Animal Battle Stats,,1446204139909550150,,,2026-01-11T18:18:04.245Z,,16739072,0,,false,Matchup,Fennec Fox vs Giraffe,true,User,Anonymous,true,🌐 Location,"Hackensack, NJ, US",,,,2026-01-11T18:18:03.950000+00:00,⚔️ Battle Comparison,rich,0,,,false,,,,false,,,,,,,,,2026-01-11T18:18:04.245000+00:00,false,0,Animal Battle Stats,1446203750204047426
1459974528527765536,,,,,,true,,0000,0,,1446203750204047426,,0,Animal Battle Stats,,1446204139909550150,,,2026-01-11T18:17:32.616Z,,16739072,0,,false,Matchup,Fennec Fox vs Giraffe,true,User,Anonymous,true,🌐 Location,"Hackensack, NJ, US",,,,2026-01-11T18:17:32.394000+00:00,⚔️ Battle Comparison,rich,0,,,false,,,,false,,,,,,,,,2026-01-11T18:17:32.616000+00:00,false,0,Animal Battle Stats,1446203750204047426
1459974468007887035,,,,,,true,,0000,0,,1446203750204047426,,0,Animal Battle Stats,,1446204139909550150,,,2026-01-11T18:17:18.187Z,,16739072,0,,false,Matchup,Stoat vs Ferret,true,User,Anonymous,true,🌐 Location,"Hackensack, NJ, US",,,,2026-01-11T18:17:17.833000+00:00,⚔️ Battle Comparison,rich,0,,,false,,,,false,,,,,,,,,2026-01-11T18:17:18.187000+00:00,false,0,Animal Battle Stats,1446203750204047426
1459974316426002626,,,,,,true,,0000,0,,1446203750204047426,,0,Animal Battle Stats,,1446204139909550150,,,2026-01-11T18:16:42.047Z,,16739072,0,,false,Matchup,Narwhal vs Emu,true,User,Anonymous,true,🌐 Location,"Hackensack, NJ, US",,,,2026-01-11T18:16:41.784000+00:00,⚔️ Battle Comparison,rich,0,,,false,,,,false,,,,,,,,,2026-01-11T18:16:42.047000+00:00,false,0,Animal Battle Stats,1446203750204047426
1459974221739593790,,,,,,true,,0000,0,,1446203750204047426,,0,Animal Battle Stats,,1446204139909550150,,,2026-01-11T18:16:19.472Z,,16739072,0,,false,Matchup,Narwhal vs Narwhal,true,User,Anonymous,true,🌐 Location,"Hackensack, NJ, US",,,,2026-01-11T18:16:19.146000+00:00,⚔️ Battle Comparison,rich,0,,,false,,,,false,,,,,,,,,2026-01-11T18:16:19.472000+00:00,false,0,Animal Battle Stats,1446203750204047426
1459974037148008634,,,,,,true,,0000,0,,1446203750204047426,,0,Animal Battle Stats,,1446204139909550150,,,2026-01-11T18:15:35.462Z,,16739072,0,,false,Matchup,Siberian Tiger vs Gorilla,true,User,Anonymous,true,🌐 Location,"Hackensack, NJ, US",,,,2026-01-11T18:15:35.121000+00:00,⚔️ Battle Comparison,rich,0,,,false,,,,false,,,,,,,,,2026-01-11T18:15:35.462000+00:00,false,0,Animal Battle Stats,1446203750204047426
1459973814153908447,,,,,,true,,0000,0,,1446203750204047426,,0,Animal Battle Stats,,1446204139909550150,,,2026-01-11T18:14:42.296Z,,16739072,0,,false,Matchup,Orangutan vs Black Bear,true,User,Anonymous,true,🌐 Location,"Hackensack, NJ, US",,,,2026-01-11T18:14:41.899000+00:00,⚔️ Battle Comparison,rich,0,,,false,,,,false,,,,,,,,,2026-01-11T18:14:42.296000+00:00,false,0,Animal Battle Stats,1446203750204047426
1459973610432233512,,,,,,true,,0000,0,,1446203750204047426,,0,Animal Battle Stats,,1446204139909550150,,,2026-01-11T18:13:53.725Z,,16739072,0,,false,Matchup,Praying Mantis vs Hornet,true,User,Anonymous,true,🌐 Location,"Hackensack, NJ, US",,,,2026-01-11T18:13:53.419000+00:00,⚔️ Battle Comparison,rich,0,,,false,,,,false,,,,,,,,,2026-01-11T18:13:53.725000+00:00,false,0,Animal Battle Stats,1446203750204047426
1459973376436076827,,,,,,true,,0000,0,,1446203750204047426,,0,Animal Battle Stats,,1446204139909550150,,,2026-01-11T18:12:57.936Z,,16739072,0,,false,Matchup,Galapagos Tortoise vs Platypus,true,User,Anonymous,true,🌐 Location,"Hackensack, NJ, US",,,,2026-01-11T18:12:57.749000+00:00,⚔️ Battle Comparison,rich,0,,,false,,,,false,,,,,,,,,2026-01-11T18:12:57.936000+00:00,false,0,Animal Battle Stats,1446203750204047426
1459973137302032404,,,,,,true,,0000,0,,1446203750204047426,,0,Animal Battle Stats,,1446204139909550150,,,2026-01-11T18:12:00.922Z,,16739072,0,,false,Matchup,Galapagos Tortoise vs Cheetah,true,User,Anonymous,true,🌐 Location,"Hackensack, NJ, US",,,,2026-01-11T18:12:00.656000+00:00,⚔️ Battle Comparison,rich,0,,,false,,,,false,,,,,,,,,2026-01-11T18:12:00.922000+00:00,false,0,Animal Battle Stats,1446203750204047426
1459973088723603589,,,,,,true,,0000,0,,1446203750204047426,,0,Animal Battle Stats,,1446204139909550150,,,2026-01-11T18:11:49.340Z,,16739072,0,,false,Matchup,Galapagos Tortoise vs Siberian Tiger,true,User,Anonymous,true,🌐 Location,"Hackensack, NJ, US",,,,2026-01-11T18:11:49.004000+00:00,⚔️ Battle Comparison,rich,0,,,false,,,,false,,,,,,,,,2026-01-11T18:11:49.340000+00:00,false,0,Animal Battle Stats,1446203750204047426
1459972868552130590,,,,,,true,,0000,0,,1446203750204047426,,0,Animal Battle Stats,,1446204139909550150,,,2026-01-11T18:10:56.847Z,,16739072,0,,false,Matchup,Galapagos Tortoise vs Goliath Birdeater,true,User,Anonymous,true,🌐 Location,"Hackensack, NJ, US",,,,2026-01-11T18:10:56.569000+00:00,⚔️ Battle Comparison,rich,0,,,false,,,,false,,,,,,,,,2026-01-11T18:10:56.847000+00:00,false,0,Animal Battle Stats,1446203750204047426
1459971880411725824,,,,,,true,,0000,0,,1446203750204047426,,0,Animal Battle Stats,,1446204139909550150,,,2026-01-11T18:07:01.256Z,,16739072,0,,false,Matchup,African Elephant vs Hippopotamus,true,User,Anonymous,true,🌐 Location,"Hackensack, NJ, US",,,,2026-01-11T18:07:00.674000+00:00,⚔️ Battle Comparison,rich,0,,,false,,,,false,,,,,,,,,2026-01-11T18:07:01.256000+00:00,false,0,Animal Battle Stats,1446203750204047426
1459971767429763124,,,,,,true,,0000,0,,1446203750204047426,,0,Animal Battle Stats,,1446204139909550150,,,2026-01-11T18:06:34.319Z,,16739072,0,,false,Matchup,Grizzly Bear vs Gray Wolf,true,User,Anonymous,true,🌐 Location,"Hackensack, NJ, US",,,,2026-01-11T18:06:34.052000+00:00,⚔️ Battle Comparison,rich,0,,,false,,,,false,,,,,,,,,2026-01-11T18:06:34.319000+00:00,false,0,Animal Battle Stats,1446203750204047426
1459971653890216148,,,,,,true,,0000,0,,1446203750204047426,,0,Animal Battle Stats,,1446204139909550150,,,2026-01-11T18:06:07.249Z,,16739072,0,,false,Matchup,Goliath Birdeater vs Gray Wolf,true,User,Anonymous,true,🌐 Location,"Hackensack, NJ, US",,,,2026-01-11T18:06:06.945000+00:00,⚔️ Battle Comparison,rich,0,,,false,,,,false,,,,,,,,,2026-01-11T18:06:07.249000+00:00,false,0,Animal Battle Stats,1446203750204047426
1459971484423295152,,,,,,true,,0000,0,,1446203750204047426,,0,Animal Battle Stats,,1446204139909550150,,,2026-01-11T18:05:26.845Z,,16739072,0,,false,Matchup,Goliath Birdeater vs Giraffe,true,User,Anonymous,true,🌐 Location,"Hackensack, NJ, US",,,,2026-01-11T18:05:26.602000+00:00,⚔️ Battle Comparison,rich,0,,,false,,,,false,,,,,,,,,2026-01-11T18:05:26.845000+00:00,false,0,Animal Battle Stats,1446203750204047426
1459971434142109718,,,,,,true,,0000,0,,1446203750204047426,,0,Animal Battle Stats,,1446204139909550150,,,2026-01-11T18:05:14.857Z,,16739072,0,,false,Matchup,Goliath Birdeater vs Giant Squid,true,User,Anonymous,true,🌐 Location,"Hackensack, NJ, US",,,,2026-01-11T18:05:14.659000+00:00,⚔️ Battle Comparison,rich,0,,,false,,,,false,,,,,,,,,2026-01-11T18:05:14.857000+00:00,false,0,Animal Battle Stats,1446203750204047426
1459970513794236477,,,,,,true,,0000,0,,1446203750204047426,,0,Animal Battle Stats,,1446204139909550150,,,2026-01-11T18:01:35.429Z,,16739072,0,,false,Matchup,Goliath Birdeater vs Hummingbird,true,User,Anonymous,true,🌐 Location,"Hackensack, NJ, US",,,,2026-01-11T18:01:33.381000+00:00,⚔️ Battle Comparison,rich,0,,,false,,,,false,,,,,,,,,2026-01-11T18:01:35.429000+00:00,false,0,Animal Battle Stats,1446203750204047426
1459970511139504240,,,,,,true,,0000,0,,1446203750204047426,,0,Animal Battle Stats,,1446204139909550150,,,2026-01-11T18:01:34.796Z,,16739072,0,,false,Matchup,Goliath Birdeater vs Hummingbird,true,User,Anonymous,true,🌐 Location,"Hackensack, NJ, US",,,,2026-01-11T18:01:34.410000+00:00,⚔️ Battle Comparison,rich,0,,,false,,,,false,,,,,,,,,2026-01-11T18:01:34.796000+00:00,false,0,Animal Battle Stats,1446203750204047426
1459970267576271036,,,,,,true,,0000,0,,1446203750204047426,,0,Animal Battle Stats,,1446204139909550150,,,2026-01-11T18:00:36.726Z,,16739072,0,,false,Matchup,Monarch Butterfly vs Octopus,true,User,Anonymous,true,🌐 Location,"Hackensack, NJ, US",,,,2026-01-11T18:00:36.461000+00:00,⚔️ Battle Comparison,rich,0,,,false,,,,false,,,,,,,,,2026-01-11T18:00:36.726000+00:00,false,0,Animal Battle Stats,1446203750204047426
1459969816780603729,,,,,,true,,0000,0,,1446203750204047426,,0,Animal Battle Stats,,1446204139909550150,,,2026-01-11T17:58:49.248Z,,16739072,0,,false,Matchup,Leatherback Sea Turtle vs Snapping Turtle,true,User,Anonymous,true,🌐 Location,"Hackensack, NJ, US",,,,2026-01-11T17:58:48.122000+00:00,⚔️ Battle Comparison,rich,0,,,false,,,,false,,,,,,,,,2026-01-11T17:58:49.248000+00:00,false,0,Animal Battle Stats,1446203750204047426
1459969815891546163,,,,,,true,,0000,0,,1446203750204047426,,0,Animal Battle Stats,,1446204139909550150,,,2026-01-11T17:58:49.036Z,,16739072,0,,false,Matchup,Leatherback Sea Turtle vs Snapping Turtle,true,User,Anonymous,true,🌐 Location,"Hackensack, NJ, US",,,,2026-01-11T17:58:48.753000+00:00,⚔️ Battle Comparison,rich,0,,,false,,,,false,,,,,,,,,2026-01-11T17:58:49.036000+00:00,false,0,Animal Battle Stats,1446203750204047426
1459960376421646425,,,,,,true,,0000,0,,1446203750204047426,,0,Animal Battle Stats,,1446204139909550150,,,2026-01-11T17:21:18.491Z,,16739072,0,,false,Matchup,Golden Eagle vs Hyena,true,User,Anonymous,true,🌐 Location,"Hackensack, NJ, US",,,,2026-01-11T17:21:18.306000+00:00,⚔️ Battle Comparison,rich,0,,,false,,,,false,,,,,,,,,2026-01-11T17:21:18.491000+00:00,false,0,Animal Battle Stats,1446203750204047426
1459960282980945984,,,,,,true,,0000,0,,1446203750204047426,,0,Animal Battle Stats,,1446204139909550150,,,2026-01-11T17:20:56.213Z,,16739072,0,,false,Matchup,Sun Bear vs Hyena,true,User,Anonymous,true,🌐 Location,"Hackensack, NJ, US",,,,2026-01-11T17:20:55.577000+00:00,⚔️ Battle Comparison,rich,0,,,false,,,,false,,,,,,,,,2026-01-11T17:20:56.213000+00:00,false,0,Animal Battle Stats,1446203750204047426
1459940542983962634,,,,,,true,,0000,0,,1446203750204047426,,0,Animal Battle Stats,,1446204139909550150,,,2026-01-11T16:02:29.831Z,,4491519,0,,true,Visitor,Anonymous,true,🌐 Location,"Hackensack, NJ, US",,,,,,,2026-01-11T16:02:29.542000+00:00,👀 Site Visit,rich,0,,,false,,,,false,,,,,,,,,2026-01-11T16:02:29.831000+00:00,false,0,Animal Battle Stats,1446203750204047426
1459940542308679813,,,,,,true,,0000,0,,1446203750204047426,,0,Animal Battle Stats,,1446204139909550150,,,2026-01-11T16:02:29.670Z,,4491519,0,,true,Visitor,Anonymous,true,🌐 Location,"Hackensack, NJ, US",,,,,,,2026-01-11T16:02:00.395000+00:00,👀 Site Visit,rich,0,,,false,,,,false,,,,,,,,,2026-01-11T16:02:29.670000+00:00,false,0,Animal Battle Stats,1446203750204047426
1459922008568762421,,,,,,true,,0000,0,,1446203750204047426,,0,Animal Battle Stats,,1446204139909550150,,,2026-01-11T14:48:50.882Z,,4491519,0,,true,Visitor,RamiNoodle733,true,🌐 Location,"Sugar Land, TX, US",,,,,,,2026-01-11T14:48:50.637000+00:00,👀 Site Visit,rich,0,,,false,,,,false,,,,,,,,,2026-01-11T14:48:50.882000+00:00,false,0,Animal Battle Stats,1446203750204047426
1459922006047850721,,,,,,true,,0000,0,,1446203750204047426,,0,Animal Battle Stats,,1446204139909550150,,,2026-01-11T14:48:50.281Z,,6710886,0,,true,User,RamiNoodle733,true,🌐 Location,"Sugar Land, TX, US",,,,,,,2026-01-11T14:48:50.016000+00:00,👋 User Left Site,rich,0,,,false,,,,false,,,,,,,,,2026-01-11T14:48:50.281000+00:00,false,0,Animal Battle Stats,1446203750204047426
1459921591311008109,,,,,,true,,0000,0,,1446203750204047426,,0,Animal Battle Stats,,1446204139909550150,,,2026-01-11T14:47:11.400Z,,4491519,0,,true,Visitor,RamiNoodle733,true,🌐 Location,"Sugar Land, TX, US",,,,,,,2026-01-11T14:47:11.080000+00:00,👀 Site Visit,rich,0,,,false,,,,false,,,,,,,,,2026-01-11T14:47:11.400000+00:00,false,0,Animal Battle Stats,1446203750204047426
1459921588777386067,,,,,,true,,0000,0,,1446203750204047426,,0,Animal Battle Stats,,1446204139909550150,,,2026-01-11T14:47:10.796Z,,6710886,0,,true,User,RamiNoodle733,true,🌐 Location,"Sugar Land, TX, US",,,,,,,2026-01-11T14:47:10.464000+00:00,👋 User Left Site,rich,0,,,false,,,,false,,,,,,,,,2026-01-11T14:47:10.796000+00:00,false,0,Animal Battle Stats,1446203750204047426
1459921303950594181,,,,,,true,,0000,0,,1446203750204047426,,0,Animal Battle Stats,,1446204139909550150,,,2026-01-11T14:46:02.888Z,,4491519,0,,true,Visitor,RamiNoodle733,true,🌐 Location,"Sugar Land, TX, US",,,,,,,2026-01-11T14:46:02.564000+00:00,👀 Site Visit,rich,0,,,false,,,,false,,,,,,,,,2026-01-11T14:46:02.888000+00:00,false,0,Animal Battle Stats,1446203750204047426
1459921302088319098,,,,,,true,,0000,0,,1446203750204047426,,0,Animal Battle Stats,,1446204139909550150,,,2026-01-11T14:46:02.444Z,,6710886,0,,true,User,RamiNoodle733,true,🌐 Location,"Sugar Land, TX, US",,,,,,,2026-01-11T14:46:01.436000+00:00,👋 User Left Site,rich,0,,,false,,,,false,,,,,,,,,2026-01-11T14:46:02.444000+00:00,false,0,Animal Battle Stats,1446203750204047426
1459919202205827335,,,,,,true,,0000,0,,1446203750204047426,,0,Animal Battle Stats,,1446204139909550150,,,2026-01-11T14:37:41.793Z,,4491519,0,,true,Visitor,RamiNoodle733,true,🌐 Location,"Sugar Land, TX, US",,,,,,,2026-01-11T14:37:41.533000+00:00,👀 Site Visit,rich,0,,,false,,,,false,,,,,,,,,2026-01-11T14:37:41.793000+00:00,false,0,Animal Battle Stats,1446203750204047426
1459919200939147274,,,,,,true,,0000,0,,1446203750204047426,,0,Animal Battle Stats,,1446204139909550150,,,2026-01-11T14:37:41.491Z,,4491519,0,,true,Visitor,RamiNoodle733,true,🌐 Location,"Sugar Land, TX, US",,,,,,,2026-01-11T14:37:15.521000+00:00,👀 Site Visit,rich,0,,,false,,,,false,,,,,,,,,2026-01-11T14:37:41.491000+00:00,false,0,Animal Battle Stats,1446203750204047426
1459919200847008020,,,,,,true,,0000,0,,1446203750204047426,,0,Animal Battle Stats,,1446204139909550150,,,2026-01-11T14:37:41.469Z,,6710886,0,,true,User,RamiNoodle733,true,🌐 Location,"Sugar Land, TX, US",,,,,,,2026-01-11T14:37:40.843000+00:00,👋 User Left Site,rich,0,,,false,,,,false,,,,,,,,,2026-01-11T14:37:41.469000+00:00,false,0,Animal Battle Stats,1446203750204047426
1459913031243792612,,,,,,true,,0000,0,,1446203750204047426,,0,Animal Battle Stats,,1446204139909550150,,,2026-01-11T14:13:10.521Z,,6710886,0,,true,User,RamiNoodle733,true,🌐 Location,"Sugar Land, TX, US",,,,,,,2026-01-11T14:13:10.136000+00:00,👋 User Left Site,rich,0,,,false,,,,false,,,,,,,,,2026-01-11T14:13:10.521000+00:00,false,0,Animal Battle Stats,1446203750204047426
1459912786506158080,,,,,,true,,0000,0,,1446203750204047426,,0,Animal Battle Stats,,1446204139909550150,,,2026-01-11T14:12:12.171Z,,4491519,0,,true,Visitor,RamiNoodle733,true,🌐 Location,"Sugar Land, TX, US",,,,,,,2026-01-11T14:12:11.876000+00:00,👀 Site Visit,rich,0,,,false,,,,false,,,,,,,,,2026-01-11T14:12:12.171000+00:00,false,0,Animal Battle Stats,1446203750204047426
1459912782223900742,,,,,,true,,0000,0,,1446203750204047426,,0,Animal Battle Stats,,1446204139909550150,,,2026-01-11T14:12:11.150Z,,6710886,0,,true,User,RamiNoodle733,true,🌐 Location,"Sugar Land, TX, US",,,,,,,2026-01-11T14:12:10.749000+00:00,👋 User Left Site,rich,0,,,false,,,,false,,,,,,,,,2026-01-11T14:12:11.150000+00:00,false,0,Animal Battle Stats,1446203750204047426
1459912683540185275,,,,,,true,,0000,0,,1446203750204047426,,0,Animal Battle Stats,,1446204139909550150,,,2026-01-11T14:11:47.622Z,,65416,0,,true,User,RamiNoodle733,true,Animal,Cassowary,true,Vote,👍 Upvote,true,🌐 Location,"Sugar Land, TX, US",2026-01-11T14:11:47.183000+00:00,👍 New Vote,rich,0,,,false,,,,false,,,,,,,,,2026-01-11T14:11:47.622000+00:00,false,0,Animal Battle Stats,1446203750204047426
1459912084501565637,,,,,,true,,0000,0,,1446203750204047426,,0,Animal Battle Stats,,1446204139909550150,,,2026-01-11T14:09:24.800Z,,4491519,0,,true,Visitor,RamiNoodle733,true,🌐 Location,"Sugar Land, TX, US",,,,,,,2026-01-11T14:09:24.526000+00:00,👀 Site Visit,rich,0,,,false,,,,false,,,,,,,,,2026-01-11T14:09:24.800000+00:00,false,0,Animal Battle Stats,1446203750204047426
1459912081901097165,,,,,,true,,0000,0,,1446203750204047426,,0,Animal Battle Stats,,1446204139909550150,,,2026-01-11T14:09:24.180Z,,6710886,0,,true,User,RamiNoodle733,true,🌐 Location,"Sugar Land, TX, US",,,,,,,2026-01-11T14:09:23.892000+00:00,👋 User Left Site,rich,0,,,false,,,,false,,,,,,,,,2026-01-11T14:09:24.180000+00:00,false,0,Animal Battle Stats,1446203750204047426
1459912032173297891,,,,,,true,,0000,0,,1446203750204047426,,0,Animal Battle Stats,,1446204139909550150,,,2026-01-11T14:09:12.324Z,,6710886,0,,true,User,RamiNoodle733,true,🌐 Location,"Sugar Land, TX, US",,,,,,,2026-01-11T14:09:10.723000+00:00,👋 User Left Site,rich,0,,,false,,,,false,,,,,,,,,2026-01-11T14:09:12.324000+00:00,false,0,Animal Battle Stats,1446203750204047426
1459912028717191170,,,,,,true,,0000,0,,1446203750204047426,,0,Animal Battle Stats,,1446204139909550150,,,2026-01-11T14:09:11.500Z,,4491519,0,,true,Visitor,RamiNoodle733,true,🌐 Location,"Sugar Land, TX, US",,,,,,,2026-01-11T14:09:11.261000+00:00,👀 Site Visit,rich,0,,,false,,,,false,,,,,,,,,2026-01-11T14:09:11.500000+00:00,false,0,Animal Battle Stats,1446203750204047426
1459912017153359895,,,,,,true,,0000,0,,1446203750204047426,,0,Animal Battle Stats,,1446204139909550150,,,2026-01-11T14:09:08.743Z,,4491519,0,,true,Visitor,RamiNoodle733,true,🌐 Location,"Sugar Land, TX, US",,,,,,,2026-01-11T14:09:07.690000+00:00,👀 Site Visit,rich,0,,,false,,,,false,,,,,,,,,2026-01-11T14:09:08.743000+00:00,false,0,Animal Battle Stats,1446203750204047426
1459912011256172739,,,,,,true,,0000,0,,1446203750204047426,,0,Animal Battle Stats,,1446204139909550150,,,2026-01-11T14:09:07.337Z,,6710886,0,,true,User,RamiNoodle733,true,🌐 Location,"Sugar Land, TX, US",,,,,,,2026-01-11T14:09:07.028000+00:00,👋 User Left Site,rich,0,,,false,,,,false,,,,,,,,,2026-01-11T14:09:07.337000+00:00,false,0,Animal Battle Stats,1446203750204047426
1459911831501013013,,,,,,true,,0000,0,,1446203750204047426,,0,Animal Battle Stats,,1446204139909550150,,,2026-01-11T14:08:24.480Z,,4491519,0,,true,Visitor,RamiNoodle733,true,🌐 Location,"Sugar Land, TX, US",,,,,,,2026-01-11T14:08:24.263000+00:00,👀 Site Visit,rich,0,,,false,,,,false,,,,,,,,,2026-01-11T14:08:24.480000+00:00,false,0,Animal Battle Stats,1446203750204047426
1459911828791623907,,,,,,true,,0000,0,,1446203750204047426,,0,Animal Battle Stats,,1446204139909550150,,,2026-01-11T14:08:23.834Z,,6710886,0,,true,User,RamiNoodle733,true,🌐 Location,"Sugar Land, TX, US",,,,,,,2026-01-11T14:08:23.628000+00:00,👋 User Left Site,rich,0,,,false,,,,false,,,,,,,,,2026-01-11T14:08:23.834000+00:00,false,0,Animal Battle Stats,1446203750204047426
1459911766371860714,,,,,,true,,0000,0,,1446203750204047426,,0,Animal Battle Stats,,1446204139909550150,,,2026-01-11T14:08:08.952Z,,6710886,0,,true,User,RamiNoodle733,true,🌐 Location,"Sugar Land, TX, US",,,,,,,2026-01-11T14:08:06.902000+00:00,👋 User Left Site,rich,0,,,false,,,,false,,,,,,,,,2026-01-11T14:08:08.952000+00:00,false,0,Animal Battle Stats,1446203750204047426
1459911765214232768,,,,,,true,,0000,0,,1446203750204047426,,0,Animal Battle Stats,,1446204139909550150,,,2026-01-11T14:08:08.676Z,,4491519,0,,true,Visitor,RamiNoodle733,true,🌐 Location,"Sugar Land, TX, US",,,,,,,2026-01-11T14:08:08.162000+00:00,👀 Site Visit,rich,0,,,false,,,,false,,,,,,,,,2026-01-11T14:08:08.676000+00:00,false,0,Animal Battle Stats,1446203750204047426
1459908285665644690,,,,,,true,,0000,0,,1446203750204047426,,0,Animal Battle Stats,,1446204139909550150,,,2026-01-11T13:54:19.087Z,,4491519,0,,true,Visitor,RamiNoodle733,true,🌐 Location,"Sugar Land, TX, US",,,,,,,2026-01-11T13:54:18.874000+00:00,👀 Site Visit,rich,0,,,false,,,,false,,,,,,,,,2026-01-11T13:54:19.087000+00:00,false,0,Animal Battle Stats,1446203750204047426
1459908282847203604,,,,,,true,,0000,0,,1446203750204047426,,0,Animal Battle Stats,,1446204139909550150,,,2026-01-11T13:54:18.415Z,,6710886,0,,true,User,RamiNoodle733,true,🌐 Location,"Sugar Land, TX, US",,,,,,,2026-01-11T13:54:18.122000+00:00,👋 User Left Site,rich,0,,,false,,,,false,,,,,,,,,2026-01-11T13:54:18.415000+00:00,false,0,Animal Battle Stats,1446203750204047426
1459908230389174355,,,,,,true,,0000,0,,1446203750204047426,,0,Animal Battle Stats,,1446204139909550150,,,2026-01-11T13:54:05.908Z,,4491519,0,,true,Visitor,RamiNoodle733,true,🌐 Location,"Sugar Land, TX, US",,,,,,,2026-01-11T13:54:05.649000+00:00,👀 Site Visit,rich,0,,,false,,,,false,,,,,,,,,2026-01-11T13:54:05.908000+00:00,false,0,Animal Battle Stats,1446203750204047426
1459908228015198253,,,,,,true,,0000,0,,1446203750204047426,,0,Animal Battle Stats,,1446204139909550150,,,2026-01-11T13:54:05.342Z,,6710886,0,,true,User,RamiNoodle733,true,🌐 Location,"Sugar Land, TX, US",,,,,,,2026-01-11T13:54:04.986000+00:00,👋 User Left Site,rich,0,,,false,,,,false,,,,,,,,,2026-01-11T13:54:05.342000+00:00,false,0,Animal Battle Stats,1446203750204047426
1459907518762320076,,,,,,true,,0000,0,,1446203750204047426,,0,Animal Battle Stats,,1446204139909550150,,,2026-01-11T13:51:16.243Z,,4491519,0,,true,Visitor,RamiNoodle733,true,🌐 Location,"Sugar Land, TX, US",,,,,,,2026-01-11T13:51:15.970000+00:00,👀 Site Visit,rich,0,,,false,,,,false,,,,,,,,,2026-01-11T13:51:16.243000+00:00,false,0,Animal Battle Stats,1446203750204047426
1459907515490894165,,,,,,true,,0000,0,,1446203750204047426,,0,Animal Battle Stats,,1446204139909550150,,,2026-01-11T13:51:15.463Z,,6710886,0,,true,User,RamiNoodle733,true,🌐 Location,"Sugar Land, TX, US",,,,,,,2026-01-11T13:51:15.181000+00:00,👋 User Left Site,rich,0,,,false,,,,false,,,,,,,,,2026-01-11T13:51:15.463000+00:00,false,0,Animal Battle Stats,1446203750204047426
1459907158526267482,,,,,,true,,0000,0,,1446203750204047426,,0,Animal Battle Stats,,1446204139909550150,,,2026-01-11T13:49:50.356Z,,4491519,0,,true,Visitor,RamiNoodle733,true,🌐 Location,"Sugar Land, TX, US",,,,,,,2026-01-11T13:49:48.955000+00:00,👀 Site Visit,rich,0,,,false,,,,false,,,,,,,,,2026-01-11T13:49:50.356000+00:00,false,0,Animal Battle Stats,1446203750204047426
1459907048211742935,,,,,,true,,0000,0,,1446203750204047426,,0,Animal Battle Stats,,1446204139909550150,,,2026-01-11T13:49:24.055Z,,6710886,0,,true,User,RamiNoodle733,true,🌐 Location,"Sugar Land, TX, US",,,,,,,2026-01-11T13:49:23.736000+00:00,👋 User Left Site,rich,0,,,false,,,,false,,,,,,,,,2026-01-11T13:49:24.055000+00:00,false,0,Animal Battle Stats,1446203750204047426
1459907015324340324,,,,,,true,,0000,0,,1446203750204047426,,0,Animal Battle Stats,,1446204139909550150,,,2026-01-11T13:49:16.214Z,,4491519,0,,true,Visitor,RamiNoodle733,true,🌐 Location,"Sugar Land, TX, US",,,,,,,2026-01-11T13:49:15.893000+00:00,👀 Site Visit,rich,0,,,false,,,,false,,,,,,,,,2026-01-11T13:49:16.214000+00:00,false,0,Animal Battle Stats,1446203750204047426
1459907013843746970,,,,,,true,,0000,0,,1446203750204047426,,0,Animal Battle Stats,,1446204139909550150,,,2026-01-11T13:49:15.861Z,,6710886,0,,true,User,RamiNoodle733,true,🌐 Location,"Sugar Land, TX, US",,,,,,,2026-01-11T13:49:06.021000+00:00,👋 User Left Site,rich,0,,,false,,,,false,,,,,,,,,2026-01-11T13:49:15.861000+00:00,false,0,Animal Battle Stats,1446203750204047426
1459906202795245813,,,,,,true,,0000,0,,1446203750204047426,,0,Animal Battle Stats,,1446204139909550150,,,2026-01-11T13:46:02.492Z,,16739072,0,,false,Matchup,African Elephant vs Hippopotamus,true,User,Anonymous,true,🌐 Location,"Hackensack, NJ, US",,,,2026-01-11T13:46:02.165000+00:00,⚔️ Battle Comparison,rich,0,,,false,,,,false,,,,,,,,,2026-01-11T13:46:02.492000+00:00,false,0,Animal Battle Stats,1446203750204047426
1459906186102046962,,,,,,true,,0000,0,,1446203750204047426,,0,Animal Battle Stats,,1446204139909550150,,,2026-01-11T13:45:58.512Z,,16739072,0,,false,Matchup,African Elephant vs Hippopotamus,true,User,Anonymous,true,🌐 Location,"Hackensack, NJ, US",,,,2026-01-11T13:45:58.184000+00:00,⚔️ Battle Comparison,rich,0,,,false,,,,false,,,,,,,,,2026-01-11T13:45:58.512000+00:00,false,0,Animal Battle Stats,1446203750204047426
1459899239894089850,,,,,,true,,0000,0,,1446203750204047426,,0,Animal Battle Stats,,1446204139909550150,,,2026-01-11T13:18:22.407Z,,16739072,0,,false,Matchup,Spectacled Bear vs Blue Whale,true,User,Anonymous,true,🌐 Location,"Hackensack, NJ, US",,,,2026-01-11T13:18:22.150000+00:00,⚔️ Battle Comparison,rich,0,,,false,,,,false,,,,,,,,,2026-01-11T13:18:22.407000+00:00,false,0,Animal Battle Stats,1446203750204047426
1459899238975537213,,,,,,true,,0000,0,,1446203750204047426,,0,Animal Battle Stats,,1446204139909550150,,,2026-01-11T13:18:22.188Z,,16739072,0,,false,Matchup,Spectacled Bear vs Blue Whale,true,User,Anonymous,true,🌐 Location,"Hackensack, NJ, US",,,,2026-01-11T13:18:21.778000+00:00,⚔️ Battle Comparison,rich,0,,,false,,,,false,,,,,,,,,2026-01-11T13:18:22.188000+00:00,false,0,Animal Battle Stats,1446203750204047426
1459897542887080130,,,,,,true,,0000,0,,1446203750204047426,,0,Animal Battle Stats,,1446204139909550150,,,2026-01-11T13:11:37.809Z,,16739072,0,,false,Matchup,Alpaca vs Llama,true,User,Anonymous,true,🌐 Location,"Hackensack, NJ, US",,,,2026-01-11T13:11:37.525000+00:00,⚔️ Battle Comparison,rich,0,,,false,,,,false,,,,,,,,,2026-01-11T13:11:37.809000+00:00,false,0,Animal Battle Stats,1446203750204047426
1459897015046635774,,,,,,true,,0000,0,,1446203750204047426,,0,Animal Battle Stats,,1446204139909550150,,,2026-01-11T13:09:31.962Z,,16739072,0,,false,Matchup,King Cobra vs Mongoose,true,User,Anonymous,true,🌐 Location,"Hackensack, NJ, US",,,,2026-01-11T13:09:31.680000+00:00,⚔️ Battle Comparison,rich,0,,,false,,,,false,,,,,,,,,2026-01-11T13:09:31.962000+00:00,false,0,Animal Battle Stats,1446203750204047426
1459896578084045005,,,,,,true,,0000,0,,1446203750204047426,,0,Animal Battle Stats,,1446204139909550150,,,2026-01-11T13:07:47.782Z,,16739072,0,,false,Matchup,Hornet vs Koala,true,User,Anonymous,true,🌐 Location,"Hackensack, NJ, US",,,,2026-01-11T13:07:47.471000+00:00,⚔️ Battle Comparison,rich,0,,,false,,,,false,,,,,,,,,2026-01-11T13:07:47.782000+00:00,false,0,Animal Battle Stats,1446203750204047426
1459895746391314472,,,,,,true,,0000,0,,1446203750204047426,,0,Animal Battle Stats,,1446204139909550150,,,2026-01-11T13:04:29.491Z,,16739072,0,,false,Matchup,Praying Mantis vs Bongo,true,User,Anonymous,true,🌐 Location,"Hackensack, NJ, US",,,,2026-01-11T13:04:29.203000+00:00,⚔️ Battle Comparison,rich,0,,,false,,,,false,,,,,,,,,2026-01-11T13:04:29.491000+00:00,false,0,Animal Battle Stats,1446203750204047426
1459895415800598759,,,,,,true,,0000,0,,1446203750204047426,,0,Animal Battle Stats,,1446204139909550150,,,2026-01-11T13:03:10.672Z,,16739072,0,,false,Matchup,Wolverine vs Emu,true,User,Anonymous,true,🌐 Location,"Hackensack, NJ, US",,,,2026-01-11T13:03:10.468000+00:00,⚔️ Battle Comparison,rich,0,,,false,,,,false,,,,,,,,,2026-01-11T13:03:10.672000+00:00,false,0,Animal Battle Stats,1446203750204047426
1459895395348910284,,,,,,true,,0000,0,,1446203750204047426,,0,Animal Battle Stats,,1446204139909550150,,,2026-01-11T13:03:05.796Z,,16739072,0,,false,Matchup,Wolverine vs Emu,true,User,Anonymous,true,🌐 Location,"Hackensack, NJ, US",,,,2026-01-11T13:03:05.420000+00:00,⚔️ Battle Comparison,rich,0,,,false,,,,false,,,,,,,,,2026-01-11T13:03:05.796000+00:00,false,0,Animal Battle Stats,1446203750204047426
1459894920969060678,,,,,,true,,0000,0,,1446203750204047426,,0,Animal Battle Stats,,1446204139909550150,,,2026-01-11T13:01:12.695Z,,16739072,0,,false,Matchup,Cuttlefish vs Giraffe,true,User,Anonymous,true,🌐 Location,"Hackensack, NJ, US",,,,2026-01-11T13:01:12.436000+00:00,⚔️ Battle Comparison,rich,0,,,false,,,,false,,,,,,,,,2026-01-11T13:01:12.695000+00:00,false,0,Animal Battle Stats,1446203750204047426
1459894737636167853,,,,,,true,,0000,0,,1446203750204047426,,0,Animal Battle Stats,,1446204139909550150,,,2026-01-11T13:00:28.985Z,,16739072,0,,false,Matchup,Bobcat vs Lynx,true,User,Anonymous,true,🌐 Location,"Hackensack, NJ, US",,,,2026-01-11T13:00:28.698000+00:00,⚔️ Battle Comparison,rich,0,,,false,,,,false,,,,,,,,,2026-01-11T13:00:28.985000+00:00,false,0,Animal Battle Stats,1446203750204047426
1459894735777828924,,,,,,true,,0000,0,,1446203750204047426,,0,Animal Battle Stats,,1446204139909550150,,,2026-01-11T13:00:28.542Z,,16739072,0,,false,Matchup,Bobcat vs Lynx,true,User,Anonymous,true,🌐 Location,"Hackensack, NJ, US",,,,2026-01-11T13:00:28.095000+00:00,⚔️ Battle Comparison,rich,0,,,false,,,,false,,,,,,,,,2026-01-11T13:00:28.542000+00:00,false,0,Animal Battle Stats,1446203750204047426
1459887910513021131,,,,,,true,,0000,0,,1446203750204047426,,0,Animal Battle Stats,,1446204139909550150,,,2026-01-11T12:33:21.272Z,,16739072,0,,false,Matchup,Spectacled Bear vs Gorilla,true,User,Anonymous,true,🌐 Location,"Hackensack, NJ, US",,,,2026-01-11T12:33:20.899000+00:00,⚔️ Battle Comparison,rich,0,,,false,,,,false,,,,,,,,,2026-01-11T12:33:21.272000+00:00,false,0,Animal Battle Stats,1446203750204047426
1459886955721396286,,,,,,true,,0000,0,,1446203750204047426,,0,Animal Battle Stats,,1446204139909550150,,,2026-01-11T12:29:33.632Z,,16739072,0,,false,Matchup,Peregrine Falcon vs Orca,true,User,Anonymous,true,🌐 Location,"Hackensack, NJ, US",,,,2026-01-11T12:29:33.375000+00:00,⚔️ Battle Comparison,rich,0,,,false,,,,false,,,,,,,,,2026-01-11T12:29:33.632000+00:00,false,0,Animal Battle Stats,1446203750204047426
1459886854395527355,,,,,,true,,0000,0,,1446203750204047426,,0,Animal Battle Stats,,1446204139909550150,,,2026-01-11T12:29:09.474Z,,16739072,0,,false,Matchup,Peregrine Falcon vs Pufferfish,true,User,Anonymous,true,🌐 Location,"Hackensack, NJ, US",,,,2026-01-11T12:29:09.182000+00:00,⚔️ Battle Comparison,rich,0,,,false,,,,false,,,,,,,,,2026-01-11T12:29:09.474000+00:00,false,0,Animal Battle Stats,1446203750204047426
1459886685390110834,,,,,,true,,0000,0,,1446203750204047426,,0,Animal Battle Stats,,1446204139909550150,,,2026-01-11T12:28:29.180Z,,16739072,0,,false,Matchup,Swordfish vs Sailfish,true,User,Anonymous,true,🌐 Location,"Hackensack, NJ, US",,,,2026-01-11T12:28:28.911000+00:00,⚔️ Battle Comparison,rich,0,,,false,,,,false,,,,,,,,,2026-01-11T12:28:29.180000+00:00,false,0,Animal Battle Stats,1446203750204047426
1459886509821005945,,,,,,true,,0000,0,,1446203750204047426,,0,Animal Battle Stats,,1446204139909550150,,,2026-01-11T12:27:47.321Z,,16739072,0,,false,Matchup,Mantis Shrimp vs Lobster,true,User,Anonymous,true,🌐 Location,"Hackensack, NJ, US",,,,2026-01-11T12:27:47.054000+00:00,⚔️ Battle Comparison,rich,0,,,false,,,,false,,,,,,,,,2026-01-11T12:27:47.321000+00:00,false,0,Animal Battle Stats,1446203750204047426
1459885912715432119,,,,,,true,,0000,0,,1446203750204047426,,0,Animal Battle Stats,,1446204139909550150,,,2026-01-11T12:25:24.960Z,,16739072,0,,false,Matchup,Leatherback Sea Turtle vs Snowy Owl,true,User,Anonymous,true,🌐 Location,"Hackensack, NJ, US",,,,2026-01-11T12:25:24.699000+00:00,⚔️ Battle Comparison,rich,0,,,false,,,,false,,,,,,,,,2026-01-11T12:25:24.960000+00:00,false,0,Animal Battle Stats,1446203750204047426
1459885911906193662,,,,,,true,,0000,0,,1446203750204047426,,0,Animal Battle Stats,,1446204139909550150,,,2026-01-11T12:25:24.767Z,,16739072,0,,false,Matchup,Leatherback Sea Turtle vs Snowy Owl,true,User,Anonymous,true,🌐 Location,"Hackensack, NJ, US",,,,2026-01-11T12:25:24.385000+00:00,⚔️ Battle Comparison,rich,0,,,false,,,,false,,,,,,,,,2026-01-11T12:25:24.767000+00:00,false,0,Animal Battle Stats,1446203750204047426
1459885685115719742,,,,,,true,,0000,0,,1446203750204047426,,0,Animal Battle Stats,,1446204139909550150,,,2026-01-11T12:24:30.696Z,,16739072,0,,false,Matchup,Sea Otter vs Otter,true,User,Anonymous,true,🌐 Location,"Hackensack, NJ, US",,,,2026-01-11T12:24:30.411000+00:00,⚔️ Battle Comparison,rich,0,,,false,,,,false,,,,,,,,,2026-01-11T12:24:30.696000+00:00,false,0,Animal Battle Stats,1446203750204047426
1459885532485128258,,,,,,true,,0000,0,,1446203750204047426,,0,Animal Battle Stats,,1446204139909550150,,,2026-01-11T12:23:54.306Z,,16739072,0,,false,Matchup,Camel Spider vs Lynx,true,User,Anonymous,true,🌐 Location,"Hackensack, NJ, US",,,,2026-01-11T12:23:53.863000+00:00,⚔️ Battle Comparison,rich,0,,,false,,,,false,,,,,,,,,2026-01-11T12:23:54.306000+00:00,false,0,Animal Battle Stats,1446203750204047426
1459728964795896058,,,,,,true,,0000,0,,1446203750204047426,,0,Animal Battle Stats,,1446204139909550150,,,2026-01-11T02:01:45.660Z,,16739072,0,,false,Matchup,Platypus vs Camel,true,User,Anonymous,true,🌐 Location,"Hackensack, NJ, US",,,,2026-01-11T02:01:45.271000+00:00,⚔️ Battle Comparison,rich,0,,,false,,,,false,,,,,,,,,2026-01-11T02:01:45.660000+00:00,false,0,Animal Battle Stats,1446203750204047426
1459719766817378499,,,,,,true,,0000,0,,1446203750204047426,,0,Animal Battle Stats,,1446204139909550150,,,2026-01-11T01:25:12.691Z,,4491519,0,,true,Visitor,Anonymous,true,🌐 Location,"Houston, TX, US",,,,,,,2026-01-11T01:25:12.388000+00:00,👀 Site Visit,rich,0,,,false,,,,false,,,,,,,,,2026-01-11T01:25:12.691000+00:00,false,0,Animal Battle Stats,1446203750204047426
1459719414633992305,,,,,,true,,0000,0,,1446203750204047426,,0,Animal Battle Stats,,1446204139909550150,,,2026-01-11T01:23:48.724Z,,4491519,0,,true,Visitor,Anonymous,true,🌐 Location,"Houston, TX, US",,,,,,,2026-01-11T01:23:48.402000+00:00,👀 Site Visit,rich,0,,,false,,,,false,,,,,,,,,2026-01-11T01:23:48.724000+00:00,false,0,Animal Battle Stats,1446203750204047426
1459719407243759810,,,,,,true,,0000,0,,1446203750204047426,,0,Animal Battle Stats,,1446204139909550150,,,2026-01-11T01:23:46.962Z,,4491519,0,,true,Visitor,Anonymous,true,🌐 Location,"Hackensack, NJ, US",,,,,,,2026-01-11T01:23:37.561000+00:00,👀 Site Visit,rich,0,,,false,,,,false,,,,,,,,,2026-01-11T01:23:46.962000+00:00,false,0,Animal Battle Stats,1446203750204047426
1459713318418776116,,,,,,true,,0000,0,,1446203750204047426,,0,Animal Battle Stats,,1446204139909550150,,,2026-01-11T00:59:35.273Z,,16739072,0,,false,Matchup,Black Rhinoceros vs Tiger Shark,true,User,Anonymous,true,🌐 Location,"Hackensack, NJ, US",,,,2026-01-11T00:59:35.012000+00:00,⚔️ Battle Comparison,rich,0,,,false,,,,false,,,,,,,,,2026-01-11T00:59:35.273000+00:00,false,0,Animal Battle Stats,1446203750204047426
1459713307882688603,,,,,,true,,0000,0,,1446203750204047426,,0,Animal Battle Stats,,1446204139909550150,,,2026-01-11T00:59:32.761Z,,16739072,0,,false,Matchup,Black Rhinoceros vs Tiger Shark,true,User,Anonymous,true,🌐 Location,"Hackensack, NJ, US",,,,2026-01-11T00:59:32.438000+00:00,⚔️ Battle Comparison,rich,0,,,false,,,,false,,,,,,,,,2026-01-11T00:59:32.761000+00:00,false,0,Animal Battle Stats,1446203750204047426
1459713271014621381,,,,,,true,,0000,0,,1446203750204047426,,0,Animal Battle Stats,,1446204139909550150,,,2026-01-11T00:59:23.971Z,,16739072,0,,false,Matchup,Black Rhinoceros vs Tiger Shark,true,User,Anonymous,true,🌐 Location,"Hackensack, NJ, US",,,,2026-01-11T00:59:23.631000+00:00,⚔️ Battle Comparison,rich,0,,,false,,,,false,,,,,,,,,2026-01-11T00:59:23.971000+00:00,false,0,Animal Battle Stats,1446203750204047426
1459711430835048511,,,,,,true,,0000,0,,1446203750204047426,,0,Animal Battle Stats,,1446204139909550150,,,2026-01-11T00:52:05.238Z,,4491519,0,,true,Visitor,RamiNoodle733,true,🌐 Location,"Sugar Land, TX, US",,,,,,,2026-01-11T00:52:05.095000+00:00,👀 Site Visit,rich,0,,,false,,,,false,,,,,,,,,2026-01-11T00:52:05.238000+00:00,false,0,Animal Battle Stats,1446203750204047426
1459711425705414906,,,,,,true,,0000,0,,1446203750204047426,,0,Animal Battle Stats,,1446204139909550150,,,2026-01-11T00:52:04.015Z,,6710886,0,,true,User,RamiNoodle733,true,🌐 Location,"Sugar Land, TX, US",,,,,,,2026-01-11T00:52:03.709000+00:00,👋 User Left Site,rich,0,,,false,,,,false,,,,,,,,,2026-01-11T00:52:04.015000+00:00,false,0,Animal Battle Stats,1446203750204047426
1459711155995148351,,,,,,true,,0000,0,,1446203750204047426,,0,Animal Battle Stats,,1446204139909550150,,,2026-01-11T00:50:59.711Z,,4491519,0,,true,Visitor,RamiNoodle733,true,🌐 Location,"Sugar Land, TX, US",,,,,,,2026-01-11T00:50:59.440000+00:00,👀 Site Visit,rich,0,,,false,,,,false,,,,,,,,,2026-01-11T00:50:59.711000+00:00,false,0,Animal Battle Stats,1446203750204047426
1459711152966598843,,,,,,true,,0000,0,,1446203750204047426,,0,Animal Battle Stats,,1446204139909550150,,,2026-01-11T00:50:58.989Z,,6710886,0,,true,User,RamiNoodle733,true,🌐 Location,"Sugar Land, TX, US",,,,,,,2026-01-11T00:50:56.985000+00:00,👋 User Left Site,rich,0,,,false,,,,false,,,,,,,,,2026-01-11T00:50:58.989000+00:00,false,0,Animal Battle Stats,1446203750204047426
1459703713622003767,,,,,,true,,0000,0,,1446203750204047426,,0,Animal Battle Stats,,1446204139909550150,,,2026-01-11T00:21:25.311Z,,4491519,0,,true,Visitor,RamiNoodle733,true,🌐 Location,"Sugar Land, TX, US",,,,,,,2026-01-11T00:21:25.020000+00:00,👀 Site Visit,rich,0,,,false,,,,false,,,,,,,,,2026-01-11T00:21:25.311000+00:00,false,0,Animal Battle Stats,1446203750204047426
1459703711914786887,,,,,,true,,0000,0,,1446203750204047426,,0,Animal Battle Stats,,1446204139909550150,,,2026-01-11T00:21:24.904Z,,6710886,0,,true,User,RamiNoodle733,true,🌐 Location,"Sugar Land, TX, US",,,,,,,2026-01-11T00:21:23.686000+00:00,👋 User Left Site,rich,0,,,false,,,,false,,,,,,,,,2026-01-11T00:21:24.904000+00:00,false,0,Animal Battle Stats,1446203750204047426
1459701272218308801,,,,,,true,,0000,0,,1446203750204047426,,0,Animal Battle Stats,,1446204139909550150,,,2026-01-11T00:11:43.235Z,,6710886,0,,true,User,RamiNoodle733,true,🌐 Location,"Sugar Land, TX, US",,,,,,,2026-01-11T00:11:41.291000+00:00,👋 User Left Site,rich,0,,,false,,,,false,,,,,,,,,2026-01-11T00:11:43.235000+00:00,false,0,Animal Battle Stats,1446203750204047426
1459701268594425877,,,,,,true,,0000,0,,1446203750204047426,,0,Animal Battle Stats,,1446204139909550150,,,2026-01-11T00:11:42.371Z,,4491519,0,,true,Visitor,RamiNoodle733,true,🌐 Location,"Sugar Land, TX, US",,,,,,,2026-01-11T00:11:42.049000+00:00,👀 Site Visit,rich,0,,,false,,,,false,,,,,,,,,2026-01-11T00:11:42.371000+00:00,false,0,Animal Battle Stats,1446203750204047426
1459701267030081709,,,,,,true,,0000,0,,1446203750204047426,,0,Animal Battle Stats,,1446204139909550150,,,2026-01-11T00:11:41.998Z,,4491519,0,,true,Visitor,RamiNoodle733,true,🌐 Location,"Sugar Land, TX, US",,,,,,,2026-01-11T00:11:27.480000+00:00,👀 Site Visit,rich,0,,,false,,,,false,,,,,,,,,2026-01-11T00:11:41.998000+00:00,false,0,Animal Battle Stats,1446203750204047426
1459701159118770207,,,,,,true,,0000,0,,1446203750204047426,,0,Animal Battle Stats,,1446204139909550150,,,2026-01-11T00:11:16.270Z,,16739072,0,,false,Matchup,Rhinoceros vs Polar Bear,true,User,RamiNoodle733,true,🌐 Location,"Sugar Land, TX, US",,,,2026-01-11T00:11:15.843000+00:00,⚔️ Battle Comparison,rich,0,,,false,,,,false,,,,,,,,,2026-01-11T00:11:16.270000+00:00,false,0,Animal Battle Stats,1446203750204047426
1459693955783463114,,,,,,true,,0000,0,,1446203750204047426,,0,Animal Battle Stats,,1446204139909550150,,,2026-01-10T23:42:38.861Z,,8421504,0,"{""user"":""RamiNoodle733"",""content"":""test"",""location"":{""city"":""Sugar Land"",""region"":""TX"",""country"":""US"",""formatted"":""Sugar Land, TX, US""}}",,,,,,,,,,,,,2026-01-10T23:42:38.439000+00:00,Event: chat_reply,rich,0,,,false,,,,false,,,,,,,,,2026-01-10T23:42:38.861000+00:00,false,0,Animal Battle Stats,1446203750204047426
1459693910849749112,,,,,,true,,0000,0,,1446203750204047426,,0,Animal Battle Stats,,1446204139909550150,,,2026-01-10T23:42:28.148Z,,5793266,0,,true,User,RamiNoodle733,false,Message,Thanks to the site users!,true,🌐 Location,"Sugar Land, TX, US",,,,2026-01-10T23:42:27.644000+00:00,💬 General Chat Message,rich,0,,,false,,,,false,,,,,,,,,2026-01-10T23:42:28.148000+00:00,false,0,Animal Battle Stats,1446203750204047426
1459693580179472525,,,,,,true,,0000,0,,1446203750204047426,,0,Animal Battle Stats,,1446204139909550150,,,2026-01-10T23:41:09.310Z,,52326,0,,true,Username,RamiNoodle733,true,🌐 Location,"Sugar Land, TX, US",,,,,,,2026-01-10T23:41:07.869000+00:00,🔓 User Login,rich,0,,,false,,,,false,,,,,,,,,2026-01-10T23:41:09.310000+00:00,false,0,Animal Battle Stats,1446203750204047426
1459691824384966813,,,,,,true,,0000,0,,1446203750204047426,,0,Animal Battle Stats,,1446204139909550150,,,2026-01-10T23:34:10.696Z,,4491519,0,,true,Visitor,RamiNoodle733,true,🌐 Location,"Sugar Land, TX, US",,,,,,,2026-01-10T23:34:10.384000+00:00,👀 Site Visit,rich,0,,,false,,,,false,,,,,,,,,2026-01-10T23:34:10.696000+00:00,false,0,Animal Battle Stats,1446203750204047426
1459691822468305108,,,,,,true,,0000,0,,1446203750204047426,,0,Animal Battle Stats,,1446204139909550150,,,2026-01-10T23:34:10.239Z,,6710886,0,,true,User,RamiNoodle733,true,🌐 Location,"Sugar Land, TX, US",,,,,,,2026-01-10T23:34:09.943000+00:00,👋 User Left Site,rich,0,,,false,,,,false,,,,,,,,,2026-01-10T23:34:10.239000+00:00,false,0,Animal Battle Stats,1446203750204047426
1459691756995084390,,,,,,true,,0000,0,,1446203750204047426,,0,Animal Battle Stats,,1446204139909550150,,,2026-01-10T23:33:54.629Z,,6710886,0,,true,User,RamiNoodle733,true,🌐 Location,"Sugar Land, TX, US",,,,,,,2026-01-10T23:33:52.919000+00:00,👋 User Left Site,rich,0,,,false,,,,false,,,,,,,,,2026-01-10T23:33:54.629000+00:00,false,0,Animal Battle Stats,1446203750204047426
1459691659322196110,,,,,,true,,0000,0,,1446203750204047426,,0,Animal Battle Stats,,1446204139909550150,,,2026-01-10T23:33:31.342Z,,4491519,0,,true,Visitor,RamiNoodle733,true,🌐 Location,"Sugar Land, TX, US",,,,,,,2026-01-10T23:33:31.055000+00:00,👀 Site Visit,rich,0,,,false,,,,false,,,,,,,,,2026-01-10T23:33:31.342000+00:00,false,0,Animal Battle Stats,1446203750204047426
1459691657267253470,,,,,,true,,0000,0,,1446203750204047426,,0,Animal Battle Stats,,1446204139909550150,,,2026-01-10T23:33:30.852Z,,6710886,0,,true,User,RamiNoodle733,true,🌐 Location,"Sugar Land, TX, US",,,,,,,2026-01-10T23:33:29.085000+00:00,👋 User Left Site,rich,0,,,false,,,,false,,,,,,,,,2026-01-10T23:33:30.852000+00:00,false,0,Animal Battle Stats,1446203750204047426
1459691096371368063,,,,,,true,,0000,0,,1446203750204047426,,0,Animal Battle Stats,,1446204139909550150,,,2026-01-10T23:31:17.124Z,,4491519,0,,true,Visitor,RamiNoodle733,true,🌐 Location,"Sugar Land, TX, US",,,,,,,2026-01-10T23:31:16.883000+00:00,👀 Site Visit,rich,0,,,false,,,,false,,,,,,,,,2026-01-10T23:31:17.124000+00:00,false,0,Animal Battle Stats,1446203750204047426
1459691095133782128,,,,,,true,,0000,0,,1446203750204047426,,0,Animal Battle Stats,,1446204139909550150,,,2026-01-10T23:31:16.829Z,,6710886,0,,true,User,RamiNoodle733,true,🌐 Location,"Sugar Land, TX, US",,,,,,,2026-01-10T23:31:15.360000+00:00,👋 User Left Site,rich,0,,,false,,,,false,,,,,,,,,2026-01-10T23:31:16.829000+00:00,false,0,Animal Battle Stats,1446203750204047426
1459691090276778155,,,,,,true,,0000,0,,1446203750204047426,,0,Animal Battle Stats,,1446204139909550150,,,2026-01-10T23:31:15.671Z,,4491519,0,,true,Visitor,RamiNoodle733,true,🌐 Location,"Sugar Land, TX, US",,,,,,,2026-01-10T23:31:13.819000+00:00,👀 Site Visit,rich,0,,,false,,,,false,,,,,,,,,2026-01-10T23:31:15.671000+00:00,false,0,Animal Battle Stats,1446203750204047426
1459687033684365395,,,,,,true,,0000,0,,1446203750204047426,,0,Animal Battle Stats,,1446204139909550150,,,2026-01-10T23:15:08.504Z,,6710886,0,,true,User,Anonymous,true,🌐 Location,"Phoenix, AZ, US",,,,,,,2026-01-10T23:15:08.150000+00:00,👋 User Left Site,rich,0,,,false,,,,false,,,,,,,,,2026-01-10T23:15:08.504000+00:00,false,0,Animal Battle Stats,1446203750204047426
1459686387556286546,,,,,,true,,0000,0,,1446203750204047426,,0,Animal Battle Stats,,1446204139909550150,,,2026-01-10T23:12:34.455Z,,4491519,0,,true,Visitor,Anonymous,true,🌐 Location,"Phoenix, AZ, US",,,,,,,2026-01-10T23:12:34.168000+00:00,👀 Site Visit,rich,0,,,false,,,,false,,,,,,,,,2026-01-10T23:12:34.455000+00:00,false,0,Animal Battle Stats,1446203750204047426
1459685437047181545,,,,,,true,,0000,0,,1446203750204047426,,0,Animal Battle Stats,,1446204139909550150,,,2026-01-10T23:08:47.836Z,,4491519,0,,true,Visitor,RamiNoodle733,true,🌐 Location,"Sugar Land, TX, US",,,,,,,2026-01-10T23:08:47.548000+00:00,👀 Site Visit,rich,0,,,false,,,,false,,,,,,,,,2026-01-10T23:08:47.836000+00:00,false,0,Animal Battle Stats,1446203750204047426
1459685435675639839,,,,,,true,,0000,0,,1446203750204047426,,0,Animal Battle Stats,,1446204139909550150,,,2026-01-10T23:08:47.509Z,,6710886,0,,true,User,RamiNoodle733,true,🌐 Location,"Sugar Land, TX, US",,,,,,,2026-01-10T23:08:46.445000+00:00,👋 User Left Site,rich,0,,,false,,,,false,,,,,,,,,2026-01-10T23:08:47.509000+00:00,false,0,Animal Battle Stats,1446203750204047426
1459685333602926673,,,,,,true,,0000,0,,1446203750204047426,,0,Animal Battle Stats,,1446204139909550150,,,2026-01-10T23:08:23.173Z,,4491519,0,,true,Visitor,RamiNoodle733,true,🌐 Location,"Sugar Land, TX, US",,,,,,,2026-01-10T23:08:22.862000+00:00,👀 Site Visit,rich,0,,,false,,,,false,,,,,,,,,2026-01-10T23:08:23.173000+00:00,false,0,Animal Battle Stats,1446203750204047426
1459685331199721514,,,,,,true,,0000,0,,1446203750204047426,,0,Animal Battle Stats,,1446204139909550150,,,2026-01-10T23:08:22.600Z,,6710886,0,,true,User,RamiNoodle733,true,🌐 Location,"Sugar Land, TX, US",,,,,,,2026-01-10T23:08:21.773000+00:00,👋 User Left Site,rich,0,,,false,,,,false,,,,,,,,,2026-01-10T23:08:22.600000+00:00,false,0,Animal Battle Stats,1446203750204047426
1459681646272971066,,,,,,true,,0000,0,,1446203750204047426,,0,Animal Battle Stats,,1446204139909550150,,,2026-01-10T22:53:44.045Z,,16739072,0,,false,Matchup,Green Anaconda vs Anaconda,true,User,Anonymous,true,🌐 Location,"Hackensack, NJ, US",,,,2026-01-10T22:53:43.665000+00:00,⚔️ Battle Comparison,rich,0,,,false,,,,false,,,,,,,,,2026-01-10T22:53:44.045000+00:00,false,0,Animal Battle Stats,1446203750204047426
1459666275805696176,,,,,,true,,0000,0,,1446203750204047426,,0,Animal Battle Stats,,1446204139909550150,,,2026-01-10T21:52:39.440Z,,16739072,0,,false,Matchup,Deathstalker Scorpion vs Camel Spider,true,User,Anonymous,true,🌐 Location,"Hackensack, NJ, US",,,,2026-01-10T21:52:39.085000+00:00,⚔️ Battle Comparison,rich,0,,,false,,,,false,,,,,,,,,2026-01-10T21:52:39.440000+00:00,false,0,Animal Battle Stats,1446203750204047426
1459666216145911848,,,,,,true,,0000,0,,1446203750204047426,,0,Animal Battle Stats,,1446204139909550150,,,2026-01-10T21:52:25.216Z,,4491519,0,,true,Visitor,Anonymous,true,🌐 Location,"Hackensack, NJ, US",,,,,,,2026-01-10T21:52:24.950000+00:00,👀 Site Visit,rich,0,,,false,,,,false,,,,,,,,,2026-01-10T21:52:25.216000+00:00,false,0,Animal Battle Stats,1446203750204047426
1459665881830392058,,,,,,true,,0000,0,,1446203750204047426,,0,Animal Battle Stats,,1446204139909550150,,,2026-01-10T21:51:05.509Z,,4491519,0,,true,Visitor,Anonymous,true,🌐 Location,"Hackensack, NJ, US",,,,,,,2026-01-10T21:51:05.163000+00:00,👀 Site Visit,rich,0,,,false,,,,false,,,,,,,,,2026-01-10T21:51:05.509000+00:00,false,0,Animal Battle Stats,1446203750204047426
1459665880802656388,,,,,,true,,0000,0,,1446203750204047426,,0,Animal Battle Stats,,1446204139909550150,,,2026-01-10T21:51:05.264Z,,4491519,0,,true,Visitor,Anonymous,true,🌐 Location,"Hackensack, NJ, US",,,,,,,2026-01-10T21:49:59.129000+00:00,👀 Site Visit,rich,0,,,false,,,,false,,,,,,,,,2026-01-10T21:51:05.264000+00:00,false,0,Animal Battle Stats,1446203750204047426
1459665241154781204,,,,,,true,,0000,0,,1446203750204047426,,0,Animal Battle Stats,,1446204139909550150,,,2026-01-10T21:48:32.760Z,,16739072,0,,false,Matchup,Great Horned Owl vs Elk,true,User,Anonymous,true,🌐 Location,"Hackensack, NJ, US",,,,2026-01-10T21:48:32.356000+00:00,⚔️ Battle Comparison,rich,0,,,false,,,,false,,,,,,,,,2026-01-10T21:48:32.760000+00:00,false,0,Animal Battle Stats,1446203750204047426
1459661717641629707,,,,,,true,,0000,0,,1446203750204047426,,0,Animal Battle Stats,,1446204139909550150,,,2026-01-10T21:34:32.689Z,,16739072,0,,false,Matchup,Siberian Tiger vs Grizzly Bear,true,User,Anonymous,true,🌐 Location,"Hackensack, NJ, US",,,,2026-01-10T21:34:32.260000+00:00,⚔️ Battle Comparison,rich,0,,,false,,,,false,,,,,,,,,2026-01-10T21:34:32.689000+00:00,false,0,Animal Battle Stats,1446203750204047426
1459661713757700359,,,,,,true,,0000,0,,1446203750204047426,,0,Animal Battle Stats,,1446204139909550150,,,2026-01-10T21:34:31.763Z,,16739072,0,,false,Matchup,Siberian Tiger vs Grizzly Bear,true,User,Anonymous,true,🌐 Location,"Hackensack, NJ, US",,,,2026-01-10T21:34:31.448000+00:00,⚔️ Battle Comparison,rich,0,,,false,,,,false,,,,,,,,,2026-01-10T21:34:31.763000+00:00,false,0,Animal Battle Stats,1446203750204047426
1459659762626203772,,,,,,true,,0000,0,,1446203750204047426,,0,Animal Battle Stats,,1446204139909550150,,,2026-01-10T21:26:46.577Z,,16739072,0,,false,Matchup,African Elephant vs Hippopotamus,true,User,Anonymous,true,🌐 Location,"Hackensack, NJ, US",,,,2026-01-10T21:26:46.130000+00:00,⚔️ Battle Comparison,rich,0,,,false,,,,false,,,,,,,,,2026-01-10T21:26:46.577000+00:00,false,0,Animal Battle Stats,1446203750204047426
1459653833587163269,,,,,,true,,0000,0,,1446203750204047426,,0,Animal Battle Stats,,1446204139909550150,,,2026-01-10T21:03:12.984Z,,16739072,0,,false,Matchup,Peregrine Falcon vs Walrus,true,User,Anonymous,true,🌐 Location,"Hackensack, NJ, US",,,,2026-01-10T21:03:12.726000+00:00,⚔️ Battle Comparison,rich,0,,,false,,,,false,,,,,,,,,2026-01-10T21:03:12.984000+00:00,false,0,Animal Battle Stats,1446203750204047426
1459653260230267055,,,,,,true,,0000,0,,1446203750204047426,,0,Animal Battle Stats,,1446204139909550150,,,2026-01-10T21:00:56.285Z,,16739072,0,,false,Matchup,Colossal Squid vs Giant Squid,true,User,Anonymous,true,🌐 Location,"Hackensack, NJ, US",,,,2026-01-10T21:00:54.571000+00:00,⚔️ Battle Comparison,rich,0,,,false,,,,false,,,,,,,,,2026-01-10T21:00:56.285000+00:00,false,0,Animal Battle Stats,1446203750204047426
1459653256644002129,,,,,,true,,0000,0,,1446203750204047426,,0,Animal Battle Stats,,1446204139909550150,,,2026-01-10T21:00:55.430Z,,16739072,0,,false,Matchup,Colossal Squid vs Giant Squid,true,User,Anonymous,true,🌐 Location,"Hackensack, NJ, US",,,,2026-01-10T21:00:55.172000+00:00,⚔️ Battle Comparison,rich,0,,,false,,,,false,,,,,,,,,2026-01-10T21:00:55.430000+00:00,false,0,Animal Battle Stats,1446203750204047426
1459652839797293190,,,,,,true,,0000,0,,1446203750204047426,,0,Animal Battle Stats,,1446204139909550150,,,2026-01-10T20:59:16.046Z,,16739072,0,,false,Matchup,Platypus vs Camel,true,User,Anonymous,true,🌐 Location,"Hackensack, NJ, US",,,,2026-01-10T20:59:15.778000+00:00,⚔️ Battle Comparison,rich,0,,,false,,,,false,,,,,,,,,2026-01-10T20:59:16.046000+00:00,false,0,Animal Battle Stats,1446203750204047426
1459652838094540953,,,,,,true,,0000,0,,1446203750204047426,,0,Animal Battle Stats,,1446204139909550150,,,2026-01-10T20:59:15.640Z,,16739072,0,,false,Matchup,Platypus vs Camel,true,User,Anonymous,true,🌐 Location,"Hackensack, NJ, US",,,,2026-01-10T20:59:15.232000+00:00,⚔️ Battle Comparison,rich,0,,,false,,,,false,,,,,,,,,2026-01-10T20:59:15.640000+00:00,false,0,Animal Battle Stats,1446203750204047426
1459647156766904525,,,,,,true,,0000,0,,1446203750204047426,,0,Animal Battle Stats,,1446204139909550150,,,2026-01-10T20:36:41.106Z,,16739072,0,,false,Matchup,Orca vs Polar Bear,true,User,Anonymous,true,🌐 Location,"Hackensack, NJ, US",,,,2026-01-10T20:36:40.820000+00:00,⚔️ Battle Comparison,rich,0,,,false,,,,false,,,,,,,,,2026-01-10T20:36:41.106000+00:00,false,0,Animal Battle Stats,1446203750204047426
1459647051041079308,,,,,,true,,0000,0,,1446203750204047426,,0,Animal Battle Stats,,1446204139909550150,,,2026-01-10T20:36:15.899Z,,16739072,0,,false,Matchup,Octopus vs Platypus,true,User,Anonymous,true,🌐 Location,"Hackensack, NJ, US",,,,2026-01-10T20:36:15.655000+00:00,⚔️ Battle Comparison,rich,0,,,false,,,,false,,,,,,,,,2026-01-10T20:36:15.899000+00:00,false,0,Animal Battle Stats,1446203750204047426
1459646185856958642,,,,,,true,,0000,0,,1446203750204047426,,0,Animal Battle Stats,,1446204139909550150,,,2026-01-10T20:32:49.623Z,,16739072,0,,false,Matchup,Bottlenose Dolphin vs Pufferfish,true,User,Anonymous,true,🌐 Location,"Hackensack, NJ, US",,,,2026-01-10T20:32:47.789000+00:00,⚔️ Battle Comparison,rich,0,,,false,,,,false,,,,,,,,,2026-01-10T20:32:49.623000+00:00,false,0,Animal Battle Stats,1446203750204047426
1459646185491923191,,,,,,true,,0000,0,,1446203750204047426,,0,Animal Battle Stats,,1446204139909550150,,,2026-01-10T20:32:49.536Z,,16739072,0,,false,Matchup,Bottlenose Dolphin vs Pufferfish,true,User,Anonymous,true,🌐 Location,"Hackensack, NJ, US",,,,2026-01-10T20:32:49.221000+00:00,⚔️ Battle Comparison,rich,0,,,false,,,,false,,,,,,,,,2026-01-10T20:32:49.536000+00:00,false,0,Animal Battle Stats,1446203750204047426
1459645504496599051,,,,,,true,,0000,0,,1446203750204047426,,0,Animal Battle Stats,,1446204139909550150,,,2026-01-10T20:30:07.174Z,,16739072,0,,false,Matchup,Goliath Birdeater vs Black Widow,true,User,Anonymous,true,🌐 Location,"Hackensack, NJ, US",,,,2026-01-10T20:30:06.909000+00:00,⚔️ Battle Comparison,rich,0,,,false,,,,false,,,,,,,,,2026-01-10T20:30:07.174000+00:00,false,0,Animal Battle Stats,1446203750204047426
1459644864953188568,,,,,,true,,0000,0,,1446203750204047426,,0,Animal Battle Stats,,1446204139909550150,,,2026-01-10T20:27:34.695Z,,16739072,0,,false,Matchup,Komodo Dragon vs Dragonfly,true,User,Anonymous,true,🌐 Location,"Hackensack, NJ, US",,,,2026-01-10T20:27:33.245000+00:00,⚔️ Battle Comparison,rich,0,,,false,,,,false,,,,,,,,,2026-01-10T20:27:34.695000+00:00,false,0,Animal Battle Stats,1446203750204047426
1459643520267849799,,,,,,true,,0000,0,,1446203750204047426,,0,Animal Battle Stats,,1446204139909550150,,,2026-01-10T20:22:14.097Z,,16739072,0,,false,Matchup,Huntsman Spider vs Hummingbird,true,User,Anonymous,true,🌐 Location,"Hackensack, NJ, US",,,,2026-01-10T20:22:13.767000+00:00,⚔️ Battle Comparison,rich,0,,,false,,,,false,,,,,,,,,2026-01-10T20:22:14.097000+00:00,false,0,Animal Battle Stats,1446203750204047426
1459643383667626057,,,,,,true,,0000,0,,1446203750204047426,,0,Animal Battle Stats,,1446204139909550150,,,2026-01-10T20:21:41.529Z,,16739072,0,,false,Matchup,Orangutan vs Gorilla,true,User,Anonymous,true,🌐 Location,"Hackensack, NJ, US",,,,2026-01-10T20:21:41.283000+00:00,⚔️ Battle Comparison,rich,0,,,false,,,,false,,,,,,,,,2026-01-10T20:21:41.529000+00:00,false,0,Animal Battle Stats,1446203750204047426
1459643329460306169,,,,,,true,,0000,0,,1446203750204047426,,0,Animal Battle Stats,,1446204139909550150,,,2026-01-10T20:21:28.605Z,,16739072,0,,false,Matchup,Gorilla vs Orangutan,true,User,Anonymous,true,🌐 Location,"Hackensack, NJ, US",,,,2026-01-10T20:21:28.369000+00:00,⚔️ Battle Comparison,rich,0,,,false,,,,false,,,,,,,,,2026-01-10T20:21:28.605000+00:00,false,0,Animal Battle Stats,1446203750204047426
1459643306685501440,,,,,,true,,0000,0,,1446203750204047426,,0,Animal Battle Stats,,1446204139909550150,,,2026-01-10T20:21:23.175Z,,16739072,0,,false,Matchup,Gorilla vs Gorilla,true,User,Anonymous,true,🌐 Location,"Hackensack, NJ, US",,,,2026-01-10T20:21:22.901000+00:00,⚔️ Battle Comparison,rich,0,,,false,,,,false,,,,,,,,,2026-01-10T20:21:23.175000+00:00,false,0,Animal Battle Stats,1446203750204047426
1459642652453638258,,,,,,true,,0000,0,,1446203750204047426,,0,Animal Battle Stats,,1446204139909550150,,,2026-01-10T20:18:47.194Z,,16739072,0,,false,Matchup,Megalodon vs Great White Shark,true,User,Anonymous,true,🌐 Location,"Hackensack, NJ, US",,,,2026-01-10T20:18:47.019000+00:00,⚔️ Battle Comparison,rich,0,,,false,,,,false,,,,,,,,,2026-01-10T20:18:47.194000+00:00,false,0,Animal Battle Stats,1446203750204047426
1459642491509805139,,,,,,true,,0000,0,,1446203750204047426,,0,Animal Battle Stats,,1446204139909550150,,,2026-01-10T20:18:08.822Z,,16739072,0,,false,Matchup,Hippopotamus vs Rhinoceros,true,User,Anonymous,true,🌐 Location,"Hackensack, NJ, US",,,,2026-01-10T20:18:08.488000+00:00,⚔️ Battle Comparison,rich,0,,,false,,,,false,,,,,,,,,2026-01-10T20:18:08.822000+00:00,false,0,Animal Battle Stats,1446203750204047426
1459641414991483110,,,,,,true,,0000,0,,1446203750204047426,,0,Animal Battle Stats,,1446204139909550150,,,2026-01-10T20:13:52.160Z,,16739072,0,,false,Matchup,Tarantula Hawk vs Giant Squid,true,User,Anonymous,true,🌐 Location,"Hackensack, NJ, US",,,,2026-01-10T20:13:51.769000+00:00,⚔️ Battle Comparison,rich,0,,,false,,,,false,,,,,,,,,2026-01-10T20:13:52.160000+00:00,false,0,Animal Battle Stats,1446203750204047426
1459641261001539779,,,,,,true,,0000,0,,1446203750204047426,,0,Animal Battle Stats,,1446204139909550150,,,2026-01-10T20:13:15.446Z,,16739072,0,,false,Matchup,Sloth Bear vs Spectacled Bear,true,User,Anonymous,true,🌐 Location,"Hackensack, NJ, US",,,,2026-01-10T20:13:15.024000+00:00,⚔️ Battle Comparison,rich,0,,,false,,,,false,,,,,,,,,2026-01-10T20:13:15.446000+00:00,false,0,Animal Battle Stats,1446203750204047426
1459641259957288973,,,,,,true,,0000,0,,1446203750204047426,,0,Animal Battle Stats,,1446204139909550150,,,2026-01-10T20:13:15.197Z,,16739072,0,,false,Matchup,Sloth Bear vs Spectacled Bear,true,User,Anonymous,true,🌐 Location,"Hackensack, NJ, US",,,,2026-01-10T20:13:14.203000+00:00,⚔️ Battle Comparison,rich,0,,,false,,,,false,,,,,,,,,2026-01-10T20:13:15.197000+00:00,false,0,Animal Battle Stats,1446203750204047426
1459633800685555825,,,,,,true,,0000,0,,1446203750204047426,,0,Animal Battle Stats,,1446204139909550150,,,2026-01-10T19:43:36.768Z,,16739072,0,,false,Matchup,Sloth Bear vs Spectacled Bear,true,User,Anonymous,true,🌐 Location,"Hackensack, NJ, US",,,,2026-01-10T19:43:36.327000+00:00,⚔️ Battle Comparison,rich,0,,,false,,,,false,,,,,,,,,2026-01-10T19:43:36.768000+00:00,false,0,Animal Battle Stats,1446203750204047426
1459618980229550131,,,,,,true,,0000,0,,1446203750204047426,,0,Animal Battle Stats,,1446204139909550150,,,2026-01-10T18:44:43.296Z,,65416,0,,true,User,RamiNoodle733,true,Animal,Cassowary,true,Vote,👍 Upvote,true,🌐 Location,"Sugar Land, TX, US",2026-01-10T18:44:42.943000+00:00,👍 New Vote,rich,0,,,false,,,,false,,,,,,,,,2026-01-10T18:44:43.296000+00:00,false,0,Animal Battle Stats,1446203750204047426
1459618922008416381,,,,,,true,,0000,0,,1446203750204047426,,0,Animal Battle Stats,,1446204139909550150,,,2026-01-10T18:44:29.415Z,,52360,0,,true,By,RamiNoodle733,true,Comment Author,RamiNoodle733,true,On,Cassowary,true,🌐 Location,"Sugar Land, TX, US",2026-01-10T18:44:29.164000+00:00,👍 Comment Upvoted,rich,0,,,false,,,,false,,,,,,,,,2026-01-10T18:44:29.415000+00:00,false,0,Animal Battle Stats,1446203750204047426
1459618913724928113,,,,,,true,,0000,0,,1446203750204047426,,0,Animal Battle Stats,,1446204139909550150,,,2026-01-10T18:44:27.440Z,,54527,0,,true,User,RamiNoodle733,true,Target,Cassowary,false,Comment,Is it really the deadliest bird?,true,🌐 Location,"Sugar Land, TX, US",2026-01-10T18:44:27.189000+00:00,💬 New Comment,rich,0,,,false,,,,false,,,,,,,,,2026-01-10T18:44:27.440000+00:00,false,0,Animal Battle Stats,1446203750204047426
1459618870334722110,,,,,,true,,0000,0,,1446203750204047426,,0,Animal Battle Stats,,1446204139909550150,,,2026-01-10T18:44:17.095Z,,16729156,0,,true,User,RamiNoodle733,true,Target,Cassowary,false,Comment,Overgrown chicken...,true,🌐 Location,"Sugar Land, TX, US",2026-01-10T18:44:16.754000+00:00,🗑️ Comment Deleted,rich,0,,,false,,,,false,,,,,,,,,2026-01-10T18:44:17.095000+00:00,false,0,Animal Battle Stats,1446203750204047426
1459618821705830557,,,,,,true,,0000,0,,1446203750204047426,,0,Animal Battle Stats,,1446204139909550150,,,2026-01-10T18:44:05.501Z,,52326,0,,true,Username,RamiNoodle733,true,🌐 Location,"Sugar Land, TX, US",,,,,,,2026-01-10T18:43:47.744000+00:00,🔓 User Login,rich,0,,,false,,,,false,,,,,,,,,2026-01-10T18:44:05.501000+00:00,false,0,Animal Battle Stats,1446203750204047426
1459618818920939605,,,,,,true,,0000,0,,1446203750204047426,,0,Animal Battle Stats,,1446204139909550150,,,2026-01-10T18:44:04.837Z,,54527,0,,true,User,RamiNoodle733,true,Target,Cassowary,false,Comment,Overgrown chicken...,true,🌐 Location,"Sugar Land, TX, US",2026-01-10T18:44:04.485000+00:00,💬 New Comment,rich,0,,,false,,,,false,,,,,,,,,2026-01-10T18:44:04.837000+00:00,false,0,Animal Battle Stats,1446203750204047426
1459617377800028220,,,,,,true,,0000,0,,1446203750204047426,,0,Animal Battle Stats,,1446204139909550150,,,2026-01-10T18:38:21.247Z,,16739072,0,,false,Matchup,Great White Shark vs Saltwater Crocodile,true,User,Anonymous,true,🌐 Location,"Hackensack, NJ, US",,,,2026-01-10T18:38:20.946000+00:00,⚔️ Battle Comparison,rich,0,,,false,,,,false,,,,,,,,,2026-01-10T18:38:21.247000+00:00,false,0,Animal Battle Stats,1446203750204047426
1459617274498646036,,,,,,true,,0000,0,,1446203750204047426,,0,Animal Battle Stats,,1446204139909550150,,,2026-01-10T18:37:56.618Z,,16739072,0,,false,Matchup,Saltwater Crocodile vs Alligator,true,User,Anonymous,true,🌐 Location,"Hackensack, NJ, US",,,,2026-01-10T18:37:56.245000+00:00,⚔️ Battle Comparison,rich,0,,,false,,,,false,,,,,,,,,2026-01-10T18:37:56.618000+00:00,false,0,Animal Battle Stats,1446203750204047426
1459617207456891068,,,,,,true,,0000,0,,1446203750204047426,,0,Animal Battle Stats,,1446204139909550150,,,2026-01-10T18:37:40.634Z,,16739072,0,,false,Matchup,Alligator vs Saltwater Crocodile,true,User,Anonymous,true,🌐 Location,"Hackensack, NJ, US",,,,2026-01-10T18:37:40.313000+00:00,⚔️ Battle Comparison,rich,0,,,false,,,,false,,,,,,,,,2026-01-10T18:37:40.634000+00:00,false,0,Animal Battle Stats,1446203750204047426
1459617118411685982,,,,,,true,,0000,0,,1446203750204047426,,0,Animal Battle Stats,,1446204139909550150,,,2026-01-10T18:37:19.404Z,,16739072,0,,false,Matchup,Saltwater Crocodile vs Alligator,true,User,Anonymous,true,🌐 Location,"Hackensack, NJ, US",,,,2026-01-10T18:37:19.147000+00:00,⚔️ Battle Comparison,rich,0,,,false,,,,false,,,,,,,,,2026-01-10T18:37:19.404000+00:00,false,0,Animal Battle Stats,1446203750204047426
1459616929848492267,,,,,,true,,0000,0,,1446203750204047426,,0,Animal Battle Stats,,1446204139909550150,,,2026-01-10T18:36:34.447Z,,16739072,0,,false,Matchup,Orca vs Polar Bear,true,User,Anonymous,true,🌐 Location,"Hackensack, NJ, US",,,,2026-01-10T18:36:34.051000+00:00,⚔️ Battle Comparison,rich,0,,,false,,,,false,,,,,,,,,2026-01-10T18:36:34.447000+00:00,false,0,Animal Battle Stats,1446203750204047426
1459615493206970541,,,,,,true,,0000,0,,1446203750204047426,,0,Animal Battle Stats,,1446204139909550150,,,2026-01-10T18:30:51.925Z,,16739072,0,,false,Matchup,Polar Bear vs Polar Bear,true,User,Anonymous,true,🌐 Location,"Hackensack, NJ, US",,,,2026-01-10T18:30:51.615000+00:00,⚔️ Battle Comparison,rich,0,,,false,,,,false,,,,,,,,,2026-01-10T18:30:51.925000+00:00,false,0,Animal Battle Stats,1446203750204047426
1459615472638234708,,,,,,true,,0000,0,,1446203750204047426,,0,Animal Battle Stats,,1446204139909550150,,,2026-01-10T18:30:47.021Z,,16739072,0,,false,Matchup,Polar Bear vs Polar Bear,true,User,Anonymous,true,🌐 Location,"Hackensack, NJ, US",,,,2026-01-10T18:30:46.743000+00:00,⚔️ Battle Comparison,rich,0,,,false,,,,false,,,,,,,,,2026-01-10T18:30:47.021000+00:00,false,0,Animal Battle Stats,1446203750204047426
1459615401976664277,,,,,,true,,0000,0,,1446203750204047426,,0,Animal Battle Stats,,1446204139909550150,,,2026-01-10T18:30:30.174Z,,4491519,0,,true,Visitor,Anonymous,true,🌐 Location,"Hackensack, NJ, US",,,,,,,2026-01-10T18:30:29.895000+00:00,👀 Site Visit,rich,0,,,false,,,,false,,,,,,,,,2026-01-10T18:30:30.174000+00:00,false,0,Animal Battle Stats,1446203750204047426
1459615401095725139,,,,,,true,,0000,0,,1446203750204047426,,0,Animal Battle Stats,,1446204139909550150,,,2026-01-10T18:30:29.964Z,,4491519,0,,true,Visitor,Anonymous,true,🌐 Location,"Hackensack, NJ, US",,,,,,,2026-01-10T18:25:38.454000+00:00,👀 Site Visit,rich,0,,,false,,,,false,,,,,,,,,2026-01-10T18:30:29.964000+00:00,false,0,Animal Battle Stats,1446203750204047426
1459614567473614912,,,,,,true,,0000,0,,1446203750204047426,,0,Animal Battle Stats,,1446204139909550150,,,2026-01-10T18:27:11.213Z,,16739072,0,,false,Matchup,Moose vs Wolverine,true,User,Anonymous,true,🌐 Location,"Hackensack, NJ, US",,,,2026-01-10T18:27:09.855000+00:00,⚔️ Battle Comparison,rich,0,,,false,,,,false,,,,,,,,,2026-01-10T18:27:11.213000+00:00,false,0,Animal Battle Stats,1446203750204047426
1459614518744449212,,,,,,true,,0000,0,,1446203750204047426,,0,Animal Battle Stats,,1446204139909550150,,,2026-01-10T18:26:59.595Z,,16739072,0,,false,Matchup,King Cobra vs Wolverine,true,User,Anonymous,true,🌐 Location,"Hackensack, NJ, US",,,,2026-01-10T18:26:36.990000+00:00,⚔️ Battle Comparison,rich,0,,,false,,,,false,,,,,,,,,2026-01-10T18:26:59.595000+00:00,false,0,Animal Battle Stats,1446203750204047426
1459614364116979897,,,,,,true,,0000,0,,1446203750204047426,,0,Animal Battle Stats,,1446204139909550150,,,2026-01-10T18:26:22.729Z,,16739072,0,,false,Matchup,King Cobra vs Wombat,true,User,Anonymous,true,🌐 Location,"Hackensack, NJ, US",,,,2026-01-10T18:26:14.952000+00:00,⚔️ Battle Comparison,rich,0,,,false,,,,false,,,,,,,,,2026-01-10T18:26:22.729000+00:00,false,0,Animal Battle Stats,1446203750204047426
1459612148761231540,,,,,,true,,0000,0,,1446203750204047426,,0,Animal Battle Stats,,1446204139909550150,,,2026-01-10T18:17:34.547Z,,16750848,0,,true,Username,RamiNoodle733,true,🌐 Location,"Sugar Land, TX, US",,,,,,,2026-01-10T18:17:34.281000+00:00,🔒 User Logout,rich,0,,,false,,,,false,,,,,,,,,2026-01-10T18:17:34.547000+00:00,false,0,Animal Battle Stats,1446203750204047426
1459611935594119281,,,,,,true,,0000,0,,1446203750204047426,,0,Animal Battle Stats,,1446204139909550150,,,2026-01-10T18:16:43.724Z,,4491519,0,,true,Visitor,RamiNoodle733,true,🌐 Location,"Sugar Land, TX, US",,,,,,,2026-01-10T18:16:43.336000+00:00,👀 Site Visit,rich,0,,,false,,,,false,,,,,,,,,2026-01-10T18:16:43.724000+00:00,false,0,Animal Battle Stats,1446203750204047426
1459611920599355416,,,,,,true,,0000,0,,1446203750204047426,,0,Animal Battle Stats,,1446204139909550150,,,2026-01-10T18:16:40.149Z,,6710886,0,,true,User,RamiNoodle733,true,🌐 Location,"Sugar Land, TX, US",,,,,,,2026-01-10T18:16:20.134000+00:00,👋 User Left Site,rich,0,,,false,,,,false,,,,,,,,,2026-01-10T18:16:40.149000+00:00,false,0,Animal Battle Stats,1446203750204047426
1459609594551734467,,,,,,true,,0000,0,,1446203750204047426,,0,Animal Battle Stats,,1446204139909550150,,,2026-01-10T18:07:25.576Z,,16739072,0,,false,Matchup,Flying Squirrel vs Sugar Glider,true,User,Anonymous,true,🌐 Location,"Hackensack, NJ, US",,,,2026-01-10T18:07:25.267000+00:00,⚔️ Battle Comparison,rich,0,,,false,,,,false,,,,,,,,,2026-01-10T18:07:25.576000+00:00,false,0,Animal Battle Stats,1446203750204047426
1459609390712623246,,,,,,true,,0000,0,,1446203750204047426,,0,Animal Battle Stats,,1446204139909550150,,,2026-01-10T18:06:36.977Z,,16739072,0,,false,Matchup,Flying Squirrel vs Flying Squirrel,true,User,Anonymous,true,🌐 Location,"Hackensack, NJ, US",,,,2026-01-10T18:06:36.689000+00:00,⚔️ Battle Comparison,rich,0,,,false,,,,false,,,,,,,,,2026-01-10T18:06:36.977000+00:00,false,0,Animal Battle Stats,1446203750204047426
1459609260055859487,,,,,,true,,0000,0,,1446203750204047426,,0,Animal Battle Stats,,1446204139909550150,,,2026-01-10T18:06:05.826Z,,4491519,0,,true,Visitor,Anonymous,true,🌐 Location,"Hackensack, NJ, US",,,,,,,2026-01-10T18:06:05.561000+00:00,👀 Site Visit,rich,0,,,false,,,,false,,,,,,,,,2026-01-10T18:06:05.826000+00:00,false,0,Animal Battle Stats,1446203750204047426
1459608688141668533,,,,,,true,,0000,0,,1446203750204047426,,0,Animal Battle Stats,,1446204139909550150,,,2026-01-10T18:03:49.471Z,,16739072,0,,false,Matchup,Camel Spider vs Gecko,true,User,Anonymous,true,🌐 Location,"Hackensack, NJ, US",,,,2026-01-10T18:03:49.023000+00:00,⚔️ Battle Comparison,rich,0,,,false,,,,false,,,,,,,,,2026-01-10T18:03:49.471000+00:00,false,0,Animal Battle Stats,1446203750204047426
1459608526975533219,,,,,,true,,0000,0,,1446203750204047426,,0,Animal Battle Stats,,1446204139909550150,,,2026-01-10T18:03:11.046Z,,4491519,0,,true,Visitor,Anonymous,true,🌐 Location,"Hackensack, NJ, US",,,,,,,2026-01-10T18:03:10.608000+00:00,👀 Site Visit,rich,0,,,false,,,,false,,,,,,,,,2026-01-10T18:03:11.046000+00:00,false,0,Animal Battle Stats,1446203750204047426
1459608525566247199,,,,,,true,,0000,0,,1446203750204047426,,0,Animal Battle Stats,,1446204139909550150,,,2026-01-10T18:03:10.710Z,,4491519,0,,true,Visitor,Anonymous,true,🌐 Location,"Hackensack, NJ, US",,,,,,,2026-01-10T18:03:02.712000+00:00,👀 Site Visit,rich,0,,,false,,,,false,,,,,,,,,2026-01-10T18:03:10.710000+00:00,false,0,Animal Battle Stats,1446203750204047426
1459607124479967233,,,,,,true,,0000,0,,1446203750204047426,,0,Animal Battle Stats,,1446204139909550150,,,2026-01-10T17:57:36.665Z,,16739072,0,,false,Matchup,Sloth Bear vs Spectacled Bear,true,User,Anonymous,true,🌐 Location,"Hackensack, NJ, US",,,,2026-01-10T17:57:36.313000+00:00,⚔️ Battle Comparison,rich,0,,,false,,,,false,,,,,,,,,2026-01-10T17:57:36.665000+00:00,false,0,Animal Battle Stats,1446203750204047426
1459606997216395432,,,,,,true,,0000,0,,1446203750204047426,,0,Animal Battle Stats,,1446204139909550150,,,2026-01-10T17:57:06.323Z,,4491519,0,,true,Visitor,Anonymous,true,🌐 Location,"Hackensack, NJ, US",,,,,,,2026-01-10T17:57:06.005000+00:00,👀 Site Visit,rich,0,,,false,,,,false,,,,,,,,,2026-01-10T17:57:06.323000+00:00,false,0,Animal Battle Stats,1446203750204047426
1459606943982158055,,,,,,true,,0000,0,,1446203750204047426,,0,Animal Battle Stats,,1446204139909550150,,,2026-01-10T17:56:53.631Z,,4491519,0,,true,Visitor,Anonymous,true,🌐 Location,"Hackensack, NJ, US",,,,,,,2026-01-10T17:56:53.339000+00:00,👀 Site Visit,rich,0,,,false,,,,false,,,,,,,,,2026-01-10T17:56:53.631000+00:00,false,0,Animal Battle Stats,1446203750204047426
1459606878505013391,,,,,,true,,0000,0,,1446203750204047426,,0,Animal Battle Stats,,1446204139909550150,,,2026-01-10T17:56:38.020Z,,4491519,0,,true,Visitor,Anonymous,true,🌐 Location,"Hackensack, NJ, US",,,,,,,2026-01-10T17:56:37.679000+00:00,👀 Site Visit,rich,0,,,false,,,,false,,,,,,,,,2026-01-10T17:56:38.020000+00:00,false,0,Animal Battle Stats,1446203750204047426
1459606657532297216,,,,,,true,,0000,0,,1446203750204047426,,0,Animal Battle Stats,,1446204139909550150,,,2026-01-10T17:55:45.336Z,,4491519,0,,true,Visitor,Anonymous,true,🌐 Location,"Hackensack, NJ, US",,,,,,,2026-01-10T17:55:45.070000+00:00,👀 Site Visit,rich,0,,,false,,,,false,,,,,,,,,2026-01-10T17:55:45.336000+00:00,false,0,Animal Battle Stats,1446203750204047426
1459606656949424259,,,,,,true,,0000,0,,1446203750204047426,,0,Animal Battle Stats,,1446204139909550150,,,2026-01-10T17:55:45.197Z,,4491519,0,,true,Visitor,Anonymous,true,🌐 Location,"Hackensack, NJ, US",,,,,,,2026-01-10T17:55:09.527000+00:00,👀 Site Visit,rich,0,,,false,,,,false,,,,,,,,,2026-01-10T17:55:45.197000+00:00,false,0,Animal Battle Stats,1446203750204047426
1459605022877814977,,,,,,true,,0000,0,,1446203750204047426,,0,Animal Battle Stats,,1446204139909550150,,,2026-01-10T17:49:15.604Z,,4491519,0,,true,Visitor,Anonymous,true,🌐 Location,"Hackensack, NJ, US",,,,,,,2026-01-10T17:49:15.175000+00:00,👀 Site Visit,rich,0,,,false,,,,false,,,,,,,,,2026-01-10T17:49:15.604000+00:00,false,0,Animal Battle Stats,1446203750204047426
1459605020545781871,,,,,,true,,0000,0,,1446203750204047426,,0,Animal Battle Stats,,1446204139909550150,,,2026-01-10T17:49:15.048Z,,4491519,0,,true,Visitor,Anonymous,true,🌐 Location,"Hackensack, NJ, US",,,,,,,2026-01-10T17:49:13.074000+00:00,👀 Site Visit,rich,0,,,false,,,,false,,,,,,,,,2026-01-10T17:49:15.048000+00:00,false,0,Animal Battle Stats,1446203750204047426
1459596343151558849,,,,,,true,,0000,0,,1446203750204047426,,0,Animal Battle Stats,,1446204139909550150,,,2026-01-10T17:14:46.196Z,,6710886,0,,true,User,RamiNoodle733,true,🌐 Location,"Sugar Land, TX, US",,,,,,,2026-01-10T17:14:45.899000+00:00,👋 User Left Site,rich,0,,,false,,,,false,,,,,,,,,2026-01-10T17:14:46.196000+00:00,false,0,Animal Battle Stats,1446203750204047426
1459596338386833575,,,,,,true,,0000,0,,1446203750204047426,,0,Animal Battle Stats,,1446204139909550150,,,2026-01-10T17:14:45.060Z,,4491519,0,,true,Visitor,RamiNoodle733,true,🌐 Location,"Sugar Land, TX, US",,,,,,,2026-01-10T17:14:44.796000+00:00,👀 Site Visit,rich,0,,,false,,,,false,,,,,,,,,2026-01-10T17:14:45.060000+00:00,false,0,Animal Battle Stats,1446203750204047426
1459596337614946455,,,,,,true,,0000,0,,1446203750204047426,,0,Animal Battle Stats,,1446204139909550150,,,2026-01-10T17:14:44.876Z,,6710886,0,,true,User,RamiNoodle733,true,🌐 Location,"Sugar Land, TX, US",,,,,,,2026-01-10T17:14:44.373000+00:00,👋 User Left Site,rich,0,,,false,,,,false,,,,,,,,,2026-01-10T17:14:44.876000+00:00,false,0,Animal Battle Stats,1446203750204047426
1459596337250042198,,,,,,true,,0000,0,,1446203750204047426,,0,Animal Battle Stats,,1446204139909550150,,,2026-01-10T17:14:44.789Z,,4491519,0,,true,Visitor,RamiNoodle733,true,🌐 Location,"Sugar Land, TX, US",,,,,,,2026-01-10T17:14:44.094000+00:00,👀 Site Visit,rich,0,,,false,,,,false,,,,,,,,,2026-01-10T17:14:44.789000+00:00,false,0,Animal Battle Stats,1446203750204047426
1459596332799889613,,,,,,true,,0000,0,,1446203750204047426,,0,Animal Battle Stats,,1446204139909550150,,,2026-01-10T17:14:43.728Z,,6710886,0,,true,User,RamiNoodle733,true,🌐 Location,"Sugar Land, TX, US",,,,,,,2026-01-10T17:14:43.293000+00:00,👋 User Left Site,rich,0,,,false,,,,false,,,,,,,,,2026-01-10T17:14:43.728000+00:00,false,0,Animal Battle Stats,1446203750204047426
1459596290769031279,,,,,,true,,0000,0,,1446203750204047426,,0,Animal Battle Stats,,1446204139909550150,,,2026-01-10T17:14:33.707Z,,4491519,0,,true,Visitor,RamiNoodle733,true,🌐 Location,"Sugar Land, TX, US",,,,,,,2026-01-10T17:14:32.552000+00:00,👀 Site Visit,rich,0,,,false,,,,false,,,,,,,,,2026-01-10T17:14:33.707000+00:00,false,0,Animal Battle Stats,1446203750204047426
1459596280899571793,,,,,,true,,0000,0,,1446203750204047426,,0,Animal Battle Stats,,1446204139909550150,,,2026-01-10T17:14:31.354Z,,6710886,0,,true,User,RamiNoodle733,true,🌐 Location,"Sugar Land, TX, US",,,,,,,2026-01-10T17:14:31.041000+00:00,👋 User Left Site,rich,0,,,false,,,,false,,,,,,,,,2026-01-10T17:14:31.354000+00:00,false,0,Animal Battle Stats,1446203750204047426
1459596279758848030,,,,,,true,,0000,0,,1446203750204047426,,0,Animal Battle Stats,,1446204139909550150,,,2026-01-10T17:14:31.082Z,,4491519,0,,true,Visitor,RamiNoodle733,true,🌐 Location,"Sugar Land, TX, US",,,,,,,2026-01-10T17:14:30.706000+00:00,👀 Site Visit,rich,0,,,false,,,,false,,,,,,,,,2026-01-10T17:14:31.082000+00:00,false,0,Animal Battle Stats,1446203750204047426
1459596277003194604,,,,,,true,,0000,0,,1446203750204047426,,0,Animal Battle Stats,,1446204139909550150,,,2026-01-10T17:14:30.425Z,,6710886,0,,true,User,RamiNoodle733,true,🌐 Location,"Sugar Land, TX, US",,,,,,,2026-01-10T17:14:30.151000+00:00,👋 User Left Site,rich,0,,,false,,,,false,,,,,,,,,2026-01-10T17:14:30.425000+00:00,false,0,Animal Battle Stats,1446203750204047426
1459596256367087873,,,,,,true,,0000,0,,1446203750204047426,,0,Animal Battle Stats,,1446204139909550150,,,2026-01-10T17:14:25.505Z,,4491519,0,,true,Visitor,RamiNoodle733,true,🌐 Location,"Sugar Land, TX, US",,,,,,,2026-01-10T17:14:25.239000+00:00,👀 Site Visit,rich,0,,,false,,,,false,,,,,,,,,2026-01-10T17:14:25.505000+00:00,false,0,Animal Battle Stats,1446203750204047426
1459596255368970240,,,,,,true,,0000,0,,1446203750204047426,,0,Animal Battle Stats,,1446204139909550150,,,2026-01-10T17:14:25.267Z,,6710886,0,,true,User,RamiNoodle733,true,🌐 Location,"Sugar Land, TX, US",,,,,,,2026-01-10T17:14:24.269000+00:00,👋 User Left Site,rich,0,,,false,,,,false,,,,,,,,,2026-01-10T17:14:25.267000+00:00,false,0,Animal Battle Stats,1446203750204047426
1459596252730753125,,,,,,true,,0000,0,,1446203750204047426,,0,Animal Battle Stats,,1446204139909550150,,,2026-01-10T17:14:24.638Z,,4491519,0,,true,Visitor,RamiNoodle733,true,🌐 Location,"Sugar Land, TX, US",,,,,,,2026-01-10T17:14:22.793000+00:00,👀 Site Visit,rich,0,,,false,,,,false,,,,,,,,,2026-01-10T17:14:24.638000+00:00,false,0,Animal Battle Stats,1446203750204047426
1459570970577866803,,,,,,true,,0000,0,,1446203750204047426,,0,Animal Battle Stats,,1446204139909550150,,,2026-01-10T15:33:56.903Z,,52326,0,,true,Username,RamiNoodle733,true,🌐 Location,"Sugar Land, TX, US",,,,,,,2026-01-10T15:33:56.622000+00:00,🔓 User Login,rich,0,,,false,,,,false,,,,,,,,,2026-01-10T15:33:56.903000+00:00,false,0,Animal Battle Stats,1446203750204047426
1459570844220133552,,,,,,true,,0000,0,,1446203750204047426,,0,Animal Battle Stats,,1446204139909550150,,,2026-01-10T15:33:26.777Z,,52326,0,,true,Username,RamiNoodle733,true,🌐 Location,"Sugar Land, TX, US",,,,,,,2026-01-10T15:33:26.535000+00:00,🔓 User Login,rich,0,,,false,,,,false,,,,,,,,,2026-01-10T15:33:26.777000+00:00,false,0,Animal Battle Stats,1446203750204047426
1459570730420142216,,,,,,true,,0000,0,,1446203750204047426,,0,Animal Battle Stats,,1446204139909550150,,,2026-01-10T15:32:59.645Z,,16750848,0,,true,Username,RamiNoodle733,true,🌐 Location,"Sugar Land, TX, US",,,,,,,2026-01-10T15:32:59.372000+00:00,🔒 User Logout,rich,0,,,false,,,,false,,,,,,,,,2026-01-10T15:32:59.645000+00:00,false,0,Animal Battle Stats,1446203750204047426
1459570228504826017,,,,,,true,,0000,0,,1446203750204047426,,0,Animal Battle Stats,,1446204139909550150,,,2026-01-10T15:30:59.979Z,,52326,0,,true,Username,RamiNoodle733,true,🌐 Location,"Sugar Land, TX, US",,,,,,,2026-01-10T15:30:54.567000+00:00,🔓 User Login,rich,0,,,false,,,,false,,,,,,,,,2026-01-10T15:30:59.979000+00:00,false,0,Animal Battle Stats,1446203750204047426
1459570180182118412,,,,,,true,,0000,0,,1446203750204047426,,0,Animal Battle Stats,,1446204139909550150,,,2026-01-10T15:30:48.458Z,,16750848,0,,true,Username,RamiNoodle733,true,🌐 Location,"Sugar Land, TX, US",,,,,,,2026-01-10T15:30:48.141000+00:00,🔒 User Logout,rich,0,,,false,,,,false,,,,,,,,,2026-01-10T15:30:48.458000+00:00,false,0,Animal Battle Stats,1446203750204047426
1459570083209674902,,,,,,true,,0000,0,,1446203750204047426,,0,Animal Battle Stats,,1446204139909550150,,,2026-01-10T15:30:25.338Z,,16750848,0,,true,Username,RamiNoodle733,true,🌐 Location,"Sugar Land, TX, US",,,,,,,2026-01-10T15:30:25.035000+00:00,🔒 User Logout,rich,0,,,false,,,,false,,,,,,,,,2026-01-10T15:30:25.338000+00:00,false,0,Animal Battle Stats,1446203750204047426
1459569970387091589,,,,,,true,,0000,0,,1446203750204047426,,0,Animal Battle Stats,,1446204139909550150,,,2026-01-10T15:29:58.439Z,,16750848,0,,true,Username,RamiNoodle733,true,🌐 Location,"Sugar Land, TX, US",,,,,,,2026-01-10T15:29:58.022000+00:00,🔒 User Logout,rich,0,,,false,,,,false,,,,,,,,,2026-01-10T15:29:58.439000+00:00,false,0,Animal Battle Stats,1446203750204047426
1459569948585230521,,,,,,true,,0000,0,,1446203750204047426,,0,Animal Battle Stats,,1446204139909550150,,,2026-01-10T15:29:53.241Z,,52326,0,,true,Username,RamiNoodle733,true,🌐 Location,"Sugar Land, TX, US",,,,,,,2026-01-10T15:29:52.809000+00:00,🔓 User Login,rich,0,,,false,,,,false,,,,,,,,,2026-01-10T15:29:53.241000+00:00,false,0,Animal Battle Stats,1446203750204047426
1459569927076970630,,,,,,true,,0000,0,,1446203750204047426,,0,Animal Battle Stats,,1446204139909550150,,,2026-01-10T15:29:48.113Z,,4491519,0,,true,Visitor,Anonymous,true,🌐 Location,"Sugar Land, TX, US",,,,,,,2026-01-10T15:29:47.835000+00:00,👀 Site Visit,rich,0,,,false,,,,false,,,,,,,,,2026-01-10T15:29:48.113000+00:00,false,0,Animal Battle Stats,1446203750204047426
1459569925269094422,,,,,,true,,0000,0,,1446203750204047426,,0,Animal Battle Stats,,1446204139909550150,,,2026-01-10T15:29:47.682Z,,6710886,0,,true,User,Anonymous,true,🌐 Location,"Sugar Land, TX, US",,,,,,,2026-01-10T15:29:47.400000+00:00,👋 User Left Site,rich,0,,,false,,,,false,,,,,,,,,2026-01-10T15:29:47.682000+00:00,false,0,Animal Battle Stats,1446203750204047426
1459569909032947818,,,,,,true,,0000,0,,1446203750204047426,,0,Animal Battle Stats,,1446204139909550150,,,2026-01-10T15:29:43.811Z,,6710886,0,,true,User,Anonymous,true,🌐 Location,"Sugar Land, TX, US",,,,,,,2026-01-10T15:29:42.702000+00:00,👋 User Left Site,rich,0,,,false,,,,false,,,,,,,,,2026-01-10T15:29:43.811000+00:00,false,0,Animal Battle Stats,1446203750204047426
1459569908886278269,,,,,,true,,0000,0,,1446203750204047426,,0,Animal Battle Stats,,1446204139909550150,,,2026-01-10T15:29:43.776Z,,4491519,0,,true,Visitor,Anonymous,true,🌐 Location,"Sugar Land, TX, US",,,,,,,2026-01-10T15:29:43.432000+00:00,👀 Site Visit,rich,0,,,false,,,,false,,,,,,,,,2026-01-10T15:29:43.776000+00:00,false,0,Animal Battle Stats,1446203750204047426
1459569877135261942,,,,,,true,,0000,0,,1446203750204047426,,0,Animal Battle Stats,,1446204139909550150,,,2026-01-10T15:29:36.206Z,,4491519,0,,true,Visitor,Anonymous,true,🌐 Location,"Sugar Land, TX, US",,,,,,,2026-01-10T15:29:35.906000+00:00,👀 Site Visit,rich,0,,,false,,,,false,,,,,,,,,2026-01-10T15:29:36.206000+00:00,false,0,Animal Battle Stats,1446203750204047426
1459569875365396683,,,,,,true,,0000,0,,1446203750204047426,,0,Animal Battle Stats,,1446204139909550150,,,2026-01-10T15:29:35.784Z,,6710886,0,,true,User,Anonymous,true,🌐 Location,"Sugar Land, TX, US",,,,,,,2026-01-10T15:29:34.647000+00:00,👋 User Left Site,rich,0,,,false,,,,false,,,,,,,,,2026-01-10T15:29:35.784000+00:00,false,0,Animal Battle Stats,1446203750204047426
1459568868736499865,,,,,,true,,0000,0,,1446203750204047426,,0,Animal Battle Stats,,1446204139909550150,,,2026-01-10T15:25:35.785Z,,4491519,0,,true,Visitor,Anonymous,true,🌐 Location,"Sugar Land, TX, US",,,,,,,2026-01-10T15:25:35.504000+00:00,👀 Site Visit,rich,0,,,false,,,,false,,,,,,,,,2026-01-10T15:25:35.785000+00:00,false,0,Animal Battle Stats,1446203750204047426
1459568866848936231,,,,,,true,,0000,0,,1446203750204047426,,0,Animal Battle Stats,,1446204139909550150,,,2026-01-10T15:25:35.335Z,,6710886,0,,true,User,Anonymous,true,🌐 Location,"Sugar Land, TX, US",,,,,,,2026-01-10T15:25:35.035000+00:00,👋 User Left Site,rich,0,,,false,,,,false,,,,,,,,,2026-01-10T15:25:35.335000+00:00,false,0,Animal Battle Stats,1446203750204047426
1459568852923842715,,,,,,true,,0000,0,,1446203750204047426,,0,Animal Battle Stats,,1446204139909550150,,,2026-01-10T15:25:32.015Z,,4491519,0,,true,Visitor,Anonymous,true,🌐 Location,"Sugar Land, TX, US",,,,,,,2026-01-10T15:25:31.732000+00:00,👀 Site Visit,rich,0,,,false,,,,false,,,,,,,,,2026-01-10T15:25:32.015000+00:00,false,0,Animal Battle Stats,1446203750204047426
1459568847245021310,,,,,,true,,0000,0,,1446203750204047426,,0,Animal Battle Stats,,1446204139909550150,,,2026-01-10T15:25:30.661Z,,6710886,0,,true,User,Anonymous,true,🌐 Location,"Sugar Land, TX, US",,,,,,,2026-01-10T15:25:30.339000+00:00,👋 User Left Site,rich,0,,,false,,,,false,,,,,,,,,2026-01-10T15:25:30.661000+00:00,false,0,Animal Battle Stats,1446203750204047426
1459568837945987287,,,,,,true,,0000,0,,1446203750204047426,,0,Animal Battle Stats,,1446204139909550150,,,2026-01-10T15:25:28.444Z,,4491519,0,,true,Visitor,Anonymous,true,🌐 Location,"Sugar Land, TX, US",,,,,,,2026-01-10T15:25:28.179000+00:00,👀 Site Visit,rich,0,,,false,,,,false,,,,,,,,,2026-01-10T15:25:28.444000+00:00,false,0,Animal Battle Stats,1446203750204047426
1459568836469587980,,,,,,true,,0000,0,,1446203750204047426,,0,Animal Battle Stats,,1446204139909550150,,,2026-01-10T15:25:28.092Z,,6710886,0,,true,User,Anonymous,true,🌐 Location,"Sugar Land, TX, US",,,,,,,2026-01-10T15:25:27.791000+00:00,👋 User Left Site,rich,0,,,false,,,,false,,,,,,,,,2026-01-10T15:25:28.092000+00:00,false,0,Animal Battle Stats,1446203750204047426
1459568753934209214,,,,,,true,,0000,0,,1446203750204047426,,0,Animal Battle Stats,,1446204139909550150,,,2026-01-10T15:25:08.414Z,,4491519,0,,true,Visitor,Anonymous,true,🌐 Location,"Sugar Land, TX, US",,,,,,,2026-01-10T15:25:08.164000+00:00,👀 Site Visit,rich,0,,,false,,,,false,,,,,,,,,2026-01-10T15:25:08.414000+00:00,false,0,Animal Battle Stats,1446203750204047426
1459568752197763347,,,,,,true,,0000,0,,1446203750204047426,,0,Animal Battle Stats,,1446204139909550150,,,2026-01-10T15:25:08.000Z,,6710886,0,,true,User,Anonymous,true,🌐 Location,"Sugar Land, TX, US",,,,,,,2026-01-10T15:25:07.757000+00:00,👋 User Left Site,rich,0,,,false,,,,false,,,,,,,,,2026-01-10T15:25:08+00:00,false,0,Animal Battle Stats,1446203750204047426
1459568732518224005,,,,,,true,,0000,0,,1446203750204047426,,0,Animal Battle Stats,,1446204139909550150,,,2026-01-10T15:25:03.308Z,,4491519,0,,true,Visitor,Anonymous,true,🌐 Location,"Sugar Land, TX, US",,,,,,,2026-01-10T15:25:02.804000+00:00,👀 Site Visit,rich,0,,,false,,,,false,,,,,,,,,2026-01-10T15:25:03.308000+00:00,false,0,Animal Battle Stats,1446203750204047426
1459568727375872102,,,,,,true,,0000,0,,1446203750204047426,,0,Animal Battle Stats,,1446204139909550150,,,2026-01-10T15:25:02.082Z,,6710886,0,,true,User,Anonymous,true,🌐 Location,"Sugar Land, TX, US",,,,,,,2026-01-10T15:25:01.818000+00:00,👋 User Left Site,rich,0,,,false,,,,false,,,,,,,,,2026-01-10T15:25:02.082000+00:00,false,0,Animal Battle Stats,1446203750204047426
1459568717472989317,,,,,,true,,0000,0,,1446203750204047426,,0,Animal Battle Stats,,1446204139909550150,,,2026-01-10T15:24:59.721Z,,4491519,0,,true,Visitor,Anonymous,true,🌐 Location,"Sugar Land, TX, US",,,,,,,2026-01-10T15:24:59.393000+00:00,👀 Site Visit,rich,0,,,false,,,,false,,,,,,,,,2026-01-10T15:24:59.721000+00:00,false,0,Animal Battle Stats,1446203750204047426
1459568715250270492,,,,,,true,,0000,0,,1446203750204047426,,0,Animal Battle Stats,,1446204139909550150,,,2026-01-10T15:24:59.191Z,,6710886,0,,true,User,Anonymous,true,🌐 Location,"Sugar Land, TX, US",,,,,,,2026-01-10T15:24:58.917000+00:00,👋 User Left Site,rich,0,,,false,,,,false,,,,,,,,,2026-01-10T15:24:59.191000+00:00,false,0,Animal Battle Stats,1446203750204047426
1459568707461447825,,,,,,true,,0000,0,,1446203750204047426,,0,Animal Battle Stats,,1446204139909550150,,,2026-01-10T15:24:57.334Z,,4491519,0,,true,Visitor,Anonymous,true,🌐 Location,"Sugar Land, TX, US",,,,,,,2026-01-10T15:24:56.916000+00:00,👀 Site Visit,rich,0,,,false,,,,false,,,,,,,,,2026-01-10T15:24:57.334000+00:00,false,0,Animal Battle Stats,1446203750204047426
1459568704869109872,,,,,,true,,0000,0,,1446203750204047426,,0,Animal Battle Stats,,1446204139909550150,,,2026-01-10T15:24:56.716Z,,6710886,0,,true,User,Anonymous,true,🌐 Location,"Sugar Land, TX, US",,,,,,,2026-01-10T15:24:56.421000+00:00,👋 User Left Site,rich,0,,,false,,,,false,,,,,,,,,2026-01-10T15:24:56.716000+00:00,false,0,Animal Battle Stats,1446203750204047426
1459568646790582365,,,,,,true,,0000,0,,1446203750204047426,,0,Animal Battle Stats,,1446204139909550150,,,2026-01-10T15:24:42.869Z,,4491519,0,,true,Visitor,Anonymous,true,🌐 Location,"Sugar Land, TX, US",,,,,,,2026-01-10T15:24:42.658000+00:00,👀 Site Visit,rich,0,,,false,,,,false,,,,,,,,,2026-01-10T15:24:42.869000+00:00,false,0,Animal Battle Stats,1446203750204047426
1459568645461246143,,,,,,true,,0000,0,,1446203750204047426,,0,Animal Battle Stats,,1446204139909550150,,,2026-01-10T15:24:42.552Z,,6710886,0,,true,User,RamiNoodle733,true,🌐 Location,"Sugar Land, TX, US",,,,,,,2026-01-10T15:24:42.145000+00:00,👋 User Left Site,rich,0,,,false,,,,false,,,,,,,,,2026-01-10T15:24:42.552000+00:00,false,0,Animal Battle Stats,1446203750204047426
1459568620467261565,,,,,,true,,0000,0,,1446203750204047426,,0,Animal Battle Stats,,1446204139909550150,,,2026-01-10T15:24:36.593Z,,16750848,0,,true,Username,RamiNoodle733,true,🌐 Location,"Sugar Land, TX, US",,,,,,,2026-01-10T15:24:36.229000+00:00,🔒 User Logout,rich,0,,,false,,,,false,,,,,,,,,2026-01-10T15:24:36.593000+00:00,false,0,Animal Battle Stats,1446203750204047426
1459568591803519158,,,,,,true,,0000,0,,1446203750204047426,,0,Animal Battle Stats,,1446204139909550150,,,2026-01-10T15:24:29.759Z,,4491519,0,,true,Visitor,RamiNoodle733,true,🌐 Location,"Sugar Land, TX, US",,,,,,,2026-01-10T15:24:29.405000+00:00,👀 Site Visit,rich,0,,,false,,,,false,,,,,,,,,2026-01-10T15:24:29.759000+00:00,false,0,Animal Battle Stats,1446203750204047426
1459568590255558697,,,,,,true,,0000,0,,1446203750204047426,,0,Animal Battle Stats,,1446204139909550150,,,2026-01-10T15:24:29.390Z,,6710886,0,,true,User,RamiNoodle733,true,🌐 Location,"Sugar Land, TX, US",,,,,,,2026-01-10T15:24:29.060000+00:00,👋 User Left Site,rich,0,,,false,,,,false,,,,,,,,,2026-01-10T15:24:29.390000+00:00,false,0,Animal Battle Stats,1446203750204047426
1459568581506502832,,,,,,true,,0000,0,,1446203750204047426,,0,Animal Battle Stats,,1446204139909550150,,,2026-01-10T15:24:27.304Z,,4491519,0,,true,Visitor,RamiNoodle733,true,🌐 Location,"Sugar Land, TX, US",,,,,,,2026-01-10T15:24:26.910000+00:00,👀 Site Visit,rich,0,,,false,,,,false,,,,,,,,,2026-01-10T15:24:27.304000+00:00,false,0,Animal Battle Stats,1446203750204047426
1459568579178533058,,,,,,true,,0000,0,,1446203750204047426,,0,Animal Battle Stats,,1446204139909550150,,,2026-01-10T15:24:26.749Z,,6710886,0,,true,User,RamiNoodle733,true,🌐 Location,"Sugar Land, TX, US",,,,,,,2026-01-10T15:24:26.474000+00:00,👋 User Left Site,rich,0,,,false,,,,false,,,,,,,,,2026-01-10T15:24:26.749000+00:00,false,0,Animal Battle Stats,1446203750204047426
1459568511969005712,,,,,,true,,0000,0,,1446203750204047426,,0,Animal Battle Stats,,1446204139909550150,,,2026-01-10T15:24:10.725Z,,4491519,0,,true,Visitor,RamiNoodle733,true,🌐 Location,"Sugar Land, TX, US",,,,,,,2026-01-10T15:24:10.488000+00:00,👀 Site Visit,rich,0,,,false,,,,false,,,,,,,,,2026-01-10T15:24:10.725000+00:00,false,0,Animal Battle Stats,1446203750204047426
1459568510253535393,,,,,,true,,0000,0,,1446203750204047426,,0,Animal Battle Stats,,1446204139909550150,,,2026-01-10T15:24:10.316Z,,6710886,0,,true,User,RamiNoodle733,true,🌐 Location,"Sugar Land, TX, US",,,,,,,2026-01-10T15:24:10.025000+00:00,👋 User Left Site,rich,0,,,false,,,,false,,,,,,,,,2026-01-10T15:24:10.316000+00:00,false,0,Animal Battle Stats,1446203750204047426
1459568437696135381,,,,,,true,,0000,0,,1446203750204047426,,0,Animal Battle Stats,,1446204139909550150,,,2026-01-10T15:23:53.017Z,,4491519,0,,true,Visitor,RamiNoodle733,true,🌐 Location,"Sugar Land, TX, US",,,,,,,2026-01-10T15:23:52.740000+00:00,👀 Site Visit,rich,0,,,false,,,,false,,,,,,,,,2026-01-10T15:23:53.017000+00:00,false,0,Animal Battle Stats,1446203750204047426
1459568435548913706,,,,,,true,,0000,0,,1446203750204047426,,0,Animal Battle Stats,,1446204139909550150,,,2026-01-10T15:23:52.505Z,,6710886,0,,true,User,RamiNoodle733,true,🌐 Location,"Sugar Land, TX, US",,,,,,,2026-01-10T15:23:51.755000+00:00,👋 User Left Site,rich,0,,,false,,,,false,,,,,,,,,2026-01-10T15:23:52.505000+00:00,false,0,Animal Battle Stats,1446203750204047426
1459564830880039047,,,,,,true,,0000,0,,1446203750204047426,,0,Animal Battle Stats,,1446204139909550150,,,2026-01-10T15:09:33.085Z,,52326,0,,true,Username,RamiNoodle733,true,🌐 Location,"Sugar Land, TX, US",,,,,,,2026-01-10T15:09:19.566000+00:00,🔓 User Login,rich,0,,,false,,,,false,,,,,,,,,2026-01-10T15:09:33.085000+00:00,false,0,Animal Battle Stats,1446203750204047426
1459564789906014312,,,,,,true,,0000,0,,1446203750204047426,,0,Animal Battle Stats,,1446204139909550150,,,2026-01-10T15:09:23.316Z,,4491519,0,,true,Visitor,RamiNoodle733,true,🌐 Location,"Sugar Land, TX, US",,,,,,,2026-01-10T15:09:22.987000+00:00,👀 Site Visit,rich,0,,,false,,,,false,,,,,,,,,2026-01-10T15:09:23.316000+00:00,false,0,Animal Battle Stats,1446203750204047426
1459564787569791133,,,,,,true,,0000,0,,1446203750204047426,,0,Animal Battle Stats,,1446204139909550150,,,2026-01-10T15:09:22.759Z,,6710886,0,,true,User,RamiNoodle733,true,🌐 Location,"Sugar Land, TX, US",,,,,,,2026-01-10T15:09:22.428000+00:00,👋 User Left Site,rich,0,,,false,,,,false,,,,,,,,,2026-01-10T15:09:22.759000+00:00,false,0,Animal Battle Stats,1446203750204047426
1459564714639102015,,,,,,true,,0000,0,,1446203750204047426,,0,Animal Battle Stats,,1446204139909550150,,,2026-01-10T15:09:05.371Z,,4491519,0,,true,Visitor,RamiNoodle733,true,🌐 Location,"Sugar Land, TX, US",,,,,,,2026-01-10T15:09:04.971000+00:00,👀 Site Visit,rich,0,,,false,,,,false,,,,,,,,,2026-01-10T15:09:05.371000+00:00,false,0,Animal Battle Stats,1446203750204047426
1459564675397320841,,,,,,true,,0000,0,,1446203750204047426,,0,Animal Battle Stats,,1446204139909550150,,,2026-01-10T15:08:56.015Z,,6710886,0,,true,User,RamiNoodle733,true,🌐 Location,"Sugar Land, TX, US",,,,,,,2026-01-10T15:08:55.715000+00:00,👋 User Left Site,rich,0,,,false,,,,false,,,,,,,,,2026-01-10T15:08:56.015000+00:00,false,0,Animal Battle Stats,1446203750204047426
1459564658271719662,,,,,,true,,0000,0,,1446203750204047426,,0,Animal Battle Stats,,1446204139909550150,,,2026-01-10T15:08:51.932Z,,4491519,0,,true,Visitor,RamiNoodle733,true,🌐 Location,"Sugar Land, TX, US",,,,,,,2026-01-10T15:08:51.523000+00:00,👀 Site Visit,rich,0,,,false,,,,false,,,,,,,,,2026-01-10T15:08:51.932000+00:00,false,0,Animal Battle Stats,1446203750204047426
1459564656191606895,,,,,,true,,0000,0,,1446203750204047426,,0,Animal Battle Stats,,1446204139909550150,,,2026-01-10T15:08:51.436Z,,6710886,0,,true,User,RamiNoodle733,true,🌐 Location,"Sugar Land, TX, US",,,,,,,2026-01-10T15:08:50.607000+00:00,👋 User Left Site,rich,0,,,false,,,,false,,,,,,,,,2026-01-10T15:08:51.436000+00:00,false,0,Animal Battle Stats,1446203750204047426
1459564656187281574,,,,,,true,,0000,0,,1446203750204047426,,0,Animal Battle Stats,,1446204139909550150,,,2026-01-10T15:08:51.435Z,,4491519,0,,true,Visitor,RamiNoodle733,true,🌐 Location,"Sugar Land, TX, US",,,,,,,2026-01-10T15:07:44.924000+00:00,👀 Site Visit,rich,0,,,false,,,,false,,,,,,,,,2026-01-10T15:08:51.435000+00:00,false,0,Animal Battle Stats,1446203750204047426
1459564318990270620,,,,,,true,,0000,0,,1446203750204047426,,0,Animal Battle Stats,,1446204139909550150,,,2026-01-10T15:07:31.041Z,,4491519,0,,true,Visitor,RamiNoodle733,true,🌐 Location,"Sugar Land, TX, US",,,,,,,2026-01-10T15:07:30.705000+00:00,👀 Site Visit,rich,0,,,false,,,,false,,,,,,,,,2026-01-10T15:07:31.041000+00:00,false,0,Animal Battle Stats,1446203750204047426
1459564317165883394,,,,,,true,,0000,0,,1446203750204047426,,0,Animal Battle Stats,,1446204139909550150,,,2026-01-10T15:07:30.606Z,,6710886,0,,true,User,RamiNoodle733,true,🌐 Location,"Sugar Land, TX, US",,,,,,,2026-01-10T15:07:30.235000+00:00,👋 User Left Site,rich,0,,,false,,,,false,,,,,,,,,2026-01-10T15:07:30.606000+00:00,false,0,Animal Battle Stats,1446203750204047426
1459564303504904332,,,,,,true,,0000,0,,1446203750204047426,,0,Animal Battle Stats,,1446204139909550150,,,2026-01-10T15:07:27.349Z,,4491519,0,,true,Visitor,RamiNoodle733,true,🌐 Location,"Sugar Land, TX, US",,,,,,,2026-01-10T15:07:27.046000+00:00,👀 Site Visit,rich,0,,,false,,,,false,,,,,,,,,2026-01-10T15:07:27.349000+00:00,false,0,Animal Battle Stats,1446203750204047426
1459564298006433937,,,,,,true,,0000,0,,1446203750204047426,,0,Animal Battle Stats,,1446204139909550150,,,2026-01-10T15:07:26.038Z,,6710886,0,,true,User,RamiNoodle733,true,🌐 Location,"Sugar Land, TX, US",,,,,,,2026-01-10T15:07:25.713000+00:00,👋 User Left Site,rich,0,,,false,,,,false,,,,,,,,,2026-01-10T15:07:26.038000+00:00,false,0,Animal Battle Stats,1446203750204047426
1459564282768396421,,,,,,true,,0000,0,,1446203750204047426,,0,Animal Battle Stats,,1446204139909550150,,,2026-01-10T15:07:22.405Z,,4491519,0,,true,Visitor,RamiNoodle733,true,🌐 Location,"Sugar Land, TX, US",,,,,,,2026-01-10T15:07:22.091000+00:00,👀 Site Visit,rich,0,,,false,,,,false,,,,,,,,,2026-01-10T15:07:22.405000+00:00,false,0,Animal Battle Stats,1446203750204047426
1459564280981753881,,,,,,true,,0000,0,,1446203750204047426,,0,Animal Battle Stats,,1446204139909550150,,,2026-01-10T15:07:21.979Z,,6710886,0,,true,User,RamiNoodle733,true,🌐 Location,"Sugar Land, TX, US",,,,,,,2026-01-10T15:07:19.786000+00:00,👋 User Left Site,rich,0,,,false,,,,false,,,,,,,,,2026-01-10T15:07:21.979000+00:00,false,0,Animal Battle Stats,1446203750204047426
1459413085809807391,,,,,,true,,0000,0,,1446203750204047426,,0,Animal Battle Stats,,1446204139909550150,,,2026-01-10T05:06:34.241Z,,4491519,0,,true,Visitor,RamiNoodle733,true,🌐 Location,"Sugar Land, TX, US",,,,,,,2026-01-10T05:06:32.515000+00:00,👀 Site Visit,rich,0,,,false,,,,false,,,,,,,,,2026-01-10T05:06:34.241000+00:00,false,0,Animal Battle Stats,1446203750204047426
1459413078520238151,,,,,,true,,0000,0,,1446203750204047426,,0,Animal Battle Stats,,1446204139909550150,,,2026-01-10T05:06:32.503Z,,6710886,0,,true,User,RamiNoodle733,true,🌐 Location,"Sugar Land, TX, US",,,,,,,2026-01-10T05:06:31.617000+00:00,👋 User Left Site,rich,0,,,false,,,,false,,,,,,,,,2026-01-10T05:06:32.503000+00:00,false,0,Animal Battle Stats,1446203750204047426
1459413012883701968,,,,,,true,,0000,0,,1446203750204047426,,0,Animal Battle Stats,,1446204139909550150,,,2026-01-10T05:06:16.854Z,,4491519,0,,true,Visitor,RamiNoodle733,true,🌐 Location,"Sugar Land, TX, US",,,,,,,2026-01-10T05:06:16.423000+00:00,👀 Site Visit,rich,0,,,false,,,,false,,,,,,,,,2026-01-10T05:06:16.854000+00:00,false,0,Animal Battle Stats,1446203750204047426
1459413009398239364,,,,,,true,,0000,0,,1446203750204047426,,0,Animal Battle Stats,,1446204139909550150,,,2026-01-10T05:06:16.023Z,,6710886,0,,true,User,RamiNoodle733,true,🌐 Location,"Sugar Land, TX, US",,,,,,,2026-01-10T05:06:15.669000+00:00,👋 User Left Site,rich,0,,,false,,,,false,,,,,,,,,2026-01-10T05:06:16.023000+00:00,false,0,Animal Battle Stats,1446203750204047426
1459412940712050760,,,,,,true,,0000,0,,1446203750204047426,,0,Animal Battle Stats,,1446204139909550150,,,2026-01-10T05:05:59.647Z,,4491519,0,,true,Visitor,RamiNoodle733,true,🌐 Location,"Sugar Land, TX, US",,,,,,,2026-01-10T05:05:59.191000+00:00,👀 Site Visit,rich,0,,,false,,,,false,,,,,,,,,2026-01-10T05:05:59.647000+00:00,false,0,Animal Battle Stats,1446203750204047426
1459412939059495065,,,,,,true,,0000,0,,1446203750204047426,,0,Animal Battle Stats,,1446204139909550150,,,2026-01-10T05:05:59.253Z,,6710886,0,,true,User,RamiNoodle733,true,🌐 Location,"Sugar Land, TX, US",,,,,,,2026-01-10T05:05:55.729000+00:00,👋 User Left Site,rich,0,,,false,,,,false,,,,,,,,,2026-01-10T05:05:59.253000+00:00,false,0,Animal Battle Stats,1446203750204047426
1459412939013623808,,,,,,true,,0000,0,,1446203750204047426,,0,Animal Battle Stats,,1446204139909550150,,,2026-01-10T05:05:59.242Z,,4491519,0,,true,Visitor,RamiNoodle733,true,🌐 Location,"Sugar Land, TX, US",,,,,,,2026-01-10T05:00:41.400000+00:00,👀 Site Visit,rich,0,,,false,,,,false,,,,,,,,,2026-01-10T05:05:59.242000+00:00,false,0,Animal Battle Stats,1446203750204047426
1459411523742203945,,,,,,true,,0000,0,,1446203750204047426,,0,Animal Battle Stats,,1446204139909550150,,,2026-01-10T05:00:21.815Z,,6710886,0,,true,User,RamiNoodle733,true,🌐 Location,"Sugar Land, TX, US",,,,,,,2026-01-10T05:00:21.518000+00:00,👋 User Left Site,rich,0,,,false,,,,false,,,,,,,,,2026-01-10T05:00:21.815000+00:00,false,0,Animal Battle Stats,1446203750204047426
1459411517752610978,,,,,,true,,0000,0,,1446203750204047426,,0,Animal Battle Stats,,1446204139909550150,,,2026-01-10T05:00:20.387Z,,4491519,0,,true,Visitor,RamiNoodle733,true,🌐 Location,"Sugar Land, TX, US",,,,,,,2026-01-10T05:00:19.931000+00:00,👀 Site Visit,rich,0,,,false,,,,false,,,,,,,,,2026-01-10T05:00:20.387000+00:00,false,0,Animal Battle Stats,1446203750204047426
1459411514892226561,,,,,,true,,0000,0,,1446203750204047426,,0,Animal Battle Stats,,1446204139909550150,,,2026-01-10T05:00:19.705Z,,6710886,0,,true,User,RamiNoodle733,true,🌐 Location,"Sugar Land, TX, US",,,,,,,2026-01-10T05:00:19.313000+00:00,👋 User Left Site,rich,0,,,false,,,,false,,,,,,,,,2026-01-10T05:00:19.705000+00:00,false,0,Animal Battle Stats,1446203750204047426
1459411508013564016,,,,,,true,,0000,0,,1446203750204047426,,0,Animal Battle Stats,,1446204139909550150,,,2026-01-10T05:00:18.065Z,,4491519,0,,true,Visitor,RamiNoodle733,true,🌐 Location,"Sugar Land, TX, US",,,,,,,2026-01-10T05:00:17.679000+00:00,👀 Site Visit,rich,0,,,false,,,,false,,,,,,,,,2026-01-10T05:00:18.065000+00:00,false,0,Animal Battle Stats,1446203750204047426
1459411507249938544,,,,,,true,,0000,0,,1446203750204047426,,0,Animal Battle Stats,,1446204139909550150,,,2026-01-10T05:00:17.883Z,,6710886,0,,true,User,RamiNoodle733,true,🌐 Location,"Sugar Land, TX, US",,,,,,,2026-01-10T05:00:16.617000+00:00,👋 User Left Site,rich,0,,,false,,,,false,,,,,,,,,2026-01-10T05:00:17.883000+00:00,false,0,Animal Battle Stats,1446203750204047426
1459411506872455261,,,,,,true,,0000,0,,1446203750204047426,,0,Animal Battle Stats,,1446204139909550150,,,2026-01-10T05:00:17.793Z,,4491519,0,,true,Visitor,RamiNoodle733,true,🌐 Location,"Sugar Land, TX, US",,,,,,,2026-01-10T05:00:15.783000+00:00,👀 Site Visit,rich,0,,,false,,,,false,,,,,,,,,2026-01-10T05:00:17.793000+00:00,false,0,Animal Battle Stats,1446203750204047426
1459383439718354977,,,,,,true,,0000,0,,1446203750204047426,,0,Animal Battle Stats,,1446204139909550150,,,2026-01-10T03:08:46.062Z,,4491519,0,,true,Visitor,Anonymous,true,🌐 Location,"Sugar Land, TX, US",,,,,,,2026-01-10T03:08:45.546000+00:00,👀 Site Visit,rich,0,,,false,,,,false,,,,,,,,,2026-01-10T03:08:46.062000+00:00,false,0,Animal Battle Stats,1446203750204047426
1459383414028374296,,,,,,true,,0000,0,,1446203750204047426,,0,Animal Battle Stats,,1446204139909550150,,,2026-01-10T03:08:39.937Z,,4491519,0,,true,Visitor,Anonymous,true,🌐 Location,"Sugar Land, TX, US",,,,,,,2026-01-10T03:08:39.551000+00:00,👀 Site Visit,rich,0,,,false,,,,false,,,,,,,,,2026-01-10T03:08:39.937000+00:00,false,0,Animal Battle Stats,1446203750204047426
1459383370143502368,,,,,,true,,0000,0,,1446203750204047426,,0,Animal Battle Stats,,1446204139909550150,,,2026-01-10T03:08:29.474Z,,4491519,0,,true,Visitor,Anonymous,true,🌐 Location,"Sugar Land, TX, US",,,,,,,2026-01-10T03:08:29.077000+00:00,👀 Site Visit,rich,0,,,false,,,,false,,,,,,,,,2026-01-10T03:08:29.474000+00:00,false,0,Animal Battle Stats,1446203750204047426
1459383369291792386,,,,,,true,,0000,0,,1446203750204047426,,0,Animal Battle Stats,,1446204139909550150,,,2026-01-10T03:08:29.271Z,,4491519,0,,true,Visitor,Anonymous,true,🌐 Location,"Sugar Land, TX, US",,,,,,,2026-01-10T03:08:20.149000+00:00,👀 Site Visit,rich,0,,,false,,,,false,,,,,,,,,2026-01-10T03:08:29.271000+00:00,false,0,Animal Battle Stats,1446203750204047426
1459353352940028055,,,,,,true,,0000,0,,1446203750204047426,,0,Animal Battle Stats,,1446204139909550150,,,2026-01-10T01:09:12.815Z,,4491519,0,,true,Visitor,RamiNoodle733,true,🌐 Location,"Sugar Land, TX, US",,,,,,,2026-01-10T01:09:12.299000+00:00,👀 Site Visit,rich,0,,,false,,,,false,,,,,,,,,2026-01-10T01:09:12.815000+00:00,false,0,Animal Battle Stats,1446203750204047426
1459353347722186833,,,,,,true,,0000,0,,1446203750204047426,,0,Animal Battle Stats,,1446204139909550150,,,2026-01-10T01:09:11.571Z,,6710886,0,,true,User,RamiNoodle733,true,🌐 Location,"Sugar Land, TX, US",,,,,,,2026-01-10T01:09:11.158000+00:00,👋 User Left Site,rich,0,,,false,,,,false,,,,,,,,,2026-01-10T01:09:11.571000+00:00,false,0,Animal Battle Stats,1446203750204047426
1459353150799478975,,,,,,true,,0000,0,,1446203750204047426,,0,Animal Battle Stats,,1446204139909550150,,,2026-01-10T01:08:24.621Z,,6710886,0,,true,User,RamiNoodle733,true,🌐 Location,"Sugar Land, TX, US",,,,,,,2026-01-10T01:08:23.931000+00:00,👋 User Left Site,rich,0,,,false,,,,false,,,,,,,,,2026-01-10T01:08:24.621000+00:00,false,0,Animal Battle Stats,1446203750204047426
1459353149197385729,,,,,,true,,0000,0,,1446203750204047426,,0,Animal Battle Stats,,1446204139909550150,,,2026-01-10T01:08:24.239Z,,4491519,0,,true,Visitor,RamiNoodle733,true,🌐 Location,"Sugar Land, TX, US",,,,,,,2026-01-10T01:08:23.789000+00:00,👀 Site Visit,rich,0,,,false,,,,false,,,,,,,,,2026-01-10T01:08:24.239000+00:00,false,0,Animal Battle Stats,1446203750204047426
1459353078909112363,,,,,,true,,0000,0,,1446203750204047426,,0,Animal Battle Stats,,1446204139909550150,,,2026-01-10T01:08:07.481Z,,6710886,0,,true,User,RamiNoodle733,true,🌐 Location,"Sugar Land, TX, US",,,,,,,2026-01-10T01:08:04.924000+00:00,👋 User Left Site,rich,0,,,false,,,,false,,,,,,,,,2026-01-10T01:08:07.481000+00:00,false,0,Animal Battle Stats,1446203750204047426
1459353078862971028,,,,,,true,,0000,0,,1446203750204047426,,0,Animal Battle Stats,,1446204139909550150,,,2026-01-10T01:08:07.470Z,,4491519,0,,true,Visitor,RamiNoodle733,true,🌐 Location,"Sugar Land, TX, US",,,,,,,2026-01-10T01:08:07.137000+00:00,👀 Site Visit,rich,0,,,false,,,,false,,,,,,,,,2026-01-10T01:08:07.470000+00:00,false,0,Animal Battle Stats,1446203750204047426
1459352938408575038,,,,,,true,,0000,0,,1446203750204047426,,0,Animal Battle Stats,,1446204139909550150,,,2026-01-10T01:07:33.983Z,,4491519,0,,true,Visitor,RamiNoodle733,true,🌐 Location,"Sugar Land, TX, US",,,,,,,2026-01-10T01:07:33.401000+00:00,👀 Site Visit,rich,0,,,false,,,,false,,,,,,,,,2026-01-10T01:07:33.983000+00:00,false,0,Animal Battle Stats,1446203750204047426
1459352936172884140,,,,,,true,,0000,0,,1446203750204047426,,0,Animal Battle Stats,,1446204139909550150,,,2026-01-10T01:07:33.450Z,,6710886,0,,true,User,RamiNoodle733,true,🌐 Location,"Sugar Land, TX, US",,,,,,,2026-01-10T01:07:32.011000+00:00,👋 User Left Site,rich,0,,,false,,,,false,,,,,,,,,2026-01-10T01:07:33.450000+00:00,false,0,Animal Battle Stats,1446203750204047426
1459352869642961061,,,,,,true,,0000,0,,1446203750204047426,,0,Animal Battle Stats,,1446204139909550150,,,2026-01-10T01:07:17.588Z,,4491519,0,,true,Visitor,RamiNoodle733,true,🌐 Location,"Sugar Land, TX, US",,,,,,,2026-01-10T01:07:17.267000+00:00,👀 Site Visit,rich,0,,,false,,,,false,,,,,,,,,2026-01-10T01:07:17.588000+00:00,false,0,Animal Battle Stats,1446203750204047426
1459352864869580892,,,,,,true,,0000,0,,1446203750204047426,,0,Animal Battle Stats,,1446204139909550150,,,2026-01-10T01:07:16.450Z,,6710886,0,,true,User,RamiNoodle733,true,🌐 Location,"Sugar Land, TX, US",,,,,,,2026-01-10T01:07:16.070000+00:00,👋 User Left Site,rich,0,,,false,,,,false,,,,,,,,,2026-01-10T01:07:16.450000+00:00,false,0,Animal Battle Stats,1446203750204047426
1459352209178366169,,,,,,true,,0000,0,,1446203750204047426,,0,Animal Battle Stats,,1446204139909550150,,,2026-01-10T01:04:40.121Z,,4491519,0,,true,Visitor,RamiNoodle733,true,🌐 Location,"Sugar Land, TX, US",,,,,,,2026-01-10T01:04:39.751000+00:00,👀 Site Visit,rich,0,,,false,,,,false,,,,,,,,,2026-01-10T01:04:40.121000+00:00,false,0,Animal Battle Stats,1446203750204047426
1459352206699663420,,,,,,true,,0000,0,,1446203750204047426,,0,Animal Battle Stats,,1446204139909550150,,,2026-01-10T01:04:39.530Z,,6710886,0,,true,User,RamiNoodle733,true,🌐 Location,"Sugar Land, TX, US",,,,,,,2026-01-10T01:04:39.115000+00:00,👋 User Left Site,rich,0,,,false,,,,false,,,,,,,,,2026-01-10T01:04:39.530000+00:00,false,0,Animal Battle Stats,1446203750204047426
1459352197581246595,,,,,,true,,0000,0,,1446203750204047426,,0,Animal Battle Stats,,1446204139909550150,,,2026-01-10T01:04:37.356Z,,4491519,0,,true,Visitor,RamiNoodle733,true,🌐 Location,"Sugar Land, TX, US",,,,,,,2026-01-10T01:04:36.928000+00:00,👀 Site Visit,rich,0,,,false,,,,false,,,,,,,,,2026-01-10T01:04:37.356000+00:00,false,0,Animal Battle Stats,1446203750204047426
1459352195001745531,,,,,,true,,0000,0,,1446203750204047426,,0,Animal Battle Stats,,1446204139909550150,,,2026-01-10T01:04:36.741Z,,6710886,0,,true,User,RamiNoodle733,true,🌐 Location,"Sugar Land, TX, US",,,,,,,2026-01-10T01:04:36.286000+00:00,👋 User Left Site,rich,0,,,false,,,,false,,,,,,,,,2026-01-10T01:04:36.741000+00:00,false,0,Animal Battle Stats,1446203750204047426
1459352145332535358,,,,,,true,,0000,0,,1446203750204047426,,0,Animal Battle Stats,,1446204139909550150,,,2026-01-10T01:04:24.899Z,,4491519,0,,true,Visitor,RamiNoodle733,true,🌐 Location,"Sugar Land, TX, US",,,,,,,2026-01-10T01:04:24.530000+00:00,👀 Site Visit,rich,0,,,false,,,,false,,,,,,,,,2026-01-10T01:04:24.899000+00:00,false,0,Animal Battle Stats,1446203750204047426
1459352140811206691,,,,,,true,,0000,0,,1446203750204047426,,0,Animal Battle Stats,,1446204139909550150,,,2026-01-10T01:04:23.821Z,,6710886,0,,true,User,RamiNoodle733,true,🌐 Location,"Sugar Land, TX, US",,,,,,,2026-01-10T01:04:23.449000+00:00,👋 User Left Site,rich,0,,,false,,,,false,,,,,,,,,2026-01-10T01:04:23.821000+00:00,false,0,Animal Battle Stats,1446203750204047426
1459352093423829149,,,,,,true,,0000,0,,1446203750204047426,,0,Animal Battle Stats,,1446204139909550150,,,2026-01-10T01:04:12.523Z,,4491519,0,,true,Visitor,RamiNoodle733,true,🌐 Location,"Sugar Land, TX, US",,,,,,,2026-01-10T01:04:12.150000+00:00,👀 Site Visit,rich,0,,,false,,,,false,,,,,,,,,2026-01-10T01:04:12.523000+00:00,false,0,Animal Battle Stats,1446203750204047426
1459351993373036586,,,,,,true,,0000,0,,1446203750204047426,,0,Animal Battle Stats,,1446204139909550150,,,2026-01-10T01:03:48.669Z,,6710886,0,,true,User,RamiNoodle733,true,🌐 Location,"Sugar Land, TX, US",,,,,,,2026-01-10T01:03:48.225000+00:00,👋 User Left Site,rich,0,,,false,,,,false,,,,,,,,,2026-01-10T01:03:48.669000+00:00,false,0,Animal Battle Stats,1446203750204047426
1459351904201998506,,,,,,true,,0000,0,,1446203750204047426,,0,Animal Battle Stats,,1446204139909550150,,,2026-01-10T01:03:27.409Z,,4491519,0,,true,Visitor,RamiNoodle733,true,🌐 Location,"Sugar Land, TX, US",,,,,,,2026-01-10T01:03:27.021000+00:00,👀 Site Visit,rich,0,,,false,,,,false,,,,,,,,,2026-01-10T01:03:27.409000+00:00,false,0,Animal Battle Stats,1446203750204047426
1459351902067232889,,,,,,true,,0000,0,,1446203750204047426,,0,Animal Battle Stats,,1446204139909550150,,,2026-01-10T01:03:26.900Z,,6710886,0,,true,User,RamiNoodle733,true,🌐 Location,"Sugar Land, TX, US",,,,,,,2026-01-10T01:03:26.426000+00:00,👋 User Left Site,rich,0,,,false,,,,false,,,,,,,,,2026-01-10T01:03:26.900000+00:00,false,0,Animal Battle Stats,1446203750204047426
1459351895201288204,,,,,,true,,0000,0,,1446203750204047426,,0,Animal Battle Stats,,1446204139909550150,,,2026-01-10T01:03:25.263Z,,4491519,0,,true,Visitor,RamiNoodle733,true,🌐 Location,"Sugar Land, TX, US",,,,,,,2026-01-10T01:03:24.148000+00:00,👀 Site Visit,rich,0,,,false,,,,false,,,,,,,,,2026-01-10T01:03:25.263000+00:00,false,0,Animal Battle Stats,1446203750204047426
1459351888934994237,,,,,,true,,0000,0,,1446203750204047426,,0,Animal Battle Stats,,1446204139909550150,,,2026-01-10T01:03:23.769Z,,6710886,0,,true,User,RamiNoodle733,true,🌐 Location,"Sugar Land, TX, US",,,,,,,2026-01-10T01:03:23.407000+00:00,👋 User Left Site,rich,0,,,false,,,,false,,,,,,,,,2026-01-10T01:03:23.769000+00:00,false,0,Animal Battle Stats,1446203750204047426
1459351843795894335,,,,,,true,,0000,0,,1446203750204047426,,0,Animal Battle Stats,,1446204139909550150,,,2026-01-10T01:03:13.007Z,,4491519,0,,true,Visitor,RamiNoodle733,true,🌐 Location,"Sugar Land, TX, US",,,,,,,2026-01-10T01:03:12.593000+00:00,👀 Site Visit,rich,0,,,false,,,,false,,,,,,,,,2026-01-10T01:03:13.007000+00:00,false,0,Animal Battle Stats,1446203750204047426
1459351839244947660,,,,,,true,,0000,0,,1446203750204047426,,0,Animal Battle Stats,,1446204139909550150,,,2026-01-10T01:03:11.922Z,,6710886,0,,true,User,RamiNoodle733,true,🌐 Location,"Sugar Land, TX, US",,,,,,,2026-01-10T01:03:11.487000+00:00,👋 User Left Site,rich,0,,,false,,,,false,,,,,,,,,2026-01-10T01:03:11.922000+00:00,false,0,Animal Battle Stats,1446203750204047426
1459351627084337202,,,,,,true,,0000,0,,1446203750204047426,,0,Animal Battle Stats,,1446204139909550150,,,2026-01-10T01:02:21.339Z,,4491519,0,,true,Visitor,RamiNoodle733,true,🌐 Location,"Sugar Land, TX, US",,,,,,,2026-01-10T01:02:20.946000+00:00,👀 Site Visit,rich,0,,,false,,,,false,,,,,,,,,2026-01-10T01:02:21.339000+00:00,false,0,Animal Battle Stats,1446203750204047426
1459351618293203024,,,,,,true,,0000,0,,1446203750204047426,,0,Animal Battle Stats,,1446204139909550150,,,2026-01-10T01:02:19.243Z,,6710886,0,,true,User,RamiNoodle733,true,🌐 Location,"Sugar Land, TX, US",,,,,,,2026-01-10T01:02:18.716000+00:00,👋 User Left Site,rich,0,,,false,,,,false,,,,,,,,,2026-01-10T01:02:19.243000+00:00,false,0,Animal Battle Stats,1446203750204047426
1459351565256097857,,,,,,true,,0000,0,,1446203750204047426,,0,Animal Battle Stats,,1446204139909550150,,,2026-01-10T01:02:06.598Z,,4491519,0,,true,Visitor,RamiNoodle733,true,🌐 Location,"Sugar Land, TX, US",,,,,,,2026-01-10T01:02:06.164000+00:00,👀 Site Visit,rich,0,,,false,,,,false,,,,,,,,,2026-01-10T01:02:06.598000+00:00,false,0,Animal Battle Stats,1446203750204047426
1459351561015787531,,,,,,true,,0000,0,,1446203750204047426,,0,Animal Battle Stats,,1446204139909550150,,,2026-01-10T01:02:05.587Z,,6710886,0,,true,User,RamiNoodle733,true,🌐 Location,"Sugar Land, TX, US",,,,,,,2026-01-10T01:02:04.150000+00:00,👋 User Left Site,rich,0,,,false,,,,false,,,,,,,,,2026-01-10T01:02:05.587000+00:00,false,0,Animal Battle Stats,1446203750204047426
1459348935544930509,,,,,,true,,0000,0,,1446203750204047426,,0,Animal Battle Stats,,1446204139909550150,,,2026-01-10T00:51:39.626Z,,4491519,0,,true,Visitor,RamiNoodle733,true,🌐 Location,"Sugar Land, TX, US",,,,,,,2026-01-10T00:51:39.143000+00:00,👀 Site Visit,rich,0,,,false,,,,false,,,,,,,,,2026-01-10T00:51:39.626000+00:00,false,0,Animal Battle Stats,1446203750204047426
1459348932592402462,,,,,,true,,0000,0,,1446203750204047426,,0,Animal Battle Stats,,1446204139909550150,,,2026-01-10T00:51:38.922Z,,6710886,0,,true,User,RamiNoodle733,true,🌐 Location,"Sugar Land, TX, US",,,,,,,2026-01-10T00:51:38.443000+00:00,👋 User Left Site,rich,0,,,false,,,,false,,,,,,,,,2026-01-10T00:51:38.922000+00:00,false,0,Animal Battle Stats,1446203750204047426
1459348913030172746,,,,,,true,,0000,0,,1446203750204047426,,0,Animal Battle Stats,,1446204139909550150,,,2026-01-10T00:51:34.258Z,,4491519,0,,true,Visitor,RamiNoodle733,true,🌐 Location,"Sugar Land, TX, US",,,,,,,2026-01-10T00:51:33.880000+00:00,👀 Site Visit,rich,0,,,false,,,,false,,,,,,,,,2026-01-10T00:51:34.258000+00:00,false,0,Animal Battle Stats,1446203750204047426
1459348910870106145,,,,,,true,,0000,0,,1446203750204047426,,0,Animal Battle Stats,,1446204139909550150,,,2026-01-10T00:51:33.743Z,,6710886,0,,true,User,RamiNoodle733,true,🌐 Location,"Sugar Land, TX, US",,,,,,,2026-01-10T00:51:33.330000+00:00,👋 User Left Site,rich,0,,,false,,,,false,,,,,,,,,2026-01-10T00:51:33.743000+00:00,false,0,Animal Battle Stats,1446203750204047426
1459348900971544629,,,,,,true,,0000,0,,1446203750204047426,,0,Animal Battle Stats,,1446204139909550150,,,2026-01-10T00:51:31.383Z,,4491519,0,,true,Visitor,RamiNoodle733,true,🌐 Location,"Sugar Land, TX, US",,,,,,,2026-01-10T00:51:30.961000+00:00,👀 Site Visit,rich,0,,,false,,,,false,,,,,,,,,2026-01-10T00:51:31.383000+00:00,false,0,Animal Battle Stats,1446203750204047426
1459348897716506687,,,,,,true,,0000,0,,1446203750204047426,,0,Animal Battle Stats,,1446204139909550150,,,2026-01-10T00:51:30.607Z,,6710886,0,,true,User,RamiNoodle733,true,🌐 Location,"Sugar Land, TX, US",,,,,,,2026-01-10T00:51:30.223000+00:00,👋 User Left Site,rich,0,,,false,,,,false,,,,,,,,,2026-01-10T00:51:30.607000+00:00,false,0,Animal Battle Stats,1446203750204047426
1459348835234218005,,,,,,true,,0000,0,,1446203750204047426,,0,Animal Battle Stats,,1446204139909550150,,,2026-01-10T00:51:15.710Z,,4491519,0,,true,Visitor,RamiNoodle733,true,🌐 Location,"Sugar Land, TX, US",,,,,,,2026-01-10T00:51:15.141000+00:00,👀 Site Visit,rich,0,,,false,,,,false,,,,,,,,,2026-01-10T00:51:15.710000+00:00,false,0,Animal Battle Stats,1446203750204047426
1459348829236367564,,,,,,true,,0000,0,,1446203750204047426,,0,Animal Battle Stats,,1446204139909550150,,,2026-01-10T00:51:14.280Z,,6710886,0,,true,User,RamiNoodle733,true,🌐 Location,"Sugar Land, TX, US",,,,,,,2026-01-10T00:51:13.836000+00:00,👋 User Left Site,rich,0,,,false,,,,false,,,,,,,,,2026-01-10T00:51:14.280000+00:00,false,0,Animal Battle Stats,1446203750204047426
1459348787314167992,,,,,,true,,0000,0,,1446203750204047426,,0,Animal Battle Stats,,1446204139909550150,,,2026-01-10T00:51:04.285Z,,4491519,0,,true,Visitor,RamiNoodle733,true,🌐 Location,"Sugar Land, TX, US",,,,,,,2026-01-10T00:51:03.863000+00:00,👀 Site Visit,rich,0,,,false,,,,false,,,,,,,,,2026-01-10T00:51:04.285000+00:00,false,0,Animal Battle Stats,1446203750204047426
1459348779613294775,,,,,,true,,0000,0,,1446203750204047426,,0,Animal Battle Stats,,1446204139909550150,,,2026-01-10T00:51:02.449Z,,6710886,0,,true,User,RamiNoodle733,true,🌐 Location,"Sugar Land, TX, US",,,,,,,2026-01-10T00:51:01.951000+00:00,👋 User Left Site,rich,0,,,false,,,,false,,,,,,,,,2026-01-10T00:51:02.449000+00:00,false,0,Animal Battle Stats,1446203750204047426
1459347493065068686,,,,,,true,,0000,0,,1446203750204047426,,0,Animal Battle Stats,,1446204139909550150,,,2026-01-10T00:45:55.712Z,,4491519,0,,true,Visitor,RamiNoodle733,true,🌐 Location,"Sugar Land, TX, US",,,,,,,2026-01-10T00:45:55.342000+00:00,👀 Site Visit,rich,0,,,false,,,,false,,,,,,,,,2026-01-10T00:45:55.712000+00:00,false,0,Animal Battle Stats,1446203750204047426
1459347490774978780,,,,,,true,,0000,0,,1446203750204047426,,0,Animal Battle Stats,,1446204139909550150,,,2026-01-10T00:45:55.166Z,,6710886,0,,true,User,RamiNoodle733,true,🌐 Location,"Sugar Land, TX, US",,,,,,,2026-01-10T00:45:54.753000+00:00,👋 User Left Site,rich,0,,,false,,,,false,,,,,,,,,2026-01-10T00:45:55.166000+00:00,false,0,Animal Battle Stats,1446203750204047426
1459347458718171147,,,,,,true,,0000,0,,1446203750204047426,,0,Animal Battle Stats,,1446204139909550150,,,2026-01-10T00:45:47.523Z,,4491519,0,,true,Visitor,RamiNoodle733,true,🌐 Location,"Sugar Land, TX, US",,,,,,,2026-01-10T00:45:47.312000+00:00,👀 Site Visit,rich,0,,,false,,,,false,,,,,,,,,2026-01-10T00:45:47.523000+00:00,false,0,Animal Battle Stats,1446203750204047426
1459347455379247276,,,,,,true,,0000,0,,1446203750204047426,,0,Animal Battle Stats,,1446204139909550150,,,2026-01-10T00:45:46.727Z,,6710886,0,,true,User,RamiNoodle733,true,🌐 Location,"Sugar Land, TX, US",,,,,,,2026-01-10T00:45:46.331000+00:00,👋 User Left Site,rich,0,,,false,,,,false,,,,,,,,,2026-01-10T00:45:46.727000+00:00,false,0,Animal Battle Stats,1446203750204047426
1459347427571142931,,,,,,true,,0000,0,,1446203750204047426,,0,Animal Battle Stats,,1446204139909550150,,,2026-01-10T00:45:40.097Z,,4491519,0,,true,Visitor,RamiNoodle733,true,🌐 Location,"Sugar Land, TX, US",,,,,,,2026-01-10T00:45:39.626000+00:00,👀 Site Visit,rich,0,,,false,,,,false,,,,,,,,,2026-01-10T00:45:40.097000+00:00,false,0,Animal Battle Stats,1446203750204047426
1459347422265348253,,,,,,true,,0000,0,,1446203750204047426,,0,Animal Battle Stats,,1446204139909550150,,,2026-01-10T00:45:38.832Z,,6710886,0,,true,User,RamiNoodle733,true,🌐 Location,"Sugar Land, TX, US",,,,,,,2026-01-10T00:45:36.316000+00:00,👋 User Left Site,rich,0,,,false,,,,false,,,,,,,,,2026-01-10T00:45:38.832000+00:00,false,0,Animal Battle Stats,1446203750204047426
1459346348309614652,,,,,,true,,0000,0,,1446203750204047426,,0,Animal Battle Stats,,1446204139909550150,,,2026-01-10T00:41:22.781Z,,4491519,0,,true,Visitor,RamiNoodle733,true,🌐 Location,"Sugar Land, TX, US",,,,,,,2026-01-10T00:41:22.439000+00:00,👀 Site Visit,rich,0,,,false,,,,false,,,,,,,,,2026-01-10T00:41:22.781000+00:00,false,0,Animal Battle Stats,1446203750204047426
1459346346195681552,,,,,,true,,0000,0,,1446203750204047426,,0,Animal Battle Stats,,1446204139909550150,,,2026-01-10T00:41:22.277Z,,6710886,0,,true,User,RamiNoodle733,true,🌐 Location,"Sugar Land, TX, US",,,,,,,2026-01-10T00:41:21.822000+00:00,👋 User Left Site,rich,0,,,false,,,,false,,,,,,,,,2026-01-10T00:41:22.277000+00:00,false,0,Animal Battle Stats,1446203750204047426
1459346319473770669,,,,,,true,,0000,0,,1446203750204047426,,0,Animal Battle Stats,,1446204139909550150,,,2026-01-10T00:41:15.906Z,,4491519,0,,true,Visitor,RamiNoodle733,true,🌐 Location,"Sugar Land, TX, US",,,,,,,2026-01-10T00:41:15.412000+00:00,👀 Site Visit,rich,0,,,false,,,,false,,,,,,,,,2026-01-10T00:41:15.906000+00:00,false,0,Animal Battle Stats,1446203750204047426
1459346317116707057,,,,,,true,,0000,0,,1446203750204047426,,0,Animal Battle Stats,,1446204139909550150,,,2026-01-10T00:41:15.344Z,,6710886,0,,true,User,RamiNoodle733,true,🌐 Location,"Sugar Land, TX, US",,,,,,,2026-01-10T00:41:14.910000+00:00,👋 User Left Site,rich,0,,,false,,,,false,,,,,,,,,2026-01-10T00:41:15.344000+00:00,false,0,Animal Battle Stats,1446203750204047426
1459346308786552845,,,,,,true,,0000,0,,1446203750204047426,,0,Animal Battle Stats,,1446204139909550150,,,2026-01-10T00:41:13.358Z,,4491519,0,,true,Visitor,RamiNoodle733,true,🌐 Location,"Sugar Land, TX, US",,,,,,,2026-01-10T00:41:13.060000+00:00,👀 Site Visit,rich,0,,,false,,,,false,,,,,,,,,2026-01-10T00:41:13.358000+00:00,false,0,Animal Battle Stats,1446203750204047426
1459346304650969089,,,,,,true,,0000,0,,1446203750204047426,,0,Animal Battle Stats,,1446204139909550150,,,2026-01-10T00:41:12.372Z,,6710886,0,,true,User,RamiNoodle733,true,🌐 Location,"Sugar Land, TX, US",,,,,,,2026-01-10T00:41:12.003000+00:00,👋 User Left Site,rich,0,,,false,,,,false,,,,,,,,,2026-01-10T00:41:12.372000+00:00,false,0,Animal Battle Stats,1446203750204047426
1459346204331610206,,,,,,true,,0000,0,,1446203750204047426,,0,Animal Battle Stats,,1446204139909550150,,,2026-01-10T00:40:48.454Z,,4491519,0,,true,Visitor,RamiNoodle733,true,🌐 Location,"Sugar Land, TX, US",,,,,,,2026-01-10T00:40:48.073000+00:00,👀 Site Visit,rich,0,,,false,,,,false,,,,,,,,,2026-01-10T00:40:48.454000+00:00,false,0,Animal Battle Stats,1446203750204047426
1459346201374883913,,,,,,true,,0000,0,,1446203750204047426,,0,Animal Battle Stats,,1446204139909550150,,,2026-01-10T00:40:47.749Z,,6710886,0,,true,User,RamiNoodle733,true,🌐 Location,"Sugar Land, TX, US",,,,,,,2026-01-10T00:40:47.366000+00:00,👋 User Left Site,rich,0,,,false,,,,false,,,,,,,,,2026-01-10T00:40:47.749000+00:00,false,0,Animal Battle Stats,1446203750204047426
1459346185138733235,,,,,,true,,0000,0,,1446203750204047426,,0,Animal Battle Stats,,1446204139909550150,,,2026-01-10T00:40:43.878Z,,4491519,0,,true,Visitor,RamiNoodle733,true,🌐 Location,"Sugar Land, TX, US",,,,,,,2026-01-10T00:40:43.497000+00:00,👀 Site Visit,rich,0,,,false,,,,false,,,,,,,,,2026-01-10T00:40:43.878000+00:00,false,0,Animal Battle Stats,1446203750204047426
1459346183507021986,,,,,,true,,0000,0,,1446203750204047426,,0,Animal Battle Stats,,1446204139909550150,,,2026-01-10T00:40:43.489Z,,6710886,0,,true,User,RamiNoodle733,true,🌐 Location,"Sugar Land, TX, US",,,,,,,2026-01-10T00:40:43.008000+00:00,👋 User Left Site,rich,0,,,false,,,,false,,,,,,,,,2026-01-10T00:40:43.489000+00:00,false,0,Animal Battle Stats,1446203750204047426
1459346146823770203,,,,,,true,,0000,0,,1446203750204047426,,0,Animal Battle Stats,,1446204139909550150,,,2026-01-10T00:40:34.743Z,,6710886,0,,true,User,RamiNoodle733,true,🌐 Location,"Sugar Land, TX, US",,,,,,,2026-01-10T00:40:34.356000+00:00,👋 User Left Site,rich,0,,,false,,,,false,,,,,,,,,2026-01-10T00:40:34.743000+00:00,false,0,Animal Battle Stats,1446203750204047426
1459346143627444526,,,,,,true,,0000,0,,1446203750204047426,,0,Animal Battle Stats,,1446204139909550150,,,2026-01-10T00:40:33.981Z,,4491519,0,,true,Visitor,RamiNoodle733,true,🌐 Location,"Sugar Land, TX, US",,,,,,,2026-01-10T00:40:33.483000+00:00,👀 Site Visit,rich,0,,,false,,,,false,,,,,,,,,2026-01-10T00:40:33.981000+00:00,false,0,Animal Battle Stats,1446203750204047426
1459346088220954688,,,,,,true,,0000,0,,1446203750204047426,,0,Animal Battle Stats,,1446204139909550150,,,2026-01-10T00:40:20.771Z,,4491519,0,,true,Visitor,RamiNoodle733,true,🌐 Location,"Sugar Land, TX, US",,,,,,,2026-01-10T00:40:19.756000+00:00,👀 Site Visit,rich,0,,,false,,,,false,,,,,,,,,2026-01-10T00:40:20.771000+00:00,false,0,Animal Battle Stats,1446203750204047426
1459346084026650802,,,,,,true,,0000,0,,1446203750204047426,,0,Animal Battle Stats,,1446204139909550150,,,2026-01-10T00:40:19.771Z,,6710886,0,,true,User,RamiNoodle733,true,🌐 Location,"Sugar Land, TX, US",,,,,,,2026-01-10T00:40:19.237000+00:00,👋 User Left Site,rich,0,,,false,,,,false,,,,,,,,,2026-01-10T00:40:19.771000+00:00,false,0,Animal Battle Stats,1446203750204047426
1459346048874057974,,,,,,true,,0000,0,,1446203750204047426,,0,Animal Battle Stats,,1446204139909550150,,,2026-01-10T00:40:11.390Z,,4491519,0,,true,Visitor,RamiNoodle733,true,🌐 Location,"Sugar Land, TX, US",,,,,,,2026-01-10T00:40:11.045000+00:00,👀 Site Visit,rich,0,,,false,,,,false,,,,,,,,,2026-01-10T00:40:11.390000+00:00,false,0,Animal Battle Stats,1446203750204047426
1459346046466527369,,,,,,true,,0000,0,,1446203750204047426,,0,Animal Battle Stats,,1446204139909550150,,,2026-01-10T00:40:10.816Z,,6710886,0,,true,User,RamiNoodle733,true,🌐 Location,"Sugar Land, TX, US",,,,,,,2026-01-10T00:40:09.527000+00:00,👋 User Left Site,rich,0,,,false,,,,false,,,,,,,,,2026-01-10T00:40:10.816000+00:00,false,0,Animal Battle Stats,1446203750204047426
1459340834888487074,,,,,,true,,0000,0,,1446203750204047426,,0,Animal Battle Stats,,1446204139909550150,,,2026-01-10T00:19:28.279Z,,4491519,0,,true,Visitor,RamiNoodle733,true,🌐 Location,"Sugar Land, TX, US",,,,,,,2026-01-10T00:19:27.886000+00:00,👀 Site Visit,rich,0,,,false,,,,false,,,,,,,,,2026-01-10T00:19:28.279000+00:00,false,0,Animal Battle Stats,1446203750204047426
1459340833164755069,,,,,,true,,0000,0,,1446203750204047426,,0,Animal Battle Stats,,1446204139909550150,,,2026-01-10T00:19:27.868Z,,6710886,0,,true,User,RamiNoodle733,true,🌐 Location,"Sugar Land, TX, US",,,,,,,2026-01-10T00:19:27.459000+00:00,👋 User Left Site,rich,0,,,false,,,,false,,,,,,,,,2026-01-10T00:19:27.868000+00:00,false,0,Animal Battle Stats,1446203750204047426
1459340796808527923,,,,,,true,,0000,0,,1446203750204047426,,0,Animal Battle Stats,,1446204139909550150,,,2026-01-10T00:19:19.200Z,,6710886,0,,true,User,RamiNoodle733,true,🌐 Location,"Sugar Land, TX, US",,,,,,,2026-01-10T00:19:18.844000+00:00,👋 User Left Site,rich,0,,,false,,,,false,,,,,,,,,2026-01-10T00:19:19.200000+00:00,false,0,Animal Battle Stats,1446203750204047426
1459340790898622555,,,,,,true,,0000,0,,1446203750204047426,,0,Animal Battle Stats,,1446204139909550150,,,2026-01-10T00:19:17.791Z,,4491519,0,,true,Visitor,RamiNoodle733,true,🌐 Location,"Sugar Land, TX, US",,,,,,,2026-01-10T00:19:17.335000+00:00,👀 Site Visit,rich,0,,,false,,,,false,,,,,,,,,2026-01-10T00:19:17.791000+00:00,false,0,Animal Battle Stats,1446203750204047426
1459340429991612629,,,,,,true,,0000,0,,1446203750204047426,,0,Animal Battle Stats,,1446204139909550150,,,2026-01-10T00:17:51.744Z,,4491519,0,,true,Visitor,RamiNoodle733,true,🌐 Location,"Sugar Land, TX, US",,,,,,,2026-01-10T00:17:51.386000+00:00,👀 Site Visit,rich,0,,,false,,,,false,,,,,,,,,2026-01-10T00:17:51.744000+00:00,false,0,Animal Battle Stats,1446203750204047426
1459340426078064924,,,,,,true,,0000,0,,1446203750204047426,,0,Animal Battle Stats,,1446204139909550150,,,2026-01-10T00:17:50.811Z,,6710886,0,,true,User,RamiNoodle733,true,🌐 Location,"Sugar Land, TX, US",,,,,,,2026-01-10T00:17:50.338000+00:00,👋 User Left Site,rich,0,,,false,,,,false,,,,,,,,,2026-01-10T00:17:50.811000+00:00,false,0,Animal Battle Stats,1446203750204047426
1459340272751218802,,,,,,true,,0000,0,,1446203750204047426,,0,Animal Battle Stats,,1446204139909550150,,,2026-01-10T00:17:14.255Z,,4491519,0,,true,Visitor,RamiNoodle733,true,🌐 Location,"Sugar Land, TX, US",,,,,,,2026-01-10T00:17:13.792000+00:00,👀 Site Visit,rich,0,,,false,,,,false,,,,,,,,,2026-01-10T00:17:14.255000+00:00,false,0,Animal Battle Stats,1446203750204047426
1459340270662324325,,,,,,true,,0000,0,,1446203750204047426,,0,Animal Battle Stats,,1446204139909550150,,,2026-01-10T00:17:13.757Z,,6710886,0,,true,User,RamiNoodle733,true,🌐 Location,"Sugar Land, TX, US",,,,,,,2026-01-10T00:17:13.316000+00:00,👋 User Left Site,rich,0,,,false,,,,false,,,,,,,,,2026-01-10T00:17:13.757000+00:00,false,0,Animal Battle Stats,1446203750204047426
1459340253545627813,,,,,,true,,0000,0,,1446203750204047426,,0,Animal Battle Stats,,1446204139909550150,,,2026-01-10T00:17:09.676Z,,4491519,0,,true,Visitor,RamiNoodle733,true,🌐 Location,"Sugar Land, TX, US",,,,,,,2026-01-10T00:17:09.272000+00:00,👀 Site Visit,rich,0,,,false,,,,false,,,,,,,,,2026-01-10T00:17:09.676000+00:00,false,0,Animal Battle Stats,1446203750204047426
1459340250529927328,,,,,,true,,0000,0,,1446203750204047426,,0,Animal Battle Stats,,1446204139909550150,,,2026-01-10T00:17:08.957Z,,6710886,0,,true,User,RamiNoodle733,true,🌐 Location,"Sugar Land, TX, US",,,,,,,2026-01-10T00:17:08.558000+00:00,👋 User Left Site,rich,0,,,false,,,,false,,,,,,,,,2026-01-10T00:17:08.957000+00:00,false,0,Animal Battle Stats,1446203750204047426
1459340118509879470,,,,,,true,,0000,0,,1446203750204047426,,0,Animal Battle Stats,,1446204139909550150,,,2026-01-10T00:16:37.481Z,,4491519,0,,true,Visitor,RamiNoodle733,true,🌐 Location,"Sugar Land, TX, US",,,,,,,2026-01-10T00:16:37.033000+00:00,👀 Site Visit,rich,0,,,false,,,,false,,,,,,,,,2026-01-10T00:16:37.481000+00:00,false,0,Animal Battle Stats,1446203750204047426
1459340116526108767,,,,,,true,,0000,0,,1446203750204047426,,0,Animal Battle Stats,,1446204139909550150,,,2026-01-10T00:16:37.008Z,,6710886,0,,true,User,RamiNoodle733,true,🌐 Location,"Sugar Land, TX, US",,,,,,,2026-01-10T00:16:36.591000+00:00,👋 User Left Site,rich,0,,,false,,,,false,,,,,,,,,2026-01-10T00:16:37.008000+00:00,false,0,Animal Battle Stats,1446203750204047426
1459340088013226320,,,,,,true,,0000,0,,1446203750204047426,,0,Animal Battle Stats,,1446204139909550150,,,2026-01-10T00:16:30.210Z,,4491519,0,,true,Visitor,RamiNoodle733,true,🌐 Location,"Sugar Land, TX, US",,,,,,,2026-01-10T00:16:29.840000+00:00,👀 Site Visit,rich,0,,,false,,,,false,,,,,,,,,2026-01-10T00:16:30.210000+00:00,false,0,Animal Battle Stats,1446203750204047426
1459340086280716298,,,,,,true,,0000,0,,1446203750204047426,,0,Animal Battle Stats,,1446204139909550150,,,2026-01-10T00:16:29.797Z,,6710886,0,,true,User,RamiNoodle733,true,🌐 Location,"Sugar Land, TX, US",,,,,,,2026-01-10T00:16:29.350000+00:00,👋 User Left Site,rich,0,,,false,,,,false,,,,,,,,,2026-01-10T00:16:29.797000+00:00,false,0,Animal Battle Stats,1446203750204047426
1459339962775502929,,,,,,true,,0000,0,,1446203750204047426,,0,Animal Battle Stats,,1446204139909550150,,,2026-01-10T00:16:00.351Z,,4491519,0,,true,Visitor,RamiNoodle733,true,🌐 Location,"Sugar Land, TX, US",,,,,,,2026-01-10T00:15:59.628000+00:00,👀 Site Visit,rich,0,,,false,,,,false,,,,,,,,,2026-01-10T00:16:00.351000+00:00,false,0,Animal Battle Stats,1446203750204047426
1459339954160140318,,,,,,true,,0000,0,,1446203750204047426,,0,Animal Battle Stats,,1446204139909550150,,,2026-01-10T00:15:58.297Z,,6710886,0,,true,User,RamiNoodle733,true,🌐 Location,"Sugar Land, TX, US",,,,,,,2026-01-10T00:15:57.925000+00:00,👋 User Left Site,rich,0,,,false,,,,false,,,,,,,,,2026-01-10T00:15:58.297000+00:00,false,0,Animal Battle Stats,1446203750204047426
1459339895691804917,,,,,,true,,0000,0,,1446203750204047426,,0,Animal Battle Stats,,1446204139909550150,,,2026-01-10T00:15:44.357Z,,4491519,0,,true,Visitor,RamiNoodle733,true,🌐 Location,"Sugar Land, TX, US",,,,,,,2026-01-10T00:15:43.946000+00:00,👀 Site Visit,rich,0,,,false,,,,false,,,,,,,,,2026-01-10T00:15:44.357000+00:00,false,0,Animal Battle Stats,1446203750204047426
1459339893711835351,,,,,,true,,0000,0,,1446203750204047426,,0,Animal Battle Stats,,1446204139909550150,,,2026-01-10T00:15:43.885Z,,6710886,0,,true,User,RamiNoodle733,true,🌐 Location,"Sugar Land, TX, US",,,,,,,2026-01-10T00:15:43.370000+00:00,👋 User Left Site,rich,0,,,false,,,,false,,,,,,,,,2026-01-10T00:15:43.885000+00:00,false,0,Animal Battle Stats,1446203750204047426
1459339707379876005,,,,,,true,,0000,0,,1446203750204047426,,0,Animal Battle Stats,,1446204139909550150,,,2026-01-10T00:14:59.460Z,,4491519,0,,true,Visitor,RamiNoodle733,true,🌐 Location,"Sugar Land, TX, US",,,,,,,2026-01-10T00:14:58.967000+00:00,👀 Site Visit,rich,0,,,false,,,,false,,,,,,,,,2026-01-10T00:14:59.460000+00:00,false,0,Animal Battle Stats,1446203750204047426
1459339705601491206,,,,,,true,,0000,0,,1446203750204047426,,0,Animal Battle Stats,,1446204139909550150,,,2026-01-10T00:14:59.036Z,,6710886,0,,true,User,RamiNoodle733,true,🌐 Location,"Sugar Land, TX, US",,,,,,,2026-01-10T00:14:58.637000+00:00,👋 User Left Site,rich,0,,,false,,,,false,,,,,,,,,2026-01-10T00:14:59.036000+00:00,false,0,Animal Battle Stats,1446203750204047426
1459339690070245543,,,,,,true,,0000,0,,1446203750204047426,,0,Animal Battle Stats,,1446204139909550150,,,2026-01-10T00:14:55.333Z,,4491519,0,,true,Visitor,RamiNoodle733,true,🌐 Location,"Sugar Land, TX, US",,,,,,,2026-01-10T00:14:54.998000+00:00,👀 Site Visit,rich,0,,,false,,,,false,,,,,,,,,2026-01-10T00:14:55.333000+00:00,false,0,Animal Battle Stats,1446203750204047426
1459339688694517810,,,,,,true,,0000,0,,1446203750204047426,,0,Animal Battle Stats,,1446204139909550150,,,2026-01-10T00:14:55.005Z,,6710886,0,,true,User,RamiNoodle733,true,🌐 Location,"Sugar Land, TX, US",,,,,,,2026-01-10T00:14:54.580000+00:00,👋 User Left Site,rich,0,,,false,,,,false,,,,,,,,,2026-01-10T00:14:55.005000+00:00,false,0,Animal Battle Stats,1446203750204047426
1459339645354512449,,,,,,true,,0000,0,,1446203750204047426,,0,Animal Battle Stats,,1446204139909550150,,,2026-01-10T00:14:44.672Z,,6710886,0,,true,User,RamiNoodle733,true,🌐 Location,"Sugar Land, TX, US",,,,,,,2026-01-10T00:14:44.237000+00:00,👋 User Left Site,rich,0,,,false,,,,false,,,,,,,,,2026-01-10T00:14:44.672000+00:00,false,0,Animal Battle Stats,1446203750204047426
1459339634558369842,,,,,,true,,0000,0,,1446203750204047426,,0,Animal Battle Stats,,1446204139909550150,,,2026-01-10T00:14:42.098Z,,4491519,0,,true,Visitor,RamiNoodle733,true,🌐 Location,"Sugar Land, TX, US",,,,,,,2026-01-10T00:14:41.696000+00:00,👀 Site Visit,rich,0,,,false,,,,false,,,,,,,,,2026-01-10T00:14:42.098000+00:00,false,0,Animal Battle Stats,1446203750204047426
1459339629085065238,,,,,,true,,0000,0,,1446203750204047426,,0,Animal Battle Stats,,1446204139909550150,,,2026-01-10T00:14:40.793Z,,4491519,0,,true,Visitor,RamiNoodle733,true,🌐 Location,"Sugar Land, TX, US",,,,,,,2026-01-10T00:14:37.245000+00:00,👀 Site Visit,rich,0,,,false,,,,false,,,,,,,,,2026-01-10T00:14:40.793000+00:00,false,0,Animal Battle Stats,1446203750204047426
1459339619676979232,,,,,,true,,0000,0,,1446203750204047426,,0,Animal Battle Stats,,1446204139909550150,,,2026-01-10T00:14:38.550Z,,6710886,0,,true,User,RamiNoodle733,true,🌐 Location,"Sugar Land, TX, US",,,,,,,2026-01-10T00:14:36.762000+00:00,👋 User Left Site,rich,0,,,false,,,,false,,,,,,,,,2026-01-10T00:14:38.550000+00:00,false,0,Animal Battle Stats,1446203750204047426
1459339602664886415,,,,,,true,,0000,0,,1446203750204047426,,0,Animal Battle Stats,,1446204139909550150,,,2026-01-10T00:14:34.494Z,,4491519,0,,true,Visitor,RamiNoodle733,true,🌐 Location,"Sugar Land, TX, US",,,,,,,2026-01-10T00:14:34.054000+00:00,👀 Site Visit,rich,0,,,false,,,,false,,,,,,,,,2026-01-10T00:14:34.494000+00:00,false,0,Animal Battle Stats,1446203750204047426
1459339600458944728,,,,,,true,,0000,0,,1446203750204047426,,0,Animal Battle Stats,,1446204139909550150,,,2026-01-10T00:14:33.968Z,,6710886,0,,true,User,RamiNoodle733,true,🌐 Location,"Sugar Land, TX, US",,,,,,,2026-01-10T00:14:33.567000+00:00,👋 User Left Site,rich,0,,,false,,,,false,,,,,,,,,2026-01-10T00:14:33.968000+00:00,false,0,Animal Battle Stats,1446203750204047426
1459339596654444667,,,,,,true,,0000,0,,1446203750204047426,,0,Animal Battle Stats,,1446204139909550150,,,2026-01-10T00:14:33.061Z,,4491519,0,,true,Visitor,RamiNoodle733,true,🌐 Location,"Sugar Land, TX, US",,,,,,,2026-01-10T00:14:32.487000+00:00,👀 Site Visit,rich,0,,,false,,,,false,,,,,,,,,2026-01-10T00:14:33.061000+00:00,false,0,Animal Battle Stats,1446203750204047426
1459339592963588149,,,,,,true,,0000,0,,1446203750204047426,,0,Animal Battle Stats,,1446204139909550150,,,2026-01-10T00:14:32.181Z,,6710886,0,,true,User,RamiNoodle733,true,🌐 Location,"Sugar Land, TX, US",,,,,,,2026-01-10T00:14:31.984000+00:00,👋 User Left Site,rich,0,,,false,,,,false,,,,,,,,,2026-01-10T00:14:32.181000+00:00,false,0,Animal Battle Stats,1446203750204047426
1459339589218205851,,,,,,true,,0000,0,,1446203750204047426,,0,Animal Battle Stats,,1446204139909550150,,,2026-01-10T00:14:31.288Z,,4491519,0,,true,Visitor,RamiNoodle733,true,🌐 Location,"Sugar Land, TX, US",,,,,,,2026-01-10T00:14:30.845000+00:00,👀 Site Visit,rich,0,,,false,,,,false,,,,,,,,,2026-01-10T00:14:31.288000+00:00,false,0,Animal Battle Stats,1446203750204047426
1459339587225780255,,,,,,true,,0000,0,,1446203750204047426,,0,Animal Battle Stats,,1446204139909550150,,,2026-01-10T00:14:30.813Z,,6710886,0,,true,User,RamiNoodle733,true,🌐 Location,"Sugar Land, TX, US",,,,,,,2026-01-10T00:14:30.434000+00:00,👋 User Left Site,rich,0,,,false,,,,false,,,,,,,,,2026-01-10T00:14:30.813000+00:00,false,0,Animal Battle Stats,1446203750204047426
1459339547728154711,,,,,,true,,0000,0,,1446203750204047426,,0,Animal Battle Stats,,1446204139909550150,,,2026-01-10T00:14:21.396Z,,4491519,0,,true,Visitor,RamiNoodle733,true,🌐 Location,"Sugar Land, TX, US",,,,,,,2026-01-10T00:14:21.090000+00:00,👀 Site Visit,rich,0,,,false,,,,false,,,,,,,,,2026-01-10T00:14:21.396000+00:00,false,0,Animal Battle Stats,1446203750204047426
1459339545320358131,,,,,,true,,0000,0,,1446203750204047426,,0,Animal Battle Stats,,1446204139909550150,,,2026-01-10T00:14:20.822Z,,6710886,0,,true,User,RamiNoodle733,true,🌐 Location,"Sugar Land, TX, US",,,,,,,2026-01-10T00:14:20.448000+00:00,👋 User Left Site,rich,0,,,false,,,,false,,,,,,,,,2026-01-10T00:14:20.822000+00:00,false,0,Animal Battle Stats,1446203750204047426
1459339522041974897,,,,,,true,,0000,0,,1446203750204047426,,0,Animal Battle Stats,,1446204139909550150,,,2026-01-10T00:14:15.272Z,,4491519,0,,true,Visitor,RamiNoodle733,true,🌐 Location,"Sugar Land, TX, US",,,,,,,2026-01-10T00:14:14.812000+00:00,👀 Site Visit,rich,0,,,false,,,,false,,,,,,,,,2026-01-10T00:14:15.272000+00:00,false,0,Animal Battle Stats,1446203750204047426
1459339520951713919,,,,,,true,,0000,0,,1446203750204047426,,0,Animal Battle Stats,,1446204139909550150,,,2026-01-10T00:14:15.012Z,,6710886,0,,true,User,RamiNoodle733,true,🌐 Location,"Sugar Land, TX, US",,,,,,,2026-01-10T00:14:13.498000+00:00,👋 User Left Site,rich,0,,,false,,,,false,,,,,,,,,2026-01-10T00:14:15.012000+00:00,false,0,Animal Battle Stats,1446203750204047426
1459337688283873391,,,,,,true,,0000,0,,1446203750204047426,,0,Animal Battle Stats,,1446204139909550150,,,2026-01-10T00:06:58.070Z,,4491519,0,,true,Visitor,RamiNoodle733,true,🌐 Location,"Sugar Land, TX, US",,,,,,,2026-01-10T00:06:57.639000+00:00,👀 Site Visit,rich,0,,,false,,,,false,,,,,,,,,2026-01-10T00:06:58.070000+00:00,false,0,Animal Battle Stats,1446203750204047426
1459337686140719203,,,,,,true,,0000,0,,1446203750204047426,,0,Animal Battle Stats,,1446204139909550150,,,2026-01-10T00:06:57.559Z,,6710886,0,,true,User,RamiNoodle733,true,🌐 Location,"Sugar Land, TX, US",,,,,,,2026-01-10T00:06:57.246000+00:00,👋 User Left Site,rich,0,,,false,,,,false,,,,,,,,,2026-01-10T00:06:57.559000+00:00,false,0,Animal Battle Stats,1446203750204047426
1459337678855340309,,,,,,true,,0000,0,,1446203750204047426,,0,Animal Battle Stats,,1446204139909550150,,,2026-01-10T00:06:55.822Z,,4491519,0,,true,Visitor,RamiNoodle733,true,🌐 Location,"Sugar Land, TX, US",,,,,,,2026-01-10T00:06:55.455000+00:00,👀 Site Visit,rich,0,,,false,,,,false,,,,,,,,,2026-01-10T00:06:55.822000+00:00,false,0,Animal Battle Stats,1446203750204047426
1459337671368511540,,,,,,true,,0000,0,,1446203750204047426,,0,Animal Battle Stats,,1446204139909550150,,,2026-01-10T00:06:54.037Z,,6710886,0,,true,User,RamiNoodle733,true,🌐 Location,"Sugar Land, TX, US",,,,,,,2026-01-10T00:06:53.514000+00:00,👋 User Left Site,rich,0,,,false,,,,false,,,,,,,,,2026-01-10T00:06:54.037000+00:00,false,0,Animal Battle Stats,1446203750204047426
1459337652523368672,,,,,,true,,0000,0,,1446203750204047426,,0,Animal Battle Stats,,1446204139909550150,,,2026-01-10T00:06:49.544Z,,6710886,0,,true,User,RamiNoodle733,true,🌐 Location,"Sugar Land, TX, US",,,,,,,2026-01-10T00:06:49.192000+00:00,👋 User Left Site,rich,0,,,false,,,,false,,,,,,,,,2026-01-10T00:06:49.544000+00:00,false,0,Animal Battle Stats,1446203750204047426
1459337644461916355,,,,,,true,,0000,0,,1446203750204047426,,0,Animal Battle Stats,,1446204139909550150,,,2026-01-10T00:06:47.622Z,,4491519,0,,true,Visitor,RamiNoodle733,true,🌐 Location,"Sugar Land, TX, US",,,,,,,2026-01-10T00:06:47.109000+00:00,👀 Site Visit,rich,0,,,false,,,,false,,,,,,,,,2026-01-10T00:06:47.622000+00:00,false,0,Animal Battle Stats,1446203750204047426
1459337641823568055,,,,,,true,,0000,0,,1446203750204047426,,0,Animal Battle Stats,,1446204139909550150,,,2026-01-10T00:06:46.993Z,,6710886,0,,true,User,RamiNoodle733,true,🌐 Location,"Sugar Land, TX, US",,,,,,,2026-01-10T00:06:46.621000+00:00,👋 User Left Site,rich,0,,,false,,,,false,,,,,,,,,2026-01-10T00:06:46.993000+00:00,false,0,Animal Battle Stats,1446203750204047426
1459337616515141692,,,,,,true,,0000,0,,1446203750204047426,,0,Animal Battle Stats,,1446204139909550150,,,2026-01-10T00:06:40.959Z,,4491519,0,,true,Visitor,RamiNoodle733,true,🌐 Location,"Sugar Land, TX, US",,,,,,,2026-01-10T00:06:40.578000+00:00,👀 Site Visit,rich,0,,,false,,,,false,,,,,,,,,2026-01-10T00:06:40.959000+00:00,false,0,Animal Battle Stats,1446203750204047426
1459337612967018536,,,,,,true,,0000,0,,1446203750204047426,,0,Animal Battle Stats,,1446204139909550150,,,2026-01-10T00:06:40.113Z,,6710886,0,,true,User,RamiNoodle733,true,🌐 Location,"Sugar Land, TX, US",,,,,,,2026-01-10T00:06:39.728000+00:00,👋 User Left Site,rich,0,,,false,,,,false,,,,,,,,,2026-01-10T00:06:40.113000+00:00,false,0,Animal Battle Stats,1446203750204047426
1459337601948319936,,,,,,true,,0000,0,,1446203750204047426,,0,Animal Battle Stats,,1446204139909550150,,,2026-01-10T00:06:37.486Z,,4491519,0,,true,Visitor,RamiNoodle733,true,🌐 Location,"Sugar Land, TX, US",,,,,,,2026-01-10T00:06:36.983000+00:00,👀 Site Visit,rich,0,,,false,,,,false,,,,,,,,,2026-01-10T00:06:37.486000+00:00,false,0,Animal Battle Stats,1446203750204047426
1459337599393988801,,,,,,true,,0000,0,,1446203750204047426,,0,Animal Battle Stats,,1446204139909550150,,,2026-01-10T00:06:36.877Z,,6710886,0,,true,User,RamiNoodle733,true,🌐 Location,"Sugar Land, TX, US",,,,,,,2026-01-10T00:06:36.557000+00:00,👋 User Left Site,rich,0,,,false,,,,false,,,,,,,,,2026-01-10T00:06:36.877000+00:00,false,0,Animal Battle Stats,1446203750204047426
1459337577143206060,,,,,,true,,0000,0,,1446203750204047426,,0,Animal Battle Stats,,1446204139909550150,,,2026-01-10T00:06:31.572Z,,4491519,0,,true,Visitor,RamiNoodle733,true,🌐 Location,"Sugar Land, TX, US",,,,,,,2026-01-10T00:06:31.131000+00:00,👀 Site Visit,rich,0,,,false,,,,false,,,,,,,,,2026-01-10T00:06:31.572000+00:00,false,0,Animal Battle Stats,1446203750204047426
1459337574576292043,,,,,,true,,0000,0,,1446203750204047426,,0,Animal Battle Stats,,1446204139909550150,,,2026-01-10T00:06:30.960Z,,6710886,0,,true,User,RamiNoodle733,true,🌐 Location,"Sugar Land, TX, US",,,,,,,2026-01-10T00:06:30.540000+00:00,👋 User Left Site,rich,0,,,false,,,,false,,,,,,,,,2026-01-10T00:06:30.960000+00:00,false,0,Animal Battle Stats,1446203750204047426
1459337572525277186,,,,,,true,,0000,0,,1446203750204047426,,0,Animal Battle Stats,,1446204139909550150,,,2026-01-10T00:06:30.471Z,,4491519,0,,true,Visitor,RamiNoodle733,true,🌐 Location,"Sugar Land, TX, US",,,,,,,2026-01-10T00:06:30.151000+00:00,👀 Site Visit,rich,0,,,false,,,,false,,,,,,,,,2026-01-10T00:06:30.471000+00:00,false,0,Animal Battle Stats,1446203750204047426
1459337544217919691,,,,,,true,,0000,0,,1446203750204047426,,0,Animal Battle Stats,,1446204139909550150,,,2026-01-10T00:06:23.722Z,,4491519,0,,true,Visitor,RamiNoodle733,true,🌐 Location,"Sugar Land, TX, US",,,,,,,2026-01-10T00:06:23.284000+00:00,👀 Site Visit,rich,0,,,false,,,,false,,,,,,,,,2026-01-10T00:06:23.722000+00:00,false,0,Animal Battle Stats,1446203750204047426
1459337542435602434,,,,,,true,,0000,0,,1446203750204047426,,0,Animal Battle Stats,,1446204139909550150,,,2026-01-10T00:06:23.297Z,,6710886,0,,true,User,RamiNoodle733,true,🌐 Location,"Sugar Land, TX, US",,,,,,,2026-01-10T00:06:22.876000+00:00,👋 User Left Site,rich,0,,,false,,,,false,,,,,,,,,2026-01-10T00:06:23.297000+00:00,false,0,Animal Battle Stats,1446203750204047426
1459337535762464940,,,,,,true,,0000,0,,1446203750204047426,,0,Animal Battle Stats,,1446204139909550150,,,2026-01-10T00:06:21.706Z,,4491519,0,,true,Visitor,RamiNoodle733,true,🌐 Location,"Sugar Land, TX, US",,,,,,,2026-01-10T00:06:21.258000+00:00,👀 Site Visit,rich,0,,,false,,,,false,,,,,,,,,2026-01-10T00:06:21.706000+00:00,false,0,Animal Battle Stats,1446203750204047426
1459337533849862166,,,,,,true,,0000,0,,1446203750204047426,,0,Animal Battle Stats,,1446204139909550150,,,2026-01-10T00:06:21.250Z,,6710886,0,,true,User,RamiNoodle733,true,🌐 Location,"Sugar Land, TX, US",,,,,,,2026-01-10T00:06:20.851000+00:00,👋 User Left Site,rich,0,,,false,,,,false,,,,,,,,,2026-01-10T00:06:21.250000+00:00,false,0,Animal Battle Stats,1446203750204047426
1459337524932513988,,,,,,true,,0000,0,,1446203750204047426,,0,Animal Battle Stats,,1446204139909550150,,,2026-01-10T00:06:19.124Z,,4491519,0,,true,Visitor,RamiNoodle733,true,🌐 Location,"Sugar Land, TX, US",,,,,,,2026-01-10T00:06:18.597000+00:00,👀 Site Visit,rich,0,,,false,,,,false,,,,,,,,,2026-01-10T00:06:19.124000+00:00,false,0,Animal Battle Stats,1446203750204047426
1459337523817091085,,,,,,true,,0000,0,,1446203750204047426,,0,Animal Battle Stats,,1446204139909550150,,,2026-01-10T00:06:18.858Z,,6710886,0,,true,User,RamiNoodle733,true,🌐 Location,"Sugar Land, TX, US",,,,,,,2026-01-10T00:06:18.317000+00:00,👋 User Left Site,rich,0,,,false,,,,false,,,,,,,,,2026-01-10T00:06:18.858000+00:00,false,0,Animal Battle Stats,1446203750204047426
1459337515675811840,,,,,,true,,0000,0,,1446203750204047426,,0,Animal Battle Stats,,1446204139909550150,,,2026-01-10T00:06:16.917Z,,4491519,0,,true,Visitor,RamiNoodle733,true,🌐 Location,"Sugar Land, TX, US",,,,,,,2026-01-10T00:06:16.432000+00:00,👀 Site Visit,rich,0,,,false,,,,false,,,,,,,,,2026-01-10T00:06:16.917000+00:00,false,0,Animal Battle Stats,1446203750204047426
1459337511032852564,,,,,,true,,0000,0,,1446203750204047426,,0,Animal Battle Stats,,1446204139909550150,,,2026-01-10T00:06:15.810Z,,6710886,0,,true,User,RamiNoodle733,true,🌐 Location,"Sugar Land, TX, US",,,,,,,2026-01-10T00:06:15.426000+00:00,👋 User Left Site,rich,0,,,false,,,,false,,,,,,,,,2026-01-10T00:06:15.810000+00:00,false,0,Animal Battle Stats,1446203750204047426
1459337475183870031,,,,,,true,,0000,0,,1446203750204047426,,0,Animal Battle Stats,,1446204139909550150,,,2026-01-10T00:06:07.263Z,,4491519,0,,true,Visitor,RamiNoodle733,true,🌐 Location,"Sugar Land, TX, US",,,,,,,2026-01-10T00:06:04.895000+00:00,👀 Site Visit,rich,0,,,false,,,,false,,,,,,,,,2026-01-10T00:06:07.263000+00:00,false,0,Animal Battle Stats,1446203750204047426
1459337465310744768,,,,,,true,,0000,0,,1446203750204047426,,0,Animal Battle Stats,,1446204139909550150,,,2026-01-10T00:06:04.909Z,,6710886,0,,true,User,RamiNoodle733,true,🌐 Location,"Sugar Land, TX, US",,,,,,,2026-01-10T00:06:03.430000+00:00,👋 User Left Site,rich,0,,,false,,,,false,,,,,,,,,2026-01-10T00:06:04.909000+00:00,false,0,Animal Battle Stats,1446203750204047426
1459337084182728936,,,,,,true,,0000,0,,1446203750204047426,,0,Animal Battle Stats,,1446204139909550150,,,2026-01-10T00:04:34.041Z,,6710886,0,,true,User,RamiNoodle733,true,🌐 Location,"Sugar Land, TX, US",,,,,,,2026-01-10T00:04:33.522000+00:00,👋 User Left Site,rich,0,,,false,,,,false,,,,,,,,,2026-01-10T00:04:34.041000+00:00,false,0,Animal Battle Stats,1446203750204047426
1459337079052828850,,,,,,true,,0000,0,,1446203750204047426,,0,Animal Battle Stats,,1446204139909550150,,,2026-01-10T00:04:32.818Z,,4491519,0,,true,Visitor,RamiNoodle733,true,🌐 Location,"Sugar Land, TX, US",,,,,,,2026-01-10T00:04:32.430000+00:00,👀 Site Visit,rich,0,,,false,,,,false,,,,,,,,,2026-01-10T00:04:32.818000+00:00,false,0,Animal Battle Stats,1446203750204047426
1459337069381025893,,,,,,true,,0000,0,,1446203750204047426,,0,Animal Battle Stats,,1446204139909550150,,,2026-01-10T00:04:30.512Z,,4491519,0,,true,Visitor,Anonymous,true,🌐 Location,"San Jose, CA, US",,,,,,,2026-01-10T00:04:30.129000+00:00,👀 Site Visit,rich,0,,,false,,,,false,,,,,,,,,2026-01-10T00:04:30.512000+00:00,false,0,Animal Battle Stats,1446203750204047426
1459337063500484660,,,,,,true,,0000,0,,1446203750204047426,,0,Animal Battle Stats,,1446204139909550150,,,2026-01-10T00:04:29.110Z,,4491519,0,,true,Visitor,RamiNoodle733,true,🌐 Location,"Sugar Land, TX, US",,,,,,,2026-01-10T00:04:28.764000+00:00,👀 Site Visit,rich,0,,,false,,,,false,,,,,,,,,2026-01-10T00:04:29.110000+00:00,false,0,Animal Battle Stats,1446203750204047426
1459337035226808445,,,,,,true,,0000,0,,1446203750204047426,,0,Animal Battle Stats,,1446204139909550150,,,2026-01-10T00:04:22.369Z,,6710886,0,,true,User,RamiNoodle733,true,🌐 Location,"Sugar Land, TX, US",,,,,,,2026-01-10T00:04:21.994000+00:00,👋 User Left Site,rich,0,,,false,,,,false,,,,,,,,,2026-01-10T00:04:22.369000+00:00,false,0,Animal Battle Stats,1446203750204047426
1459337011784847445,,,,,,true,,0000,0,,1446203750204047426,,0,Animal Battle Stats,,1446204139909550150,,,2026-01-10T00:04:16.780Z,,4491519,0,,true,Visitor,RamiNoodle733,true,🌐 Location,"Sugar Land, TX, US",,,,,,,2026-01-10T00:04:16.522000+00:00,👀 Site Visit,rich,0,,,false,,,,false,,,,,,,,,2026-01-10T00:04:16.780000+00:00,false,0,Animal Battle Stats,1446203750204047426
1459337011218350262,,,,,,true,,0000,0,,1446203750204047426,,0,Animal Battle Stats,,1446204139909550150,,,2026-01-10T00:04:16.645Z,,6710886,0,,true,User,RamiNoodle733,true,🌐 Location,"Sugar Land, TX, US",,,,,,,2026-01-10T00:04:15.998000+00:00,👋 User Left Site,rich,0,,,false,,,,false,,,,,,,,,2026-01-10T00:04:16.645000+00:00,false,0,Animal Battle Stats,1446203750204047426
1459337007829618868,,,,,,true,,0000,0,,1446203750204047426,,0,Animal Battle Stats,,1446204139909550150,,,2026-01-10T00:04:15.837Z,,4491519,0,,true,Visitor,RamiNoodle733,true,🌐 Location,"Sugar Land, TX, US",,,,,,,2026-01-10T00:04:14.312000+00:00,👀 Site Visit,rich,0,,,false,,,,false,,,,,,,,,2026-01-10T00:04:15.837000+00:00,false,0,Animal Battle Stats,1446203750204047426
1459337000909013147,,,,,,true,,0000,0,,1446203750204047426,,0,Animal Battle Stats,,1446204139909550150,,,2026-01-10T00:04:14.187Z,,6710886,0,,true,User,RamiNoodle733,true,🌐 Location,"Sugar Land, TX, US",,,,,,,2026-01-10T00:04:13.790000+00:00,👋 User Left Site,rich,0,,,false,,,,false,,,,,,,,,2026-01-10T00:04:14.187000+00:00,false,0,Animal Battle Stats,1446203750204047426
1459336809698951373,,,,,,true,,0000,0,,1446203750204047426,,0,Animal Battle Stats,,1446204139909550150,,,2026-01-10T00:03:28.599Z,,4491519,0,,true,Visitor,RamiNoodle733,true,🌐 Location,"Sugar Land, TX, US",,,,,,,2026-01-10T00:03:28.094000+00:00,👀 Site Visit,rich,0,,,false,,,,false,,,,,,,,,2026-01-10T00:03:28.599000+00:00,false,0,Animal Battle Stats,1446203750204047426
1459336802635874491,,,,,,true,,0000,0,,1446203750204047426,,0,Animal Battle Stats,,1446204139909550150,,,2026-01-10T00:03:26.915Z,,6710886,0,,true,User,RamiNoodle733,true,🌐 Location,"Sugar Land, TX, US",,,,,,,2026-01-10T00:03:26.475000+00:00,👋 User Left Site,rich,0,,,false,,,,false,,,,,,,,,2026-01-10T00:03:26.915000+00:00,false,0,Animal Battle Stats,1446203750204047426
1459336796919042090,,,,,,true,,0000,0,,1446203750204047426,,0,Animal Battle Stats,,1446204139909550150,,,2026-01-10T00:03:25.552Z,,4491519,0,,true,Visitor,RamiNoodle733,true,🌐 Location,"Sugar Land, TX, US",,,,,,,2026-01-10T00:03:24.523000+00:00,👀 Site Visit,rich,0,,,false,,,,false,,,,,,,,,2026-01-10T00:03:25.552000+00:00,false,0,Animal Battle Stats,1446203750204047426
1459336787427070085,,,,,,true,,0000,0,,1446203750204047426,,0,Animal Battle Stats,,1446204139909550150,,,2026-01-10T00:03:23.289Z,,6710886,0,,true,User,RamiNoodle733,true,🌐 Location,"Sugar Land, TX, US",,,,,,,2026-01-10T00:03:22.900000+00:00,👋 User Left Site,rich,0,,,false,,,,false,,,,,,,,,2026-01-10T00:03:23.289000+00:00,false,0,Animal Battle Stats,1446203750204047426
1459336784399040607,,,,,,true,,0000,0,,1446203750204047426,,0,Animal Battle Stats,,1446204139909550150,,,2026-01-10T00:03:22.567Z,,4491519,0,,true,Visitor,RamiNoodle733,true,🌐 Location,"Sugar Land, TX, US",,,,,,,2026-01-10T00:03:22.161000+00:00,👀 Site Visit,rich,0,,,false,,,,false,,,,,,,,,2026-01-10T00:03:22.567000+00:00,false,0,Animal Battle Stats,1446203750204047426
1459336781320294484,,,,,,true,,0000,0,,1446203750204047426,,0,Animal Battle Stats,,1446204139909550150,,,2026-01-10T00:03:21.833Z,,6710886,0,,true,User,RamiNoodle733,true,🌐 Location,"Sugar Land, TX, US",,,,,,,2026-01-10T00:03:21.533000+00:00,👋 User Left Site,rich,0,,,false,,,,false,,,,,,,,,2026-01-10T00:03:21.833000+00:00,false,0,Animal Battle Stats,1446203750204047426
1459336776777732332,,,,,,true,,0000,0,,1446203750204047426,,0,Animal Battle Stats,,1446204139909550150,,,2026-01-10T00:03:20.750Z,,4491519,0,,true,Visitor,RamiNoodle733,true,🌐 Location,"Sugar Land, TX, US",,,,,,,2026-01-10T00:03:20.179000+00:00,👀 Site Visit,rich,0,,,false,,,,false,,,,,,,,,2026-01-10T00:03:20.750000+00:00,false,0,Animal Battle Stats,1446203750204047426
1459336766443094182,,,,,,true,,0000,0,,1446203750204047426,,0,Animal Battle Stats,,1446204139909550150,,,2026-01-10T00:03:18.286Z,,6710886,0,,true,User,RamiNoodle733,true,🌐 Location,"Sugar Land, TX, US",,,,,,,2026-01-10T00:03:17.913000+00:00,👋 User Left Site,rich,0,,,false,,,,false,,,,,,,,,2026-01-10T00:03:18.286000+00:00,false,0,Animal Battle Stats,1446203750204047426
1459336763150565469,,,,,,true,,0000,0,,1446203750204047426,,0,Animal Battle Stats,,1446204139909550150,,,2026-01-10T00:03:17.501Z,,4491519,0,,true,Visitor,RamiNoodle733,true,🌐 Location,"Sugar Land, TX, US",,,,,,,2026-01-10T00:03:16.991000+00:00,👀 Site Visit,rich,0,,,false,,,,false,,,,,,,,,2026-01-10T00:03:17.501000+00:00,false,0,Animal Battle Stats,1446203750204047426
1459336759702720534,,,,,,true,,0000,0,,1446203750204047426,,0,Animal Battle Stats,,1446204139909550150,,,2026-01-10T00:03:16.679Z,,6710886,0,,true,User,RamiNoodle733,true,🌐 Location,"Sugar Land, TX, US",,,,,,,2026-01-10T00:03:16.371000+00:00,👋 User Left Site,rich,0,,,false,,,,false,,,,,,,,,2026-01-10T00:03:16.679000+00:00,false,0,Animal Battle Stats,1446203750204047426
1459336755655213076,,,,,,true,,0000,0,,1446203750204047426,,0,Animal Battle Stats,,1446204139909550150,,,2026-01-10T00:03:15.714Z,,4491519,0,,true,Visitor,RamiNoodle733,true,🌐 Location,"Sugar Land, TX, US",,,,,,,2026-01-10T00:03:15.297000+00:00,👀 Site Visit,rich,0,,,false,,,,false,,,,,,,,,2026-01-10T00:03:15.714000+00:00,false,0,Animal Battle Stats,1446203750204047426
1459336751930933472,,,,,,true,,0000,0,,1446203750204047426,,0,Animal Battle Stats,,1446204139909550150,,,2026-01-10T00:03:14.826Z,,6710886,0,,true,User,RamiNoodle733,true,🌐 Location,"Sugar Land, TX, US",,,,,,,2026-01-10T00:03:14.435000+00:00,👋 User Left Site,rich,0,,,false,,,,false,,,,,,,,,2026-01-10T00:03:14.826000+00:00,false,0,Animal Battle Stats,1446203750204047426
1459336747656937576,,,,,,true,,0000,0,,1446203750204047426,,0,Animal Battle Stats,,1446204139909550150,,,2026-01-10T00:03:13.807Z,,4491519,0,,true,Visitor,RamiNoodle733,true,🌐 Location,"Sugar Land, TX, US",,,,,,,2026-01-10T00:03:13.337000+00:00,👀 Site Visit,rich,0,,,false,,,,false,,,,,,,,,2026-01-10T00:03:13.807000+00:00,false,0,Animal Battle Stats,1446203750204047426
1459336744125333659,,,,,,true,,0000,0,,1446203750204047426,,0,Animal Battle Stats,,1446204139909550150,,,2026-01-10T00:03:12.965Z,,6710886,0,,true,User,RamiNoodle733,true,🌐 Location,"Sugar Land, TX, US",,,,,,,2026-01-10T00:03:12.592000+00:00,👋 User Left Site,rich,0,,,false,,,,false,,,,,,,,,2026-01-10T00:03:12.965000+00:00,false,0,Animal Battle Stats,1446203750204047426
1459336729998921780,,,,,,true,,0000,0,,1446203750204047426,,0,Animal Battle Stats,,1446204139909550150,,,2026-01-10T00:03:09.597Z,,4491519,0,,true,Visitor,RamiNoodle733,true,🌐 Location,"Sugar Land, TX, US",,,,,,,2026-01-10T00:03:09.197000+00:00,👀 Site Visit,rich,0,,,false,,,,false,,,,,,,,,2026-01-10T00:03:09.597000+00:00,false,0,Animal Battle Stats,1446203750204047426
1459336727545250124,,,,,,true,,0000,0,,1446203750204047426,,0,Animal Battle Stats,,1446204139909550150,,,2026-01-10T00:03:09.012Z,,6710886,0,,true,User,RamiNoodle733,true,🌐 Location,"Sugar Land, TX, US",,,,,,,2026-01-10T00:03:08.603000+00:00,👋 User Left Site,rich,0,,,false,,,,false,,,,,,,,,2026-01-10T00:03:09.012000+00:00,false,0,Animal Battle Stats,1446203750204047426
1459336610800996564,,,,,,true,,0000,0,,1446203750204047426,,0,Animal Battle Stats,,1446204139909550150,,,2026-01-10T00:02:41.178Z,,4491519,0,,true,Visitor,RamiNoodle733,true,🌐 Location,"Sugar Land, TX, US",,,,,,,2026-01-10T00:02:40.731000+00:00,👀 Site Visit,rich,0,,,false,,,,false,,,,,,,,,2026-01-10T00:02:41.178000+00:00,false,0,Animal Battle Stats,1446203750204047426
1459336599124050165,,,,,,true,,0000,0,,1446203750204047426,,0,Animal Battle Stats,,1446204139909550150,,,2026-01-10T00:02:38.394Z,,6710886,0,,true,User,RamiNoodle733,true,🌐 Location,"Sugar Land, TX, US",,,,,,,2026-01-10T00:02:37.949000+00:00,👋 User Left Site,rich,0,,,false,,,,false,,,,,,,,,2026-01-10T00:02:38.394000+00:00,false,0,Animal Battle Stats,1446203750204047426
1459336578814967868,,,,,,true,,0000,0,,1446203750204047426,,0,Animal Battle Stats,,1446204139909550150,,,2026-01-10T00:02:33.552Z,,4491519,0,,true,Visitor,RamiNoodle733,true,🌐 Location,"Sugar Land, TX, US",,,,,,,2026-01-10T00:02:33.059000+00:00,👀 Site Visit,rich,0,,,false,,,,false,,,,,,,,,2026-01-10T00:02:33.552000+00:00,false,0,Animal Battle Stats,1446203750204047426
1459336576336265399,,,,,,true,,0000,0,,1446203750204047426,,0,Animal Battle Stats,,1446204139909550150,,,2026-01-10T00:02:32.961Z,,6710886,0,,true,User,RamiNoodle733,true,🌐 Location,"Sugar Land, TX, US",,,,,,,2026-01-10T00:02:32.502000+00:00,👋 User Left Site,rich,0,,,false,,,,false,,,,,,,,,2026-01-10T00:02:32.961000+00:00,false,0,Animal Battle Stats,1446203750204047426
1459336572271853654,,,,,,true,,0000,0,,1446203750204047426,,0,Animal Battle Stats,,1446204139909550150,,,2026-01-10T00:02:31.992Z,,4491519,0,,true,Visitor,RamiNoodle733,true,🌐 Location,"Sugar Land, TX, US",,,,,,,2026-01-10T00:02:31.375000+00:00,👀 Site Visit,rich,0,,,false,,,,false,,,,,,,,,2026-01-10T00:02:31.992000+00:00,false,0,Animal Battle Stats,1446203750204047426
1459336570237878402,,,,,,true,,0000,0,,1446203750204047426,,0,Animal Battle Stats,,1446204139909550150,,,2026-01-10T00:02:31.507Z,,6710886,0,,true,User,RamiNoodle733,true,🌐 Location,"Sugar Land, TX, US",,,,,,,2026-01-10T00:02:30.963000+00:00,👋 User Left Site,rich,0,,,false,,,,false,,,,,,,,,2026-01-10T00:02:31.507000+00:00,false,0,Animal Battle Stats,1446203750204047426
1459336566953738242,,,,,,true,,0000,0,,1446203750204047426,,0,Animal Battle Stats,,1446204139909550150,,,2026-01-10T00:02:30.724Z,,4491519,0,,true,Visitor,RamiNoodle733,true,🌐 Location,"Sugar Land, TX, US",,,,,,,2026-01-10T00:02:30.418000+00:00,👀 Site Visit,rich,0,,,false,,,,false,,,,,,,,,2026-01-10T00:02:30.724000+00:00,false,0,Animal Battle Stats,1446203750204047426
1459336559731146824,,,,,,true,,0000,0,,1446203750204047426,,0,Animal Battle Stats,,1446204139909550150,,,2026-01-10T00:02:29.002Z,,6710886,0,,true,User,RamiNoodle733,true,🌐 Location,"Sugar Land, TX, US",,,,,,,2026-01-10T00:02:28.686000+00:00,👋 User Left Site,rich,0,,,false,,,,false,,,,,,,,,2026-01-10T00:02:29.002000+00:00,false,0,Animal Battle Stats,1446203750204047426
1459336545948401967,,,,,,true,,0000,0,,1446203750204047426,,0,Animal Battle Stats,,1446204139909550150,,,2026-01-10T00:02:25.716Z,,4491519,0,,true,Visitor,RamiNoodle733,true,🌐 Location,"Sugar Land, TX, US",,,,,,,2026-01-10T00:02:25.194000+00:00,👀 Site Visit,rich,0,,,false,,,,false,,,,,,,,,2026-01-10T00:02:25.716000+00:00,false,0,Animal Battle Stats,1446203750204047426
1459336544098717827,,,,,,true,,0000,0,,1446203750204047426,,0,Animal Battle Stats,,1446204139909550150,,,2026-01-10T00:02:25.275Z,,6710886,0,,true,User,RamiNoodle733,true,🌐 Location,"Sugar Land, TX, US",,,,,,,2026-01-10T00:02:24.872000+00:00,👋 User Left Site,rich,0,,,false,,,,false,,,,,,,,,2026-01-10T00:02:25.275000+00:00,false,0,Animal Battle Stats,1446203750204047426