id,activity,application,application_id,attachments,author.avatar,author.bot,author.clan,author.discriminator,author.flags,author.global_name,author.id,author.primary_guild,author.public_flags,author.username,call,channel_id,components,content,date,edited_timestamp,embeds.0.color,embeds.0.content_scan_version,embeds.0.fields.0.inline,embeds.0.fields.0.name,embeds.0.fields.0.value,embeds.0.fields.1.inline,embeds.0.fields.1.name,embeds.0.fields.1.value,embeds.0.fields.2.inline,embeds.0.fields.2.name,embeds.0.fields.2.value,embeds.0.fields.3.inline,embeds.0.fields.3.name,embeds.0.fields.3.value,embeds.0.fields.4.inline,embeds.0.fields.4.name,embeds.0.fields.4.value,embeds.0.fields.5.inline,embeds.0.fields.5.name,embeds.0.fields.5.value,embeds.0.fields.6.inline,embeds.0.fields.6.name,embeds.0.fields.6.value,embeds.0.fields.7.inline,embeds.0.fields.7.name,embeds.0.fields.7.value,embeds.0.timestamp,embeds.0.title,embeds.0.type,flags,interaction,mention_channels,mention_everyone,mentions,message_reference,nonce,pinned,position,reactions,referenced_message,resolved,role_subscription_data,sticker_items,stickers,thread,timestamp,tts,type,userName,webhook_id
1448787744393531483,,,,,,true,,0000,0,,1446203750204047426,,0,Animal Battle Stats,,1446204139909550150,,,2025-12-11T21:25:15.438Z,,4491519,0,true,Visitor,RamiNoodle733,true,🌐 Location,"Richmond, TX, US",,,,,,,,,,,,,,,,,,,2025-12-11T21:25:15.139000+00:00,👀 Site Visit,rich,0,,,false,,,,false,,,,,,,,,2025-12-11T21:25:15.438000+00:00,false,0,Animal Battle Stats,1446203750204047426
1448787739809021972,,,,,,true,,0000,0,,1446203750204047426,,0,Animal Battle Stats,,1446204139909550150,,,2025-12-11T21:25:14.345Z,,6710886,0,true,User,RamiNoodle733,true,🌐 Location,"Richmond, TX, US",,,,,,,,,,,,,,,,,,,2025-12-11T21:25:12.369000+00:00,👋 User Left Site,rich,0,,,false,,,,false,,,,,,,,,2025-12-11T21:25:14.345000+00:00,false,0,Animal Battle Stats,1446203750204047426
1448787146352758954,,,,,,true,,0000,0,,1446203750204047426,,0,Animal Battle Stats,,1446204139909550150,,,2025-12-11T21:22:52.854Z,,54527,0,true,User,RamiNoodle733,true,Target,Alligator,false,Comment,Ballo,true,🌐 Location,"Richmond, TX, US",,,,,,,,,,,,,2025-12-11T21:22:52.531000+00:00,💬 New Comment,rich,0,,,false,,,,false,,,,,,,,,2025-12-11T21:22:52.854000+00:00,false,0,Animal Battle Stats,1446203750204047426
1448781922791719063,,,,,,true,,0000,0,,1446203750204047426,,0,Animal Battle Stats,,1446204139909550150,,,2025-12-11T21:02:07.460Z,,4491519,0,true,Visitor,RamiNoodle733,true,🌐 Location,"Richmond, TX, US",,,,,,,,,,,,,,,,,,,2025-12-11T21:02:07.170000+00:00,👀 Site Visit,rich,0,,,false,,,,false,,,,,,,,,2025-12-11T21:02:07.460000+00:00,false,0,Animal Battle Stats,1446203750204047426
1448781921969766443,,,,,,true,,0000,0,,1446203750204047426,,0,Animal Battle Stats,,1446204139909550150,,,2025-12-11T21:02:07.264Z,,6710886,0,true,User,RamiNoodle733,true,🌐 Location,"Richmond, TX, US",,,,,,,,,,,,,,,,,,,2025-12-11T21:02:05.962000+00:00,👋 User Left Site,rich,0,,,false,,,,false,,,,,,,,,2025-12-11T21:02:07.264000+00:00,false,0,Animal Battle Stats,1446203750204047426
1448781910032515124,,,,,,true,,0000,0,,1446203750204047426,,0,Animal Battle Stats,,1446204139909550150,,,2025-12-11T21:02:04.418Z,,4491519,0,true,Visitor,RamiNoodle733,true,🌐 Location,"Richmond, TX, US",,,,,,,,,,,,,,,,,,,2025-12-11T21:02:04.060000+00:00,👀 Site Visit,rich,0,,,false,,,,false,,,,,,,,,2025-12-11T21:02:04.418000+00:00,false,0,Animal Battle Stats,1446203750204047426
1448781904085127201,,,,,,true,,0000,0,,1446203750204047426,,0,Animal Battle Stats,,1446204139909550150,,,2025-12-11T21:02:03.000Z,,6710886,0,true,User,RamiNoodle733,true,🌐 Location,"Richmond, TX, US",,,,,,,,,,,,,,,,,,,2025-12-11T21:02:02.184000+00:00,👋 User Left Site,rich,0,,,false,,,,false,,,,,,,,,2025-12-11T21:02:03+00:00,false,0,Animal Battle Stats,1446203750204047426
1448737349113741322,,,,,,true,,0000,0,,1446203750204047426,,0,Animal Battle Stats,,1446204139909550150,,,2025-12-11T18:05:00.267Z,,8947848,0,true,User,RamiNoodle733,true,Animal,Great White Shark,true,Removed,👍 Was Upvote,true,🌐 Location,"Richmond, TX, US",,,,,,,,,,,,,2025-12-11T18:04:57.011000+00:00,🗑️ Vote Removed,rich,0,,,false,,,,false,,,,,,,,,2025-12-11T18:05:00.267000+00:00,false,0,Animal Battle Stats,1446203750204047426
1448737347859382272,,,,,,true,,0000,0,,1446203750204047426,,0,Animal Battle Stats,,1446204139909550150,,,2025-12-11T18:04:59.968Z,,4491519,0,true,Visitor,RamiNoodle733,true,🌐 Location,"Richmond, TX, US",,,,,,,,,,,,,,,,,,,2025-12-11T18:04:59.666000+00:00,👀 Site Visit,rich,0,,,false,,,,false,,,,,,,,,2025-12-11T18:04:59.968000+00:00,false,0,Animal Battle Stats,1446203750204047426
1448737345351188490,,,,,,true,,0000,0,,1446203750204047426,,0,Animal Battle Stats,,1446204139909550150,,,2025-12-11T18:04:59.370Z,,6710886,0,true,User,RamiNoodle733,true,🌐 Location,"Richmond, TX, US",,,,,,,,,,,,,,,,,,,2025-12-11T18:04:59.068000+00:00,👋 User Left Site,rich,0,,,false,,,,false,,,,,,,,,2025-12-11T18:04:59.370000+00:00,false,0,Animal Battle Stats,1446203750204047426
1448737345141473402,,,,,,true,,0000,0,,1446203750204047426,,0,Animal Battle Stats,,1446204139909550150,,,2025-12-11T18:04:59.320Z,,4491519,0,true,Visitor,RamiNoodle733,true,🌐 Location,"Richmond, TX, US",,,,,,,,,,,,,,,,,,,2025-12-11T18:04:47.858000+00:00,👀 Site Visit,rich,0,,,false,,,,false,,,,,,,,,2025-12-11T18:04:59.320000+00:00,false,0,Animal Battle Stats,1446203750204047426
1448737298018603060,,,,,,true,,0000,0,,1446203750204047426,,0,Animal Battle Stats,,1446204139909550150,,,2025-12-11T18:04:48.085Z,,6710886,0,true,User,RamiNoodle733,true,🌐 Location,"Richmond, TX, US",,,,,,,,,,,,,,,,,,,2025-12-11T18:04:46.177000+00:00,👋 User Left Site,rich,0,,,false,,,,false,,,,,,,,,2025-12-11T18:04:48.085000+00:00,false,0,Animal Battle Stats,1446203750204047426
1448734639362408623,,,,,,true,,0000,0,,1446203750204047426,,0,Animal Battle Stats,,1446204139909550150,,,2025-12-11T17:54:14.212Z,,4491519,0,true,Visitor,RamiNoodle733,true,🌐 Location,"Richmond, TX, US",,,,,,,,,,,,,,,,,,,2025-12-11T17:54:13.950000+00:00,👀 Site Visit,rich,0,,,false,,,,false,,,,,,,,,2025-12-11T17:54:14.212000+00:00,false,0,Animal Battle Stats,1446203750204047426
1448734633687646218,,,,,,true,,0000,0,,1446203750204047426,,0,Animal Battle Stats,,1446204139909550150,,,2025-12-11T17:54:12.859Z,,6710886,0,true,User,RamiNoodle733,true,🌐 Location,"Richmond, TX, US",,,,,,,,,,,,,,,,,,,2025-12-11T17:54:12.570000+00:00,👋 User Left Site,rich,0,,,false,,,,false,,,,,,,,,2025-12-11T17:54:12.859000+00:00,false,0,Animal Battle Stats,1446203750204047426
1448733913756467252,,,,,,true,,0000,0,,1446203750204047426,,0,Animal Battle Stats,,1446204139909550150,,,2025-12-11T17:51:21.214Z,,4491519,0,true,Visitor,RamiNoodle733,true,🌐 Location,"Richmond, TX, US",,,,,,,,,,,,,,,,,,,2025-12-11T17:51:20.759000+00:00,👀 Site Visit,rich,0,,,false,,,,false,,,,,,,,,2025-12-11T17:51:21.214000+00:00,false,0,Animal Battle Stats,1446203750204047426
1448733909478015199,,,,,,true,,0000,0,,1446203750204047426,,0,Animal Battle Stats,,1446204139909550150,,,2025-12-11T17:51:20.194Z,,6710886,0,true,User,RamiNoodle733,true,🌐 Location,"Richmond, TX, US",,,,,,,,,,,,,,,,,,,2025-12-11T17:51:17.479000+00:00,👋 User Left Site,rich,0,,,false,,,,false,,,,,,,,,2025-12-11T17:51:20.194000+00:00,false,0,Animal Battle Stats,1446203750204047426
1448729052084043888,,,,,,true,,0000,0,,1446203750204047426,,0,Animal Battle Stats,,1446204139909550150,,,2025-12-11T17:32:02.101Z,,16766720,0,true,User,RamiNoodle733,true,Bracket Size,8 animals,true,Total Matches,7,true,🏆 Champion,Giraffe,true,2nd Place,Japanese Macaque,true,3rd/4th Place,"Sea Lion, Boa Constrictor",false,Recent Matches,"Boa Constrictor beat Ferret
Giraffe beat Vulture
Japanese Macaque beat Wallaby
Sea Lion beat Mongoose
Giraffe beat Boa Constrictor
Japanese Macaque beat Sea Lion
Giraffe beat Japanese Macaque",true,🌐 Location,"Richmond, TX, US",2025-12-11T17:30:36.680000+00:00,🏆 Tournament Completed,rich,0,,,false,,,,false,,,,,,,,,2025-12-11T17:32:02.101000+00:00,false,0,Animal Battle Stats,1446203750204047426
1448728724513099788,,,,,,true,,0000,0,,1446203750204047426,,0,Animal Battle Stats,,1446204139909550150,,,2025-12-11T17:30:44.002Z,,4491519,0,true,Visitor,RamiNoodle733,true,🌐 Location,"Richmond, TX, US",,,,,,,,,,,,,,,,,,,2025-12-11T17:30:43.841000+00:00,👀 Site Visit,rich,0,,,false,,,,false,,,,,,,,,2025-12-11T17:30:44.002000+00:00,false,0,Animal Battle Stats,1446203750204047426
1448728720700608635,,,,,,true,,0000,0,,1446203750204047426,,0,Animal Battle Stats,,1446204139909550150,,,2025-12-11T17:30:43.093Z,,6710886,0,true,User,RamiNoodle733,true,🌐 Location,"Richmond, TX, US",,,,,,,,,,,,,,,,,,,2025-12-11T17:30:42.544000+00:00,👋 User Left Site,rich,0,,,false,,,,false,,,,,,,,,2025-12-11T17:30:43.093000+00:00,false,0,Animal Battle Stats,1446203750204047426
1448728318810521701,,,,,,true,,0000,0,,1446203750204047426,,0,Animal Battle Stats,,1446204139909550150,,,2025-12-11T17:29:07.275Z,,4491519,0,true,Visitor,RamiNoodle733,true,🌐 Location,"Richmond, TX, US",,,,,,,,,,,,,,,,,,,2025-12-11T17:29:06.953000+00:00,👀 Site Visit,rich,0,,,false,,,,false,,,,,,,,,2025-12-11T17:29:07.275000+00:00,false,0,Animal Battle Stats,1446203750204047426
1448728313009803335,,,,,,true,,0000,0,,1446203750204047426,,0,Animal Battle Stats,,1446204139909550150,,,2025-12-11T17:29:05.892Z,,6710886,0,true,User,RamiNoodle733,true,🌐 Location,"Richmond, TX, US",,,,,,,,,,,,,,,,,,,2025-12-11T17:29:05.449000+00:00,👋 User Left Site,rich,0,,,false,,,,false,,,,,,,,,2025-12-11T17:29:05.892000+00:00,false,0,Animal Battle Stats,1446203750204047426
1448724709134045425,,,,,,true,,0000,0,,1446203750204047426,,0,Animal Battle Stats,,1446204139909550150,,,2025-12-11T17:14:46.661Z,,4491519,0,true,Visitor,RamiNoodle733,true,🌐 Location,"Richmond, TX, US",,,,,,,,,,,,,,,,,,,2025-12-11T17:14:46.390000+00:00,👀 Site Visit,rich,0,,,false,,,,false,,,,,,,,,2025-12-11T17:14:46.661000+00:00,false,0,Animal Battle Stats,1446203750204047426
1448723404449382561,,,,,,true,,0000,0,,1446203750204047426,,0,Animal Battle Stats,,1446204139909550150,,,2025-12-11T17:09:35.600Z,,4491519,0,true,Visitor,RamiNoodle733,true,🌐 Location,"Richmond, TX, US",,,,,,,,,,,,,,,,,,,2025-12-11T17:09:35.296000+00:00,👀 Site Visit,rich,0,,,false,,,,false,,,,,,,,,2025-12-11T17:09:35.600000+00:00,false,0,Animal Battle Stats,1446203750204047426
1448723401102590003,,,,,,true,,0000,0,,1446203750204047426,,0,Animal Battle Stats,,1446204139909550150,,,2025-12-11T17:09:34.802Z,,6710886,0,true,User,RamiNoodle733,true,🌐 Location,"Richmond, TX, US",,,,,,,,,,,,,,,,,,,2025-12-11T17:09:34.543000+00:00,👋 User Left Site,rich,0,,,false,,,,false,,,,,,,,,2025-12-11T17:09:34.802000+00:00,false,0,Animal Battle Stats,1446203750204047426
1448723130683228201,,,,,,true,,0000,0,,1446203750204047426,,0,Animal Battle Stats,,1446204139909550150,,,2025-12-11T17:08:30.329Z,,4491519,0,true,Visitor,RamiNoodle733,true,🌐 Location,"Richmond, TX, US",,,,,,,,,,,,,,,,,,,2025-12-11T17:08:30.086000+00:00,👀 Site Visit,rich,0,,,false,,,,false,,,,,,,,,2025-12-11T17:08:30.329000+00:00,false,0,Animal Battle Stats,1446203750204047426
1448723127717593089,,,,,,true,,0000,0,,1446203750204047426,,0,Animal Battle Stats,,1446204139909550150,,,2025-12-11T17:08:29.622Z,,6710886,0,true,User,RamiNoodle733,true,🌐 Location,"Richmond, TX, US",,,,,,,,,,,,,,,,,,,2025-12-11T17:08:28.989000+00:00,👋 User Left Site,rich,0,,,false,,,,false,,,,,,,,,2025-12-11T17:08:29.622000+00:00,false,0,Animal Battle Stats,1446203750204047426
1448723104879612005,,,,,,true,,0000,0,,1446203750204047426,,0,Animal Battle Stats,,1446204139909550150,,,2025-12-11T17:08:24.177Z,,4491519,0,true,Visitor,RamiNoodle733,true,🌐 Location,"Richmond, TX, US",,,,,,,,,,,,,,,,,,,2025-12-11T17:08:23.907000+00:00,👀 Site Visit,rich,0,,,false,,,,false,,,,,,,,,2025-12-11T17:08:24.177000+00:00,false,0,Animal Battle Stats,1446203750204047426
1448723102262493286,,,,,,true,,0000,0,,1446203750204047426,,0,Animal Battle Stats,,1446204139909550150,,,2025-12-11T17:08:23.553Z,,6710886,0,true,User,RamiNoodle733,true,🌐 Location,"Richmond, TX, US",,,,,,,,,,,,,,,,,,,2025-12-11T17:08:22.676000+00:00,👋 User Left Site,rich,0,,,false,,,,false,,,,,,,,,2025-12-11T17:08:23.553000+00:00,false,0,Animal Battle Stats,1446203750204047426
1448718246256578570,,,,,,true,,0000,0,,1446203750204047426,,0,Animal Battle Stats,,1446204139909550150,,,2025-12-11T16:49:05.791Z,,4491519,0,true,Visitor,RamiNoodle733,true,🌐 Location,"Richmond, TX, US",,,,,,,,,,,,,,,,,,,2025-12-11T16:49:05.554000+00:00,👀 Site Visit,rich,0,,,false,,,,false,,,,,,,,,2025-12-11T16:49:05.791000+00:00,false,0,Animal Battle Stats,1446203750204047426
1448718243287273663,,,,,,true,,0000,0,,1446203750204047426,,0,Animal Battle Stats,,1446204139909550150,,,2025-12-11T16:49:05.083Z,,6710886,0,true,User,RamiNoodle733,true,🌐 Location,"Richmond, TX, US",,,,,,,,,,,,,,,,,,,2025-12-11T16:49:04.830000+00:00,👋 User Left Site,rich,0,,,false,,,,false,,,,,,,,,2025-12-11T16:49:05.083000+00:00,false,0,Animal Battle Stats,1446203750204047426
1448718040018587721,,,,,,true,,0000,0,,1446203750204047426,,0,Animal Battle Stats,,1446204139909550150,,,2025-12-11T16:48:16.620Z,,4491519,0,true,Visitor,RamiNoodle733,true,🌐 Location,"Richmond, TX, US",,,,,,,,,,,,,,,,,,,2025-12-11T16:46:47.715000+00:00,👀 Site Visit,rich,0,,,false,,,,false,,,,,,,,,2025-12-11T16:48:16.620000+00:00,false,0,Animal Battle Stats,1446203750204047426
1448717661478457475,,,,,,true,,0000,0,,1446203750204047426,,0,Animal Battle Stats,,1446204139909550150,,,2025-12-11T16:46:46.369Z,,6710886,0,true,User,RamiNoodle733,true,🌐 Location,"Richmond, TX, US",,,,,,,,,,,,,,,,,,,2025-12-11T16:46:46.107000+00:00,👋 User Left Site,rich,0,,,false,,,,false,,,,,,,,,2025-12-11T16:46:46.369000+00:00,false,0,Animal Battle Stats,1446203750204047426
1448717643279237281,,,,,,true,,0000,0,,1446203750204047426,,0,Animal Battle Stats,,1446204139909550150,,,2025-12-11T16:46:42.030Z,,4491519,0,true,Visitor,RamiNoodle733,true,🌐 Location,"Richmond, TX, US",,,,,,,,,,,,,,,,,,,2025-12-11T16:46:41.638000+00:00,👀 Site Visit,rich,0,,,false,,,,false,,,,,,,,,2025-12-11T16:46:42.030000+00:00,false,0,Animal Battle Stats,1446203750204047426
1448717638426689727,,,,,,true,,0000,0,,1446203750204047426,,0,Animal Battle Stats,,1446204139909550150,,,2025-12-11T16:46:40.873Z,,6710886,0,true,User,RamiNoodle733,true,🌐 Location,"Richmond, TX, US",,,,,,,,,,,,,,,,,,,2025-12-11T16:46:40.414000+00:00,👋 User Left Site,rich,0,,,false,,,,false,,,,,,,,,2025-12-11T16:46:40.873000+00:00,false,0,Animal Battle Stats,1446203750204047426
1448712408758616064,,,,,,true,,0000,0,,1446203750204047426,,0,Animal Battle Stats,,1446204139909550150,,,2025-12-11T16:25:54.023Z,,65416,0,true,User,RamiNoodle733,true,Animal,Blue Whale,true,Vote,👍 Upvote,true,🌐 Location,"Richmond, TX, US",,,,,,,,,,,,,2025-12-11T16:25:53.677000+00:00,👍 New Vote,rich,0,,,false,,,,false,,,,,,,,,2025-12-11T16:25:54.023000+00:00,false,0,Animal Battle Stats,1446203750204047426
1448712371035045930,,,,,,true,,0000,0,,1446203750204047426,,0,Animal Battle Stats,,1446204139909550150,,,2025-12-11T16:25:45.029Z,,65416,0,true,User,RamiNoodle733,true,Animal,Arctic Wolf,true,Vote,👍 Upvote,true,🌐 Location,"Richmond, TX, US",,,,,,,,,,,,,2025-12-11T16:25:44.698000+00:00,👍 New Vote,rich,0,,,false,,,,false,,,,,,,,,2025-12-11T16:25:45.029000+00:00,false,0,Animal Battle Stats,1446203750204047426
1448712112737357899,,,,,,true,,0000,0,,1446203750204047426,,0,Animal Battle Stats,,1446204139909550150,,,2025-12-11T16:24:43.446Z,,4491519,0,true,Visitor,RamiNoodle733,true,🌐 Location,"Richmond, TX, US",,,,,,,,,,,,,,,,,,,2025-12-11T16:24:43.278000+00:00,👀 Site Visit,rich,0,,,false,,,,false,,,,,,,,,2025-12-11T16:24:43.446000+00:00,false,0,Animal Battle Stats,1446203750204047426
1448712109662933044,,,,,,true,,0000,0,,1446203750204047426,,0,Animal Battle Stats,,1446204139909550150,,,2025-12-11T16:24:42.713Z,,6710886,0,true,User,RamiNoodle733,true,🌐 Location,"Richmond, TX, US",,,,,,,,,,,,,,,,,,,2025-12-11T16:24:42.150000+00:00,👋 User Left Site,rich,0,,,false,,,,false,,,,,,,,,2025-12-11T16:24:42.713000+00:00,false,0,Animal Battle Stats,1446203750204047426
1448711914476540024,,,,,,true,,0000,0,,1446203750204047426,,0,Animal Battle Stats,,1446204139909550150,,,2025-12-11T16:23:56.177Z,,16763904,0,true,User,RamiNoodle733,true,Animal,Megalodon,true,Changed,👍 -> 👎,true,🌐 Location,"Richmond, TX, US",,,,,,,,,,,,,2025-12-11T16:23:55.424000+00:00,🔄 Vote Changed,rich,0,,,false,,,,false,,,,,,,,,2025-12-11T16:23:56.177000+00:00,false,0,Animal Battle Stats,1446203750204047426
1448711795450712104,,,,,,true,,0000,0,,1446203750204047426,,0,Animal Battle Stats,,1446204139909550150,,,2025-12-11T16:23:27.799Z,,6710886,0,true,User,RamiNoodle733,true,🌐 Location,"Richmond, TX, US",,,,,,,,,,,,,,,,,,,2025-12-11T16:23:27.454000+00:00,👋 User Left Site,rich,0,,,false,,,,false,,,,,,,,,2025-12-11T16:23:27.799000+00:00,false,0,Animal Battle Stats,1446203750204047426
1448711748856188968,,,,,,true,,0000,0,,1446203750204047426,,0,Animal Battle Stats,,1446204139909550150,,,2025-12-11T16:23:16.690Z,,4491519,0,true,Visitor,RamiNoodle733,true,🌐 Location,"Richmond, TX, US",,,,,,,,,,,,,,,,,,,2025-12-11T16:23:16.411000+00:00,👀 Site Visit,rich,0,,,false,,,,false,,,,,,,,,2025-12-11T16:23:16.690000+00:00,false,0,Animal Battle Stats,1446203750204047426
1448711746327150712,,,,,,true,,0000,0,,1446203750204047426,,0,Animal Battle Stats,,1446204139909550150,,,2025-12-11T16:23:16.087Z,,6710886,0,true,User,RamiNoodle733,true,🌐 Location,"Richmond, TX, US",,,,,,,,,,,,,,,,,,,2025-12-11T16:23:15.610000+00:00,👋 User Left Site,rich,0,,,false,,,,false,,,,,,,,,2025-12-11T16:23:16.087000+00:00,false,0,Animal Battle Stats,1446203750204047426
1448711727125368976,,,,,,true,,0000,0,,1446203750204047426,,0,Animal Battle Stats,,1446204139909550150,,,2025-12-11T16:23:11.509Z,,6710886,0,true,User,RamiNoodle733,true,🌐 Location,"Richmond, TX, US",,,,,,,,,,,,,,,,,,,2025-12-11T16:23:09.434000+00:00,👋 User Left Site,rich,0,,,false,,,,false,,,,,,,,,2025-12-11T16:23:11.509000+00:00,false,0,Animal Battle Stats,1446203750204047426
1448711725351436522,,,,,,true,,0000,0,,1446203750204047426,,0,Animal Battle Stats,,1446204139909550150,,,2025-12-11T16:23:11.086Z,,4491519,0,true,Visitor,RamiNoodle733,true,🌐 Location,"Richmond, TX, US",,,,,,,,,,,,,,,,,,,2025-12-11T16:23:10.794000+00:00,👀 Site Visit,rich,0,,,false,,,,false,,,,,,,,,2025-12-11T16:23:11.086000+00:00,false,0,Animal Battle Stats,1446203750204047426
1448711724441145365,,,,,,true,,0000,0,,1446203750204047426,,0,Animal Battle Stats,,1446204139909550150,,,2025-12-11T16:23:10.869Z,,4491519,0,true,Visitor,RamiNoodle733,true,🌐 Location,"Richmond, TX, US",,,,,,,,,,,,,,,,,,,2025-12-11T16:17:51.306000+00:00,👀 Site Visit,rich,0,,,false,,,,false,,,,,,,,,2025-12-11T16:23:10.869000+00:00,false,0,Animal Battle Stats,1446203750204047426
1448704383914348818,,,,,,true,,0000,0,,1446203750204047426,,0,Animal Battle Stats,,1446204139909550150,,,2025-12-11T15:54:00.751Z,,16763904,0,true,User,RamiNoodle733,true,Animal,Megalodon,true,Changed,👎 -> 👍,true,🌐 Location,"Richmond, TX, US",,,,,,,,,,,,,2025-12-11T15:54:00.428000+00:00,🔄 Vote Changed,rich,0,,,false,,,,false,,,,,,,,,2025-12-11T15:54:00.751000+00:00,false,0,Animal Battle Stats,1446203750204047426
1448704379828961280,,,,,,true,,0000,0,,1446203750204047426,,0,Animal Battle Stats,,1446204139909550150,,,2025-12-11T15:53:59.777Z,,16763904,0,true,User,RamiNoodle733,true,Animal,Megalodon,true,Changed,👍 -> 👎,true,🌐 Location,"Richmond, TX, US",,,,,,,,,,,,,2025-12-11T15:53:59.249000+00:00,🔄 Vote Changed,rich,0,,,false,,,,false,,,,,,,,,2025-12-11T15:53:59.777000+00:00,false,0,Animal Battle Stats,1446203750204047426
1448700509794992208,,,,,,true,,0000,0,,1446203750204047426,,0,Animal Battle Stats,,1446204139909550150,,,2025-12-11T15:38:37.089Z,,4491519,0,true,Visitor,RamiNoodle733,true,🌐 Location,"Richmond, TX, US",,,,,,,,,,,,,,,,,,,2025-12-11T15:38:36.852000+00:00,👀 Site Visit,rich,0,,,false,,,,false,,,,,,,,,2025-12-11T15:38:37.089000+00:00,false,0,Animal Battle Stats,1446203750204047426
1448700508171931872,,,,,,true,,0000,0,,1446203750204047426,,0,Animal Battle Stats,,1446204139909550150,,,2025-12-11T15:38:36.702Z,,6710886,0,true,User,RamiNoodle733,true,🌐 Location,"Richmond, TX, US",,,,,,,,,,,,,,,,,,,2025-12-11T15:38:35.378000+00:00,👋 User Left Site,rich,0,,,false,,,,false,,,,,,,,,2025-12-11T15:38:36.702000+00:00,false,0,Animal Battle Stats,1446203750204047426
1448700489834303630,,,,,,true,,0000,0,,1446203750204047426,,0,Animal Battle Stats,,1446204139909550150,,,2025-12-11T15:38:32.330Z,,4491519,0,true,Visitor,RamiNoodle733,true,🌐 Location,"Richmond, TX, US",,,,,,,,,,,,,,,,,,,2025-12-11T15:38:31.963000+00:00,👀 Site Visit,rich,0,,,false,,,,false,,,,,,,,,2025-12-11T15:38:32.330000+00:00,false,0,Animal Battle Stats,1446203750204047426
1448700486990696449,,,,,,true,,0000,0,,1446203750204047426,,0,Animal Battle Stats,,1446204139909550150,,,2025-12-11T15:38:31.652Z,,6710886,0,true,User,RamiNoodle733,true,🌐 Location,"Richmond, TX, US",,,,,,,,,,,,,,,,,,,2025-12-11T15:38:31.198000+00:00,👋 User Left Site,rich,0,,,false,,,,false,,,,,,,,,2025-12-11T15:38:31.652000+00:00,false,0,Animal Battle Stats,1446203750204047426
1448700431336345722,,,,,,true,,0000,0,,1446203750204047426,,0,Animal Battle Stats,,1446204139909550150,,,2025-12-11T15:38:18.383Z,,4491519,0,true,Visitor,RamiNoodle733,true,🌐 Location,"Richmond, TX, US",,,,,,,,,,,,,,,,,,,2025-12-11T15:38:18.180000+00:00,👀 Site Visit,rich,0,,,false,,,,false,,,,,,,,,2025-12-11T15:38:18.383000+00:00,false,0,Animal Battle Stats,1446203750204047426
1448700429331599546,,,,,,true,,0000,0,,1446203750204047426,,0,Animal Battle Stats,,1446204139909550150,,,2025-12-11T15:38:17.905Z,,6710886,0,true,User,RamiNoodle733,true,🌐 Location,"Richmond, TX, US",,,,,,,,,,,,,,,,,,,2025-12-11T15:38:17.454000+00:00,👋 User Left Site,rich,0,,,false,,,,false,,,,,,,,,2025-12-11T15:38:17.905000+00:00,false,0,Animal Battle Stats,1446203750204047426
1448699811573530764,,,,,,true,,0000,0,,1446203750204047426,,0,Animal Battle Stats,,1446204139909550150,,,2025-12-11T15:35:50.620Z,,4491519,0,true,Visitor,RamiNoodle733,true,🌐 Location,"Richmond, TX, US",,,,,,,,,,,,,,,,,,,2025-12-11T15:35:50.341000+00:00,👀 Site Visit,rich,0,,,false,,,,false,,,,,,,,,2025-12-11T15:35:50.620000+00:00,false,0,Animal Battle Stats,1446203750204047426
1448699807915970744,,,,,,true,,0000,0,,1446203750204047426,,0,Animal Battle Stats,,1446204139909550150,,,2025-12-11T15:35:49.748Z,,6710886,0,true,User,RamiNoodle733,true,🌐 Location,"Richmond, TX, US",,,,,,,,,,,,,,,,,,,2025-12-11T15:35:49.466000+00:00,👋 User Left Site,rich,0,,,false,,,,false,,,,,,,,,2025-12-11T15:35:49.748000+00:00,false,0,Animal Battle Stats,1446203750204047426
1448699780959178803,,,,,,true,,0000,0,,1446203750204047426,,0,Animal Battle Stats,,1446204139909550150,,,2025-12-11T15:35:43.321Z,,4491519,0,true,Visitor,RamiNoodle733,true,🌐 Location,"Richmond, TX, US",,,,,,,,,,,,,,,,,,,2025-12-11T15:35:43.064000+00:00,👀 Site Visit,rich,0,,,false,,,,false,,,,,,,,,2025-12-11T15:35:43.321000+00:00,false,0,Animal Battle Stats,1446203750204047426
1448699778467631285,,,,,,true,,0000,0,,1446203750204047426,,0,Animal Battle Stats,,1446204139909550150,,,2025-12-11T15:35:42.727Z,,6710886,0,true,User,RamiNoodle733,true,🌐 Location,"Richmond, TX, US",,,,,,,,,,,,,,,,,,,2025-12-11T15:35:41.808000+00:00,👋 User Left Site,rich,0,,,false,,,,false,,,,,,,,,2025-12-11T15:35:42.727000+00:00,false,0,Animal Battle Stats,1446203750204047426
1448699778186875011,,,,,,true,,0000,0,,1446203750204047426,,0,Animal Battle Stats,,1446204139909550150,,,2025-12-11T15:35:42.660Z,,4491519,0,true,Visitor,RamiNoodle733,true,🌐 Location,"Richmond, TX, US",,,,,,,,,,,,,,,,,,,2025-12-11T15:35:35.722000+00:00,👀 Site Visit,rich,0,,,false,,,,false,,,,,,,,,2025-12-11T15:35:42.660000+00:00,false,0,Animal Battle Stats,1446203750204047426
1448699741360619523,,,,,,true,,0000,0,,1446203750204047426,,0,Animal Battle Stats,,1446204139909550150,,,2025-12-11T15:35:33.880Z,,6710886,0,true,User,RamiNoodle733,true,🌐 Location,"Richmond, TX, US",,,,,,,,,,,,,,,,,,,2025-12-11T15:35:33.553000+00:00,👋 User Left Site,rich,0,,,false,,,,false,,,,,,,,,2025-12-11T15:35:33.880000+00:00,false,0,Animal Battle Stats,1446203750204047426
1448699739796406423,,,,,,true,,0000,0,,1446203750204047426,,0,Animal Battle Stats,,1446204139909550150,,,2025-12-11T15:35:33.507Z,,4491519,0,true,Visitor,RamiNoodle733,true,🌐 Location,"Richmond, TX, US",,,,,,,,,,,,,,,,,,,2025-12-11T15:35:33.224000+00:00,👀 Site Visit,rich,0,,,false,,,,false,,,,,,,,,2025-12-11T15:35:33.507000+00:00,false,0,Animal Battle Stats,1446203750204047426
1448699736658804878,,,,,,true,,0000,0,,1446203750204047426,,0,Animal Battle Stats,,1446204139909550150,,,2025-12-11T15:35:32.759Z,,6710886,0,true,User,RamiNoodle733,true,🌐 Location,"Richmond, TX, US",,,,,,,,,,,,,,,,,,,2025-12-11T15:35:31.895000+00:00,👋 User Left Site,rich,0,,,false,,,,false,,,,,,,,,2025-12-11T15:35:32.759000+00:00,false,0,Animal Battle Stats,1446203750204047426
1448699221082505381,,,,,,true,,0000,0,,1446203750204047426,,0,Animal Battle Stats,,1446204139909550150,,,2025-12-11T15:33:29.836Z,,4491519,0,true,Visitor,RamiNoodle733,true,🌐 Location,"Richmond, TX, US",,,,,,,,,,,,,,,,,,,2025-12-11T15:33:29.627000+00:00,👀 Site Visit,rich,0,,,false,,,,false,,,,,,,,,2025-12-11T15:33:29.836000+00:00,false,0,Animal Battle Stats,1446203750204047426
1448699218654007419,,,,,,true,,0000,0,,1446203750204047426,,0,Animal Battle Stats,,1446204139909550150,,,2025-12-11T15:33:29.257Z,,6710886,0,true,User,RamiNoodle733,true,🌐 Location,"Richmond, TX, US",,,,,,,,,,,,,,,,,,,2025-12-11T15:33:28.242000+00:00,👋 User Left Site,rich,0,,,false,,,,false,,,,,,,,,2025-12-11T15:33:29.257000+00:00,false,0,Animal Battle Stats,1446203750204047426
1448699215768322108,,,,,,true,,0000,0,,1446203750204047426,,0,Animal Battle Stats,,1446204139909550150,,,2025-12-11T15:33:28.569Z,,4491519,0,true,Visitor,RamiNoodle733,true,🌐 Location,"Richmond, TX, US",,,,,,,,,,,,,,,,,,,2025-12-11T15:33:15.278000+00:00,👀 Site Visit,rich,0,,,false,,,,false,,,,,,,,,2025-12-11T15:33:28.569000+00:00,false,0,Animal Battle Stats,1446203750204047426
1448695830801547304,,,,,,true,,0000,0,,1446203750204047426,,0,Animal Battle Stats,,1446204139909550150,,,2025-12-11T15:20:01.530Z,,4491519,0,true,Visitor,RamiNoodle733,true,🌐 Location,"Richmond, TX, US",,,,,,,,,,,,,,,,,,,2025-12-11T15:20:01.243000+00:00,👀 Site Visit,rich,0,,,false,,,,false,,,,,,,,,2025-12-11T15:20:01.530000+00:00,false,0,Animal Battle Stats,1446203750204047426
1448695828565987502,,,,,,true,,0000,0,,1446203750204047426,,0,Animal Battle Stats,,1446204139909550150,,,2025-12-11T15:20:00.997Z,,6710886,0,true,User,RamiNoodle733,true,🌐 Location,"Richmond, TX, US",,,,,,,,,,,,,,,,,,,2025-12-11T15:20:00.111000+00:00,👋 User Left Site,rich,0,,,false,,,,false,,,,,,,,,2025-12-11T15:20:00.997000+00:00,false,0,Animal Battle Stats,1446203750204047426
1448695654846304358,,,,,,true,,0000,0,,1446203750204047426,,0,Animal Battle Stats,,1446204139909550150,,,2025-12-11T15:19:19.579Z,,4491519,0,true,Visitor,RamiNoodle733,true,🌐 Location,"Richmond, TX, US",,,,,,,,,,,,,,,,,,,2025-12-11T15:19:19.307000+00:00,👀 Site Visit,rich,0,,,false,,,,false,,,,,,,,,2025-12-11T15:19:19.579000+00:00,false,0,Animal Battle Stats,1446203750204047426
1448695650471645225,,,,,,true,,0000,0,,1446203750204047426,,0,Animal Battle Stats,,1446204139909550150,,,2025-12-11T15:19:18.536Z,,6710886,0,true,User,RamiNoodle733,true,🌐 Location,"Richmond, TX, US",,,,,,,,,,,,,,,,,,,2025-12-11T15:19:18.236000+00:00,👋 User Left Site,rich,0,,,false,,,,false,,,,,,,,,2025-12-11T15:19:18.536000+00:00,false,0,Animal Battle Stats,1446203750204047426
1448695562433069096,,,,,,true,,0000,0,,1446203750204047426,,0,Animal Battle Stats,,1446204139909550150,,,2025-12-11T15:18:57.546Z,,4491519,0,true,Visitor,RamiNoodle733,true,🌐 Location,"Richmond, TX, US",,,,,,,,,,,,,,,,,,,2025-12-11T15:18:57.310000+00:00,👀 Site Visit,rich,0,,,false,,,,false,,,,,,,,,2025-12-11T15:18:57.546000+00:00,false,0,Animal Battle Stats,1446203750204047426
1448695561191690292,,,,,,true,,0000,0,,1446203750204047426,,0,Animal Battle Stats,,1446204139909550150,,,2025-12-11T15:18:57.250Z,,6710886,0,true,User,RamiNoodle733,true,🌐 Location,"Richmond, TX, US",,,,,,,,,,,,,,,,,,,2025-12-11T15:18:56.729000+00:00,👋 User Left Site,rich,0,,,false,,,,false,,,,,,,,,2025-12-11T15:18:57.250000+00:00,false,0,Animal Battle Stats,1446203750204047426
1448695554719613073,,,,,,true,,0000,0,,1446203750204047426,,0,Animal Battle Stats,,1446204139909550150,,,2025-12-11T15:18:55.707Z,,4491519,0,true,Visitor,RamiNoodle733,true,🌐 Location,"Richmond, TX, US",,,,,,,,,,,,,,,,,,,2025-12-11T15:18:55.445000+00:00,👀 Site Visit,rich,0,,,false,,,,false,,,,,,,,,2025-12-11T15:18:55.707000+00:00,false,0,Animal Battle Stats,1446203750204047426
1448695552463339664,,,,,,true,,0000,0,,1446203750204047426,,0,Animal Battle Stats,,1446204139909550150,,,2025-12-11T15:18:55.169Z,,6710886,0,true,User,RamiNoodle733,true,🌐 Location,"Richmond, TX, US",,,,,,,,,,,,,,,,,,,2025-12-11T15:18:54.892000+00:00,👋 User Left Site,rich,0,,,false,,,,false,,,,,,,,,2025-12-11T15:18:55.169000+00:00,false,0,Animal Battle Stats,1446203750204047426
1448695551007785093,,,,,,true,,0000,0,,1446203750204047426,,0,Animal Battle Stats,,1446204139909550150,,,2025-12-11T15:18:54.822Z,,4491519,0,true,Visitor,RamiNoodle733,true,🌐 Location,"Richmond, TX, US",,,,,,,,,,,,,,,,,,,2025-12-11T15:18:52.026000+00:00,👀 Site Visit,rich,0,,,false,,,,false,,,,,,,,,2025-12-11T15:18:54.822000+00:00,false,0,Animal Battle Stats,1446203750204047426
1448695537959440486,,,,,,true,,0000,0,,1446203750204047426,,0,Animal Battle Stats,,1446204139909550150,,,2025-12-11T15:18:51.711Z,,6710886,0,true,User,RamiNoodle733,true,🌐 Location,"Richmond, TX, US",,,,,,,,,,,,,,,,,,,2025-12-11T15:18:51.446000+00:00,👋 User Left Site,rich,0,,,false,,,,false,,,,,,,,,2025-12-11T15:18:51.711000+00:00,false,0,Animal Battle Stats,1446203750204047426
1448695456195412125,,,,,,true,,0000,0,,1446203750204047426,,0,Animal Battle Stats,,1446204139909550150,,,2025-12-11T15:18:32.217Z,,6710886,0,true,User,RamiNoodle733,true,🌐 Location,"Richmond, TX, US",,,,,,,,,,,,,,,,,,,2025-12-11T15:18:31.176000+00:00,👋 User Left Site,rich,0,,,false,,,,false,,,,,,,,,2025-12-11T15:18:32.217000+00:00,false,0,Animal Battle Stats,1446203750204047426
1448695455352487937,,,,,,true,,0000,0,,1446203750204047426,,0,Animal Battle Stats,,1446204139909550150,,,2025-12-11T15:18:32.016Z,,4491519,0,true,Visitor,RamiNoodle733,true,🌐 Location,"Richmond, TX, US",,,,,,,,,,,,,,,,,,,2025-12-11T15:18:31.725000+00:00,👀 Site Visit,rich,0,,,false,,,,false,,,,,,,,,2025-12-11T15:18:32.016000+00:00,false,0,Animal Battle Stats,1446203750204047426
1448695445583958021,,,,,,true,,0000,0,,1446203750204047426,,0,Animal Battle Stats,,1446204139909550150,,,2025-12-11T15:18:29.687Z,,4491519,0,true,Visitor,RamiNoodle733,true,🌐 Location,"Richmond, TX, US",,,,,,,,,,,,,,,,,,,2025-12-11T15:18:29.455000+00:00,👀 Site Visit,rich,0,,,false,,,,false,,,,,,,,,2025-12-11T15:18:29.687000+00:00,false,0,Animal Battle Stats,1446203750204047426
1448695443197268019,,,,,,true,,0000,0,,1446203750204047426,,0,Animal Battle Stats,,1446204139909550150,,,2025-12-11T15:18:29.118Z,,6710886,0,true,User,RamiNoodle733,true,🌐 Location,"Richmond, TX, US",,,,,,,,,,,,,,,,,,,2025-12-11T15:18:28.907000+00:00,👋 User Left Site,rich,0,,,false,,,,false,,,,,,,,,2025-12-11T15:18:29.118000+00:00,false,0,Animal Battle Stats,1446203750204047426
1448695437757255862,,,,,,true,,0000,0,,1446203750204047426,,0,Animal Battle Stats,,1446204139909550150,,,2025-12-11T15:18:27.821Z,,4491519,0,true,Visitor,RamiNoodle733,true,🌐 Location,"Richmond, TX, US",,,,,,,,,,,,,,,,,,,2025-12-11T15:18:27.603000+00:00,👀 Site Visit,rich,0,,,false,,,,false,,,,,,,,,2025-12-11T15:18:27.821000+00:00,false,0,Animal Battle Stats,1446203750204047426
1448695435492462786,,,,,,true,,0000,0,,1446203750204047426,,0,Animal Battle Stats,,1446204139909550150,,,2025-12-11T15:18:27.281Z,,6710886,0,true,User,RamiNoodle733,true,🌐 Location,"Richmond, TX, US",,,,,,,,,,,,,,,,,,,2025-12-11T15:18:27.049000+00:00,👋 User Left Site,rich,0,,,false,,,,false,,,,,,,,,2025-12-11T15:18:27.281000+00:00,false,0,Animal Battle Stats,1446203750204047426
1448695428307484754,,,,,,true,,0000,0,,1446203750204047426,,0,Animal Battle Stats,,1446204139909550150,,,2025-12-11T15:18:25.568Z,,4491519,0,true,Visitor,RamiNoodle733,true,🌐 Location,"Richmond, TX, US",,,,,,,,,,,,,,,,,,,2025-12-11T15:18:25.180000+00:00,👀 Site Visit,rich,0,,,false,,,,false,,,,,,,,,2025-12-11T15:18:25.568000+00:00,false,0,Animal Battle Stats,1446203750204047426
1448695425719730197,,,,,,true,,0000,0,,1446203750204047426,,0,Animal Battle Stats,,1446204139909550150,,,2025-12-11T15:18:24.951Z,,6710886,0,true,User,RamiNoodle733,true,🌐 Location,"Richmond, TX, US",,,,,,,,,,,,,,,,,,,2025-12-11T15:18:24.655000+00:00,👋 User Left Site,rich,0,,,false,,,,false,,,,,,,,,2025-12-11T15:18:24.951000+00:00,false,0,Animal Battle Stats,1446203750204047426
1448695417754878083,,,,,,true,,0000,0,,1446203750204047426,,0,Animal Battle Stats,,1446204139909550150,,,2025-12-11T15:18:23.052Z,,4491519,0,true,Visitor,RamiNoodle733,true,🌐 Location,"Richmond, TX, US",,,,,,,,,,,,,,,,,,,2025-12-11T15:18:22.759000+00:00,👀 Site Visit,rich,0,,,false,,,,false,,,,,,,,,2025-12-11T15:18:23.052000+00:00,false,0,Animal Battle Stats,1446203750204047426
1448695414730526841,,,,,,true,,0000,0,,1446203750204047426,,0,Animal Battle Stats,,1446204139909550150,,,2025-12-11T15:18:22.331Z,,6710886,0,true,User,RamiNoodle733,true,🌐 Location,"Richmond, TX, US",,,,,,,,,,,,,,,,,,,2025-12-11T15:18:22.032000+00:00,👋 User Left Site,rich,0,,,false,,,,false,,,,,,,,,2025-12-11T15:18:22.331000+00:00,false,0,Animal Battle Stats,1446203750204047426
1448695379104370740,,,,,,true,,0000,0,,1446203750204047426,,0,Animal Battle Stats,,1446204139909550150,,,2025-12-11T15:18:13.837Z,,4491519,0,true,Visitor,RamiNoodle733,true,🌐 Location,"Richmond, TX, US",,,,,,,,,,,,,,,,,,,2025-12-11T15:18:13.543000+00:00,👀 Site Visit,rich,0,,,false,,,,false,,,,,,,,,2025-12-11T15:18:13.837000+00:00,false,0,Animal Battle Stats,1446203750204047426
1448695376121958431,,,,,,true,,0000,0,,1446203750204047426,,0,Animal Battle Stats,,1446204139909550150,,,2025-12-11T15:18:13.126Z,,6710886,0,true,User,RamiNoodle733,true,🌐 Location,"Richmond, TX, US",,,,,,,,,,,,,,,,,,,2025-12-11T15:18:12.888000+00:00,👋 User Left Site,rich,0,,,false,,,,false,,,,,,,,,2025-12-11T15:18:13.126000+00:00,false,0,Animal Battle Stats,1446203750204047426
1448695370266972351,,,,,,true,,0000,0,,1446203750204047426,,0,Animal Battle Stats,,1446204139909550150,,,2025-12-11T15:18:11.730Z,,4491519,0,true,Visitor,RamiNoodle733,true,🌐 Location,"Richmond, TX, US",,,,,,,,,,,,,,,,,,,2025-12-11T15:18:11.469000+00:00,👀 Site Visit,rich,0,,,false,,,,false,,,,,,,,,2025-12-11T15:18:11.730000+00:00,false,0,Animal Battle Stats,1446203750204047426
1448695368375341197,,,,,,true,,0000,0,,1446203750204047426,,0,Animal Battle Stats,,1446204139909550150,,,2025-12-11T15:18:11.279Z,,6710886,0,true,User,RamiNoodle733,true,🌐 Location,"Richmond, TX, US",,,,,,,,,,,,,,,,,,,2025-12-11T15:18:10.881000+00:00,👋 User Left Site,rich,0,,,false,,,,false,,,,,,,,,2025-12-11T15:18:11.279000+00:00,false,0,Animal Battle Stats,1446203750204047426
1448695349131874316,,,,,,true,,0000,0,,1446203750204047426,,0,Animal Battle Stats,,1446204139909550150,,,2025-12-11T15:18:06.691Z,,4491519,0,true,Visitor,RamiNoodle733,true,🌐 Location,"Richmond, TX, US",,,,,,,,,,,,,,,,,,,2025-12-11T15:18:06.428000+00:00,👀 Site Visit,rich,0,,,false,,,,false,,,,,,,,,2025-12-11T15:18:06.691000+00:00,false,0,Animal Battle Stats,1446203750204047426
1448695344610148432,,,,,,true,,0000,0,,1446203750204047426,,0,Animal Battle Stats,,1446204139909550150,,,2025-12-11T15:18:05.613Z,,4491519,0,true,Visitor,RamiNoodle733,true,🌐 Location,"Richmond, TX, US",,,,,,,,,,,,,,,,,,,2025-12-11T15:18:05.402000+00:00,👀 Site Visit,rich,0,,,false,,,,false,,,,,,,,,2025-12-11T15:18:05.613000+00:00,false,0,Animal Battle Stats,1446203750204047426
1448695342659801169,,,,,,true,,0000,0,,1446203750204047426,,0,Animal Battle Stats,,1446204139909550150,,,2025-12-11T15:18:05.148Z,,6710886,0,true,User,RamiNoodle733,true,🌐 Location,"Richmond, TX, US",,,,,,,,,,,,,,,,,,,2025-12-11T15:18:04.872000+00:00,👋 User Left Site,rich,0,,,false,,,,false,,,,,,,,,2025-12-11T15:18:05.148000+00:00,false,0,Animal Battle Stats,1446203750204047426
1448695342165004382,,,,,,true,,0000,0,,1446203750204047426,,0,Animal Battle Stats,,1446204139909550150,,,2025-12-11T15:18:05.030Z,,4491519,0,true,Visitor,RamiNoodle733,true,🌐 Location,"Richmond, TX, US",,,,,,,,,,,,,,,,,,,2025-12-11T15:18:04.744000+00:00,👀 Site Visit,rich,0,,,false,,,,false,,,,,,,,,2025-12-11T15:18:05.030000+00:00,false,0,Animal Battle Stats,1446203750204047426
1448695339577245960,,,,,,true,,0000,0,,1446203750204047426,,0,Animal Battle Stats,,1446204139909550150,,,2025-12-11T15:18:04.413Z,,6710886,0,true,User,RamiNoodle733,true,🌐 Location,"Richmond, TX, US",,,,,,,,,,,,,,,,,,,2025-12-11T15:18:04.164000+00:00,👋 User Left Site,rich,0,,,false,,,,false,,,,,,,,,2025-12-11T15:18:04.413000+00:00,false,0,Animal Battle Stats,1446203750204047426
1448695329103806466,,,,,,true,,0000,0,,1446203750204047426,,0,Animal Battle Stats,,1446204139909550150,,,2025-12-11T15:18:01.916Z,,4491519,0,true,Visitor,RamiNoodle733,true,🌐 Location,"Richmond, TX, US",,,,,,,,,,,,,,,,,,,2025-12-11T15:18:01.666000+00:00,👀 Site Visit,rich,0,,,false,,,,false,,,,,,,,,2025-12-11T15:18:01.916000+00:00,false,0,Animal Battle Stats,1446203750204047426
1448695325786378253,,,,,,true,,0000,0,,1446203750204047426,,0,Animal Battle Stats,,1446204139909550150,,,2025-12-11T15:18:01.125Z,,6710886,0,true,User,RamiNoodle733,true,🌐 Location,"Richmond, TX, US",,,,,,,,,,,,,,,,,,,2025-12-11T15:18:00.881000+00:00,👋 User Left Site,rich,0,,,false,,,,false,,,,,,,,,2025-12-11T15:18:01.125000+00:00,false,0,Animal Battle Stats,1446203750204047426
1448694689300615331,,,,,,true,,0000,0,,1446203750204047426,,0,Animal Battle Stats,,1446204139909550150,,,2025-12-11T15:15:29.375Z,,4491519,0,true,Visitor,RamiNoodle733,true,🌐 Location,"Richmond, TX, US",,,,,,,,,,,,,,,,,,,2025-12-11T15:15:29.110000+00:00,👀 Site Visit,rich,0,,,false,,,,false,,,,,,,,,2025-12-11T15:15:29.375000+00:00,false,0,Animal Battle Stats,1446203750204047426
1448694686830039302,,,,,,true,,0000,0,,1446203750204047426,,0,Animal Battle Stats,,1446204139909550150,,,2025-12-11T15:15:28.786Z,,6710886,0,true,User,RamiNoodle733,true,🌐 Location,"Richmond, TX, US",,,,,,,,,,,,,,,,,,,2025-12-11T15:15:26.937000+00:00,👋 User Left Site,rich,0,,,false,,,,false,,,,,,,,,2025-12-11T15:15:28.786000+00:00,false,0,Animal Battle Stats,1446203750204047426
1448694629099896974,,,,,,true,,0000,0,,1446203750204047426,,0,Animal Battle Stats,,1446204139909550150,,,2025-12-11T15:15:15.022Z,,6710886,0,true,User,RamiNoodle733,true,🌐 Location,"Richmond, TX, US",,,,,,,,,,,,,,,,,,,2025-12-11T15:15:14.743000+00:00,👋 User Left Site,rich,0,,,false,,,,false,,,,,,,,,2025-12-11T15:15:15.022000+00:00,false,0,Animal Battle Stats,1446203750204047426
1448694615225008200,,,,,,true,,0000,0,,1446203750204047426,,0,Animal Battle Stats,,1446204139909550150,,,2025-12-11T15:15:11.714Z,,4491519,0,true,Visitor,RamiNoodle733,true,🌐 Location,"Richmond, TX, US",,,,,,,,,,,,,,,,,,,2025-12-11T15:15:11.457000+00:00,👀 Site Visit,rich,0,,,false,,,,false,,,,,,,,,2025-12-11T15:15:11.714000+00:00,false,0,Animal Battle Stats,1446203750204047426
1448694613560000512,,,,,,true,,0000,0,,1446203750204047426,,0,Animal Battle Stats,,1446204139909550150,,,2025-12-11T15:15:11.317Z,,6710886,0,true,User,RamiNoodle733,true,🌐 Location,"Richmond, TX, US",,,,,,,,,,,,,,,,,,,2025-12-11T15:15:03.484000+00:00,👋 User Left Site,rich,0,,,false,,,,false,,,,,,,,,2025-12-11T15:15:11.317000+00:00,false,0,Animal Battle Stats,1446203750204047426
1448694612616024104,,,,,,true,,0000,0,,1446203750204047426,,0,Animal Battle Stats,,1446204139909550150,,,2025-12-11T15:15:11.092Z,,6710886,0,true,User,RamiNoodle733,true,🌐 Location,"Richmond, TX, US",,,,,,,,,,,,,,,,,,,2025-12-11T15:15:10.798000+00:00,👋 User Left Site,rich,0,,,false,,,,false,,,,,,,,,2025-12-11T15:15:11.092000+00:00,false,0,Animal Battle Stats,1446203750204047426
1448694585285935207,,,,,,true,,0000,0,,1446203750204047426,,0,Animal Battle Stats,,1446204139909550150,,,2025-12-11T15:15:04.576Z,,4491519,0,true,Visitor,RamiNoodle733,true,🌐 Location,"Richmond, TX, US",,,,,,,,,,,,,,,,,,,2025-12-11T15:15:04.201000+00:00,👀 Site Visit,rich,0,,,false,,,,false,,,,,,,,,2025-12-11T15:15:04.576000+00:00,false,0,Animal Battle Stats,1446203750204047426
1448694564255961151,,,,,,true,,0000,0,,1446203750204047426,,0,Animal Battle Stats,,1446204139909550150,,,2025-12-11T15:14:59.562Z,,4491519,0,true,Visitor,RamiNoodle733,true,🌐 Location,"Richmond, TX, US",,,,,,,,,,,,,,,,,,,2025-12-11T15:14:59.398000+00:00,👀 Site Visit,rich,0,,,false,,,,false,,,,,,,,,2025-12-11T15:14:59.562000+00:00,false,0,Animal Battle Stats,1446203750204047426
1448694560409649195,,,,,,true,,0000,0,,1446203750204047426,,0,Animal Battle Stats,,1446204139909550150,,,2025-12-11T15:14:58.645Z,,6710886,0,true,User,RamiNoodle733,true,🌐 Location,"Richmond, TX, US",,,,,,,,,,,,,,,,,,,2025-12-11T15:14:58.376000+00:00,👋 User Left Site,rich,0,,,false,,,,false,,,,,,,,,2025-12-11T15:14:58.645000+00:00,false,0,Animal Battle Stats,1446203750204047426
1448694541921161217,,,,,,true,,0000,0,,1446203750204047426,,0,Animal Battle Stats,,1446204139909550150,,,2025-12-11T15:14:54.237Z,,4491519,0,true,Visitor,RamiNoodle733,true,🌐 Location,"Richmond, TX, US",,,,,,,,,,,,,,,,,,,2025-12-11T15:14:53.998000+00:00,👀 Site Visit,rich,0,,,false,,,,false,,,,,,,,,2025-12-11T15:14:54.237000+00:00,false,0,Animal Battle Stats,1446203750204047426
1448694535495618671,,,,,,true,,0000,0,,1446203750204047426,,0,Animal Battle Stats,,1446204139909550150,,,2025-12-11T15:14:52.705Z,,6710886,0,true,User,RamiNoodle733,true,🌐 Location,"Richmond, TX, US",,,,,,,,,,,,,,,,,,,2025-12-11T15:14:52.169000+00:00,👋 User Left Site,rich,0,,,false,,,,false,,,,,,,,,2025-12-11T15:14:52.705000+00:00,false,0,Animal Battle Stats,1446203750204047426
1448518621579055253,,,,,,true,,0000,0,,1446203750204047426,,0,Animal Battle Stats,,1446204139909550150,,,2025-12-11T03:35:51.559Z,,4491519,0,true,Visitor,RamiNoodle733,true,🌐 Location,"Richmond, TX, US",,,,,,,,,,,,,,,,,,,2025-12-11T03:35:51.339000+00:00,👀 Site Visit,rich,0,,,false,,,,false,,,,,,,,,2025-12-11T03:35:51.559000+00:00,false,0,Animal Battle Stats,1446203750204047426
1448518615421948184,,,,,,true,,0000,0,,1446203750204047426,,0,Animal Battle Stats,,1446204139909550150,,,2025-12-11T03:35:50.091Z,,6710886,0,true,User,RamiNoodle733,true,🌐 Location,"Richmond, TX, US",,,,,,,,,,,,,,,,,,,2025-12-11T03:35:49.729000+00:00,👋 User Left Site,rich,0,,,false,,,,false,,,,,,,,,2025-12-11T03:35:50.091000+00:00,false,0,Animal Battle Stats,1446203750204047426
1448518060708462723,,,,,,true,,0000,0,,1446203750204047426,,0,Animal Battle Stats,,1446204139909550150,,,2025-12-11T03:33:37.837Z,,4491519,0,true,Visitor,RamiNoodle733,true,🌐 Location,"Richmond, TX, US",,,,,,,,,,,,,,,,,,,2025-12-11T03:33:37.524000+00:00,👀 Site Visit,rich,0,,,false,,,,false,,,,,,,,,2025-12-11T03:33:37.837000+00:00,false,0,Animal Battle Stats,1446203750204047426
1448518058221109329,,,,,,true,,0000,0,,1446203750204047426,,0,Animal Battle Stats,,1446204139909550150,,,2025-12-11T03:33:37.244Z,,6710886,0,true,User,RamiNoodle733,true,🌐 Location,"Richmond, TX, US",,,,,,,,,,,,,,,,,,,2025-12-11T03:33:36.887000+00:00,👋 User Left Site,rich,0,,,false,,,,false,,,,,,,,,2025-12-11T03:33:37.244000+00:00,false,0,Animal Battle Stats,1446203750204047426
1448518025769783387,,,,,,true,,0000,0,,1446203750204047426,,0,Animal Battle Stats,,1446204139909550150,,,2025-12-11T03:33:29.507Z,,4491519,0,true,Visitor,RamiNoodle733,true,🌐 Location,"Richmond, TX, US",,,,,,,,,,,,,,,,,,,2025-12-11T03:33:29.243000+00:00,👀 Site Visit,rich,0,,,false,,,,false,,,,,,,,,2025-12-11T03:33:29.507000+00:00,false,0,Animal Battle Stats,1446203750204047426
1448518023425298639,,,,,,true,,0000,0,,1446203750204047426,,0,Animal Battle Stats,,1446204139909550150,,,2025-12-11T03:33:28.948Z,,4491519,0,true,Visitor,RamiNoodle733,true,🌐 Location,"Richmond, TX, US",,,,,,,,,,,,,,,,,,,2025-12-11T03:30:43.366000+00:00,👀 Site Visit,rich,0,,,false,,,,false,,,,,,,,,2025-12-11T03:33:28.948000+00:00,false,0,Animal Battle Stats,1446203750204047426
1448518023177703436,,,,,,true,,0000,0,,1446203750204047426,,0,Animal Battle Stats,,1446204139909550150,,,2025-12-11T03:33:28.889Z,,6710886,0,true,User,RamiNoodle733,true,🌐 Location,"Richmond, TX, US",,,,,,,,,,,,,,,,,,,2025-12-11T03:33:27.308000+00:00,👋 User Left Site,rich,0,,,false,,,,false,,,,,,,,,2025-12-11T03:33:28.889000+00:00,false,0,Animal Battle Stats,1446203750204047426
1448516849439473684,,,,,,true,,0000,0,,1446203750204047426,,0,Animal Battle Stats,,1446204139909550150,,,2025-12-11T03:28:49.048Z,,4491519,0,true,Visitor,RamiNoodle733,true,🌐 Location,"Richmond, TX, US",,,,,,,,,,,,,,,,,,,2025-12-11T03:28:48.739000+00:00,👀 Site Visit,rich,0,,,false,,,,false,,,,,,,,,2025-12-11T03:28:49.048000+00:00,false,0,Animal Battle Stats,1446203750204047426
1448516846343946362,,,,,,true,,0000,0,,1446203750204047426,,0,Animal Battle Stats,,1446204139909550150,,,2025-12-11T03:28:48.310Z,,6710886,0,true,User,RamiNoodle733,true,🌐 Location,"Richmond, TX, US",,,,,,,,,,,,,,,,,,,2025-12-11T03:28:46.954000+00:00,👋 User Left Site,rich,0,,,false,,,,false,,,,,,,,,2025-12-11T03:28:48.310000+00:00,false,0,Animal Battle Stats,1446203750204047426
1448516787367837727,,,,,,true,,0000,0,,1446203750204047426,,0,Animal Battle Stats,,1446204139909550150,,,2025-12-11T03:28:34.249Z,,4491519,0,true,Visitor,RamiNoodle733,true,🌐 Location,"Richmond, TX, US",,,,,,,,,,,,,,,,,,,2025-12-11T03:28:32.672000+00:00,👀 Site Visit,rich,0,,,false,,,,false,,,,,,,,,2025-12-11T03:28:34.249000+00:00,false,0,Animal Battle Stats,1446203750204047426
1448516786663325726,,,,,,true,,0000,0,,1446203750204047426,,0,Animal Battle Stats,,1446204139909550150,,,2025-12-11T03:28:34.081Z,,4491519,0,true,Visitor,RamiNoodle733,true,🌐 Location,"Richmond, TX, US",,,,,,,,,,,,,,,,,,,2025-12-11T03:28:33.768000+00:00,👀 Site Visit,rich,0,,,false,,,,false,,,,,,,,,2025-12-11T03:28:34.081000+00:00,false,0,Animal Battle Stats,1446203750204047426
1448516782636793953,,,,,,true,,0000,0,,1446203750204047426,,0,Animal Battle Stats,,1446204139909550150,,,2025-12-11T03:28:33.121Z,,6710886,0,true,User,RamiNoodle733,true,🌐 Location,"Richmond, TX, US",,,,,,,,,,,,,,,,,,,2025-12-11T03:28:32.902000+00:00,👋 User Left Site,rich,0,,,false,,,,false,,,,,,,,,2025-12-11T03:28:33.121000+00:00,false,0,Animal Battle Stats,1446203750204047426
1448516779591860316,,,,,,true,,0000,0,,1446203750204047426,,0,Animal Battle Stats,,1446204139909550150,,,2025-12-11T03:28:32.395Z,,6710886,0,true,User,RamiNoodle733,true,🌐 Location,"Richmond, TX, US",,,,,,,,,,,,,,,,,,,2025-12-11T03:28:32.123000+00:00,👋 User Left Site,rich,0,,,false,,,,false,,,,,,,,,2025-12-11T03:28:32.395000+00:00,false,0,Animal Battle Stats,1446203750204047426
1448516534514352190,,,,,,true,,0000,0,,1446203750204047426,,0,Animal Battle Stats,,1446204139909550150,,,2025-12-11T03:27:33.964Z,,6710886,0,true,User,RamiNoodle733,true,🌐 Location,"Richmond, TX, US",,,,,,,,,,,,,,,,,,,2025-12-11T03:27:33.623000+00:00,👋 User Left Site,rich,0,,,false,,,,false,,,,,,,,,2025-12-11T03:27:33.964000+00:00,false,0,Animal Battle Stats,1446203750204047426
1448516533104935045,,,,,,true,,0000,0,,1446203750204047426,,0,Animal Battle Stats,,1446204139909550150,,,2025-12-11T03:27:33.628Z,,4491519,0,true,Visitor,RamiNoodle733,true,🌐 Location,"Richmond, TX, US",,,,,,,,,,,,,,,,,,,2025-12-11T03:27:33.295000+00:00,👀 Site Visit,rich,0,,,false,,,,false,,,,,,,,,2025-12-11T03:27:33.628000+00:00,false,0,Animal Battle Stats,1446203750204047426
1448516493724614787,,,,,,true,,0000,0,,1446203750204047426,,0,Animal Battle Stats,,1446204139909550150,,,2025-12-11T03:27:24.239Z,,4491519,0,true,Visitor,RamiNoodle733,true,🌐 Location,"Richmond, TX, US",,,,,,,,,,,,,,,,,,,2025-12-11T03:27:23.901000+00:00,👀 Site Visit,rich,0,,,false,,,,false,,,,,,,,,2025-12-11T03:27:24.239000+00:00,false,0,Animal Battle Stats,1446203750204047426
1448516478423797873,,,,,,true,,0000,0,,1446203750204047426,,0,Animal Battle Stats,,1446204139909550150,,,2025-12-11T03:27:20.591Z,,6710886,0,true,User,RamiNoodle733,true,🌐 Location,"Richmond, TX, US",,,,,,,,,,,,,,,,,,,2025-12-11T03:27:20.366000+00:00,👋 User Left Site,rich,0,,,false,,,,false,,,,,,,,,2025-12-11T03:27:20.591000+00:00,false,0,Animal Battle Stats,1446203750204047426
1448516413085057034,,,,,,true,,0000,0,,1446203750204047426,,0,Animal Battle Stats,,1446204139909550150,,,2025-12-11T03:27:05.013Z,,4491519,0,true,Visitor,RamiNoodle733,true,🌐 Location,"Richmond, TX, US",,,,,,,,,,,,,,,,,,,2025-12-11T03:27:04.627000+00:00,👀 Site Visit,rich,0,,,false,,,,false,,,,,,,,,2025-12-11T03:27:05.013000+00:00,false,0,Animal Battle Stats,1446203750204047426
1448516409234559101,,,,,,true,,0000,0,,1446203750204047426,,0,Animal Battle Stats,,1446204139909550150,,,2025-12-11T03:27:04.095Z,,6710886,0,true,User,RamiNoodle733,true,🌐 Location,"Richmond, TX, US",,,,,,,,,,,,,,,,,,,2025-12-11T03:27:03.815000+00:00,👋 User Left Site,rich,0,,,false,,,,false,,,,,,,,,2025-12-11T03:27:04.095000+00:00,false,0,Animal Battle Stats,1446203750204047426
1448516387751592099,,,,,,true,,0000,0,,1446203750204047426,,0,Animal Battle Stats,,1446204139909550150,,,2025-12-11T03:26:58.973Z,,4491519,0,true,Visitor,RamiNoodle733,true,🌐 Location,"Richmond, TX, US",,,,,,,,,,,,,,,,,,,2025-12-11T03:26:58.744000+00:00,👀 Site Visit,rich,0,,,false,,,,false,,,,,,,,,2025-12-11T03:26:58.973000+00:00,false,0,Animal Battle Stats,1446203750204047426
1448516387743072465,,,,,,true,,0000,0,,1446203750204047426,,0,Animal Battle Stats,,1446204139909550150,,,2025-12-11T03:26:58.971Z,,6710886,0,true,User,RamiNoodle733,true,🌐 Location,"Richmond, TX, US",,,,,,,,,,,,,,,,,,,2025-12-11T03:26:57.828000+00:00,👋 User Left Site,rich,0,,,false,,,,false,,,,,,,,,2025-12-11T03:26:58.971000+00:00,false,0,Animal Battle Stats,1446203750204047426
1448516385050460231,,,,,,true,,0000,0,,1446203750204047426,,0,Animal Battle Stats,,1446204139909550150,,,2025-12-11T03:26:58.329Z,,4491519,0,true,Visitor,RamiNoodle733,true,🌐 Location,"Richmond, TX, US",,,,,,,,,,,,,,,,,,,2025-12-11T03:26:47.613000+00:00,👀 Site Visit,rich,0,,,false,,,,false,,,,,,,,,2025-12-11T03:26:58.329000+00:00,false,0,Animal Battle Stats,1446203750204047426
1448506738314575963,,,,,,true,,0000,0,,1446203750204047426,,0,Animal Battle Stats,,1446204139909550150,,,2025-12-11T02:48:38.368Z,,16763904,0,true,User,RamiNoodle733,true,Animal,Megalodon,true,Changed,👍 -> 👎,true,🌐 Location,"Richmond, TX, US",,,,,,,,,,,,,2025-12-11T02:48:36.569000+00:00,🔄 Vote Changed,rich,0,,,false,,,,false,,,,,,,,,2025-12-11T02:48:38.368000+00:00,false,0,Animal Battle Stats,1446203750204047426
1448504732363657315,,,,,,true,,0000,0,,1446203750204047426,,0,Animal Battle Stats,,1446204139909550150,,,2025-12-11T02:40:40.112Z,,65416,0,true,User,RamiNoodle733,true,Animal,Great White Shark,true,Vote,👍 Upvote,true,🌐 Location,"Richmond, TX, US",,,,,,,,,,,,,2025-12-11T02:40:39.685000+00:00,👍 New Vote,rich,0,,,false,,,,false,,,,,,,,,2025-12-11T02:40:40.112000+00:00,false,0,Animal Battle Stats,1446203750204047426
1448504731633844345,,,,,,true,,0000,0,,1446203750204047426,,0,Animal Battle Stats,,1446204139909550150,,,2025-12-11T02:40:39.938Z,,8947848,0,true,User,RamiNoodle733,true,Animal,Great White Shark,true,Removed,👍 Was Upvote,true,🌐 Location,"Richmond, TX, US",,,,,,,,,,,,,2025-12-11T02:40:38.685000+00:00,🗑️ Vote Removed,rich,0,,,false,,,,false,,,,,,,,,2025-12-11T02:40:39.938000+00:00,false,0,Animal Battle Stats,1446203750204047426
1448497458232692888,,,,,,true,,0000,0,,1446203750204047426,,0,Animal Battle Stats,,1446204139909550150,,,2025-12-11T02:11:45.824Z,,4491519,0,true,Visitor,Anonymous,true,🌐 Location,"San Jose, CA, US",,,,,,,,,,,,,,,,,,,2025-12-11T02:11:45.576000+00:00,👀 Site Visit,rich,0,,,false,,,,false,,,,,,,,,2025-12-11T02:11:45.824000+00:00,false,0,Animal Battle Stats,1446203750204047426
1448497457406279680,,,,,,true,,0000,0,,1446203750204047426,,0,Animal Battle Stats,,1446204139909550150,,,2025-12-11T02:11:45.627Z,,4491519,0,true,Visitor,Anonymous,true,🌐 Location,"San Jose, CA, US",,,,,,,,,,,,,,,,,,,2025-12-11T02:11:45.067000+00:00,👀 Site Visit,rich,0,,,false,,,,false,,,,,,,,,2025-12-11T02:11:45.627000+00:00,false,0,Animal Battle Stats,1446203750204047426
1448484383735681105,,,,,,true,,0000,0,,1446203750204047426,,0,Animal Battle Stats,,1446204139909550150,,,2025-12-11T01:19:48.621Z,,4491519,0,true,Visitor,Anonymous,true,🌐 Location,"Houston, TX, US",,,,,,,,,,,,,,,,,,,2025-12-11T01:19:48.243000+00:00,👀 Site Visit,rich,0,,,false,,,,false,,,,,,,,,2025-12-11T01:19:48.621000+00:00,false,0,Animal Battle Stats,1446203750204047426
1448471525303779442,,,,,,true,,0000,0,,1446203750204047426,,0,Animal Battle Stats,,1446204139909550150,,,2025-12-11T00:28:42.932Z,,65416,0,true,User,RamiNoodle733,true,Animal,Megalodon,true,Vote,👍 Upvote,true,🌐 Location,"Richmond, TX, US",,,,,,,,,,,,,2025-12-11T00:28:42.670000+00:00,👍 New Vote,rich,0,,,false,,,,false,,,,,,,,,2025-12-11T00:28:42.932000+00:00,false,0,Animal Battle Stats,1446203750204047426
1448471525203378356,,,,,,true,,0000,0,,1446203750204047426,,0,Animal Battle Stats,,1446204139909550150,,,2025-12-11T00:28:42.908Z,,8947848,0,true,User,RamiNoodle733,true,Animal,Megalodon,true,Removed,👍 Was Upvote,true,🌐 Location,"Richmond, TX, US",,,,,,,,,,,,,2025-12-11T00:28:41.805000+00:00,🗑️ Vote Removed,rich,0,,,false,,,,false,,,,,,,,,2025-12-11T00:28:42.908000+00:00,false,0,Animal Battle Stats,1446203750204047426
1448467184861843610,,,,,,true,,0000,0,,1446203750204047426,,0,Animal Battle Stats,,1446204139909550150,,,2025-12-11T00:11:28.090Z,,4491519,0,true,Visitor,RamiNoodle733,true,🌐 Location,"Richmond, TX, US",,,,,,,,,,,,,,,,,,,2025-12-11T00:11:27.755000+00:00,👀 Site Visit,rich,0,,,false,,,,false,,,,,,,,,2025-12-11T00:11:28.090000+00:00,false,0,Animal Battle Stats,1446203750204047426
1448467181259194519,,,,,,true,,0000,0,,1446203750204047426,,0,Animal Battle Stats,,1446204139909550150,,,2025-12-11T00:11:27.231Z,,6710886,0,true,User,RamiNoodle733,true,🌐 Location,"Richmond, TX, US",,,,,,,,,,,,,,,,,,,2025-12-11T00:11:26.093000+00:00,👋 User Left Site,rich,0,,,false,,,,false,,,,,,,,,2025-12-11T00:11:27.231000+00:00,false,0,Animal Battle Stats,1446203750204047426
1448460836241932465,,,,,,true,,0000,0,,1446203750204047426,,0,Animal Battle Stats,,1446204139909550150,,,2025-12-10T23:46:14.461Z,,6710886,0,true,User,RamiNoodle733,true,🌐 Location,"Richmond, TX, US",,,,,,,,,,,,,,,,,,,2025-12-10T23:46:12.913000+00:00,👋 User Left Site,rich,0,,,false,,,,false,,,,,,,,,2025-12-10T23:46:14.461000+00:00,false,0,Animal Battle Stats,1446203750204047426
1448460835415527706,,,,,,true,,0000,0,,1446203750204047426,,0,Animal Battle Stats,,1446204139909550150,,,2025-12-10T23:46:14.264Z,,4491519,0,true,Visitor,RamiNoodle733,true,🌐 Location,"Richmond, TX, US",,,,,,,,,,,,,,,,,,,2025-12-10T23:46:13.945000+00:00,👀 Site Visit,rich,0,,,false,,,,false,,,,,,,,,2025-12-10T23:46:14.264000+00:00,false,0,Animal Battle Stats,1446203750204047426
1448460163156803714,,,,,,true,,0000,0,,1446203750204047426,,0,Animal Battle Stats,,1446204139909550150,,,2025-12-10T23:43:33.985Z,,4491519,0,true,Visitor,Anonymous,true,🌐 Location,"San Jose, CA, US",,,,,,,,,,,,,,,,,,,2025-12-10T23:43:28.808000+00:00,👀 Site Visit,rich,0,,,false,,,,false,,,,,,,,,2025-12-10T23:43:33.985000+00:00,false,0,Animal Battle Stats,1446203750204047426
1448460161227423814,,,,,,true,,0000,0,,1446203750204047426,,0,Animal Battle Stats,,1446204139909550150,,,2025-12-10T23:43:33.525Z,,4491519,0,true,Visitor,RamiNoodle733,true,🌐 Location,"Richmond, TX, US",,,,,,,,,,,,,,,,,,,2025-12-10T23:43:33.112000+00:00,👀 Site Visit,rich,0,,,false,,,,false,,,,,,,,,2025-12-10T23:43:33.525000+00:00,false,0,Animal Battle Stats,1446203750204047426
1448460159402901648,,,,,,true,,0000,0,,1446203750204047426,,0,Animal Battle Stats,,1446204139909550150,,,2025-12-10T23:43:33.090Z,,6710886,0,true,User,RamiNoodle733,true,🌐 Location,"Richmond, TX, US",,,,,,,,,,,,,,,,,,,2025-12-10T23:43:32.035000+00:00,👋 User Left Site,rich,0,,,false,,,,false,,,,,,,,,2025-12-10T23:43:33.090000+00:00,false,0,Animal Battle Stats,1446203750204047426
1448458816290295989,,,,,,true,,0000,0,,1446203750204047426,,0,Animal Battle Stats,,1446204139909550150,,,2025-12-10T23:38:12.867Z,,4491519,0,true,Visitor,RamiNoodle733,true,🌐 Location,"Richmond, TX, US",,,,,,,,,,,,,,,,,,,2025-12-10T23:38:12.573000+00:00,👀 Site Visit,rich,0,,,false,,,,false,,,,,,,,,2025-12-10T23:38:12.867000+00:00,false,0,Animal Battle Stats,1446203750204047426
1448458812024422635,,,,,,true,,0000,0,,1446203750204047426,,0,Animal Battle Stats,,1446204139909550150,,,2025-12-10T23:38:11.850Z,,6710886,0,true,User,RamiNoodle733,true,🌐 Location,"Richmond, TX, US",,,,,,,,,,,,,,,,,,,2025-12-10T23:38:11.022000+00:00,👋 User Left Site,rich,0,,,false,,,,false,,,,,,,,,2025-12-10T23:38:11.850000+00:00,false,0,Animal Battle Stats,1446203750204047426
1448458614715977781,,,,,,true,,0000,0,,1446203750204047426,,0,Animal Battle Stats,,1446204139909550150,,,2025-12-10T23:37:24.808Z,,4491519,0,true,Visitor,Anonymous,true,🌐 Location,"San Jose, CA, US",,,,,,,,,,,,,,,,,,,2025-12-10T23:37:24.409000+00:00,👀 Site Visit,rich,0,,,false,,,,false,,,,,,,,,2025-12-10T23:37:24.808000+00:00,false,0,Animal Battle Stats,1446203750204047426
1448454131101470861,,,,,,true,,0000,0,,1446203750204047426,,0,Animal Battle Stats,,1446204139909550150,,,2025-12-10T23:19:35.831Z,,4491519,0,true,Visitor,RamiNoodle733,true,🌐 Location,"Richmond, TX, US",,,,,,,,,,,,,,,,,,,2025-12-10T23:19:35.569000+00:00,👀 Site Visit,rich,0,,,false,,,,false,,,,,,,,,2025-12-10T23:19:35.831000+00:00,false,0,Animal Battle Stats,1446203750204047426
1448454127800811643,,,,,,true,,0000,0,,1446203750204047426,,0,Animal Battle Stats,,1446204139909550150,,,2025-12-10T23:19:35.044Z,,6710886,0,true,User,RamiNoodle733,true,🌐 Location,"Richmond, TX, US",,,,,,,,,,,,,,,,,,,2025-12-10T23:19:33.905000+00:00,👋 User Left Site,rich,0,,,false,,,,false,,,,,,,,,2025-12-10T23:19:35.044000+00:00,false,0,Animal Battle Stats,1446203750204047426
1448380322197541076,,,,,,true,,0000,0,,1446203750204047426,,0,Animal Battle Stats,,1446204139909550150,,,2025-12-10T18:26:18.417Z,,4491519,0,true,Visitor,RamiNoodle733,true,🌐 Location,"Richmond, TX, US",,,,,,,,,,,,,,,,,,,2025-12-10T18:26:18.144000+00:00,👀 Site Visit,rich,0,,,false,,,,false,,,,,,,,,2025-12-10T18:26:18.417000+00:00,false,0,Animal Battle Stats,1446203750204047426
1448380319643340832,,,,,,true,,0000,0,,1446203750204047426,,0,Animal Battle Stats,,1446204139909550150,,,2025-12-10T18:26:17.808Z,,6710886,0,true,User,RamiNoodle733,true,🌐 Location,"Richmond, TX, US",,,,,,,,,,,,,,,,,,,2025-12-10T18:26:16.956000+00:00,👋 User Left Site,rich,0,,,false,,,,false,,,,,,,,,2025-12-10T18:26:17.808000+00:00,false,0,Animal Battle Stats,1446203750204047426
1448379532720472178,,,,,,true,,0000,0,,1446203750204047426,,0,Animal Battle Stats,,1446204139909550150,,,2025-12-10T18:23:10.191Z,,4491519,0,true,Visitor,RamiNoodle733,true,🌐 Location,"Richmond, TX, US",,,,,,,,,,,,,,,,,,,2025-12-10T18:23:09.898000+00:00,👀 Site Visit,rich,0,,,false,,,,false,,,,,,,,,2025-12-10T18:23:10.191000+00:00,false,0,Animal Battle Stats,1446203750204047426
1448379524285988925,,,,,,true,,0000,0,,1446203750204047426,,0,Animal Battle Stats,,1446204139909550150,,,2025-12-10T18:23:08.180Z,,6710886,0,true,User,RamiNoodle733,true,🌐 Location,"Richmond, TX, US",,,,,,,,,,,,,,,,,,,2025-12-10T18:23:07.913000+00:00,👋 User Left Site,rich,0,,,false,,,,false,,,,,,,,,2025-12-10T18:23:08.180000+00:00,false,0,Animal Battle Stats,1446203750204047426
1448379497807216682,,,,,,true,,0000,0,,1446203750204047426,,0,Animal Battle Stats,,1446204139909550150,,,2025-12-10T18:23:01.867Z,,4491519,0,true,Visitor,RamiNoodle733,true,🌐 Location,"Richmond, TX, US",,,,,,,,,,,,,,,,,,,2025-12-10T18:23:01.633000+00:00,👀 Site Visit,rich,0,,,false,,,,false,,,,,,,,,2025-12-10T18:23:01.867000+00:00,false,0,Animal Battle Stats,1446203750204047426
1448379497807085608,,,,,,true,,0000,0,,1446203750204047426,,0,Animal Battle Stats,,1446204139909550150,,,2025-12-10T18:23:01.867Z,,6710886,0,true,User,RamiNoodle733,true,🌐 Location,"Richmond, TX, US",,,,,,,,,,,,,,,,,,,2025-12-10T18:23:00.784000+00:00,👋 User Left Site,rich,0,,,false,,,,false,,,,,,,,,2025-12-10T18:23:01.867000+00:00,false,0,Animal Battle Stats,1446203750204047426
1448379496188219553,,,,,,true,,0000,0,,1446203750204047426,,0,Animal Battle Stats,,1446204139909550150,,,2025-12-10T18:23:01.481Z,,4491519,0,true,Visitor,RamiNoodle733,true,🌐 Location,"Richmond, TX, US",,,,,,,,,,,,,,,,,,,2025-12-10T18:22:54.230000+00:00,👀 Site Visit,rich,0,,,false,,,,false,,,,,,,,,2025-12-10T18:23:01.481000+00:00,false,0,Animal Battle Stats,1446203750204047426
1448371714600734824,,,,,,true,,0000,0,,1446203750204047426,,0,Animal Battle Stats,,1446204139909550150,,,2025-12-10T17:52:06.206Z,,4491519,0,true,Visitor,RamiNoodle733,true,🌐 Location,"Richmond, TX, US",,,,,,,,,,,,,,,,,,,2025-12-10T17:52:05.946000+00:00,👀 Site Visit,rich,0,,,false,,,,false,,,,,,,,,2025-12-10T17:52:06.206000+00:00,false,0,Animal Battle Stats,1446203750204047426
1448371709748052140,,,,,,true,,0000,0,,1446203750204047426,,0,Animal Battle Stats,,1446204139909550150,,,2025-12-10T17:52:05.049Z,,6710886,0,true,User,RamiNoodle733,true,🌐 Location,"Richmond, TX, US",,,,,,,,,,,,,,,,,,,2025-12-10T17:52:04.247000+00:00,👋 User Left Site,rich,0,,,false,,,,false,,,,,,,,,2025-12-10T17:52:05.049000+00:00,false,0,Animal Battle Stats,1446203750204047426
1448371356285800599,,,,,,true,,0000,0,,1446203750204047426,,0,Animal Battle Stats,,1446204139909550150,,,2025-12-10T17:50:40.777Z,,4491519,0,true,Visitor,Anonymous,true,🌐 Location,"San Jose, CA, US",,,,,,,,,,,,,,,,,,,2025-12-10T17:50:40.271000+00:00,👀 Site Visit,rich,0,,,false,,,,false,,,,,,,,,2025-12-10T17:50:40.777000+00:00,false,0,Animal Battle Stats,1446203750204047426
1448365194563555550,,,,,,true,,0000,0,,1446203750204047426,,0,Animal Battle Stats,,1446204139909550150,,,2025-12-10T17:26:11.708Z,,4491519,0,true,Visitor,RamiNoodle733,true,🌐 Location,"Richmond, TX, US",,,,,,,,,,,,,,,,,,,2025-12-10T17:26:11.399000+00:00,👀 Site Visit,rich,0,,,false,,,,false,,,,,,,,,2025-12-10T17:26:11.708000+00:00,false,0,Animal Battle Stats,1446203750204047426
1448365190243680286,,,,,,true,,0000,0,,1446203750204047426,,0,Animal Battle Stats,,1446204139909550150,,,2025-12-10T17:26:10.678Z,,6710886,0,true,User,RamiNoodle733,true,🌐 Location,"Richmond, TX, US",,,,,,,,,,,,,,,,,,,2025-12-10T17:26:09.828000+00:00,👋 User Left Site,rich,0,,,false,,,,false,,,,,,,,,2025-12-10T17:26:10.678000+00:00,false,0,Animal Battle Stats,1446203750204047426
1448365056986447963,,,,,,true,,0000,0,,1446203750204047426,,0,Animal Battle Stats,,1446204139909550150,,,2025-12-10T17:25:38.907Z,,4491519,0,true,Visitor,Anonymous,true,🌐 Location,"San Jose, CA, US",,,,,,,,,,,,,,,,,,,2025-12-10T17:25:38.552000+00:00,👀 Site Visit,rich,0,,,false,,,,false,,,,,,,,,2025-12-10T17:25:38.907000+00:00,false,0,Animal Battle Stats,1446203750204047426
1448365055207801024,,,,,,true,,0000,0,,1446203750204047426,,0,Animal Battle Stats,,1446204139909550150,,,2025-12-10T17:25:38.483Z,,4491519,0,true,Visitor,Anonymous,true,🌐 Location,"San Jose, CA, US",,,,,,,,,,,,,,,,,,,2025-12-10T17:25:37.952000+00:00,👀 Site Visit,rich,0,,,false,,,,false,,,,,,,,,2025-12-10T17:25:38.483000+00:00,false,0,Animal Battle Stats,1446203750204047426
1448359416041836700,,,,,,true,,0000,0,,1446203750204047426,,0,Animal Battle Stats,,1446204139909550150,,,2025-12-10T17:03:14.001Z,,4491519,0,true,Visitor,RamiNoodle733,true,🌐 Location,"Richmond, TX, US",,,,,,,,,,,,,,,,,,,2025-12-10T17:03:13.714000+00:00,👀 Site Visit,rich,0,,,false,,,,false,,,,,,,,,2025-12-10T17:03:14.001000+00:00,false,0,Animal Battle Stats,1446203750204047426
1448359414783545595,,,,,,true,,0000,0,,1446203750204047426,,0,Animal Battle Stats,,1446204139909550150,,,2025-12-10T17:03:13.701Z,,6710886,0,true,User,RamiNoodle733,true,🌐 Location,"Richmond, TX, US",,,,,,,,,,,,,,,,,,,2025-12-10T17:03:13.006000+00:00,👋 User Left Site,rich,0,,,false,,,,false,,,,,,,,,2025-12-10T17:03:13.701000+00:00,false,0,Animal Battle Stats,1446203750204047426
1448359414720495843,,,,,,true,,0000,0,,1446203750204047426,,0,Animal Battle Stats,,1446204139909550150,,,2025-12-10T17:03:13.686Z,,4491519,0,true,Visitor,RamiNoodle733,true,🌐 Location,"Richmond, TX, US",,,,,,,,,,,,,,,,,,,2025-12-10T17:02:42.130000+00:00,👀 Site Visit,rich,0,,,false,,,,false,,,,,,,,,2025-12-10T17:03:13.686000+00:00,false,0,Animal Battle Stats,1446203750204047426
1448352360006025220,,,,,,true,,0000,0,,1446203750204047426,,0,Animal Battle Stats,,1446204139909550150,,,2025-12-10T16:35:11.711Z,,6710886,0,true,User,RamiNoodle733,true,🌐 Location,"Richmond, TX, US",,,,,,,,,,,,,,,,,,,2025-12-10T16:35:10.589000+00:00,👋 User Left Site,rich,0,,,false,,,,false,,,,,,,,,2025-12-10T16:35:11.711000+00:00,false,0,Animal Battle Stats,1446203750204047426
1448305608812925080,,,,,,true,,0000,0,,1446203750204047426,,0,Animal Battle Stats,,1446204139909550150,,,2025-12-10T13:29:25.358Z,,4491519,0,true,Visitor,RamiNoodle733,true,🌐 Location,"Richmond, TX, US",,,,,,,,,,,,,,,,,,,2025-12-10T13:29:25.072000+00:00,👀 Site Visit,rich,0,,,false,,,,false,,,,,,,,,2025-12-10T13:29:25.358000+00:00,false,0,Animal Battle Stats,1446203750204047426
1448304948642054324,,,,,,true,,0000,0,,1446203750204047426,,0,Animal Battle Stats,,1446204139909550150,,,2025-12-10T13:26:47.961Z,,4491519,0,true,Visitor,RamiNoodle733,true,🌐 Location,"Richmond, TX, US",,,,,,,,,,,,,,,,,,,2025-12-10T13:26:47.655000+00:00,👀 Site Visit,rich,0,,,false,,,,false,,,,,,,,,2025-12-10T13:26:47.961000+00:00,false,0,Animal Battle Stats,1446203750204047426
1448304944448016577,,,,,,true,,0000,0,,1446203750204047426,,0,Animal Battle Stats,,1446204139909550150,,,2025-12-10T13:26:46.961Z,,6710886,0,true,User,RamiNoodle733,true,🌐 Location,"Richmond, TX, US",,,,,,,,,,,,,,,,,,,2025-12-10T13:26:46.256000+00:00,👋 User Left Site,rich,0,,,false,,,,false,,,,,,,,,2025-12-10T13:26:46.961000+00:00,false,0,Animal Battle Stats,1446203750204047426
1448304663207215296,,,,,,true,,0000,0,,1446203750204047426,,0,Animal Battle Stats,,1446204139909550150,,,2025-12-10T13:25:39.908Z,,16766720,0,true,User,RamiNoodle733,true,Bracket Size,8 animals,true,Total Matches,7,true,🏆 Champion,Lynx,true,2nd Place,Bighorn Sheep,true,3rd/4th Place,"Ferret, Bactrian Camel",false,Recent Matches,"Bactrian Camel beat Army Ant
Bighorn Sheep beat Osprey
Ferret beat Armadillo
Lynx beat Llama
Bighorn Sheep beat Bactrian Camel
Lynx beat Ferret
Lynx beat Bighorn Sheep",true,🌐 Location,"Richmond, TX, US",2025-12-10T13:25:28.800000+00:00,🏆 Tournament Completed,rich,0,,,false,,,,false,,,,,,,,,2025-12-10T13:25:39.908000+00:00,false,0,Animal Battle Stats,1446203750204047426
1448303479612506255,,,,,,true,,0000,0,,1446203750204047426,,0,Animal Battle Stats,,1446204139909550150,,,2025-12-10T13:20:57.717Z,,4491519,0,true,Visitor,RamiNoodle733,true,🌐 Location,"Richmond, TX, US",,,,,,,,,,,,,,,,,,,2025-12-10T13:20:52.521000+00:00,👀 Site Visit,rich,0,,,false,,,,false,,,,,,,,,2025-12-10T13:20:57.717000+00:00,false,0,Animal Battle Stats,1446203750204047426
1448303475275337778,,,,,,true,,0000,0,,1446203750204047426,,0,Animal Battle Stats,,1446204139909550150,,,2025-12-10T13:20:56.683Z,,6710886,0,true,User,RamiNoodle733,true,🌐 Location,"Richmond, TX, US",,,,,,,,,,,,,,,,,,,2025-12-10T13:20:56.091000+00:00,👋 User Left Site,rich,0,,,false,,,,false,,,,,,,,,2025-12-10T13:20:56.683000+00:00,false,0,Animal Battle Stats,1446203750204047426
1448301445471535155,,,,,,true,,0000,0,,1446203750204047426,,0,Animal Battle Stats,,1446204139909550150,,,2025-12-10T13:12:52.740Z,,4491519,0,true,Visitor,RamiNoodle733,true,🌐 Location,"Richmond, TX, US",,,,,,,,,,,,,,,,,,,2025-12-10T13:12:52.339000+00:00,👀 Site Visit,rich,0,,,false,,,,false,,,,,,,,,2025-12-10T13:12:52.740000+00:00,false,0,Animal Battle Stats,1446203750204047426
1448301441851723857,,,,,,true,,0000,0,,1446203750204047426,,0,Animal Battle Stats,,1446204139909550150,,,2025-12-10T13:12:51.877Z,,6710886,0,true,User,RamiNoodle733,true,🌐 Location,"Richmond, TX, US",,,,,,,,,,,,,,,,,,,2025-12-10T13:12:51.149000+00:00,👋 User Left Site,rich,0,,,false,,,,false,,,,,,,,,2025-12-10T13:12:51.877000+00:00,false,0,Animal Battle Stats,1446203750204047426
1448301271521038376,,,,,,true,,0000,0,,1446203750204047426,,0,Animal Battle Stats,,1446204139909550150,,,2025-12-10T13:12:11.267Z,,4491519,0,true,Visitor,RamiNoodle733,true,🌐 Location,"Richmond, TX, US",,,,,,,,,,,,,,,,,,,2025-12-10T13:12:10.959000+00:00,👀 Site Visit,rich,0,,,false,,,,false,,,,,,,,,2025-12-10T13:12:11.267000+00:00,false,0,Animal Battle Stats,1446203750204047426
1448301269960757460,,,,,,true,,0000,0,,1446203750204047426,,0,Animal Battle Stats,,1446204139909550150,,,2025-12-10T13:12:10.895Z,,4491519,0,true,Visitor,Anonymous,true,🌐 Location,"San Jose, CA, US",,,,,,,,,,,,,,,,,,,2025-12-10T13:12:08.054000+00:00,👀 Site Visit,rich,0,,,false,,,,false,,,,,,,,,2025-12-10T13:12:10.895000+00:00,false,0,Animal Battle Stats,1446203750204047426
1448301269310767248,,,,,,true,,0000,0,,1446203750204047426,,0,Animal Battle Stats,,1446204139909550150,,,2025-12-10T13:12:10.740Z,,4491519,0,true,Visitor,Anonymous,true,🌐 Location,"San Jose, CA, US",,,,,,,,,,,,,,,,,,,2025-12-10T13:12:07.965000+00:00,👀 Site Visit,rich,0,,,false,,,,false,,,,,,,,,2025-12-10T13:12:10.740000+00:00,false,0,Animal Battle Stats,1446203750204047426
1448296277141094430,,,,,,true,,0000,0,,1446203750204047426,,0,Animal Battle Stats,,1446204139909550150,,,2025-12-10T12:52:20.514Z,,16739072,0,false,Matchup,Gorilla vs Chimpanzee,true,User,RamiNoodle733,true,🌐 Location,"Richmond, TX, US",,,,,,,,,,,,,,,,2025-12-10T12:52:20.113000+00:00,⚔️ Battle Comparison,rich,0,,,false,,,,false,,,,,,,,,2025-12-10T12:52:20.514000+00:00,false,0,Animal Battle Stats,1446203750204047426
1448296186980204695,,,,,,true,,0000,0,,1446203750204047426,,0,Animal Battle Stats,,1446204139909550150,,,2025-12-10T12:51:59.018Z,,16739072,0,false,Matchup,Gorilla vs Gorilla,true,User,RamiNoodle733,true,🌐 Location,"Richmond, TX, US",,,,,,,,,,,,,,,,2025-12-10T12:51:58.635000+00:00,⚔️ Battle Comparison,rich,0,,,false,,,,false,,,,,,,,,2025-12-10T12:51:59.018000+00:00,false,0,Animal Battle Stats,1446203750204047426
1448296028800422000,,,,,,true,,0000,0,,1446203750204047426,,0,Animal Battle Stats,,1446204139909550150,,,2025-12-10T12:51:21.305Z,,4491519,0,true,Visitor,RamiNoodle733,true,🌐 Location,"Richmond, TX, US",,,,,,,,,,,,,,,,,,,2025-12-10T12:51:20.863000+00:00,👀 Site Visit,rich,0,,,false,,,,false,,,,,,,,,2025-12-10T12:51:21.305000+00:00,false,0,Animal Battle Stats,1446203750204047426
1448296014468616192,,,,,,true,,0000,0,,1446203750204047426,,0,Animal Battle Stats,,1446204139909550150,,,2025-12-10T12:51:17.888Z,,6710886,0,true,User,RamiNoodle733,true,🌐 Location,"Richmond, TX, US",,,,,,,,,,,,,,,,,,,2025-12-10T12:51:16.131000+00:00,👋 User Left Site,rich,0,,,false,,,,false,,,,,,,,,2025-12-10T12:51:17.888000+00:00,false,0,Animal Battle Stats,1446203750204047426
1448290589559750849,,,,,,true,,0000,0,,1446203750204047426,,0,Animal Battle Stats,,1446204139909550150,,,2025-12-10T12:29:44.489Z,,4491519,0,true,Visitor,RamiNoodle733,true,🌐 Location,"Houston, TX, US",,,,,,,,,,,,,,,,,,,2025-12-10T12:29:44.224000+00:00,👀 Site Visit,rich,0,,,false,,,,false,,,,,,,,,2025-12-10T12:29:44.489000+00:00,false,0,Animal Battle Stats,1446203750204047426
1448290588796653658,,,,,,true,,0000,0,,1446203750204047426,,0,Animal Battle Stats,,1446204139909550150,,,2025-12-10T12:29:44.307Z,,4491519,0,true,Visitor,RamiNoodle733,true,🌐 Location,"Houston, TX, US",,,,,,,,,,,,,,,,,,,2025-12-10T12:29:39.455000+00:00,👀 Site Visit,rich,0,,,false,,,,false,,,,,,,,,2025-12-10T12:29:44.307000+00:00,false,0,Animal Battle Stats,1446203750204047426
1448273651462836305,,,,,,true,,0000,0,,1446203750204047426,,0,Animal Battle Stats,,1446204139909550150,,,2025-12-10T11:22:26.132Z,,4491519,0,true,Visitor,RamiNoodle733,true,🌐 Location,"Richmond, TX, US",,,,,,,,,,,,,,,,,,,2025-12-10T11:22:25.818000+00:00,👀 Site Visit,rich,0,,,false,,,,false,,,,,,,,,2025-12-10T11:22:26.132000+00:00,false,0,Animal Battle Stats,1446203750204047426
1448273646916206623,,,,,,true,,0000,0,,1446203750204047426,,0,Animal Battle Stats,,1446204139909550150,,,2025-12-10T11:22:25.048Z,,4491519,0,true,Visitor,RamiNoodle733,true,🌐 Location,"Richmond, TX, US",,,,,,,,,,,,,,,,,,,2025-12-10T11:22:24.761000+00:00,👀 Site Visit,rich,0,,,false,,,,false,,,,,,,,,2025-12-10T11:22:25.048000+00:00,false,0,Animal Battle Stats,1446203750204047426
1448273645947588660,,,,,,true,,0000,0,,1446203750204047426,,0,Animal Battle Stats,,1446204139909550150,,,2025-12-10T11:22:24.817Z,,4491519,0,true,Visitor,RamiNoodle733,true,🌐 Location,"Richmond, TX, US",,,,,,,,,,,,,,,,,,,2025-12-10T11:20:12.789000+00:00,👀 Site Visit,rich,0,,,false,,,,false,,,,,,,,,2025-12-10T11:22:24.817000+00:00,false,0,Animal Battle Stats,1446203750204047426
1448273029628039250,,,,,,true,,0000,0,,1446203750204047426,,0,Animal Battle Stats,,1446204139909550150,,,2025-12-10T11:19:57.875Z,,4491519,0,true,Visitor,Anonymous,true,🌐 Location,"San Jose, CA, US",,,,,,,,,,,,,,,,,,,2025-12-10T11:19:57.444000+00:00,👀 Site Visit,rich,0,,,false,,,,false,,,,,,,,,2025-12-10T11:19:57.875000+00:00,false,0,Animal Battle Stats,1446203750204047426
1448193785141002343,,,,,,true,,0000,0,,1446203750204047426,,0,Animal Battle Stats,,1446204139909550150,,,2025-12-10T06:05:04.517Z,,4491519,0,true,Visitor,RamiNoodle733,true,🌐 Location,"Richmond, TX, US",,,,,,,,,,,,,,,,,,,2025-12-10T06:05:04.382000+00:00,👀 Site Visit,rich,0,,,false,,,,false,,,,,,,,,2025-12-10T06:05:04.517000+00:00,false,0,Animal Battle Stats,1446203750204047426
1448193778241376359,,,,,,true,,0000,0,,1446203750204047426,,0,Animal Battle Stats,,1446204139909550150,,,2025-12-10T06:05:02.872Z,,6710886,0,true,User,RamiNoodle733,true,🌐 Location,"Richmond, TX, US",,,,,,,,,,,,,,,,,,,2025-12-10T06:05:01.211000+00:00,👋 User Left Site,rich,0,,,false,,,,false,,,,,,,,,2025-12-10T06:05:02.872000+00:00,false,0,Animal Battle Stats,1446203750204047426
1448192336302440480,,,,,,true,,0000,0,,1446203750204047426,,0,Animal Battle Stats,,1446204139909550150,,,2025-12-10T05:59:19.087Z,,6710886,0,true,User,RamiNoodle733,true,🌐 Location,"Richmond, TX, US",,,,,,,,,,,,,,,,,,,2025-12-10T05:59:05.676000+00:00,👋 User Left Site,rich,0,,,false,,,,false,,,,,,,,,2025-12-10T05:59:19.087000+00:00,false,0,Animal Battle Stats,1446203750204047426
1448192334604013720,,,,,,true,,0000,0,,1446203750204047426,,0,Animal Battle Stats,,1446204139909550150,,,2025-12-10T05:59:18.682Z,,6710886,0,true,User,RamiNoodle733,true,🌐 Location,"Richmond, TX, US",,,,,,,,,,,,,,,,,,,2025-12-10T05:59:17.061000+00:00,👋 User Left Site,rich,0,,,false,,,,false,,,,,,,,,2025-12-10T05:59:18.682000+00:00,false,0,Animal Battle Stats,1446203750204047426
1448094898224894074,,,,,,true,,0000,0,,1446203750204047426,,0,Animal Battle Stats,,1446204139909550150,,,2025-12-09T23:32:08.039Z,,16737095,0,true,User,RamiNoodle733,true,Bracket Size,8 animals,true,Matches Completed,2/7,true,Progress,29%,false,Votes Made,"King Cobra beat Wild Horse
Japanese Macaque beat Serval",true,🌐 Location,"Richmond, TX, US",,,,,,,2025-12-09T23:32:07.780000+00:00,🚪 Tournament Quit,rich,0,,,false,,,,false,,,,,,,,,2025-12-09T23:32:08.039000+00:00,false,0,Animal Battle Stats,1446203750204047426
1448094868860702863,,,,,,true,,0000,0,,1446203750204047426,,0,Animal Battle Stats,,1446204139909550150,,,2025-12-09T23:32:01.038Z,,16737095,0,true,User,RamiNoodle733,true,Bracket Size,8 animals,true,Matches Completed,2/7,true,Progress,29%,false,Votes Made,"African Wild Dog beat Sun Bear
African Wild Dog beat Sun Bear",true,🌐 Location,"Richmond, TX, US",,,,,,,2025-12-09T23:29:30.952000+00:00,🚪 Tournament Quit,rich,0,,,false,,,,false,,,,,,,,,2025-12-09T23:32:01.038000+00:00,false,0,Animal Battle Stats,1446203750204047426
1448092919004270745,,,,,,true,,0000,0,,1446203750204047426,,0,Animal Battle Stats,,1446204139909550150,,,2025-12-09T23:24:16.156Z,,16766720,0,true,User,RamiNoodle733,true,Bracket Size,8 animals,true,Total Matches,7,true,🏆 Champion,Bull Shark,true,2nd Place,Caracal,true,3rd/4th Place,"Giraffe, Japanese Macaque",false,Recent Matches,"Japanese Macaque beat Wild Horse
Caracal beat Emperor Penguin
Giraffe beat Porcupine
Bull Shark beat Kiwi
Caracal beat Japanese Macaque
Bull Shark beat Giraffe
Bull Shark beat Caracal",true,🌐 Location,"Richmond, TX, US",2025-12-09T23:18:48.887000+00:00,🏆 Tournament Completed,rich,0,,,false,,,,false,,,,,,,,,2025-12-09T23:24:16.156000+00:00,false,0,Animal Battle Stats,1446203750204047426
1448091742266986731,,,,,,true,,0000,0,,1446203750204047426,,0,Animal Battle Stats,,1446204139909550150,,,2025-12-09T23:19:35.600Z,,4491519,0,true,Visitor,RamiNoodle733,true,🌐 Location,"Richmond, TX, US",,,,,,,,,,,,,,,,,,,2025-12-09T23:19:35.339000+00:00,👀 Site Visit,rich,0,,,false,,,,false,,,,,,,,,2025-12-09T23:19:35.600000+00:00,false,0,Animal Battle Stats,1446203750204047426
1448091738672726026,,,,,,true,,0000,0,,1446203750204047426,,0,Animal Battle Stats,,1446204139909550150,,,2025-12-09T23:19:34.743Z,,6710886,0,true,User,RamiNoodle733,true,🌐 Location,"Richmond, TX, US",,,,,,,,,,,,,,,,,,,2025-12-09T23:19:34.471000+00:00,👋 User Left Site,rich,0,,,false,,,,false,,,,,,,,,2025-12-09T23:19:34.743000+00:00,false,0,Animal Battle Stats,1446203750204047426
1448091625170538719,,,,,,true,,0000,0,,1446203750204047426,,0,Animal Battle Stats,,1446204139909550150,,,2025-12-09T23:19:07.682Z,,4491519,0,true,Visitor,RamiNoodle733,true,🌐 Location,"Richmond, TX, US",,,,,,,,,,,,,,,,,,,2025-12-09T23:19:07.368000+00:00,👀 Site Visit,rich,0,,,false,,,,false,,,,,,,,,2025-12-09T23:19:07.682000+00:00,false,0,Animal Battle Stats,1446203750204047426
1448091622561681519,,,,,,true,,0000,0,,1446203750204047426,,0,Animal Battle Stats,,1446204139909550150,,,2025-12-09T23:19:07.060Z,,4491519,0,true,Visitor,RamiNoodle733,true,🌐 Location,"Richmond, TX, US",,,,,,,,,,,,,,,,,,,2025-12-09T23:18:56.307000+00:00,👀 Site Visit,rich,0,,,false,,,,false,,,,,,,,,2025-12-09T23:19:07.060000+00:00,false,0,Animal Battle Stats,1446203750204047426
1448091622318538763,,,,,,true,,0000,0,,1446203750204047426,,0,Animal Battle Stats,,1446204139909550150,,,2025-12-09T23:19:07.002Z,,6710886,0,true,User,RamiNoodle733,true,🌐 Location,"Richmond, TX, US",,,,,,,,,,,,,,,,,,,2025-12-09T23:19:06.474000+00:00,👋 User Left Site,rich,0,,,false,,,,false,,,,,,,,,2025-12-09T23:19:07.002000+00:00,false,0,Animal Battle Stats,1446203750204047426
1448090975221186672,,,,,,true,,0000,0,,1446203750204047426,,0,Animal Battle Stats,,1446204139909550150,,,2025-12-09T23:16:32.722Z,,5793266,0,true,User,RamiNoodle733,false,Message,Ballo,true,🌐 Location,"Richmond, TX, US",,,,,,,,,,,,,,,,2025-12-09T23:16:32.115000+00:00,💬 General Chat Message,rich,0,,,false,,,,false,,,,,,,,,2025-12-09T23:16:32.722000+00:00,false,0,Animal Battle Stats,1446203750204047426
1448090523586789396,,,,,,true,,0000,0,,1446203750204047426,,0,Animal Battle Stats,,1446204139909550150,,,2025-12-09T23:14:45.044Z,,16739072,0,false,Matchup,Kangaroo vs Sloth,true,User,RamiNoodle733,true,🌐 Location,"Richmond, TX, US",,,,,,,,,,,,,,,,2025-12-09T23:14:44.739000+00:00,⚔️ Battle Comparison,rich,0,,,false,,,,false,,,,,,,,,2025-12-09T23:14:45.044000+00:00,false,0,Animal Battle Stats,1446203750204047426
1448089202095947838,,,,,,true,,0000,0,,1446203750204047426,,0,Animal Battle Stats,,1446204139909550150,,,2025-12-09T23:09:29.976Z,,6710886,0,true,User,RamiNoodle733,true,🌐 Location,"Richmond, TX, US",,,,,,,,,,,,,,,,,,,2025-12-09T23:09:27.468000+00:00,👋 User Left Site,rich,0,,,false,,,,false,,,,,,,,,2025-12-09T23:09:29.976000+00:00,false,0,Animal Battle Stats,1446203750204047426
1448087701000552620,,,,,,true,,0000,0,,1446203750204047426,,0,Animal Battle Stats,,1446204139909550150,,,2025-12-09T23:03:32.087Z,,4491519,0,true,Visitor,RamiNoodle733,true,🌐 Location,"Richmond, TX, US",,,,,,,,,,,,,,,,,,,2025-12-09T23:03:31.800000+00:00,👀 Site Visit,rich,0,,,false,,,,false,,,,,,,,,2025-12-09T23:03:32.087000+00:00,false,0,Animal Battle Stats,1446203750204047426
1448087697603428593,,,,,,true,,0000,0,,1446203750204047426,,0,Animal Battle Stats,,1446204139909550150,,,2025-12-09T23:03:31.277Z,,6710886,0,true,User,RamiNoodle733,true,🌐 Location,"Richmond, TX, US",,,,,,,,,,,,,,,,,,,2025-12-09T23:03:30.893000+00:00,👋 User Left Site,rich,0,,,false,,,,false,,,,,,,,,2025-12-09T23:03:31.277000+00:00,false,0,Animal Battle Stats,1446203750204047426
1448087396569841718,,,,,,true,,0000,0,,1446203750204047426,,0,Animal Battle Stats,,1446204139909550150,,,2025-12-09T23:02:19.505Z,,16766720,0,true,User,RamiNoodle733,true,Bracket Size,8 animals,true,Total Matches,7,true,🏆 Champion,Sawfish,true,2nd Place,Warthog,true,3rd/4th Place,"Black Widow, Snowy Owl",false,Recent Matches,"Warthog beat Mantis Shrimp
Snowy Owl beat Iguana
Black Widow beat Red-Eyed Tree Frog
Sawfish beat Quokka
Warthog beat Snowy Owl
Sawfish beat Black Widow
Sawfish beat Warthog",true,🌐 Location,"Richmond, TX, US",2025-12-09T22:59:48.831000+00:00,🏆 Tournament Completed,rich,0,,,false,,,,false,,,,,,,,,2025-12-09T23:02:19.505000+00:00,false,0,Animal Battle Stats,1446203750204047426
1448086828971327603,,,,,,true,,0000,0,,1446203750204047426,,0,Animal Battle Stats,,1446204139909550150,,,2025-12-09T23:00:04.179Z,,4491519,0,true,Visitor,RamiNoodle733,true,🌐 Location,"Richmond, TX, US",,,,,,,,,,,,,,,,,,,2025-12-09T23:00:03.908000+00:00,👀 Site Visit,rich,0,,,false,,,,false,,,,,,,,,2025-12-09T23:00:04.179000+00:00,false,0,Animal Battle Stats,1446203750204047426
1448086825951297598,,,,,,true,,0000,0,,1446203750204047426,,0,Animal Battle Stats,,1446204139909550150,,,2025-12-09T23:00:03.459Z,,6710886,0,true,User,RamiNoodle733,true,🌐 Location,"Richmond, TX, US",,,,,,,,,,,,,,,,,,,2025-12-09T23:00:03.034000+00:00,👋 User Left Site,rich,0,,,false,,,,false,,,,,,,,,2025-12-09T23:00:03.459000+00:00,false,0,Animal Battle Stats,1446203750204047426
1448086334676926476,,,,,,true,,0000,0,,1446203750204047426,,0,Animal Battle Stats,,1446204139909550150,,,2025-12-09T22:58:06.330Z,,4491519,0,true,Visitor,RamiNoodle733,true,🌐 Location,"Richmond, TX, US",,,,,,,,,,,,,,,,,,,2025-12-09T22:58:06.095000+00:00,👀 Site Visit,rich,0,,,false,,,,false,,,,,,,,,2025-12-09T22:58:06.330000+00:00,false,0,Animal Battle Stats,1446203750204047426
1448086327156543539,,,,,,true,,0000,0,,1446203750204047426,,0,Animal Battle Stats,,1446204139909550150,,,2025-12-09T22:58:04.537Z,,6710886,0,true,User,RamiNoodle733,true,🌐 Location,"Richmond, TX, US",,,,,,,,,,,,,,,,,,,2025-12-09T22:58:03.298000+00:00,👋 User Left Site,rich,0,,,false,,,,false,,,,,,,,,2025-12-09T22:58:04.537000+00:00,false,0,Animal Battle Stats,1446203750204047426
1448075109691691160,,,,,,true,,0000,0,,1446203750204047426,,0,Animal Battle Stats,,1446204139909550150,,,2025-12-09T22:13:30.085Z,,16739072,0,false,Matchup,Alligator vs Gorilla,,,,,,,,,,,,,,,,,,,,,,2025-12-09T22:13:29.608000+00:00,⚔️ Battle Comparison,rich,0,,,false,,,,false,,,,,,,,,2025-12-09T22:13:30.085000+00:00,false,0,Animal Battle Stats,1446203750204047426
1448075087487172838,,,,,,true,,0000,0,,1446203750204047426,,0,Animal Battle Stats,,1446204139909550150,,,2025-12-09T22:13:24.791Z,,16739072,0,false,Matchup,Alligator vs Gorilla,,,,,,,,,,,,,,,,,,,,,,2025-12-09T22:13:24.221000+00:00,⚔️ Battle Comparison,rich,0,,,false,,,,false,,,,,,,,,2025-12-09T22:13:24.791000+00:00,false,0,Animal Battle Stats,1446203750204047426
1448074608447324170,,,,,,true,,0000,0,,1446203750204047426,,0,Animal Battle Stats,,1446204139909550150,,,2025-12-09T22:11:30.579Z,,46296,0,true,User,RamiNoodle733,true,Replying To,RamiNoodle733,true,Target,Howler Monkey,false,Reply,ballo,,,,,,,,,,,,,2025-12-09T22:11:30.225000+00:00,↩️ Comment Reply,rich,0,,,false,,,,false,,,,,,,,,2025-12-09T22:11:30.579000+00:00,false,0,Animal Battle Stats,1446203750204047426
1448074233904107621,,,,,,true,,0000,0,,1446203750204047426,,0,Animal Battle Stats,,1446204139909550150,,,2025-12-09T22:10:01.281Z,,65416,0,true,User,RamiNoodle733,true,Animal,Megalodon,true,Vote,👍 Upvote,,,,,,,,,,,,,,,,2025-12-09T22:09:54.432000+00:00,👍 New Vote,rich,0,,,false,,,,false,,,,,,,,,2025-12-09T22:10:01.281000+00:00,false,0,Animal Battle Stats,1446203750204047426
1448074205915513006,,,,,,true,,0000,0,,1446203750204047426,,0,Animal Battle Stats,,1446204139909550150,,,2025-12-09T22:09:54.608Z,,8947848,0,true,User,RamiNoodle733,true,Animal,Megalodon,true,Removed,👍 Was Upvote,,,,,,,,,,,,,,,,2025-12-09T22:09:51.661000+00:00,🗑️ Vote Removed,rich,0,,,false,,,,false,,,,,,,,,2025-12-09T22:09:54.608000+00:00,false,0,Animal Battle Stats,1446203750204047426
1448074123979784265,,,,,,true,,0000,0,,1446203750204047426,,0,Animal Battle Stats,,1446204139909550150,,,2025-12-09T22:09:35.073Z,,4491519,0,true,Visitor,RamiNoodle733,,,,,,,,,,,,,,,,,,,,,,2025-12-09T22:09:34.648000+00:00,👀 Site Visit,rich,0,,,false,,,,false,,,,,,,,,2025-12-09T22:09:35.073000+00:00,false,0,Animal Battle Stats,1446203750204047426
1448074120842575922,,,,,,true,,0000,0,,1446203750204047426,,0,Animal Battle Stats,,1446204139909550150,,,2025-12-09T22:09:34.325Z,,6710886,0,true,User,RamiNoodle733,,,,,,,,,,,,,,,,,,,,,,2025-12-09T22:09:34.058000+00:00,👋 User Left Site,rich,0,,,false,,,,false,,,,,,,,,2025-12-09T22:09:34.325000+00:00,false,0,Animal Battle Stats,1446203750204047426
1448074092346605599,,,,,,true,,0000,0,,1446203750204047426,,0,Animal Battle Stats,,1446204139909550150,,,2025-12-09T22:09:27.531Z,,4491519,0,true,Visitor,RamiNoodle733,,,,,,,,,,,,,,,,,,,,,,2025-12-09T22:09:27.255000+00:00,👀 Site Visit,rich,0,,,false,,,,false,,,,,,,,,2025-12-09T22:09:27.531000+00:00,false,0,Animal Battle Stats,1446203750204047426
1448074090349858958,,,,,,true,,0000,0,,1446203750204047426,,0,Animal Battle Stats,,1446204139909550150,,,2025-12-09T22:09:27.055Z,,6710886,0,true,User,RamiNoodle733,,,,,,,,,,,,,,,,,,,,,,2025-12-09T22:09:25.539000+00:00,👋 User Left Site,rich,0,,,false,,,,false,,,,,,,,,2025-12-09T22:09:27.055000+00:00,false,0,Animal Battle Stats,1446203750204047426
1448074090043670608,,,,,,true,,0000,0,,1446203750204047426,,0,Animal Battle Stats,,1446204139909550150,,,2025-12-09T22:09:26.982Z,,4491519,0,true,Visitor,RamiNoodle733,,,,,,,,,,,,,,,,,,,,,,2025-12-09T22:09:20.445000+00:00,👀 Site Visit,rich,0,,,false,,,,false,,,,,,,,,2025-12-09T22:09:26.982000+00:00,false,0,Animal Battle Stats,1446203750204047426
1448072053084262614,,,,,,true,,0000,0,,1446203750204047426,,0,Animal Battle Stats,,1446204139909550150,,,2025-12-09T22:01:21.333Z,,4491519,0,true,Visitor,RamiNoodle733,,,,,,,,,,,,,,,,,,,,,,2025-12-09T22:01:21.037000+00:00,👀 Site Visit,rich,0,,,false,,,,false,,,,,,,,,2025-12-09T22:01:21.333000+00:00,false,0,Animal Battle Stats,1446203750204047426
1448072043802394876,,,,,,true,,0000,0,,1446203750204047426,,0,Animal Battle Stats,,1446204139909550150,,,2025-12-09T22:01:19.120Z,,6710886,0,true,User,RamiNoodle733,,,,,,,,,,,,,,,,,,,,,,2025-12-09T22:01:18.781000+00:00,👋 User Left Site,rich,0,,,false,,,,false,,,,,,,,,2025-12-09T22:01:19.120000+00:00,false,0,Animal Battle Stats,1446203750204047426
1448071952894787727,,,,,,true,,0000,0,,1446203750204047426,,0,Animal Battle Stats,,1446204139909550150,,,2025-12-09T22:00:57.446Z,,4491519,0,true,Visitor,Anonymous,,,,,,,,,,,,,,,,,,,,,,2025-12-09T22:00:57.127000+00:00,👀 Site Visit,rich,0,,,false,,,,false,,,,,,,,,2025-12-09T22:00:57.446000+00:00,false,0,Animal Battle Stats,1446203750204047426
1448071949572898958,,,,,,true,,0000,0,,1446203750204047426,,0,Animal Battle Stats,,1446204139909550150,,,2025-12-09T22:00:56.654Z,,4491519,0,true,Visitor,Anonymous,,,,,,,,,,,,,,,,,,,,,,2025-12-09T22:00:56.045000+00:00,👀 Site Visit,rich,0,,,false,,,,false,,,,,,,,,2025-12-09T22:00:56.654000+00:00,false,0,Animal Battle Stats,1446203750204047426
1448047395202928694,,,,,,true,,0000,0,,1446203750204047426,,0,Animal Battle Stats,,1446204139909550150,,,2025-12-09T20:23:22.436Z,,4491519,0,true,Visitor,RamiNoodle733,,,,,,,,,,,,,,,,,,,,,,2025-12-09T20:23:21.561000+00:00,👀 Site Visit,rich,0,,,false,,,,false,,,,,,,,,2025-12-09T20:23:22.436000+00:00,false,0,Animal Battle Stats,1446203750204047426
1448047391176523827,,,,,,true,,0000,0,,1446203750204047426,,0,Animal Battle Stats,,1446204139909550150,,,2025-12-09T20:23:21.476Z,,4491519,0,true,Visitor,Anonymous,,,,,,,,,,,,,,,,,,,,,,2025-12-09T20:23:01.721000+00:00,👀 Site Visit,rich,0,,,false,,,,false,,,,,,,,,2025-12-09T20:23:21.476000+00:00,false,0,Animal Battle Stats,1446203750204047426
1448039440642609262,,,,,,true,,0000,0,,1446203750204047426,,0,Animal Battle Stats,,1446204139909550150,,,2025-12-09T19:51:45.921Z,,4491519,0,true,Visitor,RamiNoodle733,,,,,,,,,,,,,,,,,,,,,,2025-12-09T19:51:45.423000+00:00,👀 Site Visit,rich,0,,,false,,,,false,,,,,,,,,2025-12-09T19:51:45.921000+00:00,false,0,Animal Battle Stats,1446203750204047426
1448018418719653958,,,,,,true,,0000,0,,1446203750204047426,,0,Animal Battle Stats,,1446204139909550150,,,2025-12-09T18:28:13.904Z,,4491519,0,true,Visitor,Anonymous,,,,,,,,,,,,,,,,,,,,,,2025-12-09T18:28:13.530000+00:00,👀 Site Visit,rich,0,,,false,,,,false,,,,,,,,,2025-12-09T18:28:13.904000+00:00,false,0,Animal Battle Stats,1446203750204047426
1448017399482810511,,,,,,true,,0000,0,,1446203750204047426,,0,Animal Battle Stats,,1446204139909550150,,,2025-12-09T18:24:10.899Z,,4491519,0,true,Visitor,RamiNoodle733,,,,,,,,,,,,,,,,,,,,,,2025-12-09T18:24:10.510000+00:00,👀 Site Visit,rich,0,,,false,,,,false,,,,,,,,,2025-12-09T18:24:10.899000+00:00,false,0,Animal Battle Stats,1446203750204047426
1448017395548557489,,,,,,true,,0000,0,,1446203750204047426,,0,Animal Battle Stats,,1446204139909550150,,,2025-12-09T18:24:09.961Z,,6710886,0,true,User,RamiNoodle733,,,,,,,,,,,,,,,,,,,,,,2025-12-09T18:24:09.698000+00:00,👋 User Left Site,rich,0,,,false,,,,false,,,,,,,,,2025-12-09T18:24:09.961000+00:00,false,0,Animal Battle Stats,1446203750204047426
1448017378460958806,,,,,,true,,0000,0,,1446203750204047426,,0,Animal Battle Stats,,1446204139909550150,,,2025-12-09T18:24:05.887Z,,4491519,0,true,Visitor,RamiNoodle733,,,,,,,,,,,,,,,,,,,,,,2025-12-09T18:24:05.648000+00:00,👀 Site Visit,rich,0,,,false,,,,false,,,,,,,,,2025-12-09T18:24:05.887000+00:00,false,0,Animal Battle Stats,1446203750204047426
1448017375126360227,,,,,,true,,0000,0,,1446203750204047426,,0,Animal Battle Stats,,1446204139909550150,,,2025-12-09T18:24:05.092Z,,6710886,0,true,User,RamiNoodle733,,,,,,,,,,,,,,,,,,,,,,2025-12-09T18:24:04.171000+00:00,👋 User Left Site,rich,0,,,false,,,,false,,,,,,,,,2025-12-09T18:24:05.092000+00:00,false,0,Animal Battle Stats,1446203750204047426
1448010896944267437,,,,,,true,,0000,0,,1446203750204047426,,0,Animal Battle Stats,,1446204139909550150,,,2025-12-09T17:58:20.573Z,,16739072,0,false,Matchup,Great White Shark vs Rhinoceros,,,,,,,,,,,,,,,,,,,,,,2025-12-09T17:58:20.147000+00:00,⚔️ Battle Comparison,rich,0,,,false,,,,false,,,,,,,,,2025-12-09T17:58:20.573000+00:00,false,0,Animal Battle Stats,1446203750204047426
1448010693180915736,,,,,,true,,0000,0,,1446203750204047426,,0,Animal Battle Stats,,1446204139909550150,,,2025-12-09T17:57:31.992Z,,4491519,0,true,Visitor,RamiNoodle733,,,,,,,,,,,,,,,,,,,,,,2025-12-09T17:57:31.818000+00:00,👀 Site Visit,rich,0,,,false,,,,false,,,,,,,,,2025-12-09T17:57:31.992000+00:00,false,0,Animal Battle Stats,1446203750204047426
1448010682883637378,,,,,,true,,0000,0,,1446203750204047426,,0,Animal Battle Stats,,1446204139909550150,,,2025-12-09T17:57:29.537Z,,6710886,0,true,User,RamiNoodle733,,,,,,,,,,,,,,,,,,,,,,2025-12-09T17:57:29.177000+00:00,👋 User Left Site,rich,0,,,false,,,,false,,,,,,,,,2025-12-09T17:57:29.537000+00:00,false,0,Animal Battle Stats,1446203750204047426
1448010300388409406,,,,,,true,,0000,0,,1446203750204047426,,0,Animal Battle Stats,,1446204139909550150,,,2025-12-09T17:55:58.343Z,,4491519,0,true,Visitor,RamiNoodle733,,,,,,,,,,,,,,,,,,,,,,2025-12-09T17:55:58.087000+00:00,👀 Site Visit,rich,0,,,false,,,,false,,,,,,,,,2025-12-09T17:55:58.343000+00:00,false,0,Animal Battle Stats,1446203750204047426
1448010294092759140,,,,,,true,,0000,0,,1446203750204047426,,0,Animal Battle Stats,,1446204139909550150,,,2025-12-09T17:55:56.842Z,,6710886,0,true,User,RamiNoodle733,,,,,,,,,,,,,,,,,,,,,,2025-12-09T17:55:53.505000+00:00,👋 User Left Site,rich,0,,,false,,,,false,,,,,,,,,2025-12-09T17:55:56.842000+00:00,false,0,Animal Battle Stats,1446203750204047426
1447995079665909874,,,,,,true,,0000,0,,1446203750204047426,,0,Animal Battle Stats,,1446204139909550150,,,2025-12-09T16:55:29.440Z,,4491519,0,true,Visitor,RamiNoodle733,,,,,,,,,,,,,,,,,,,,,,2025-12-09T16:55:29.108000+00:00,👀 Site Visit,rich,0,,,false,,,,false,,,,,,,,,2025-12-09T16:55:29.440000+00:00,false,0,Animal Battle Stats,1446203750204047426
1447995076465922102,,,,,,true,,0000,0,,1446203750204047426,,0,Animal Battle Stats,,1446204139909550150,,,2025-12-09T16:55:28.677Z,,6710886,0,true,User,RamiNoodle733,,,,,,,,,,,,,,,,,,,,,,2025-12-09T16:55:28.352000+00:00,👋 User Left Site,rich,0,,,false,,,,false,,,,,,,,,2025-12-09T16:55:28.677000+00:00,false,0,Animal Battle Stats,1446203750204047426
1447994880973475920,,,,,,true,,0000,0,,1446203750204047426,,0,Animal Battle Stats,,1446204139909550150,,,2025-12-09T16:54:42.068Z,,4491519,0,true,Visitor,RamiNoodle733,,,,,,,,,,,,,,,,,,,,,,2025-12-09T16:54:41.810000+00:00,👀 Site Visit,rich,0,,,false,,,,false,,,,,,,,,2025-12-09T16:54:42.068000+00:00,false,0,Animal Battle Stats,1446203750204047426
1447994878855217202,,,,,,true,,0000,0,,1446203750204047426,,0,Animal Battle Stats,,1446204139909550150,,,2025-12-09T16:54:41.563Z,,6710886,0,true,User,RamiNoodle733,,,,,,,,,,,,,,,,,,,,,,2025-12-09T16:54:41.227000+00:00,👋 User Left Site,rich,0,,,false,,,,false,,,,,,,,,2025-12-09T16:54:41.563000+00:00,false,0,Animal Battle Stats,1446203750204047426
1447994843568799814,,,,,,true,,0000,0,,1446203750204047426,,0,Animal Battle Stats,,1446204139909550150,,,2025-12-09T16:54:33.150Z,,4491519,0,true,Visitor,RamiNoodle733,,,,,,,,,,,,,,,,,,,,,,2025-12-09T16:54:32.847000+00:00,👀 Site Visit,rich,0,,,false,,,,false,,,,,,,,,2025-12-09T16:54:33.150000+00:00,false,0,Animal Battle Stats,1446203750204047426
1447994839055732909,,,,,,true,,0000,0,,1446203750204047426,,0,Animal Battle Stats,,1446204139909550150,,,2025-12-09T16:54:32.074Z,,6710886,0,true,User,RamiNoodle733,,,,,,,,,,,,,,,,,,,,,,2025-12-09T16:54:30.999000+00:00,👋 User Left Site,rich,0,,,false,,,,false,,,,,,,,,2025-12-09T16:54:32.074000+00:00,false,0,Animal Battle Stats,1446203750204047426
1447990221550649384,,,,,,true,,0000,0,,1446203750204047426,,0,Animal Battle Stats,,1446204139909550150,,,2025-12-09T16:36:11.175Z,,4491519,0,true,Visitor,RamiNoodle733,,,,,,,,,,,,,,,,,,,,,,2025-12-09T16:36:10.899000+00:00,👀 Site Visit,rich,0,,,false,,,,false,,,,,,,,,2025-12-09T16:36:11.175000+00:00,false,0,Animal Battle Stats,1446203750204047426
1447990219117695096,,,,,,true,,0000,0,,1446203750204047426,,0,Animal Battle Stats,,1446204139909550150,,,2025-12-09T16:36:10.595Z,,6710886,0,true,User,RamiNoodle733,,,,,,,,,,,,,,,,,,,,,,2025-12-09T16:36:10.358000+00:00,👋 User Left Site,rich,0,,,false,,,,false,,,,,,,,,2025-12-09T16:36:10.595000+00:00,false,0,Animal Battle Stats,1446203750204047426
1447990082383511572,,,,,,true,,0000,0,,1446203750204047426,,0,Animal Battle Stats,,1446204139909550150,,,2025-12-09T16:35:37.995Z,,4491519,0,true,Visitor,RamiNoodle733,,,,,,,,,,,,,,,,,,,,,,2025-12-09T16:35:37.824000+00:00,👀 Site Visit,rich,0,,,false,,,,false,,,,,,,,,2025-12-09T16:35:37.995000+00:00,false,0,Animal Battle Stats,1446203750204047426
1447990080529760296,,,,,,true,,0000,0,,1446203750204047426,,0,Animal Battle Stats,,1446204139909550150,,,2025-12-09T16:35:37.553Z,,6710886,0,true,User,RamiNoodle733,,,,,,,,,,,,,,,,,,,,,,2025-12-09T16:35:36.202000+00:00,👋 User Left Site,rich,0,,,false,,,,false,,,,,,,,,2025-12-09T16:35:37.553000+00:00,false,0,Animal Battle Stats,1446203750204047426
1447990080374571090,,,,,,true,,0000,0,,1446203750204047426,,0,Animal Battle Stats,,1446204139909550150,,,2025-12-09T16:35:37.516Z,,4491519,0,true,Visitor,RamiNoodle733,,,,,,,,,,,,,,,,,,,,,,2025-12-09T16:35:29.591000+00:00,👀 Site Visit,rich,0,,,false,,,,false,,,,,,,,,2025-12-09T16:35:37.516000+00:00,false,0,Animal Battle Stats,1446203750204047426
1447990036820660375,,,,,,true,,0000,0,,1446203750204047426,,0,Animal Battle Stats,,1446204139909550150,,,2025-12-09T16:35:27.132Z,,6710886,0,true,User,RamiNoodle733,,,,,,,,,,,,,,,,,,,,,,2025-12-09T16:35:26.873000+00:00,👋 User Left Site,rich,0,,,false,,,,false,,,,,,,,,2025-12-09T16:35:27.132000+00:00,false,0,Animal Battle Stats,1446203750204047426
1447990016809898044,,,,,,true,,0000,0,,1446203750204047426,,0,Animal Battle Stats,,1446204139909550150,,,2025-12-09T16:35:22.361Z,,4491519,0,true,Visitor,RamiNoodle733,,,,,,,,,,,,,,,,,,,,,,2025-12-09T16:35:22.034000+00:00,👀 Site Visit,rich,0,,,false,,,,false,,,,,,,,,2025-12-09T16:35:22.361000+00:00,false,0,Animal Battle Stats,1446203750204047426
1447990016772149431,,,,,,true,,0000,0,,1446203750204047426,,0,Animal Battle Stats,,1446204139909550150,,,2025-12-09T16:35:22.352Z,,4491519,0,true,Visitor,Anonymous,,,,,,,,,,,,,,,,,,,,,,2025-12-09T16:35:21.354000+00:00,👀 Site Visit,rich,0,,,false,,,,false,,,,,,,,,2025-12-09T16:35:22.352000+00:00,false,0,Animal Battle Stats,1446203750204047426
1447990013710041238,,,,,,true,,0000,0,,1446203750204047426,,0,Animal Battle Stats,,1446204139909550150,,,2025-12-09T16:35:21.622Z,,4491519,0,true,Visitor,Anonymous,,,,,,,,,,,,,,,,,,,,,,2025-12-09T16:35:21.188000+00:00,👀 Site Visit,rich,0,,,false,,,,false,,,,,,,,,2025-12-09T16:35:21.622000+00:00,false,0,Animal Battle Stats,1446203750204047426
1447990006416281711,,,,,,true,,0000,0,,1446203750204047426,,0,Animal Battle Stats,,1446204139909550150,,,2025-12-09T16:35:19.883Z,,6710886,0,true,User,RamiNoodle733,,,,,,,,,,,,,,,,,,,,,,2025-12-09T16:35:19.349000+00:00,👋 User Left Site,rich,0,,,false,,,,false,,,,,,,,,2025-12-09T16:35:19.883000+00:00,false,0,Animal Battle Stats,1446203750204047426
1447989966817726547,,,,,,true,,0000,0,,1446203750204047426,,0,Animal Battle Stats,,1446204139909550150,,,2025-12-09T16:35:10.442Z,,4491519,0,true,Visitor,RamiNoodle733,,,,,,,,,,,,,,,,,,,,,,2025-12-09T16:35:10.320000+00:00,👀 Site Visit,rich,0,,,false,,,,false,,,,,,,,,2025-12-09T16:35:10.442000+00:00,false,0,Animal Battle Stats,1446203750204047426
1447989964595007579,,,,,,true,,0000,0,,1446203750204047426,,0,Animal Battle Stats,,1446204139909550150,,,2025-12-09T16:35:09.912Z,,4491519,0,true,Visitor,RamiNoodle733,,,,,,,,,,,,,,,,,,,,,,2025-12-09T16:35:09.642000+00:00,👀 Site Visit,rich,0,,,false,,,,false,,,,,,,,,2025-12-09T16:35:09.912000+00:00,false,0,Animal Battle Stats,1446203750204047426
1447989964095619085,,,,,,true,,0000,0,,1446203750204047426,,0,Animal Battle Stats,,1446204139909550150,,,2025-12-09T16:35:09.793Z,,6710886,0,true,User,RamiNoodle733,,,,,,,,,,,,,,,,,,,,,,2025-12-09T16:35:07.763000+00:00,👋 User Left Site,rich,0,,,false,,,,false,,,,,,,,,2025-12-09T16:35:09.793000+00:00,false,0,Animal Battle Stats,1446203750204047426
1447989956374040679,,,,,,true,,0000,0,,1446203750204047426,,0,Animal Battle Stats,,1446204139909550150,,,2025-12-09T16:35:07.952Z,,4491519,0,true,Visitor,RamiNoodle733,,,,,,,,,,,,,,,,,,,,,,2025-12-09T16:35:07.543000+00:00,👀 Site Visit,rich,0,,,false,,,,false,,,,,,,,,2025-12-09T16:35:07.952000+00:00,false,0,Animal Battle Stats,1446203750204047426
1447989949168222319,,,,,,true,,0000,0,,1446203750204047426,,0,Animal Battle Stats,,1446204139909550150,,,2025-12-09T16:35:06.234Z,,6710886,0,true,User,RamiNoodle733,,,,,,,,,,,,,,,,,,,,,,2025-12-09T16:35:05.933000+00:00,👋 User Left Site,rich,0,,,false,,,,false,,,,,,,,,2025-12-09T16:35:06.234000+00:00,false,0,Animal Battle Stats,1446203750204047426
1447989934299545605,,,,,,true,,0000,0,,1446203750204047426,,0,Animal Battle Stats,,1446204139909550150,,,2025-12-09T16:35:02.689Z,,4491519,0,true,Visitor,RamiNoodle733,,,,,,,,,,,,,,,,,,,,,,2025-12-09T16:35:02.456000+00:00,👀 Site Visit,rich,0,,,false,,,,false,,,,,,,,,2025-12-09T16:35:02.689000+00:00,false,0,Animal Battle Stats,1446203750204047426
1447989933015826502,,,,,,true,,0000,0,,1446203750204047426,,0,Animal Battle Stats,,1446204139909550150,,,2025-12-09T16:35:02.383Z,,4491519,0,true,Visitor,RamiNoodle733,,,,,,,,,,,,,,,,,,,,,,2025-12-09T16:34:54.517000+00:00,👀 Site Visit,rich,0,,,false,,,,false,,,,,,,,,2025-12-09T16:35:02.383000+00:00,false,0,Animal Battle Stats,1446203750204047426
1447989932558651486,,,,,,true,,0000,0,,1446203750204047426,,0,Animal Battle Stats,,1446204139909550150,,,2025-12-09T16:35:02.274Z,,6710886,0,true,User,RamiNoodle733,,,,,,,,,,,,,,,,,,,,,,2025-12-09T16:35:01.728000+00:00,👋 User Left Site,rich,0,,,false,,,,false,,,,,,,,,2025-12-09T16:35:02.274000+00:00,false,0,Animal Battle Stats,1446203750204047426
1447981158833852498,,,,,,true,,0000,0,,1446203750204047426,,0,Animal Battle Stats,,1446204139909550150,,,2025-12-09T16:00:10.455Z,,6710886,0,true,User,RamiNoodle733,,,,,,,,,,,,,,,,,,,,,,2025-12-09T16:00:09.680000+00:00,👋 User Left Site,rich,0,,,false,,,,false,,,,,,,,,2025-12-09T16:00:10.455000+00:00,false,0,Animal Battle Stats,1446203750204047426
1447981158317949060,,,,,,true,,0000,0,,1446203750204047426,,0,Animal Battle Stats,,1446204139909550150,,,2025-12-09T16:00:10.332Z,,16750848,0,true,Username,RamiNoodle733,,,,,,,,,,,,,,,,,,,,,,2025-12-09T16:00:06.610000+00:00,🔒 User Logout,rich,0,,,false,,,,false,,,,,,,,,2025-12-09T16:00:10.332000+00:00,false,0,Animal Battle Stats,1446203750204047426
1447978582025703434,,,,,,true,,0000,0,,1446203750204047426,,0,Animal Battle Stats,,1446204139909550150,,,2025-12-09T15:49:56.096Z,,52360,0,true,By,RamiNoodle733,true,Comment Author,RamiNoodle733,true,On,Howler Monkey,,,,,,,,,,,,,,,,2025-12-09T15:49:55.847000+00:00,👍 Comment Upvoted,rich,0,,,false,,,,false,,,,,,,,,2025-12-09T15:49:56.096000+00:00,false,0,Animal Battle Stats,1446203750204047426
1447978578699620596,,,,,,true,,0000,0,,1446203750204047426,,0,Animal Battle Stats,,1446204139909550150,,,2025-12-09T15:49:55.303Z,,13382502,0,true,By,RamiNoodle733,true,Comment Author,RamiNoodle733,true,On,Howler Monkey,,,,,,,,,,,,,,,,2025-12-09T15:49:54.916000+00:00,👎 Comment Downvoted,rich,0,,,false,,,,false,,,,,,,,,2025-12-09T15:49:55.303000+00:00,false,0,Animal Battle Stats,1446203750204047426
1447978382972289117,,,,,,true,,0000,0,,1446203750204047426,,0,Animal Battle Stats,,1446204139909550150,,,2025-12-09T15:49:08.638Z,,4491519,0,true,Visitor,RamiNoodle733,,,,,,,,,,,,,,,,,,,,,,2025-12-09T15:49:08.372000+00:00,👀 Site Visit,rich,0,,,false,,,,false,,,,,,,,,2025-12-09T15:49:08.638000+00:00,false,0,Animal Battle Stats,1446203750204047426
1447978380132880414,,,,,,true,,0000,0,,1446203750204047426,,0,Animal Battle Stats,,1446204139909550150,,,2025-12-09T15:49:07.961Z,,6710886,0,true,User,RamiNoodle733,,,,,,,,,,,,,,,,,,,,,,2025-12-09T15:49:07.679000+00:00,👋 User Left Site,rich,0,,,false,,,,false,,,,,,,,,2025-12-09T15:49:07.961000+00:00,false,0,Animal Battle Stats,1446203750204047426
1447978291289002028,,,,,,true,,0000,0,,1446203750204047426,,0,Animal Battle Stats,,1446204139909550150,,,2025-12-09T15:48:46.779Z,,4491519,0,true,Visitor,RamiNoodle733,,,,,,,,,,,,,,,,,,,,,,2025-12-09T15:48:46.516000+00:00,👀 Site Visit,rich,0,,,false,,,,false,,,,,,,,,2025-12-09T15:48:46.779000+00:00,false,0,Animal Battle Stats,1446203750204047426
1447978287820443728,,,,,,true,,0000,0,,1446203750204047426,,0,Animal Battle Stats,,1446204139909550150,,,2025-12-09T15:48:45.952Z,,6710886,0,true,User,RamiNoodle733,,,,,,,,,,,,,,,,,,,,,,2025-12-09T15:48:43.874000+00:00,👋 User Left Site,rich,0,,,false,,,,false,,,,,,,,,2025-12-09T15:48:45.952000+00:00,false,0,Animal Battle Stats,1446203750204047426
1447973407722442868,,,,,,true,,0000,0,,1446203750204047426,,0,Animal Battle Stats,,1446204139909550150,,,2025-12-09T15:29:22.446Z,,4491519,0,true,Visitor,RamiNoodle733,,,,,,,,,,,,,,,,,,,,,,2025-12-09T15:29:22.165000+00:00,👀 Site Visit,rich,0,,,false,,,,false,,,,,,,,,2025-12-09T15:29:22.446000+00:00,false,0,Animal Battle Stats,1446203750204047426
1447972174659846175,,,,,,true,,0000,0,,1446203750204047426,,0,Animal Battle Stats,,1446204139909550150,,,2025-12-09T15:24:28.461Z,,4491519,0,true,Visitor,RamiNoodle733,,,,,,,,,,,,,,,,,,,,,,2025-12-09T15:24:28.135000+00:00,👀 Site Visit,rich,0,,,false,,,,false,,,,,,,,,2025-12-09T15:24:28.461000+00:00,false,0,Animal Battle Stats,1446203750204047426
1447971862507425812,,,,,,true,,0000,0,,1446203750204047426,,0,Animal Battle Stats,,1446204139909550150,,,2025-12-09T15:23:14.038Z,,4491519,0,true,Visitor,Anonymous,,,,,,,,,,,,,,,,,,,,,,2025-12-09T15:21:24.628000+00:00,👀 Site Visit,rich,0,,,false,,,,false,,,,,,,,,2025-12-09T15:23:14.038000+00:00,false,0,Animal Battle Stats,1446203750204047426
1447957123098087435,,,,,,true,,0000,0,,1446203750204047426,,0,Animal Battle Stats,,1446204139909550150,,,2025-12-09T14:24:39.889Z,,52360,0,true,By,RamiNoodle733,true,Comment Author,RamiNoodle733,true,On,Orca,,,,,,,,,,,,,,,,2025-12-09T14:24:39.575000+00:00,👍 Comment Upvoted,rich,0,,,false,,,,false,,,,,,,,,2025-12-09T14:24:39.889000+00:00,false,0,Animal Battle Stats,1446203750204047426
1447955283199529144,,,,,,true,,0000,0,,1446203750204047426,,0,Animal Battle Stats,,1446204139909550150,,,2025-12-09T14:17:21.223Z,,16739072,0,false,Matchup,Megalodon vs Orca,,,,,,,,,,,,,,,,,,,,,,2025-12-09T14:17:20.862000+00:00,⚔️ Battle Comparison,rich,0,,,false,,,,false,,,,,,,,,2025-12-09T14:17:21.223000+00:00,false,0,Animal Battle Stats,1446203750204047426
1447955263138168982,,,,,,true,,0000,0,,1446203750204047426,,0,Animal Battle Stats,,1446204139909550150,,,2025-12-09T14:17:16.440Z,,16739072,0,false,Matchup,Megalodon vs Orca,,,,,,,,,,,,,,,,,,,,,,2025-12-09T14:17:16.128000+00:00,⚔️ Battle Comparison,rich,0,,,false,,,,false,,,,,,,,,2025-12-09T14:17:16.440000+00:00,false,0,Animal Battle Stats,1446203750204047426
1447955254049247379,,,,,,true,,0000,0,,1446203750204047426,,0,Animal Battle Stats,,1446204139909550150,,,2025-12-09T14:17:14.273Z,,16739072,0,false,Matchup,Megalodon vs Orca,,,,,,,,,,,,,,,,,,,,,,2025-12-09T14:17:14.085000+00:00,⚔️ Battle Comparison,rich,0,,,false,,,,false,,,,,,,,,2025-12-09T14:17:14.273000+00:00,false,0,Animal Battle Stats,1446203750204047426
1447955238144442603,,,,,,true,,0000,0,,1446203750204047426,,0,Animal Battle Stats,,1446204139909550150,,,2025-12-09T14:17:10.481Z,,16739072,0,false,Matchup,Megalodon vs Orca,,,,,,,,,,,,,,,,,,,,,,2025-12-09T14:17:10.180000+00:00,⚔️ Battle Comparison,rich,0,,,false,,,,false,,,,,,,,,2025-12-09T14:17:10.481000+00:00,false,0,Animal Battle Stats,1446203750204047426
1447955228690481206,,,,,,true,,0000,0,,1446203750204047426,,0,Animal Battle Stats,,1446204139909550150,,,2025-12-09T14:17:08.227Z,,16739072,0,false,Matchup,Megalodon vs Orca,,,,,,,,,,,,,,,,,,,,,,2025-12-09T14:17:07.946000+00:00,⚔️ Battle Comparison,rich,0,,,false,,,,false,,,,,,,,,2025-12-09T14:17:08.227000+00:00,false,0,Animal Battle Stats,1446203750204047426
1447955207521701980,,,,,,true,,0000,0,,1446203750204047426,,0,Animal Battle Stats,,1446204139909550150,,,2025-12-09T14:17:03.180Z,,16739072,0,false,Matchup,Megalodon vs Orca,,,,,,,,,,,,,,,,,,,,,,2025-12-09T14:17:02.853000+00:00,⚔️ Battle Comparison,rich,0,,,false,,,,false,,,,,,,,,2025-12-09T14:17:03.180000+00:00,false,0,Animal Battle Stats,1446203750204047426
1447940255956074577,,,,,,true,,0000,0,,1446203750204047426,,0,Animal Battle Stats,,1446204139909550150,,,2025-12-09T13:17:38.449Z,,4491519,0,true,Visitor,RamiNoodle733,,,,,,,,,,,,,,,,,,,,,,2025-12-09T13:17:38.220000+00:00,👀 Site Visit,rich,0,,,false,,,,false,,,,,,,,,2025-12-09T13:17:38.449000+00:00,false,0,Animal Battle Stats,1446203750204047426
1447940249757024288,,,,,,true,,0000,0,,1446203750204047426,,0,Animal Battle Stats,,1446204139909550150,,,2025-12-09T13:17:36.971Z,,52326,0,true,Username,RamiNoodle733,,,,,,,,,,,,,,,,,,,,,,2025-12-09T13:17:31.048000+00:00,🔓 User Login,rich,0,,,false,,,,false,,,,,,,,,2025-12-09T13:17:36.971000+00:00,false,0,Animal Battle Stats,1446203750204047426
1447940247563403294,,,,,,true,,0000,0,,1446203750204047426,,0,Animal Battle Stats,,1446204139909550150,,,2025-12-09T13:17:36.448Z,,6710886,0,true,User,RamiNoodle733,,,,,,,,,,,,,,,,,,,,,,2025-12-09T13:17:36.138000+00:00,👋 User Left Site,rich,0,,,false,,,,false,,,,,,,,,2025-12-09T13:17:36.448000+00:00,false,0,Animal Battle Stats,1446203750204047426
1447939549463445515,,,,,,true,,0000,0,,1446203750204047426,,0,Animal Battle Stats,,1446204139909550150,,,2025-12-09T13:14:50.008Z,,16750848,0,true,Username,RamiNoodle733,,,,,,,,,,,,,,,,,,,,,,2025-12-09T13:14:49.671000+00:00,🔒 User Logout,rich,0,,,false,,,,false,,,,,,,,,2025-12-09T13:14:50.008000+00:00,false,0,Animal Battle Stats,1446203750204047426
1447938724649500806,,,,,,true,,0000,0,,1446203750204047426,,0,Animal Battle Stats,,1446204139909550150,,,2025-12-09T13:11:33.357Z,,4491519,0,true,Visitor,RamiNoodle733,,,,,,,,,,,,,,,,,,,,,,2025-12-09T13:11:33.080000+00:00,👀 Site Visit,rich,0,,,false,,,,false,,,,,,,,,2025-12-09T13:11:33.357000+00:00,false,0,Animal Battle Stats,1446203750204047426
1447938721373749382,,,,,,true,,0000,0,,1446203750204047426,,0,Animal Battle Stats,,1446204139909550150,,,2025-12-09T13:11:32.576Z,,6710886,0,true,User,RamiNoodle733,,,,,,,,,,,,,,,,,,,,,,2025-12-09T13:11:32.344000+00:00,👋 User Left Site,rich,0,,,false,,,,false,,,,,,,,,2025-12-09T13:11:32.576000+00:00,false,0,Animal Battle Stats,1446203750204047426
1447938040017195121,,,,,,true,,0000,0,,1446203750204047426,,0,Animal Battle Stats,,1446204139909550150,,,2025-12-09T13:08:50.128Z,,6710886,0,true,User,RamiNoodle733,,,,,,,,,,,,,,,,,,,,,,2025-12-09T13:08:49.034000+00:00,👋 User Left Site,rich,0,,,false,,,,false,,,,,,,,,2025-12-09T13:08:50.128000+00:00,false,0,Animal Battle Stats,1446203750204047426
1447938040017190932,,,,,,true,,0000,0,,1446203750204047426,,0,Animal Battle Stats,,1446204139909550150,,,2025-12-09T13:08:50.128Z,,4491519,0,true,Visitor,RamiNoodle733,,,,,,,,,,,,,,,,,,,,,,2025-12-09T13:08:49.889000+00:00,👀 Site Visit,rich,0,,,false,,,,false,,,,,,,,,2025-12-09T13:08:50.128000+00:00,false,0,Animal Battle Stats,1446203750204047426
1447937480291516478,,,,,,true,,0000,0,,1446203750204047426,,0,Animal Battle Stats,,1446204139909550150,,,2025-12-09T13:06:36.679Z,,4491519,0,true,Visitor,RamiNoodle733,,,,,,,,,,,,,,,,,,,,,,2025-12-09T13:06:36.355000+00:00,👀 Site Visit,rich,0,,,false,,,,false,,,,,,,,,2025-12-09T13:06:36.679000+00:00,false,0,Animal Battle Stats,1446203750204047426
1447937476407722135,,,,,,true,,0000,0,,1446203750204047426,,0,Animal Battle Stats,,1446204139909550150,,,2025-12-09T13:06:35.753Z,,6710886,0,true,User,RamiNoodle733,,,,,,,,,,,,,,,,,,,,,,2025-12-09T13:06:34.758000+00:00,👋 User Left Site,rich,0,,,false,,,,false,,,,,,,,,2025-12-09T13:06:35.753000+00:00,false,0,Animal Battle Stats,1446203750204047426
1447937393133879296,,,,,,true,,0000,0,,1446203750204047426,,0,Animal Battle Stats,,1446204139909550150,,,2025-12-09T13:06:15.899Z,,4491519,0,true,Visitor,Anonymous,,,,,,,,,,,,,,,,,,,,,,2025-12-09T13:06:15.549000+00:00,👀 Site Visit,rich,0,,,false,,,,false,,,,,,,,,2025-12-09T13:06:15.899000+00:00,false,0,Animal Battle Stats,1446203750204047426
1447937391817134183,,,,,,true,,0000,0,,1446203750204047426,,0,Animal Battle Stats,,1446204139909550150,,,2025-12-09T13:06:15.585Z,,4491519,0,true,Visitor,Anonymous,,,,,,,,,,,,,,,,,,,,,,2025-12-09T13:06:15.145000+00:00,👀 Site Visit,rich,0,,,false,,,,false,,,,,,,,,2025-12-09T13:06:15.585000+00:00,false,0,Animal Battle Stats,1446203750204047426
1447929655205167135,,,,,,true,,0000,0,,1446203750204047426,,0,Animal Battle Stats,,1446204139909550150,,,2025-12-09T12:35:31.033Z,,4491519,0,true,Visitor,Anonymous,,,,,,,,,,,,,,,,,,,,,,2025-12-09T12:35:30.639000+00:00,👀 Site Visit,rich,0,,,false,,,,false,,,,,,,,,2025-12-09T12:35:31.033000+00:00,false,0,Animal Battle Stats,1446203750204047426
1447929653225459803,,,,,,true,,0000,0,,1446203750204047426,,0,Animal Battle Stats,,1446204139909550150,,,2025-12-09T12:35:30.561Z,,4491519,0,true,Visitor,Anonymous,,,,,,,,,,,,,,,,,,,,,,2025-12-09T12:35:13.999000+00:00,👀 Site Visit,rich,0,,,false,,,,false,,,,,,,,,2025-12-09T12:35:30.561000+00:00,false,0,Animal Battle Stats,1446203750204047426
1447916907196973076,,,,,,true,,0000,0,,1446203750204047426,,0,Animal Battle Stats,,1446204139909550150,,,2025-12-09T11:44:51.671Z,,4491519,0,true,Visitor,RamiNoodle733,,,,,,,,,,,,,,,,,,,,,,2025-12-09T11:44:51.429000+00:00,👀 Site Visit,rich,0,,,false,,,,false,,,,,,,,,2025-12-09T11:44:51.671000+00:00,false,0,Animal Battle Stats,1446203750204047426
1447916904965738649,,,,,,true,,0000,0,,1446203750204047426,,0,Animal Battle Stats,,1446204139909550150,,,2025-12-09T11:44:51.139Z,,6710886,0,true,User,RamiNoodle733,,,,,,,,,,,,,,,,,,,,,,2025-12-09T11:44:50.855000+00:00,👋 User Left Site,rich,0,,,false,,,,false,,,,,,,,,2025-12-09T11:44:51.139000+00:00,false,0,Animal Battle Stats,1446203750204047426
1447916893871800522,,,,,,true,,0000,0,,1446203750204047426,,0,Animal Battle Stats,,1446204139909550150,,,2025-12-09T11:44:48.494Z,,4491519,0,true,Visitor,RamiNoodle733,,,,,,,,,,,,,,,,,,,,,,2025-12-09T11:44:48.072000+00:00,👀 Site Visit,rich,0,,,false,,,,false,,,,,,,,,2025-12-09T11:44:48.494000+00:00,false,0,Animal Battle Stats,1446203750204047426
1447916890063372328,,,,,,true,,0000,0,,1446203750204047426,,0,Animal Battle Stats,,1446204139909550150,,,2025-12-09T11:44:47.586Z,,6710886,0,true,User,RamiNoodle733,,,,,,,,,,,,,,,,,,,,,,2025-12-09T11:44:47.371000+00:00,👋 User Left Site,rich,0,,,false,,,,false,,,,,,,,,2025-12-09T11:44:47.586000+00:00,false,0,Animal Battle Stats,1446203750204047426
1447916767207751711,,,,,,true,,0000,0,,1446203750204047426,,0,Animal Battle Stats,,1446204139909550150,,,2025-12-09T11:44:18.295Z,,4491519,0,true,Visitor,RamiNoodle733,,,,,,,,,,,,,,,,,,,,,,2025-12-09T11:44:18.010000+00:00,👀 Site Visit,rich,0,,,false,,,,false,,,,,,,,,2025-12-09T11:44:18.295000+00:00,false,0,Animal Battle Stats,1446203750204047426
1447916764737306785,,,,,,true,,0000,0,,1446203750204047426,,0,Animal Battle Stats,,1446204139909550150,,,2025-12-09T11:44:17.706Z,,6710886,0,true,User,RamiNoodle733,,,,,,,,,,,,,,,,,,,,,,2025-12-09T11:44:17.427000+00:00,👋 User Left Site,rich,0,,,false,,,,false,,,,,,,,,2025-12-09T11:44:17.706000+00:00,false,0,Animal Battle Stats,1446203750204047426
1447916506670170268,,,,,,true,,0000,0,,1446203750204047426,,0,Animal Battle Stats,,1446204139909550150,,,2025-12-09T11:43:16.178Z,,4491519,0,true,Visitor,RamiNoodle733,,,,,,,,,,,,,,,,,,,,,,2025-12-09T11:43:15.843000+00:00,👀 Site Visit,rich,0,,,false,,,,false,,,,,,,,,2025-12-09T11:43:16.178000+00:00,false,0,Animal Battle Stats,1446203750204047426
1447916498914906165,,,,,,true,,0000,0,,1446203750204047426,,0,Animal Battle Stats,,1446204139909550150,,,2025-12-09T11:43:14.329Z,,6710886,0,true,User,RamiNoodle733,,,,,,,,,,,,,,,,,,,,,,2025-12-09T11:43:14.056000+00:00,👋 User Left Site,rich,0,,,false,,,,false,,,,,,,,,2025-12-09T11:43:14.329000+00:00,false,0,Animal Battle Stats,1446203750204047426
1447916386805350491,,,,,,true,,0000,0,,1446203750204047426,,0,Animal Battle Stats,,1446204139909550150,,,2025-12-09T11:42:47.600Z,,4491519,0,true,Visitor,RamiNoodle733,,,,,,,,,,,,,,,,,,,,,,2025-12-09T11:42:47.386000+00:00,👀 Site Visit,rich,0,,,false,,,,false,,,,,,,,,2025-12-09T11:42:47.600000+00:00,false,0,Animal Battle Stats,1446203750204047426
1447916379662716939,,,,,,true,,0000,0,,1446203750204047426,,0,Animal Battle Stats,,1446204139909550150,,,2025-12-09T11:42:45.897Z,,6710886,0,true,User,RamiNoodle733,,,,,,,,,,,,,,,,,,,,,,2025-12-09T11:42:45.622000+00:00,👋 User Left Site,rich,0,,,false,,,,false,,,,,,,,,2025-12-09T11:42:45.897000+00:00,false,0,Animal Battle Stats,1446203750204047426
1447916378551222384,,,,,,true,,0000,0,,1446203750204047426,,0,Animal Battle Stats,,1446204139909550150,,,2025-12-09T11:42:45.632Z,,4491519,0,true,Visitor,RamiNoodle733,,,,,,,,,,,,,,,,,,,,,,2025-12-09T11:42:45.298000+00:00,👀 Site Visit,rich,0,,,false,,,,false,,,,,,,,,2025-12-09T11:42:45.632000+00:00,false,0,Animal Battle Stats,1446203750204047426
1447916376995135620,,,,,,true,,0000,0,,1446203750204047426,,0,Animal Battle Stats,,1446204139909550150,,,2025-12-09T11:42:45.261Z,,6710886,0,true,User,RamiNoodle733,,,,,,,,,,,,,,,,,,,,,,2025-12-09T11:42:44.101000+00:00,👋 User Left Site,rich,0,,,false,,,,false,,,,,,,,,2025-12-09T11:42:45.261000+00:00,false,0,Animal Battle Stats,1446203750204047426
1447916373069267066,,,,,,true,,0000,0,,1446203750204047426,,0,Animal Battle Stats,,1446204139909550150,,,2025-12-09T11:42:44.325Z,,6710886,0,true,User,RamiNoodle733,,,,,,,,,,,,,,,,,,,,,,2025-12-09T11:42:43.956000+00:00,👋 User Left Site,rich,0,,,false,,,,false,,,,,,,,,2025-12-09T11:42:44.325000+00:00,false,0,Animal Battle Stats,1446203750204047426
1447916370573393984,,,,,,true,,0000,0,,1446203750204047426,,0,Animal Battle Stats,,1446204139909550150,,,2025-12-09T11:42:43.730Z,,4491519,0,true,Visitor,RamiNoodle733,,,,,,,,,,,,,,,,,,,,,,2025-12-09T11:42:43.364000+00:00,👀 Site Visit,rich,0,,,false,,,,false,,,,,,,,,2025-12-09T11:42:43.730000+00:00,false,0,Animal Battle Stats,1446203750204047426
1447916365473382533,,,,,,true,,0000,0,,1446203750204047426,,0,Animal Battle Stats,,1446204139909550150,,,2025-12-09T11:42:42.514Z,,6710886,0,true,User,RamiNoodle733,,,,,,,,,,,,,,,,,,,,,,2025-12-09T11:42:42.298000+00:00,👋 User Left Site,rich,0,,,false,,,,false,,,,,,,,,2025-12-09T11:42:42.514000+00:00,false,0,Animal Battle Stats,1446203750204047426
1447916364797837404,,,,,,true,,0000,0,,1446203750204047426,,0,Animal Battle Stats,,1446204139909550150,,,2025-12-09T11:42:42.353Z,,4491519,0,true,Visitor,RamiNoodle733,,,,,,,,,,,,,,,,,,,,,,2025-12-09T11:42:42.098000+00:00,👀 Site Visit,rich,0,,,false,,,,false,,,,,,,,,2025-12-09T11:42:42.353000+00:00,false,0,Animal Battle Stats,1446203750204047426
1447916360373108819,,,,,,true,,0000,0,,1446203750204047426,,0,Animal Battle Stats,,1446204139909550150,,,2025-12-09T11:42:41.298Z,,6710886,0,true,User,RamiNoodle733,,,,,,,,,,,,,,,,,,,,,,2025-12-09T11:42:39.955000+00:00,👋 User Left Site,rich,0,,,false,,,,false,,,,,,,,,2025-12-09T11:42:41.298000+00:00,false,0,Animal Battle Stats,1446203750204047426
1447916289158025276,,,,,,true,,0000,0,,1446203750204047426,,0,Animal Battle Stats,,1446204139909550150,,,2025-12-09T11:42:24.319Z,,4491519,0,true,Visitor,Anonymous,,,,,,,,,,,,,,,,,,,,,,2025-12-09T11:42:23.840000+00:00,👀 Site Visit,rich,0,,,false,,,,false,,,,,,,,,2025-12-09T11:42:24.319000+00:00,false,0,Animal Battle Stats,1446203750204047426
1447869048384655411,,,,,,true,,0000,0,,1446203750204047426,,0,Animal Battle Stats,,1446204139909550150,,,2025-12-09T08:34:41.241Z,,4491519,0,true,Visitor,RamiNoodle733,,,,,,,,,,,,,,,,,,,,,,2025-12-09T08:34:41.011000+00:00,👀 Site Visit,rich,0,,,false,,,,false,,,,,,,,,2025-12-09T08:34:41.241000+00:00,false,0,Animal Battle Stats,1446203750204047426
1447869047537402060,,,,,,true,,0000,0,,1446203750204047426,,0,Animal Battle Stats,,1446204139909550150,,,2025-12-09T08:34:41.039Z,,4491519,0,true,Visitor,RamiNoodle733,,,,,,,,,,,,,,,,,,,,,,2025-12-09T08:34:21.025000+00:00,👀 Site Visit,rich,0,,,false,,,,false,,,,,,,,,2025-12-09T08:34:41.039000+00:00,false,0,Animal Battle Stats,1446203750204047426
1447785288393953392,,,,,,true,,0000,0,,1446203750204047426,,0,Animal Battle Stats,,1446204139909550150,,,2025-12-09T03:01:51.303Z,,4491519,0,true,Visitor,RamiNoodle733,,,,,,,,,,,,,,,,,,,,,,2025-12-09T03:01:47.031000+00:00,👀 Site Visit,rich,0,,,false,,,,false,,,,,,,,,2025-12-09T03:01:51.303000+00:00,false,0,Animal Battle Stats,1446203750204047426
1447785259591799025,,,,,,true,,0000,0,,1446203750204047426,,0,Animal Battle Stats,,1446204139909550150,,,2025-12-09T03:01:44.436Z,,6710886,0,true,User,RamiNoodle733,,,,,,,,,,,,,,,,,,,,,,2025-12-09T03:01:44.176000+00:00,👋 User Left Site,rich,0,,,false,,,,false,,,,,,,,,2025-12-09T03:01:44.436000+00:00,false,0,Animal Battle Stats,1446203750204047426
1447784950861660300,,,,,,true,,0000,0,,1446203750204047426,,0,Animal Battle Stats,,1446204139909550150,,,2025-12-09T03:00:30.829Z,,4491519,0,true,Visitor,RamiNoodle733,,,,,,,,,,,,,,,,,,,,,,2025-12-09T03:00:30.438000+00:00,👀 Site Visit,rich,0,,,false,,,,false,,,,,,,,,2025-12-09T03:00:30.829000+00:00,false,0,Animal Battle Stats,1446203750204047426
1447784947959205969,,,,,,true,,0000,0,,1446203750204047426,,0,Animal Battle Stats,,1446204139909550150,,,2025-12-09T03:00:30.137Z,,6710886,0,true,User,RamiNoodle733,,,,,,,,,,,,,,,,,,,,,,2025-12-09T03:00:29.607000+00:00,👋 User Left Site,rich,0,,,false,,,,false,,,,,,,,,2025-12-09T03:00:30.137000+00:00,false,0,Animal Battle Stats,1446203750204047426
1447784947812139141,,,,,,true,,0000,0,,1446203750204047426,,0,Animal Battle Stats,,1446204139909550150,,,2025-12-09T03:00:30.102Z,,4491519,0,true,Visitor,RamiNoodle733,,,,,,,,,,,,,,,,,,,,,,2025-12-09T03:00:26.367000+00:00,👀 Site Visit,rich,0,,,false,,,,false,,,,,,,,,2025-12-09T03:00:30.102000+00:00,false,0,Animal Battle Stats,1446203750204047426
1447784908511776829,,,,,,true,,0000,0,,1446203750204047426,,0,Animal Battle Stats,,1446204139909550150,,,2025-12-09T03:00:20.732Z,,4491519,0,true,Visitor,RamiNoodle733,,,,,,,,,,,,,,,,,,,,,,2025-12-09T03:00:15.356000+00:00,👀 Site Visit,rich,0,,,false,,,,false,,,,,,,,,2025-12-09T03:00:20.732000+00:00,false,0,Animal Battle Stats,1446203750204047426
1447784880472850432,,,,,,true,,0000,0,,1446203750204047426,,0,Animal Battle Stats,,1446204139909550150,,,2025-12-09T03:00:14.047Z,,4491519,0,true,Visitor,RamiNoodle733,,,,,,,,,,,,,,,,,,,,,,2025-12-09T03:00:13.508000+00:00,👀 Site Visit,rich,0,,,false,,,,false,,,,,,,,,2025-12-09T03:00:14.047000+00:00,false,0,Animal Battle Stats,1446203750204047426
1447784872373387304,,,,,,true,,0000,0,,1446203750204047426,,0,Animal Battle Stats,,1446204139909550150,,,2025-12-09T03:00:12.116Z,,6710886,0,true,User,RamiNoodle733,,,,,,,,,,,,,,,,,,,,,,2025-12-09T03:00:11.766000+00:00,👋 User Left Site,rich,0,,,false,,,,false,,,,,,,,,2025-12-09T03:00:12.116000+00:00,false,0,Animal Battle Stats,1446203750204047426
1447784837925572650,,,,,,true,,0000,0,,1446203750204047426,,0,Animal Battle Stats,,1446204139909550150,,,2025-12-09T03:00:03.903Z,,4491519,0,true,Visitor,RamiNoodle733,,,,,,,,,,,,,,,,,,,,,,2025-12-09T03:00:03.548000+00:00,👀 Site Visit,rich,0,,,false,,,,false,,,,,,,,,2025-12-09T03:00:03.903000+00:00,false,0,Animal Battle Stats,1446203750204047426
1447784837460267181,,,,,,true,,0000,0,,1446203750204047426,,0,Animal Battle Stats,,1446204139909550150,,,2025-12-09T03:00:03.792Z,,4491519,0,true,Visitor,RamiNoodle733,,,,,,,,,,,,,,,,,,,,,,2025-12-09T02:59:57.911000+00:00,👀 Site Visit,rich,0,,,false,,,,false,,,,,,,,,2025-12-09T03:00:03.792000+00:00,false,0,Animal Battle Stats,1446203750204047426
1447784836570808371,,,,,,true,,0000,0,,1446203750204047426,,0,Animal Battle Stats,,1446204139909550150,,,2025-12-09T03:00:03.580Z,,6710886,0,true,User,RamiNoodle733,,,,,,,,,,,,,,,,,,,,,,2025-12-09T03:00:02.301000+00:00,👋 User Left Site,rich,0,,,false,,,,false,,,,,,,,,2025-12-09T03:00:03.580000+00:00,false,0,Animal Battle Stats,1446203750204047426
1447780924229025866,,,,,,true,,0000,0,,1446203750204047426,,0,Animal Battle Stats,,1446204139909550150,,,2025-12-09T02:44:30.805Z,,4491519,0,true,Visitor,RamiNoodle733,,,,,,,,,,,,,,,,,,,,,,2025-12-09T02:44:30.577000+00:00,👀 Site Visit,rich,0,,,false,,,,false,,,,,,,,,2025-12-09T02:44:30.805000+00:00,false,0,Animal Battle Stats,1446203750204047426
1447780921280561254,,,,,,true,,0000,0,,1446203750204047426,,0,Animal Battle Stats,,1446204139909550150,,,2025-12-09T02:44:30.102Z,,6710886,0,true,User,RamiNoodle733,,,,,,,,,,,,,,,,,,,,,,2025-12-09T02:44:29.808000+00:00,👋 User Left Site,rich,0,,,false,,,,false,,,,,,,,,2025-12-09T02:44:30.102000+00:00,false,0,Animal Battle Stats,1446203750204047426
1447779955420299377,,,,,,true,,0000,0,,1446203750204047426,,0,Animal Battle Stats,,1446204139909550150,,,2025-12-09T02:40:39.823Z,,4491519,0,true,Visitor,RamiNoodle733,,,,,,,,,,,,,,,,,,,,,,2025-12-09T02:40:39.414000+00:00,👀 Site Visit,rich,0,,,false,,,,false,,,,,,,,,2025-12-09T02:40:39.823000+00:00,false,0,Animal Battle Stats,1446203750204047426
1447779951846883410,,,,,,true,,0000,0,,1446203750204047426,,0,Animal Battle Stats,,1446204139909550150,,,2025-12-09T02:40:38.971Z,,6710886,0,true,User,RamiNoodle733,,,,,,,,,,,,,,,,,,,,,,2025-12-09T02:40:38.248000+00:00,👋 User Left Site,rich,0,,,false,,,,false,,,,,,,,,2025-12-09T02:40:38.971000+00:00,false,0,Animal Battle Stats,1446203750204047426
1447779558832083046,,,,,,true,,0000,0,,1446203750204047426,,0,Animal Battle Stats,,1446204139909550150,,,2025-12-09T02:39:05.269Z,,4491519,0,true,Visitor,RamiNoodle733,,,,,,,,,,,,,,,,,,,,,,2025-12-09T02:39:05.009000+00:00,👀 Site Visit,rich,0,,,false,,,,false,,,,,,,,,2025-12-09T02:39:05.269000+00:00,false,0,Animal Battle Stats,1446203750204047426
1447779554235121840,,,,,,true,,0000,0,,1446203750204047426,,0,Animal Battle Stats,,1446204139909550150,,,2025-12-09T02:39:04.173Z,,6710886,0,true,User,RamiNoodle733,,,,,,,,,,,,,,,,,,,,,,2025-12-09T02:39:03.973000+00:00,👋 User Left Site,rich,0,,,false,,,,false,,,,,,,,,2025-12-09T02:39:04.173000+00:00,false,0,Animal Battle Stats,1446203750204047426
1447779552204947539,,,,,,true,,0000,0,,1446203750204047426,,0,Animal Battle Stats,,1446204139909550150,,,2025-12-09T02:39:03.689Z,,4491519,0,true,Visitor,RamiNoodle733,,,,,,,,,,,,,,,,,,,,,,2025-12-09T02:39:03.459000+00:00,👀 Site Visit,rich,0,,,false,,,,false,,,,,,,,,2025-12-09T02:39:03.689000+00:00,false,0,Animal Battle Stats,1446203750204047426
1447779550720430261,,,,,,true,,0000,0,,1446203750204047426,,0,Animal Battle Stats,,1446204139909550150,,,2025-12-09T02:39:03.335Z,,4491519,0,true,Visitor,RamiNoodle733,,,,,,,,,,,,,,,,,,,,,,2025-12-09T02:39:03.036000+00:00,👀 Site Visit,rich,0,,,false,,,,false,,,,,,,,,2025-12-09T02:39:03.335000+00:00,false,0,Animal Battle Stats,1446203750204047426
1447779545880203400,,,,,,true,,0000,0,,1446203750204047426,,0,Animal Battle Stats,,1446204139909550150,,,2025-12-09T02:39:02.181Z,,6710886,0,true,User,RamiNoodle733,,,,,,,,,,,,,,,,,,,,,,2025-12-09T02:39:01.695000+00:00,👋 User Left Site,rich,0,,,false,,,,false,,,,,,,,,2025-12-09T02:39:02.181000+00:00,false,0,Animal Battle Stats,1446203750204047426
1447779538720526437,,,,,,true,,0000,0,,1446203750204047426,,0,Animal Battle Stats,,1446204139909550150,,,2025-12-09T02:39:00.474Z,,4491519,0,true,Visitor,RamiNoodle733,,,,,,,,,,,,,,,,,,,,,,2025-12-09T02:39:00.257000+00:00,👀 Site Visit,rich,0,,,false,,,,false,,,,,,,,,2025-12-09T02:39:00.474000+00:00,false,0,Animal Battle Stats,1446203750204047426
1447779525772574841,,,,,,true,,0000,0,,1446203750204047426,,0,Animal Battle Stats,,1446204139909550150,,,2025-12-09T02:38:57.387Z,,6710886,0,true,User,RamiNoodle733,,,,,,,,,,,,,,,,,,,,,,2025-12-09T02:38:57.140000+00:00,👋 User Left Site,rich,0,,,false,,,,false,,,,,,,,,2025-12-09T02:38:57.387000+00:00,false,0,Animal Battle Stats,1446203750204047426
1447779523209990266,,,,,,true,,0000,0,,1446203750204047426,,0,Animal Battle Stats,,1446204139909550150,,,2025-12-09T02:38:56.776Z,,4491519,0,true,Visitor,RamiNoodle733,,,,,,,,,,,,,,,,,,,,,,2025-12-09T02:38:56.503000+00:00,👀 Site Visit,rich,0,,,false,,,,false,,,,,,,,,2025-12-09T02:38:56.776000+00:00,false,0,Animal Battle Stats,1446203750204047426
1447779520747667648,,,,,,true,,0000,0,,1446203750204047426,,0,Animal Battle Stats,,1446204139909550150,,,2025-12-09T02:38:56.189Z,,6710886,0,true,User,RamiNoodle733,,,,,,,,,,,,,,,,,,,,,,2025-12-09T02:38:55.826000+00:00,👋 User Left Site,rich,0,,,false,,,,false,,,,,,,,,2025-12-09T02:38:56.189000+00:00,false,0,Animal Battle Stats,1446203750204047426
1447779365067952158,,,,,,true,,0000,0,,1446203750204047426,,0,Animal Battle Stats,,1446204139909550150,,,2025-12-09T02:38:19.072Z,,6710886,0,true,User,RamiNoodle733,,,,,,,,,,,,,,,,,,,,,,2025-12-09T02:38:18.826000+00:00,👋 User Left Site,rich,0,,,false,,,,false,,,,,,,,,2025-12-09T02:38:19.072000+00:00,false,0,Animal Battle Stats,1446203750204047426
1447779364056989716,,,,,,true,,0000,0,,1446203750204047426,,0,Animal Battle Stats,,1446204139909550150,,,2025-12-09T02:38:18.831Z,,4491519,0,true,Visitor,RamiNoodle733,,,,,,,,,,,,,,,,,,,,,,2025-12-09T02:38:18.495000+00:00,👀 Site Visit,rich,0,,,false,,,,false,,,,,,,,,2025-12-09T02:38:18.831000+00:00,false,0,Animal Battle Stats,1446203750204047426
1447779264798789683,,,,,,true,,0000,0,,1446203750204047426,,0,Animal Battle Stats,,1446204139909550150,,,2025-12-09T02:37:55.166Z,,4491519,0,true,Visitor,RamiNoodle733,,,,,,,,,,,,,,,,,,,,,,2025-12-09T02:37:53.749000+00:00,👀 Site Visit,rich,0,,,false,,,,false,,,,,,,,,2025-12-09T02:37:55.166000+00:00,false,0,Animal Battle Stats,1446203750204047426
1447779257500696776,,,,,,true,,0000,0,,1446203750204047426,,0,Animal Battle Stats,,1446204139909550150,,,2025-12-09T02:37:53.426Z,,6710886,0,true,User,RamiNoodle733,,,,,,,,,,,,,,,,,,,,,,2025-12-09T02:37:53.160000+00:00,👋 User Left Site,rich,0,,,false,,,,false,,,,,,,,,2025-12-09T02:37:53.426000+00:00,false,0,Animal Battle Stats,1446203750204047426
1447779245668700161,,,,,,true,,0000,0,,1446203750204047426,,0,Animal Battle Stats,,1446204139909550150,,,2025-12-09T02:37:50.605Z,,4491519,0,true,Visitor,RamiNoodle733,,,,,,,,,,,,,,,,,,,,,,2025-12-09T02:37:50.395000+00:00,👀 Site Visit,rich,0,,,false,,,,false,,,,,,,,,2025-12-09T02:37:50.605000+00:00,false,0,Animal Battle Stats,1446203750204047426
1447779242929553482,,,,,,true,,0000,0,,1446203750204047426,,0,Animal Battle Stats,,1446204139909550150,,,2025-12-09T02:37:49.952Z,,6710886,0,true,User,RamiNoodle733,,,,,,,,,,,,,,,,,,,,,,2025-12-09T02:37:49.607000+00:00,👋 User Left Site,rich,0,,,false,,,,false,,,,,,,,,2025-12-09T02:37:49.952000+00:00,false,0,Animal Battle Stats,1446203750204047426
1447778518338371668,,,,,,true,,0000,0,,1446203750204047426,,0,Animal Battle Stats,,1446204139909550150,,,2025-12-09T02:34:57.196Z,,4491519,0,true,Visitor,RamiNoodle733,,,,,,,,,,,,,,,,,,,,,,2025-12-09T02:34:56.866000+00:00,👀 Site Visit,rich,0,,,false,,,,false,,,,,,,,,2025-12-09T02:34:57.196000+00:00,false,0,Animal Battle Stats,1446203750204047426
1447778514953568408,,,,,,true,,0000,0,,1446203750204047426,,0,Animal Battle Stats,,1446204139909550150,,,2025-12-09T02:34:56.389Z,,6710886,0,true,User,RamiNoodle733,,,,,,,,,,,,,,,,,,,,,,2025-12-09T02:34:56.146000+00:00,👋 User Left Site,rich,0,,,false,,,,false,,,,,,,,,2025-12-09T02:34:56.389000+00:00,false,0,Animal Battle Stats,1446203750204047426
1447778511774552109,,,,,,true,,0000,0,,1446203750204047426,,0,Animal Battle Stats,,1446204139909550150,,,2025-12-09T02:34:55.631Z,,4491519,0,true,Visitor,RamiNoodle733,,,,,,,,,,,,,,,,,,,,,,2025-12-09T02:34:55.431000+00:00,👀 Site Visit,rich,0,,,false,,,,false,,,,,,,,,2025-12-09T02:34:55.631000+00:00,false,0,Animal Battle Stats,1446203750204047426
1447778508809044030,,,,,,true,,0000,0,,1446203750204047426,,0,Animal Battle Stats,,1446204139909550150,,,2025-12-09T02:34:54.924Z,,6710886,0,true,User,RamiNoodle733,,,,,,,,,,,,,,,,,,,,,,2025-12-09T02:34:54.791000+00:00,👋 User Left Site,rich,0,,,false,,,,false,,,,,,,,,2025-12-09T02:34:54.924000+00:00,false,0,Animal Battle Stats,1446203750204047426
1447778480782708736,,,,,,true,,0000,0,,1446203750204047426,,0,Animal Battle Stats,,1446204139909550150,,,2025-12-09T02:34:48.242Z,,4491519,0,true,Visitor,RamiNoodle733,,,,,,,,,,,,,,,,,,,,,,2025-12-09T02:34:47.950000+00:00,👀 Site Visit,rich,0,,,false,,,,false,,,,,,,,,2025-12-09T02:34:48.242000+00:00,false,0,Animal Battle Stats,1446203750204047426
1447778478299545662,,,,,,true,,0000,0,,1446203750204047426,,0,Animal Battle Stats,,1446204139909550150,,,2025-12-09T02:34:47.650Z,,6710886,0,true,User,RamiNoodle733,,,,,,,,,,,,,,,,,,,,,,2025-12-09T02:34:47.249000+00:00,👋 User Left Site,rich,0,,,false,,,,false,,,,,,,,,2025-12-09T02:34:47.650000+00:00,false,0,Animal Battle Stats,1446203750204047426
1447778394509934726,,,,,,true,,0000,0,,1446203750204047426,,0,Animal Battle Stats,,1446204139909550150,,,2025-12-09T02:34:27.673Z,,4491519,0,true,Visitor,RamiNoodle733,,,,,,,,,,,,,,,,,,,,,,2025-12-09T02:34:27.455000+00:00,👀 Site Visit,rich,0,,,false,,,,false,,,,,,,,,2025-12-09T02:34:27.673000+00:00,false,0,Animal Battle Stats,1446203750204047426
1447778392291410074,,,,,,true,,0000,0,,1446203750204047426,,0,Animal Battle Stats,,1446204139909550150,,,2025-12-09T02:34:27.144Z,,6710886,0,true,User,RamiNoodle733,,,,,,,,,,,,,,,,,,,,,,2025-12-09T02:34:26.895000+00:00,👋 User Left Site,rich,0,,,false,,,,false,,,,,,,,,2025-12-09T02:34:27.144000+00:00,false,0,Animal Battle Stats,1446203750204047426
1447778352021770424,,,,,,true,,0000,0,,1446203750204047426,,0,Animal Battle Stats,,1446204139909550150,,,2025-12-09T02:34:17.543Z,,4491519,0,true,Visitor,RamiNoodle733,,,,,,,,,,,,,,,,,,,,,,2025-12-09T02:34:17.261000+00:00,👀 Site Visit,rich,0,,,false,,,,false,,,,,,,,,2025-12-09T02:34:17.543000+00:00,false,0,Animal Battle Stats,1446203750204047426
1447778350209830932,,,,,,true,,0000,0,,1446203750204047426,,0,Animal Battle Stats,,1446204139909550150,,,2025-12-09T02:34:17.111Z,,4491519,0,true,Visitor,RamiNoodle733,,,,,,,,,,,,,,,,,,,,,,2025-12-09T02:34:11.121000+00:00,👀 Site Visit,rich,0,,,false,,,,false,,,,,,,,,2025-12-09T02:34:17.111000+00:00,false,0,Animal Battle Stats,1446203750204047426
1447778350042189965,,,,,,true,,0000,0,,1446203750204047426,,0,Animal Battle Stats,,1446204139909550150,,,2025-12-09T02:34:17.071Z,,6710886,0,true,User,RamiNoodle733,,,,,,,,,,,,,,,,,,,,,,2025-12-09T02:34:16.456000+00:00,👋 User Left Site,rich,0,,,false,,,,false,,,,,,,,,2025-12-09T02:34:17.071000+00:00,false,0,Animal Battle Stats,1446203750204047426
1447778311462981652,,,,,,true,,0000,0,,1446203750204047426,,0,Animal Battle Stats,,1446204139909550150,,,2025-12-09T02:34:07.873Z,,4491519,0,true,Visitor,RamiNoodle733,,,,,,,,,,,,,,,,,,,,,,2025-12-09T02:34:07.534000+00:00,👀 Site Visit,rich,0,,,false,,,,false,,,,,,,,,2025-12-09T02:34:07.873000+00:00,false,0,Animal Battle Stats,1446203750204047426
1447778308992405524,,,,,,true,,0000,0,,1446203750204047426,,0,Animal Battle Stats,,1446204139909550150,,,2025-12-09T02:34:07.284Z,,6710886,0,true,User,RamiNoodle733,,,,,,,,,,,,,,,,,,,,,,2025-12-09T02:34:06.535000+00:00,👋 User Left Site,rich,0,,,false,,,,false,,,,,,,,,2025-12-09T02:34:07.284000+00:00,false,0,Animal Battle Stats,1446203750204047426
1447778308749004962,,,,,,true,,0000,0,,1446203750204047426,,0,Animal Battle Stats,,1446204139909550150,,,2025-12-09T02:34:07.226Z,,4491519,0,true,Visitor,RamiNoodle733,,,,,,,,,,,,,,,,,,,,,,2025-12-09T02:34:03.086000+00:00,👀 Site Visit,rich,0,,,false,,,,false,,,,,,,,,2025-12-09T02:34:07.226000+00:00,false,0,Animal Battle Stats,1446203750204047426
1447774362001215538,,,,,,true,,0000,0,,1446203750204047426,,0,Animal Battle Stats,,1446204139909550150,,,2025-12-09T02:18:26.248Z,,4491519,0,true,Visitor,RamiNoodle733,,,,,,,,,,,,,,,,,,,,,,2025-12-09T02:18:25.940000+00:00,👀 Site Visit,rich,0,,,false,,,,false,,,,,,,,,2025-12-09T02:18:26.248000+00:00,false,0,Animal Battle Stats,1446203750204047426
1447774358893236235,,,,,,true,,0000,0,,1446203750204047426,,0,Animal Battle Stats,,1446204139909550150,,,2025-12-09T02:18:25.507Z,,6710886,0,true,User,RamiNoodle733,,,,,,,,,,,,,,,,,,,,,,2025-12-09T02:18:25.235000+00:00,👋 User Left Site,rich,0,,,false,,,,false,,,,,,,,,2025-12-09T02:18:25.507000+00:00,false,0,Animal Battle Stats,1446203750204047426
1447774283626446848,,,,,,true,,0000,0,,1446203750204047426,,0,Animal Battle Stats,,1446204139909550150,,,2025-12-09T02:18:07.562Z,,4491519,0,true,Visitor,RamiNoodle733,,,,,,,,,,,,,,,,,,,,,,2025-12-09T02:18:07.152000+00:00,👀 Site Visit,rich,0,,,false,,,,false,,,,,,,,,2025-12-09T02:18:07.562000+00:00,false,0,Animal Battle Stats,1446203750204047426
1447774281013526528,,,,,,true,,0000,0,,1446203750204047426,,0,Animal Battle Stats,,1446204139909550150,,,2025-12-09T02:18:06.939Z,,6710886,0,true,User,RamiNoodle733,,,,,,,,,,,,,,,,,,,,,,2025-12-09T02:18:06.631000+00:00,👋 User Left Site,rich,0,,,false,,,,false,,,,,,,,,2025-12-09T02:18:06.939000+00:00,false,0,Animal Battle Stats,1446203750204047426
1447774243566915614,,,,,,true,,0000,0,,1446203750204047426,,0,Animal Battle Stats,,1446204139909550150,,,2025-12-09T02:17:58.011Z,,4491519,0,true,Visitor,RamiNoodle733,,,,,,,,,,,,,,,,,,,,,,2025-12-09T02:17:57.487000+00:00,👀 Site Visit,rich,0,,,false,,,,false,,,,,,,,,2025-12-09T02:17:58.011000+00:00,false,0,Animal Battle Stats,1446203750204047426
1447774239821140160,,,,,,true,,0000,0,,1446203750204047426,,0,Animal Battle Stats,,1446204139909550150,,,2025-12-09T02:17:57.118Z,,6710886,0,true,User,RamiNoodle733,,,,,,,,,,,,,,,,,,,,,,2025-12-09T02:17:56.519000+00:00,👋 User Left Site,rich,0,,,false,,,,false,,,,,,,,,2025-12-09T02:17:57.118000+00:00,false,0,Animal Battle Stats,1446203750204047426
1447774239439458375,,,,,,true,,0000,0,,1446203750204047426,,0,Animal Battle Stats,,1446204139909550150,,,2025-12-09T02:17:57.027Z,,4491519,0,true,Visitor,RamiNoodle733,,,,,,,,,,,,,,,,,,,,,,2025-12-09T02:17:54.292000+00:00,👀 Site Visit,rich,0,,,false,,,,false,,,,,,,,,2025-12-09T02:17:57.027000+00:00,false,0,Animal Battle Stats,1446203750204047426
1447774238558916691,,,,,,true,,0000,0,,1446203750204047426,,0,Animal Battle Stats,,1446204139909550150,,,2025-12-09T02:17:56.817Z,,6710886,0,true,User,RamiNoodle733,,,,,,,,,,,,,,,,,,,,,,2025-12-09T02:17:53.926000+00:00,👋 User Left Site,rich,0,,,false,,,,false,,,,,,,,,2025-12-09T02:17:56.817000+00:00,false,0,Animal Battle Stats,1446203750204047426
1447774194363273387,,,,,,true,,0000,0,,1446203750204047426,,0,Animal Battle Stats,,1446204139909550150,,,2025-12-09T02:17:46.280Z,,4491519,0,true,Visitor,RamiNoodle733,,,,,,,,,,,,,,,,,,,,,,2025-12-09T02:17:40.246000+00:00,👀 Site Visit,rich,0,,,false,,,,false,,,,,,,,,2025-12-09T02:17:46.280000+00:00,false,0,Animal Battle Stats,1446203750204047426
1447774194334175366,,,,,,true,,0000,0,,1446203750204047426,,0,Animal Battle Stats,,1446204139909550150,,,2025-12-09T02:17:46.273Z,,6710886,0,true,User,RamiNoodle733,,,,,,,,,,,,,,,,,,,,,,2025-12-09T02:17:44.971000+00:00,👋 User Left Site,rich,0,,,false,,,,false,,,,,,,,,2025-12-09T02:17:46.273000+00:00,false,0,Animal Battle Stats,1446203750204047426
1447745938750963803,,,,,,true,,0000,0,,1446203750204047426,,0,Animal Battle Stats,,1446204139909550150,,,2025-12-09T00:25:29.617Z,,4491519,0,true,Visitor,RamiNoodle733,,,,,,,,,,,,,,,,,,,,,,2025-12-09T00:25:27.111000+00:00,👀 Site Visit,rich,0,,,false,,,,false,,,,,,,,,2025-12-09T00:25:29.617000+00:00,false,0,Animal Battle Stats,1446203750204047426
1447745927069700197,,,,,,true,,0000,0,,1446203750204047426,,0,Animal Battle Stats,,1446204139909550150,,,2025-12-09T00:25:26.832Z,,6710886,0,true,User,RamiNoodle733,,,,,,,,,,,,,,,,,,,,,,2025-12-09T00:25:26.077000+00:00,👋 User Left Site,rich,0,,,false,,,,false,,,,,,,,,2025-12-09T00:25:26.832000+00:00,false,0,Animal Battle Stats,1446203750204047426
1447745836413878375,,,,,,true,,0000,0,,1446203750204047426,,0,Animal Battle Stats,,1446204139909550150,,,2025-12-09T00:25:05.218Z,,4491519,0,true,Visitor,RamiNoodle733,,,,,,,,,,,,,,,,,,,,,,2025-12-09T00:25:04.890000+00:00,👀 Site Visit,rich,0,,,false,,,,false,,,,,,,,,2025-12-09T00:25:05.218000+00:00,false,0,Animal Battle Stats,1446203750204047426
1447745831338905621,,,,,,true,,0000,0,,1446203750204047426,,0,Animal Battle Stats,,1446204139909550150,,,2025-12-09T00:25:04.008Z,,6710886,0,true,User,RamiNoodle733,,,,,,,,,,,,,,,,,,,,,,2025-12-09T00:25:03.184000+00:00,👋 User Left Site,rich,0,,,false,,,,false,,,,,,,,,2025-12-09T00:25:04.008000+00:00,false,0,Animal Battle Stats,1446203750204047426
1447745790910140588,,,,,,true,,0000,0,,1446203750204047426,,0,Animal Battle Stats,,1446204139909550150,,,2025-12-09T00:24:54.369Z,,4491519,0,true,Visitor,RamiNoodle733,,,,,,,,,,,,,,,,,,,,,,2025-12-09T00:24:54.113000+00:00,👀 Site Visit,rich,0,,,false,,,,false,,,,,,,,,2025-12-09T00:24:54.369000+00:00,false,0,Animal Battle Stats,1446203750204047426
1447745786665500783,,,,,,true,,0000,0,,1446203750204047426,,0,Animal Battle Stats,,1446204139909550150,,,2025-12-09T00:24:53.357Z,,6710886,0,true,User,RamiNoodle733,,,,,,,,,,,,,,,,,,,,,,2025-12-09T00:24:53.038000+00:00,👋 User Left Site,rich,0,,,false,,,,false,,,,,,,,,2025-12-09T00:24:53.357000+00:00,false,0,Animal Battle Stats,1446203750204047426
1447744721802756278,,,,,,true,,0000,0,,1446203750204047426,,0,Animal Battle Stats,,1446204139909550150,,,2025-12-09T00:20:39.474Z,,4491519,0,true,Visitor,RamiNoodle733,,,,,,,,,,,,,,,,,,,,,,2025-12-09T00:20:38.049000+00:00,👀 Site Visit,rich,0,,,false,,,,false,,,,,,,,,2025-12-09T00:20:39.474000+00:00,false,0,Animal Battle Stats,1446203750204047426
1447744712906899456,,,,,,true,,0000,0,,1446203750204047426,,0,Animal Battle Stats,,1446204139909550150,,,2025-12-09T00:20:37.353Z,,6710886,0,true,User,RamiNoodle733,,,,,,,,,,,,,,,,,,,,,,2025-12-09T00:20:36.716000+00:00,👋 User Left Site,rich,0,,,false,,,,false,,,,,,,,,2025-12-09T00:20:37.353000+00:00,false,0,Animal Battle Stats,1446203750204047426
1447744637161832519,,,,,,true,,0000,0,,1446203750204047426,,0,Animal Battle Stats,,1446204139909550150,,,2025-12-09T00:20:19.294Z,,8947848,0,true,User,RamiNoodle733,true,Animal,Megalodon,true,Removed,👍 Was Upvote,,,,,,,,,,,,,,,,2025-12-09T00:20:18.353000+00:00,🗑️ Vote Removed,rich,0,,,false,,,,false,,,,,,,,,2025-12-09T00:20:19.294000+00:00,false,0,Animal Battle Stats,1446203750204047426
1447744519205290066,,,,,,true,,0000,0,,1446203750204047426,,0,Animal Battle Stats,,1446204139909550150,,,2025-12-09T00:19:51.171Z,,6710886,0,true,User,RamiNoodle733,,,,,,,,,,,,,,,,,,,,,,2025-12-09T00:19:49.697000+00:00,👋 User Left Site,rich,0,,,false,,,,false,,,,,,,,,2025-12-09T00:19:51.171000+00:00,false,0,Animal Battle Stats,1446203750204047426
1447744517112594483,,,,,,true,,0000,0,,1446203750204047426,,0,Animal Battle Stats,,1446204139909550150,,,2025-12-09T00:19:50.672Z,,4491519,0,true,Visitor,RamiNoodle733,,,,,,,,,,,,,,,,,,,,,,2025-12-09T00:19:45.204000+00:00,👀 Site Visit,rich,0,,,false,,,,false,,,,,,,,,2025-12-09T00:19:50.672000+00:00,false,0,Animal Battle Stats,1446203750204047426
1447731146975609126,,,,,,true,,0000,0,,1446203750204047426,,0,Animal Battle Stats,,1446204139909550150,,,2025-12-08T23:26:42.983Z,,4491519,0,true,Visitor,RamiNoodle733,,,,,,,,,,,,,,,,,,,,,,2025-12-08T23:26:42.671000+00:00,👀 Site Visit,rich,0,,,false,,,,false,,,,,,,,,2025-12-08T23:26:42.983000+00:00,false,0,Animal Battle Stats,1446203750204047426
1447731142924173423,,,,,,true,,0000,0,,1446203750204047426,,0,Animal Battle Stats,,1446204139909550150,,,2025-12-08T23:26:42.017Z,,6710886,0,true,User,RamiNoodle733,,,,,,,,,,,,,,,,,,,,,,2025-12-08T23:26:40.403000+00:00,👋 User Left Site,rich,0,,,false,,,,false,,,,,,,,,2025-12-08T23:26:42.017000+00:00,false,0,Animal Battle Stats,1446203750204047426
1447729041514692718,,,,,,true,,0000,0,,1446203750204047426,,0,Animal Battle Stats,,1446204139909550150,,,2025-12-08T23:18:21.002Z,,65416,0,true,User,RamiNoodle733,true,Animal,Bullfrog,true,Vote,👍 Upvote,,,,,,,,,,,,,,,,2025-12-08T23:18:19.867000+00:00,👍 New Vote,rich,0,,,false,,,,false,,,,,,,,,2025-12-08T23:18:21.002000+00:00,false,0,Animal Battle Stats,1446203750204047426
1447729041313366106,,,,,,true,,0000,0,,1446203750204047426,,0,Animal Battle Stats,,1446204139909550150,,,2025-12-08T23:18:20.954Z,,8947848,0,true,User,RamiNoodle733,true,Animal,Bullfrog,true,Removed,👍 Was Upvote,,,,,,,,,,,,,,,,2025-12-08T23:18:20.700000+00:00,🗑️ Vote Removed,rich,0,,,false,,,,false,,,,,,,,,2025-12-08T23:18:20.954000+00:00,false,0,Animal Battle Stats,1446203750204047426
1447728867690152108,,,,,,true,,0000,0,,1446203750204047426,,0,Animal Battle Stats,,1446204139909550150,,,2025-12-08T23:17:39.559Z,,65416,0,true,User,RamiNoodle733,true,Animal,Alligator,true,Vote,👍 Upvote,,,,,,,,,,,,,,,,2025-12-08T23:17:39.268000+00:00,👍 New Vote,rich,0,,,false,,,,false,,,,,,,,,2025-12-08T23:17:39.559000+00:00,false,0,Animal Battle Stats,1446203750204047426
1447728867627241503,,,,,,true,,0000,0,,1446203750204047426,,0,Animal Battle Stats,,1446204139909550150,,,2025-12-08T23:17:39.544Z,,65416,0,true,User,RamiNoodle733,true,Animal,Hippopotamus,true,Vote,👍 Upvote,,,,,,,,,,,,,,,,2025-12-08T23:17:32.958000+00:00,👍 New Vote,rich,0,,,false,,,,false,,,,,,,,,2025-12-08T23:17:39.544000+00:00,false,0,Animal Battle Stats,1446203750204047426
1447728841027223725,,,,,,true,,0000,0,,1446203750204047426,,0,Animal Battle Stats,,1446204139909550150,,,2025-12-08T23:17:33.202Z,,16724838,0,true,User,RamiNoodle733,true,Animal,Cape Buffalo,true,Vote,👎 Downvote,,,,,,,,,,,,,,,,2025-12-08T23:17:21.282000+00:00,👎 New Vote,rich,0,,,false,,,,false,,,,,,,,,2025-12-08T23:17:33.202000+00:00,false,0,Animal Battle Stats,1446203750204047426
1447694056816644147,,,,,,true,,0000,0,,1446203750204047426,,0,Animal Battle Stats,,1446204139909550150,,,2025-12-08T20:59:20.000Z,,16739072,0,false,Matchup,Leatherback Sea Turtle vs Black Rhinoceros,,,,,,,,,,,,,,,,,,,,,,2025-12-08T20:59:19.451000+00:00,⚔️ Battle Comparison,rich,0,,,false,,,,false,,,,,,,,,2025-12-08T20:59:20+00:00,false,0,Animal Battle Stats,1446203750204047426
1447694055197638706,,,,,,true,,0000,0,,1446203750204047426,,0,Animal Battle Stats,,1446204139909550150,,,2025-12-08T20:59:19.614Z,,16739072,0,false,Matchup,Leatherback Sea Turtle vs Black Rhinoceros,,,,,,,,,,,,,,,,,,,,,,2025-12-08T20:59:19.240000+00:00,⚔️ Battle Comparison,rich,0,,,false,,,,false,,,,,,,,,2025-12-08T20:59:19.614000+00:00,false,0,Animal Battle Stats,1446203750204047426
1447681786321834135,,,,,,true,,0000,0,,1446203750204047426,,0,Animal Battle Stats,,1446204139909550150,,,2025-12-08T20:10:34.486Z,,4491519,0,true,Visitor,RamiNoodle733,,,,,,,,,,,,,,,,,,,,,,2025-12-08T20:10:34.167000+00:00,👀 Site Visit,rich,0,,,false,,,,false,,,,,,,,,2025-12-08T20:10:34.486000+00:00,false,0,Animal Battle Stats,1446203750204047426
1447681783440085075,,,,,,true,,0000,0,,1446203750204047426,,0,Animal Battle Stats,,1446204139909550150,,,2025-12-08T20:10:33.799Z,,6710886,0,true,User,RamiNoodle733,,,,,,,,,,,,,,,,,,,,,,2025-12-08T20:10:33.496000+00:00,👋 User Left Site,rich,0,,,false,,,,false,,,,,,,,,2025-12-08T20:10:33.799000+00:00,false,0,Animal Battle Stats,1446203750204047426
1447680760478961664,,,,,,true,,0000,0,,1446203750204047426,,0,Animal Battle Stats,,1446204139909550150,,,2025-12-08T20:06:29.906Z,,6710886,0,true,User,RamiNoodle733,,,,,,,,,,,,,,,,,,,,,,2025-12-08T20:06:27.300000+00:00,👋 User Left Site,rich,0,,,false,,,,false,,,,,,,,,2025-12-08T20:06:29.906000+00:00,false,0,Animal Battle Stats,1446203750204047426
1447680760117989522,,,,,,true,,0000,0,,1446203750204047426,,0,Animal Battle Stats,,1446204139909550150,,,2025-12-08T20:06:29.820Z,,4491519,0,true,Visitor,RamiNoodle733,,,,,,,,,,,,,,,,,,,,,,2025-12-08T20:06:29.570000+00:00,👀 Site Visit,rich,0,,,false,,,,false,,,,,,,,,2025-12-08T20:06:29.820000+00:00,false,0,Animal Battle Stats,1446203750204047426
1447680751981035561,,,,,,true,,0000,0,,1446203750204047426,,0,Animal Battle Stats,,1446204139909550150,,,2025-12-08T20:06:27.880Z,,4491519,0,true,Visitor,RamiNoodle733,,,,,,,,,,,,,,,,,,,,,,2025-12-08T19:59:01.084000+00:00,👀 Site Visit,rich,0,,,false,,,,false,,,,,,,,,2025-12-08T20:06:27.880000+00:00,false,0,Animal Battle Stats,1446203750204047426
1447680717562581122,,,,,,true,,0000,0,,1446203750204047426,,0,Animal Battle Stats,,1446204139909550150,,,2025-12-08T20:06:19.674Z,,65416,0,true,User,RamiNoodle733,true,Animal,Howler Monkey,true,Vote,👍 Upvote,,,,,,,,,,,,,,,,2025-12-08T20:06:19.369000+00:00,👍 New Vote,rich,0,,,false,,,,false,,,,,,,,,2025-12-08T20:06:19.674000+00:00,false,0,Animal Battle Stats,1446203750204047426
1447680697518133430,,,,,,true,,0000,0,,1446203750204047426,,0,Animal Battle Stats,,1446204139909550150,,,2025-12-08T20:06:14.895Z,,65416,0,true,User,RamiNoodle733,true,Animal,Gibbon,true,Vote,👍 Upvote,,,,,,,,,,,,,,,,2025-12-08T20:06:14.625000+00:00,👍 New Vote,rich,0,,,false,,,,false,,,,,,,,,2025-12-08T20:06:14.895000+00:00,false,0,Animal Battle Stats,1446203750204047426
1447680683748102205,,,,,,true,,0000,0,,1446203750204047426,,0,Animal Battle Stats,,1446204139909550150,,,2025-12-08T20:06:11.612Z,,65416,0,true,User,RamiNoodle733,true,Animal,Chimpanzee,true,Vote,👍 Upvote,,,,,,,,,,,,,,,,2025-12-08T20:06:11.238000+00:00,👍 New Vote,rich,0,,,false,,,,false,,,,,,,,,2025-12-08T20:06:11.612000+00:00,false,0,Animal Battle Stats,1446203750204047426
1447680675867267135,,,,,,true,,0000,0,,1446203750204047426,,0,Animal Battle Stats,,1446204139909550150,,,2025-12-08T20:06:09.733Z,,65416,0,true,User,RamiNoodle733,true,Animal,Capuchin Monkey,true,Vote,👍 Upvote,,,,,,,,,,,,,,,,2025-12-08T20:06:09.374000+00:00,👍 New Vote,rich,0,,,false,,,,false,,,,,,,,,2025-12-08T20:06:09.733000+00:00,false,0,Animal Battle Stats,1446203750204047426
1447680578492301412,,,,,,true,,0000,0,,1446203750204047426,,0,Animal Battle Stats,,1446204139909550150,,,2025-12-08T20:05:46.517Z,,8947848,0,true,User,RamiNoodle733,true,Animal,Sun Bear,true,Removed,👎 Was Downvote,,,,,,,,,,,,,,,,2025-12-08T20:05:46.185000+00:00,🗑️ Vote Removed,rich,0,,,false,,,,false,,,,,,,,,2025-12-08T20:05:46.517000+00:00,false,0,Animal Battle Stats,1446203750204047426
1447680573777907753,,,,,,true,,0000,0,,1446203750204047426,,0,Animal Battle Stats,,1446204139909550150,,,2025-12-08T20:05:45.393Z,,16763904,0,true,User,RamiNoodle733,true,Animal,Sun Bear,true,Changed,👍 -> 👎,,,,,,,,,,,,,,,,2025-12-08T20:05:44.834000+00:00,🔄 Vote Changed,rich,0,,,false,,,,false,,,,,,,,,2025-12-08T20:05:45.393000+00:00,false,0,Animal Battle Stats,1446203750204047426
1447680569793056880,,,,,,true,,0000,0,,1446203750204047426,,0,Animal Battle Stats,,1446204139909550150,,,2025-12-08T20:05:44.443Z,,65416,0,true,User,RamiNoodle733,true,Animal,Sun Bear,true,Vote,👍 Upvote,,,,,,,,,,,,,,,,2025-12-08T20:05:44.230000+00:00,👍 New Vote,rich,0,,,false,,,,false,,,,,,,,,2025-12-08T20:05:44.443000+00:00,false,0,Animal Battle Stats,1446203750204047426
1447680539778744441,,,,,,true,,0000,0,,1446203750204047426,,0,Animal Battle Stats,,1446204139909550150,,,2025-12-08T20:05:37.287Z,,16724838,0,true,User,RamiNoodle733,true,Animal,Green Anaconda,true,Vote,👎 Downvote,,,,,,,,,,,,,,,,2025-12-08T20:05:37.013000+00:00,👎 New Vote,rich,0,,,false,,,,false,,,,,,,,,2025-12-08T20:05:37.287000+00:00,false,0,Animal Battle Stats,1446203750204047426
1447680533822836969,,,,,,true,,0000,0,,1446203750204047426,,0,Animal Battle Stats,,1446204139909550150,,,2025-12-08T20:05:35.867Z,,16724838,0,true,User,RamiNoodle733,true,Animal,Boa Constrictor,true,Vote,👎 Downvote,,,,,,,,,,,,,,,,2025-12-08T20:05:35.614000+00:00,👎 New Vote,rich,0,,,false,,,,false,,,,,,,,,2025-12-08T20:05:35.867000+00:00,false,0,Animal Battle Stats,1446203750204047426
1447680517846597662,,,,,,true,,0000,0,,1446203750204047426,,0,Animal Battle Stats,,1446204139909550150,,,2025-12-08T20:05:32.058Z,,8947848,0,true,User,RamiNoodle733,true,Animal,Siberian Tiger,true,Removed,👍 Was Upvote,,,,,,,,,,,,,,,,2025-12-08T20:05:31.766000+00:00,🗑️ Vote Removed,rich,0,,,false,,,,false,,,,,,,,,2025-12-08T20:05:32.058000+00:00,false,0,Animal Battle Stats,1446203750204047426
1447680504047603926,,,,,,true,,0000,0,,1446203750204047426,,0,Animal Battle Stats,,1446204139909550150,,,2025-12-08T20:05:28.768Z,,65416,0,true,User,RamiNoodle733,true,Animal,Gorilla,true,Vote,👍 Upvote,,,,,,,,,,,,,,,,2025-12-08T20:05:28.449000+00:00,👍 New Vote,rich,0,,,false,,,,false,,,,,,,,,2025-12-08T20:05:28.768000+00:00,false,0,Animal Battle Stats,1446203750204047426
1447680500629110885,,,,,,true,,0000,0,,1446203750204047426,,0,Animal Battle Stats,,1446204139909550150,,,2025-12-08T20:05:27.953Z,,8947848,0,true,User,RamiNoodle733,true,Animal,Gorilla,true,Removed,👍 Was Upvote,,,,,,,,,,,,,,,,2025-12-08T20:05:27.705000+00:00,🗑️ Vote Removed,rich,0,,,false,,,,false,,,,,,,,,2025-12-08T20:05:27.953000+00:00,false,0,Animal Battle Stats,1446203750204047426
1447680484233576689,,,,,,true,,0000,0,,1446203750204047426,,0,Animal Battle Stats,,1446204139909550150,,,2025-12-08T20:05:24.044Z,,16724838,0,true,User,RamiNoodle733,true,Animal,Tiger Shark,true,Vote,👎 Downvote,,,,,,,,,,,,,,,,2025-12-08T20:05:23.754000+00:00,👎 New Vote,rich,0,,,false,,,,false,,,,,,,,,2025-12-08T20:05:24.044000+00:00,false,0,Animal Battle Stats,1446203750204047426
1447680483986116608,,,,,,true,,0000,0,,1446203750204047426,,0,Animal Battle Stats,,1446204139909550150,,,2025-12-08T20:05:23.985Z,,65416,0,true,User,RamiNoodle733,true,Animal,Grizzly Bear,true,Vote,👍 Upvote,,,,,,,,,,,,,,,,2025-12-08T20:05:21.951000+00:00,👍 New Vote,rich,0,,,false,,,,false,,,,,,,,,2025-12-08T20:05:23.985000+00:00,false,0,Animal Battle Stats,1446203750204047426
1447680476641886278,,,,,,true,,0000,0,,1446203750204047426,,0,Animal Battle Stats,,1446204139909550150,,,2025-12-08T20:05:22.234Z,,16724838,0,true,User,RamiNoodle733,true,Animal,Wild Boar,true,Vote,👎 Downvote,,,,,,,,,,,,,,,,2025-12-08T20:05:12.952000+00:00,👎 New Vote,rich,0,,,false,,,,false,,,,,,,,,2025-12-08T20:05:22.234000+00:00,false,0,Animal Battle Stats,1446203750204047426
1447679144312705075,,,,,,true,,0000,0,,1446203750204047426,,0,Animal Battle Stats,,1446204139909550150,,,2025-12-08T20:00:04.582Z,,16739072,0,false,Matchup,Tiger Shark vs Megalodon,,,,,,,,,,,,,,,,,,,,,,2025-12-08T20:00:04.028000+00:00,⚔️ Battle Comparison,rich,0,,,false,,,,false,,,,,,,,,2025-12-08T20:00:04.582000+00:00,false,0,Animal Battle Stats,1446203750204047426
1447676354438103244,,,,,,true,,0000,0,,1446203750204047426,,0,Animal Battle Stats,,1446204139909550150,,,2025-12-08T19:48:59.424Z,,4491519,0,true,Visitor,RamiNoodle733,,,,,,,,,,,,,,,,,,,,,,2025-12-08T19:48:59.148000+00:00,👀 Site Visit,rich,0,,,false,,,,false,,,,,,,,,2025-12-08T19:48:59.424000+00:00,false,0,Animal Battle Stats,1446203750204047426
1447676351237591230,,,,,,true,,0000,0,,1446203750204047426,,0,Animal Battle Stats,,1446204139909550150,,,2025-12-08T19:48:58.661Z,,6710886,0,true,User,RamiNoodle733,,,,,,,,,,,,,,,,,,,,,,2025-12-08T19:48:58.017000+00:00,👋 User Left Site,rich,0,,,false,,,,false,,,,,,,,,2025-12-08T19:48:58.661000+00:00,false,0,Animal Battle Stats,1446203750204047426
1447676096387481783,,,,,,true,,0000,0,,1446203750204047426,,0,Animal Battle Stats,,1446204139909550150,,,2025-12-08T19:47:57.900Z,,8947848,0,true,User,RamiNoodle733,true,Animal,Megalodon,true,Removed,👍 Was Upvote,,,,,,,,,,,,,,,,2025-12-08T19:47:56.246000+00:00,🗑️ Vote Removed,rich,0,,,false,,,,false,,,,,,,,,2025-12-08T19:47:57.900000+00:00,false,0,Animal Battle Stats,1446203750204047426
1447675652286185533,,,,,,true,,0000,0,,1446203750204047426,,0,Animal Battle Stats,,1446204139909550150,,,2025-12-08T19:46:12.018Z,,6710886,0,true,User,RamiNoodle733,,,,,,,,,,,,,,,,,,,,,,2025-12-08T19:46:10.950000+00:00,👋 User Left Site,rich,0,,,false,,,,false,,,,,,,,,2025-12-08T19:46:12.018000+00:00,false,0,Animal Battle Stats,1446203750204047426
1447666743668637767,,,,,,true,,0000,0,,1446203750204047426,,0,Animal Battle Stats,,1446204139909550150,,,2025-12-08T19:10:48.038Z,,46296,0,true,User,RamiNoodle733,true,Replying To,Anonymous,true,Target,Howler Monkey,false,Reply,haha it's just me,,,,,,,,,,,,,2025-12-08T19:10:47.824000+00:00,↩️ Comment Reply,rich,0,,,false,,,,false,,,,,,,,,2025-12-08T19:10:48.038000+00:00,false,0,Animal Battle Stats,1446203750204047426
1447666684033761321,,,,,,true,,0000,0,,1446203750204047426,,0,Animal Battle Stats,,1446204139909550150,,,2025-12-08T19:10:33.820Z,,46296,0,true,User,Anonymous,true,Replying To,RamiNoodle733,true,Target,Howler Monkey,false,Reply,Ohhkay,,,,,,,,,,,,,2025-12-08T19:10:33.520000+00:00,↩️ Comment Reply,rich,0,,,false,,,,false,,,,,,,,,2025-12-08T19:10:33.820000+00:00,false,0,Animal Battle Stats,1446203750204047426
1447666604610420886,,,,,,true,,0000,0,,1446203750204047426,,0,Animal Battle Stats,,1446204139909550150,,,2025-12-08T19:10:14.884Z,,52360,0,true,By,RamiNoodle733,true,Comment Author,RamiNoodle733,true,On,Howler Monkey,,,,,,,,,,,,,,,,2025-12-08T19:10:14.622000+00:00,👍 Comment Upvoted,rich,0,,,false,,,,false,,,,,,,,,2025-12-08T19:10:14.884000+00:00,false,0,Animal Battle Stats,1446203750204047426
1447666595156721685,,,,,,true,,0000,0,,1446203750204047426,,0,Animal Battle Stats,,1446204139909550150,,,2025-12-08T19:10:12.630Z,,54527,0,true,User,RamiNoodle733,true,Target,Howler Monkey,false,Comment,Ooh ooh aah aah,,,,,,,,,,,,,,,,2025-12-08T19:10:12.201000+00:00,💬 New Comment,rich,0,,,false,,,,false,,,,,,,,,2025-12-08T19:10:12.630000+00:00,false,0,Animal Battle Stats,1446203750204047426
1447661518148735127,,,,,,true,,0000,0,,1446203750204047426,,0,Animal Battle Stats,,1446204139909550150,,,2025-12-08T18:50:02.177Z,,65416,0,true,User,RamiNoodle733,true,Animal,Siberian Tiger,true,Vote,👍 Upvote,,,,,,,,,,,,,,,,2025-12-08T18:49:56.917000+00:00,👍 New Vote,rich,0,,,false,,,,false,,,,,,,,,2025-12-08T18:50:02.177000+00:00,false,0,Animal Battle Stats,1446203750204047426
1447661496804053073,,,,,,true,,0000,0,,1446203750204047426,,0,Animal Battle Stats,,1446204139909550150,,,2025-12-08T18:49:57.088Z,,8947848,0,true,User,RamiNoodle733,true,Animal,Siberian Tiger,true,Removed,👍 Was Upvote,,,,,,,,,,,,,,,,2025-12-08T18:49:56.104000+00:00,🗑️ Vote Removed,rich,0,,,false,,,,false,,,,,,,,,2025-12-08T18:49:57.088000+00:00,false,0,Animal Battle Stats,1446203750204047426
1447657326382288980,,,,,,true,,0000,0,,1446203750204047426,,0,Animal Battle Stats,,1446204139909550150,,,2025-12-08T18:33:22.782Z,,16739072,0,false,Matchup,Saltwater Crocodile vs Gorilla,,,,,,,,,,,,,,,,,,,,,,2025-12-08T18:33:22.181000+00:00,⚔️ Battle Comparison,rich,0,,,false,,,,false,,,,,,,,,2025-12-08T18:33:22.782000+00:00,false,0,Animal Battle Stats,1446203750204047426
1447654401954152674,,,,,,true,,0000,0,,1446203750204047426,,0,Animal Battle Stats,,1446204139909550150,,,2025-12-08T18:21:45.544Z,,65416,0,true,User,RamiNoodle733,true,Animal,Megalodon,true,Vote,👍 Upvote,,,,,,,,,,,,,,,,2025-12-08T18:21:45.410000+00:00,👍 New Vote,rich,0,,,false,,,,false,,,,,,,,,2025-12-08T18:21:45.544000+00:00,false,0,Animal Battle Stats,1446203750204047426
1447654399882035222,,,,,,true,,0000,0,,1446203750204047426,,0,Animal Battle Stats,,1446204139909550150,,,2025-12-08T18:21:45.050Z,,8947848,0,true,User,RamiNoodle733,true,Animal,Megalodon,true,Removed,👍 Was Upvote,,,,,,,,,,,,,,,,2025-12-08T18:21:44.841000+00:00,🗑️ Vote Removed,rich,0,,,false,,,,false,,,,,,,,,2025-12-08T18:21:45.050000+00:00,false,0,Animal Battle Stats,1446203750204047426
1447654336774803466,,,,,,true,,0000,0,,1446203750204047426,,0,Animal Battle Stats,,1446204139909550150,,,2025-12-08T18:21:30.004Z,,4491519,0,true,Visitor,RamiNoodle733,,,,,,,,,,,,,,,,,,,,,,2025-12-08T18:21:29.760000+00:00,👀 Site Visit,rich,0,,,false,,,,false,,,,,,,,,2025-12-08T18:21:30.004000+00:00,false,0,Animal Battle Stats,1446203750204047426
1447654333322629220,,,,,,true,,0000,0,,1446203750204047426,,0,Animal Battle Stats,,1446204139909550150,,,2025-12-08T18:21:29.181Z,,6710886,0,true,User,RamiNoodle733,,,,,,,,,,,,,,,,,,,,,,2025-12-08T18:21:28.871000+00:00,👋 User Left Site,rich,0,,,false,,,,false,,,,,,,,,2025-12-08T18:21:29.181000+00:00,false,0,Animal Battle Stats,1446203750204047426
1447653906699259955,,,,,,true,,0000,0,,1446203750204047426,,0,Animal Battle Stats,,1446204139909550150,,,2025-12-08T18:19:47.466Z,,4491519,0,true,Visitor,RamiNoodle733,,,,,,,,,,,,,,,,,,,,,,2025-12-08T18:19:47.239000+00:00,👀 Site Visit,rich,0,,,false,,,,false,,,,,,,,,2025-12-08T18:19:47.466000+00:00,false,0,Animal Battle Stats,1446203750204047426
1447653902852816979,,,,,,true,,0000,0,,1446203750204047426,,0,Animal Battle Stats,,1446204139909550150,,,2025-12-08T18:19:46.549Z,,6710886,0,true,User,RamiNoodle733,,,,,,,,,,,,,,,,,,,,,,2025-12-08T18:19:46.254000+00:00,👋 User Left Site,rich,0,,,false,,,,false,,,,,,,,,2025-12-08T18:19:46.549000+00:00,false,0,Animal Battle Stats,1446203750204047426
1447653882430755048,,,,,,true,,0000,0,,1446203750204047426,,0,Animal Battle Stats,,1446204139909550150,,,2025-12-08T18:19:41.680Z,,65416,0,true,User,RamiNoodle733,true,Animal,Megalodon,true,Vote,👍 Upvote,,,,,,,,,,,,,,,,2025-12-08T18:19:41.416000+00:00,👍 New Vote,rich,0,,,false,,,,false,,,,,,,,,2025-12-08T18:19:41.680000+00:00,false,0,Animal Battle Stats,1446203750204047426
1447653879897395233,,,,,,true,,0000,0,,1446203750204047426,,0,Animal Battle Stats,,1446204139909550150,,,2025-12-08T18:19:41.076Z,,8947848,0,true,User,RamiNoodle733,true,Animal,Megalodon,true,Removed,👍 Was Upvote,,,,,,,,,,,,,,,,2025-12-08T18:19:40.795000+00:00,🗑️ Vote Removed,rich,0,,,false,,,,false,,,,,,,,,2025-12-08T18:19:41.076000+00:00,false,0,Animal Battle Stats,1446203750204047426
1447653634522218497,,,,,,true,,0000,0,,1446203750204047426,,0,Animal Battle Stats,,1446204139909550150,,,2025-12-08T18:18:42.574Z,,8947848,0,true,User,RamiNoodle733,true,Animal,Tiger Shark,true,Removed,👍 Was Upvote,,,,,,,,,,,,,,,,2025-12-08T18:18:42.175000+00:00,🗑️ Vote Removed,rich,0,,,false,,,,false,,,,,,,,,2025-12-08T18:18:42.574000+00:00,false,0,Animal Battle Stats,1446203750204047426
1447653630944608276,,,,,,true,,0000,0,,1446203750204047426,,0,Animal Battle Stats,,1446204139909550150,,,2025-12-08T18:18:41.721Z,,16763904,0,true,User,RamiNoodle733,true,Animal,Tiger Shark,true,Changed,👎 -> 👍,,,,,,,,,,,,,,,,2025-12-08T18:18:41.403000+00:00,🔄 Vote Changed,rich,0,,,false,,,,false,,,,,,,,,2025-12-08T18:18:41.721000+00:00,false,0,Animal Battle Stats,1446203750204047426
1447653623541792871,,,,,,true,,0000,0,,1446203750204047426,,0,Animal Battle Stats,,1446204139909550150,,,2025-12-08T18:18:39.956Z,,16763904,0,true,User,RamiNoodle733,true,Animal,Tiger Shark,true,Changed,👍 -> 👎,,,,,,,,,,,,,,,,2025-12-08T18:18:39.523000+00:00,🔄 Vote Changed,rich,0,,,false,,,,false,,,,,,,,,2025-12-08T18:18:39.956000+00:00,false,0,Animal Battle Stats,1446203750204047426
1447653623109517313,,,,,,true,,0000,0,,1446203750204047426,,0,Animal Battle Stats,,1446204139909550150,,,2025-12-08T18:18:39.853Z,,65416,0,true,User,RamiNoodle733,true,Animal,Tiger Shark,true,Vote,👍 Upvote,,,,,,,,,,,,,,,,2025-12-08T18:18:37.437000+00:00,👍 New Vote,rich,0,,,false,,,,false,,,,,,,,,2025-12-08T18:18:39.853000+00:00,false,0,Animal Battle Stats,1446203750204047426
1447653523243401379,,,,,,true,,0000,0,,1446203750204047426,,0,Animal Battle Stats,,1446204139909550150,,,2025-12-08T18:18:16.043Z,,4491519,0,true,Visitor,RamiNoodle733,,,,,,,,,,,,,,,,,,,,,,2025-12-08T18:18:15.634000+00:00,👀 Site Visit,rich,0,,,false,,,,false,,,,,,,,,2025-12-08T18:18:16.043000+00:00,false,0,Animal Battle Stats,1446203750204047426
1447653519162347715,,,,,,true,,0000,0,,1446203750204047426,,0,Animal Battle Stats,,1446204139909550150,,,2025-12-08T18:18:15.070Z,,6710886,0,true,User,RamiNoodle733,,,,,,,,,,,,,,,,,,,,,,2025-12-08T18:18:14.207000+00:00,👋 User Left Site,rich,0,,,false,,,,false,,,,,,,,,2025-12-08T18:18:15.070000+00:00,false,0,Animal Battle Stats,1446203750204047426
1447631830030352466,,,,,,true,,0000,0,,1446203750204047426,,0,Animal Battle Stats,,1446204139909550150,,,2025-12-08T16:52:03.978Z,,16729156,0,true,User,RamiNoodle733,true,Target,Megalodon,false,Comment,test,,,,,,,,,,,,,,,,2025-12-08T16:52:03.567000+00:00,🗑️ Comment Deleted,rich,0,,,false,,,,false,,,,,,,,,2025-12-08T16:52:03.978000+00:00,false,0,Animal Battle Stats,1446203750204047426
1447631820781781063,,,,,,true,,0000,0,,1446203750204047426,,0,Animal Battle Stats,,1446204139909550150,,,2025-12-08T16:52:01.773Z,,16729156,0,true,User,RamiNoodle733,true,Target,Megalodon,false,Comment,test,,,,,,,,,,,,,,,,2025-12-08T16:52:01.283000+00:00,🗑️ Comment Deleted,rich,0,,,false,,,,false,,,,,,,,,2025-12-08T16:52:01.773000+00:00,false,0,Animal Battle Stats,1446203750204047426
1447631790725398650,,,,,,true,,0000,0,,1446203750204047426,,0,Animal Battle Stats,,1446204139909550150,,,2025-12-08T16:51:54.607Z,,4491519,0,true,Visitor,RamiNoodle733,,,,,,,,,,,,,,,,,,,,,,2025-12-08T16:51:54.202000+00:00,👀 Site Visit,rich,0,,,false,,,,false,,,,,,,,,2025-12-08T16:51:54.607000+00:00,false,0,Animal Battle Stats,1446203750204047426
1447631786463985806,,,,,,true,,0000,0,,1446203750204047426,,0,Animal Battle Stats,,1446204139909550150,,,2025-12-08T16:51:53.591Z,,6710886,0,true,User,RamiNoodle733,,,,,,,,,,,,,,,,,,,,,,2025-12-08T16:51:52.787000+00:00,👋 User Left Site,rich,0,,,false,,,,false,,,,,,,,,2025-12-08T16:51:53.591000+00:00,false,0,Animal Battle Stats,1446203750204047426
1447630206809411808,,,,,,true,,0000,0,,1446203750204047426,,0,Animal Battle Stats,,1446204139909550150,,,2025-12-08T16:45:36.972Z,,4491519,0,true,Visitor,RamiNoodle733,,,,,,,,,,,,,,,,,,,,,,2025-12-08T16:45:36.793000+00:00,👀 Site Visit,rich,0,,,false,,,,false,,,,,,,,,2025-12-08T16:45:36.972000+00:00,false,0,Animal Battle Stats,1446203750204047426
1447630204011942041,,,,,,true,,0000,0,,1446203750204047426,,0,Animal Battle Stats,,1446204139909550150,,,2025-12-08T16:45:36.305Z,,6710886,0,true,User,RamiNoodle733,,,,,,,,,,,,,,,,,,,,,,2025-12-08T16:45:35.479000+00:00,👋 User Left Site,rich,0,,,false,,,,false,,,,,,,,,2025-12-08T16:45:36.305000+00:00,false,0,Animal Battle Stats,1446203750204047426
1447627811803103275,,,,,,true,,0000,0,,1446203750204047426,,0,Animal Battle Stats,,1446204139909550150,,,2025-12-08T16:36:05.958Z,,52360,0,true,By,RamiNoodle733,true,Comment Author,RamiNoodle733,true,On,African Elephant,,,,,,,,,,,,,,,,2025-12-08T16:36:05.671000+00:00,👍 Comment Upvoted,rich,0,,,false,,,,false,,,,,,,,,2025-12-08T16:36:05.958000+00:00,false,0,Animal Battle Stats,1446203750204047426
1447627795848106055,,,,,,true,,0000,0,,1446203750204047426,,0,Animal Battle Stats,,1446204139909550150,,,2025-12-08T16:36:02.154Z,,4491519,0,true,Visitor,RamiNoodle733,,,,,,,,,,,,,,,,,,,,,,2025-12-08T16:36:01.845000+00:00,👀 Site Visit,rich,0,,,false,,,,false,,,,,,,,,2025-12-08T16:36:02.154000+00:00,false,0,Animal Battle Stats,1446203750204047426
1447627792081752194,,,,,,true,,0000,0,,1446203750204047426,,0,Animal Battle Stats,,1446204139909550150,,,2025-12-08T16:36:01.256Z,,6710886,0,true,User,RamiNoodle733,,,,,,,,,,,,,,,,,,,,,,2025-12-08T16:36:00.887000+00:00,👋 User Left Site,rich,0,,,false,,,,false,,,,,,,,,2025-12-08T16:36:01.256000+00:00,false,0,Animal Battle Stats,1446203750204047426
1447627607272067192,,,,,,true,,0000,0,,1446203750204047426,,0,Animal Battle Stats,,1446204139909550150,,,2025-12-08T16:35:17.194Z,,4491519,0,true,Visitor,RamiNoodle733,,,,,,,,,,,,,,,,,,,,,,2025-12-08T16:35:16.890000+00:00,👀 Site Visit,rich,0,,,false,,,,false,,,,,,,,,2025-12-08T16:35:17.194000+00:00,false,0,Animal Battle Stats,1446203750204047426
1447627601769402392,,,,,,true,,0000,0,,1446203750204047426,,0,Animal Battle Stats,,1446204139909550150,,,2025-12-08T16:35:15.882Z,,6710886,0,true,User,RamiNoodle733,,,,,,,,,,,,,,,,,,,,,,2025-12-08T16:35:15.267000+00:00,👋 User Left Site,rich,0,,,false,,,,false,,,,,,,,,2025-12-08T16:35:15.882000+00:00,false,0,Animal Battle Stats,1446203750204047426
1447627529828438053,,,,,,true,,0000,0,,1446203750204047426,,0,Animal Battle Stats,,1446204139909550150,,,2025-12-08T16:34:58.730Z,,4491519,0,true,Visitor,RamiNoodle733,,,,,,,,,,,,,,,,,,,,,,2025-12-08T16:34:58.463000+00:00,👀 Site Visit,rich,0,,,false,,,,false,,,,,,,,,2025-12-08T16:34:58.730000+00:00,false,0,Animal Battle Stats,1446203750204047426
1447627525562826907,,,,,,true,,0000,0,,1446203750204047426,,0,Animal Battle Stats,,1446204139909550150,,,2025-12-08T16:34:57.713Z,,6710886,0,true,User,RamiNoodle733,,,,,,,,,,,,,,,,,,,,,,2025-12-08T16:34:56.009000+00:00,👋 User Left Site,rich,0,,,false,,,,false,,,,,,,,,2025-12-08T16:34:57.713000+00:00,false,0,Animal Battle Stats,1446203750204047426
1447626385488089261,,,,,,true,,0000,0,,1446203750204047426,,0,Animal Battle Stats,,1446204139909550150,,,2025-12-08T16:30:25.898Z,,54527,0,true,User,RamiNoodle733,true,Target,African Elephant,false,Comment,elephant,,,,,,,,,,,,,,,,2025-12-08T16:30:25.100000+00:00,💬 New Comment,rich,0,,,false,,,,false,,,,,,,,,2025-12-08T16:30:25.898000+00:00,false,0,Animal Battle Stats,1446203750204047426
1447626228876972155,,,,,,true,,0000,0,,1446203750204047426,,0,Animal Battle Stats,,1446204139909550150,,,2025-12-08T16:29:48.559Z,,4491519,0,true,Visitor,RamiNoodle733,,,,,,,,,,,,,,,,,,,,,,2025-12-08T16:29:48.314000+00:00,👀 Site Visit,rich,0,,,false,,,,false,,,,,,,,,2025-12-08T16:29:48.559000+00:00,false,0,Animal Battle Stats,1446203750204047426
1447626224892510270,,,,,,true,,0000,0,,1446203750204047426,,0,Animal Battle Stats,,1446204139909550150,,,2025-12-08T16:29:47.609Z,,6710886,0,true,User,RamiNoodle733,,,,,,,,,,,,,,,,,,,,,,2025-12-08T16:29:47.365000+00:00,👋 User Left Site,rich,0,,,false,,,,false,,,,,,,,,2025-12-08T16:29:47.609000+00:00,false,0,Animal Battle Stats,1446203750204047426
1447626196077641829,,,,,,true,,0000,0,,1446203750204047426,,0,Animal Battle Stats,,1446204139909550150,,,2025-12-08T16:29:40.739Z,,52360,0,true,By,RamiNoodle733,true,Comment Author,RamiNoodle733,true,On,Megalodon,,,,,,,,,,,,,,,,2025-12-08T16:29:40.357000+00:00,👍 Comment Upvoted,rich,0,,,false,,,,false,,,,,,,,,2025-12-08T16:29:40.739000+00:00,false,0,Animal Battle Stats,1446203750204047426
1447626172417572924,,,,,,true,,0000,0,,1446203750204047426,,0,Animal Battle Stats,,1446204139909550150,,,2025-12-08T16:29:35.098Z,,13382502,0,true,By,RamiNoodle733,true,Comment Author,RamiNoodle733,true,On,Megalodon,,,,,,,,,,,,,,,,2025-12-08T16:29:34.755000+00:00,👎 Comment Downvoted,rich,0,,,false,,,,false,,,,,,,,,2025-12-08T16:29:35.098000+00:00,false,0,Animal Battle Stats,1446203750204047426
1447626167657173083,,,,,,true,,0000,0,,1446203750204047426,,0,Animal Battle Stats,,1446204139909550150,,,2025-12-08T16:29:33.963Z,,52360,0,true,By,RamiNoodle733,true,Comment Author,RamiNoodle733,true,On,Megalodon,,,,,,,,,,,,,,,,2025-12-08T16:29:33.708000+00:00,👍 Comment Upvoted,rich,0,,,false,,,,false,,,,,,,,,2025-12-08T16:29:33.963000+00:00,false,0,Animal Battle Stats,1446203750204047426
1447626109112942704,,,,,,true,,0000,0,,1446203750204047426,,0,Animal Battle Stats,,1446204139909550150,,,2025-12-08T16:29:20.005Z,,54527,0,true,User,RamiNoodle733,true,Target,Megalodon,false,Comment,test,,,,,,,,,,,,,,,,2025-12-08T16:29:19.523000+00:00,💬 New Comment,rich,0,,,false,,,,false,,,,,,,,,2025-12-08T16:29:20.005000+00:00,false,0,Animal Battle Stats,1446203750204047426
1447626076007174289,,,,,,true,,0000,0,,1446203750204047426,,0,Animal Battle Stats,,1446204139909550150,,,2025-12-08T16:29:12.112Z,,4491519,0,true,Visitor,RamiNoodle733,,,,,,,,,,,,,,,,,,,,,,2025-12-08T16:29:11.814000+00:00,👀 Site Visit,rich,0,,,false,,,,false,,,,,,,,,2025-12-08T16:29:12.112000+00:00,false,0,Animal Battle Stats,1446203750204047426
1447626071049502730,,,,,,true,,0000,0,,1446203750204047426,,0,Animal Battle Stats,,1446204139909550150,,,2025-12-08T16:29:10.930Z,,6710886,0,true,User,RamiNoodle733,,,,,,,,,,,,,,,,,,,,,,2025-12-08T16:29:10.604000+00:00,👋 User Left Site,rich,0,,,false,,,,false,,,,,,,,,2025-12-08T16:29:10.930000+00:00,false,0,Animal Battle Stats,1446203750204047426
1447625974413005022,,,,,,true,,0000,0,,1446203750204047426,,0,Animal Battle Stats,,1446204139909550150,,,2025-12-08T16:28:47.890Z,,4491519,0,true,Visitor,RamiNoodle733,,,,,,,,,,,,,,,,,,,,,,2025-12-08T16:28:47.557000+00:00,👀 Site Visit,rich,0,,,false,,,,false,,,,,,,,,2025-12-08T16:28:47.890000+00:00,false,0,Animal Battle Stats,1446203750204047426
1447625970247925938,,,,,,true,,0000,0,,1446203750204047426,,0,Animal Battle Stats,,1446204139909550150,,,2025-12-08T16:28:46.897Z,,6710886,0,true,User,RamiNoodle733,,,,,,,,,,,,,,,,,,,,,,2025-12-08T16:28:46.195000+00:00,👋 User Left Site,rich,0,,,false,,,,false,,,,,,,,,2025-12-08T16:28:46.897000+00:00,false,0,Animal Battle Stats,1446203750204047426
1447624295575588875,,,,,,true,,0000,0,,1446203750204047426,,0,Animal Battle Stats,,1446204139909550150,,,2025-12-08T16:22:07.624Z,,8947848,0,true,User,RamiNoodle733,true,Animal,Megalodon,true,Removed,👍 Was Upvote,,,,,,,,,,,,,,,,2025-12-08T16:22:05.594000+00:00,🗑️ Vote Removed,rich,0,,,false,,,,false,,,,,,,,,2025-12-08T16:22:07.624000+00:00,false,0,Animal Battle Stats,1446203750204047426
1447624295458017292,,,,,,true,,0000,0,,1446203750204047426,,0,Animal Battle Stats,,1446204139909550150,,,2025-12-08T16:22:07.596Z,,65416,0,true,User,RamiNoodle733,true,Animal,Megalodon,true,Vote,👍 Upvote,,,,,,,,,,,,,,,,2025-12-08T16:22:07.413000+00:00,👍 New Vote,rich,0,,,false,,,,false,,,,,,,,,2025-12-08T16:22:07.596000+00:00,false,0,Animal Battle Stats,1446203750204047426
1447623888933490688,,,,,,true,,0000,0,,1446203750204047426,,0,Animal Battle Stats,,1446204139909550150,,,2025-12-08T16:20:30.673Z,,54527,0,true,User,RamiNoodle733,true,Target,Saltwater Crocodile,false,Comment,test,,,,,,,,,,,,,,,,2025-12-08T16:20:30.282000+00:00,💬 New Comment,rich,0,,,false,,,,false,,,,,,,,,2025-12-08T16:20:30.673000+00:00,false,0,Animal Battle Stats,1446203750204047426
1447623686994526301,,,,,,true,,0000,0,,1446203750204047426,,0,Animal Battle Stats,,1446204139909550150,,,2025-12-08T16:19:42.527Z,,52360,0,true,By,RamiNoodle733,true,Comment Author,RamiNoodle733,true,On,Kangaroo,,,,,,,,,,,,,,,,2025-12-08T16:19:42.224000+00:00,👍 Comment Upvoted,rich,0,,,false,,,,false,,,,,,,,,2025-12-08T16:19:42.527000+00:00,false,0,Animal Battle Stats,1446203750204047426
1447623668619411477,,,,,,true,,0000,0,,1446203750204047426,,0,Animal Battle Stats,,1446204139909550150,,,2025-12-08T16:19:38.146Z,,13382502,0,true,By,RamiNoodle733,true,Comment Author,RamiNoodle733,true,On,Orca,,,,,,,,,,,,,,,,2025-12-08T16:19:37.900000+00:00,👎 Comment Downvoted,rich,0,,,false,,,,false,,,,,,,,,2025-12-08T16:19:38.146000+00:00,false,0,Animal Battle Stats,1446203750204047426
1447623661346357340,,,,,,true,,0000,0,,1446203750204047426,,0,Animal Battle Stats,,1446204139909550150,,,2025-12-08T16:19:36.412Z,,52360,0,true,By,RamiNoodle733,true,Comment Author,RamiNoodle733,true,On,Orca,,,,,,,,,,,,,,,,2025-12-08T16:19:36.108000+00:00,👍 Comment Upvoted,rich,0,,,false,,,,false,,,,,,,,,2025-12-08T16:19:36.412000+00:00,false,0,Animal Battle Stats,1446203750204047426
1447623619453652992,,,,,,true,,0000,0,,1446203750204047426,,0,Animal Battle Stats,,1446204139909550150,,,2025-12-08T16:19:26.424Z,,54527,0,true,User,RamiNoodle733,true,Target,Megalodon,false,Comment,test,,,,,,,,,,,,,,,,2025-12-08T16:19:26.039000+00:00,💬 New Comment,rich,0,,,false,,,,false,,,,,,,,,2025-12-08T16:19:26.424000+00:00,false,0,Animal Battle Stats,1446203750204047426
1447623585769455791,,,,,,true,,0000,0,,1446203750204047426,,0,Animal Battle Stats,,1446204139909550150,,,2025-12-08T16:19:18.393Z,,4491519,0,true,Visitor,RamiNoodle733,,,,,,,,,,,,,,,,,,,,,,2025-12-08T16:19:18.039000+00:00,👀 Site Visit,rich,0,,,false,,,,false,,,,,,,,,2025-12-08T16:19:18.393000+00:00,false,0,Animal Battle Stats,1446203750204047426
1447623580836958350,,,,,,true,,0000,0,,1446203750204047426,,0,Animal Battle Stats,,1446204139909550150,,,2025-12-08T16:19:17.217Z,,6710886,0,true,User,RamiNoodle733,,,,,,,,,,,,,,,,,,,,,,2025-12-08T16:19:16.902000+00:00,👋 User Left Site,rich,0,,,false,,,,false,,,,,,,,,2025-12-08T16:19:17.217000+00:00,false,0,Animal Battle Stats,1446203750204047426
1447623536024748144,,,,,,true,,0000,0,,1446203750204047426,,0,Animal Battle Stats,,1446204139909550150,,,2025-12-08T16:19:06.533Z,,4491519,0,true,Visitor,RamiNoodle733,,,,,,,,,,,,,,,,,,,,,,2025-12-08T16:19:06.268000+00:00,👀 Site Visit,rich,0,,,false,,,,false,,,,,,,,,2025-12-08T16:19:06.533000+00:00,false,0,Animal Battle Stats,1446203750204047426
1447623533521010879,,,,,,true,,0000,0,,1446203750204047426,,0,Animal Battle Stats,,1446204139909550150,,,2025-12-08T16:19:05.936Z,,6710886,0,true,User,RamiNoodle733,,,,,,,,,,,,,,,,,,,,,,2025-12-08T16:19:04.437000+00:00,👋 User Left Site,rich,0,,,false,,,,false,,,,,,,,,2025-12-08T16:19:05.936000+00:00,false,0,Animal Battle Stats,1446203750204047426
1447614900921827359,,,,,,true,,0000,0,,1446203750204047426,,0,Animal Battle Stats,,1446204139909550150,,,2025-12-08T15:44:47.764Z,,54527,0,true,User,RamiNoodle733,true,Target,Orca,false,Comment,test,,,,,,,,,,,,,,,,2025-12-08T15:44:47.453000+00:00,💬 New Comment,rich,0,,,false,,,,false,,,,,,,,,2025-12-08T15:44:47.764000+00:00,false,0,Animal Battle Stats,1446203750204047426
1447614846567710912,,,,,,true,,0000,0,,1446203750204047426,,0,Animal Battle Stats,,1446204139909550150,,,2025-12-08T15:44:34.805Z,,4491519,0,true,Visitor,RamiNoodle733,,,,,,,,,,,,,,,,,,,,,,2025-12-08T15:44:34.539000+00:00,👀 Site Visit,rich,0,,,false,,,,false,,,,,,,,,2025-12-08T15:44:34.805000+00:00,false,0,Animal Battle Stats,1446203750204047426
1447614842365284425,,,,,,true,,0000,0,,1446203750204047426,,0,Animal Battle Stats,,1446204139909550150,,,2025-12-08T15:44:33.803Z,,6710886,0,true,User,RamiNoodle733,,,,,,,,,,,,,,,,,,,,,,2025-12-08T15:44:33.546000+00:00,👋 User Left Site,rich,0,,,false,,,,false,,,,,,,,,2025-12-08T15:44:33.803000+00:00,false,0,Animal Battle Stats,1446203750204047426
1447614828427350137,,,,,,true,,0000,0,,1446203750204047426,,0,Animal Battle Stats,,1446204139909550150,,,2025-12-08T15:44:30.480Z,,46296,0,true,User,RamiNoodle733,true,Replying To,RamiNoodle733,true,Target,Megalodon,false,Reply,Test,,,,,,,,,,,,,2025-12-08T15:44:30.198000+00:00,↩️ Comment Reply,rich,0,,,false,,,,false,,,,,,,,,2025-12-08T15:44:30.480000+00:00,false,0,Animal Battle Stats,1446203750204047426
1447614759708004424,,,,,,true,,0000,0,,1446203750204047426,,0,Animal Battle Stats,,1446204139909550150,,,2025-12-08T15:44:14.096Z,,16750848,0,true,Username,RamiAlt,,,,,,,,,,,,,,,,,,,,,,2025-12-08T15:44:13.846000+00:00,🔒 User Logout,rich,0,,,false,,,,false,,,,,,,,,2025-12-08T15:44:14.096000+00:00,false,0,Animal Battle Stats,1446203750204047426
1447614484465062071,,,,,,true,,0000,0,,1446203750204047426,,0,Animal Battle Stats,,1446204139909550150,,,2025-12-08T15:43:08.473Z,,52326,0,true,Username,RamiAlt2,,,,,,,,,,,,,,,,,,,,,,2025-12-08T15:43:08.261000+00:00,🔓 User Login,rich,0,,,false,,,,false,,,,,,,,,2025-12-08T15:43:08.473000+00:00,false,0,Animal Battle Stats,1446203750204047426
1447614483986907186,,,,,,true,,0000,0,,1446203750204047426,,0,Animal Battle Stats,,1446204139909550150,,,2025-12-08T15:43:08.359Z,,52326,0,true,Username,RamiAlt2,,,,,,,,,,,,,,,,,,,,,,2025-12-08T15:42:58.095000+00:00,🔓 User Login,rich,0,,,false,,,,false,,,,,,,,,2025-12-08T15:43:08.359000+00:00,false,0,Animal Battle Stats,1446203750204047426
1447614456489050308,,,,,,true,,0000,0,,1446203750204047426,,0,Animal Battle Stats,,1446204139909550150,,,2025-12-08T15:43:01.803Z,,16750848,0,true,Username,RamiAlt2,,,,,,,,,,,,,,,,,,,,,,2025-12-08T15:43:01.472000+00:00,🔒 User Logout,rich,0,,,false,,,,false,,,,,,,,,2025-12-08T15:43:01.803000+00:00,false,0,Animal Battle Stats,1446203750204047426
1447614386763202631,,,,,,true,,0000,0,,1446203750204047426,,0,Animal Battle Stats,,1446204139909550150,,,2025-12-08T15:42:45.179Z,,16750848,0,true,Username,RamiAlt2,,,,,,,,,,,,,,,,,,,,,,2025-12-08T15:42:44.888000+00:00,🔒 User Logout,rich,0,,,false,,,,false,,,,,,,,,2025-12-08T15:42:45.179000+00:00,false,0,Animal Battle Stats,1446203750204047426
1447614173168013496,,,,,,true,,0000,0,,1446203750204047426,,0,Animal Battle Stats,,1446204139909550150,,,2025-12-08T15:41:54.254Z,,16750848,0,true,Username,RamiNoodle733,,,,,,,,,,,,,,,,,,,,,,2025-12-08T15:41:53.913000+00:00,🔒 User Logout,rich,0,,,false,,,,false,,,,,,,,,2025-12-08T15:41:54.254000+00:00,false,0,Animal Battle Stats,1446203750204047426
1447614005765214262,,,,,,true,,0000,0,,1446203750204047426,,0,Animal Battle Stats,,1446204139909550150,,,2025-12-08T15:41:14.342Z,,4491519,0,true,Visitor,RamiNoodle733,,,,,,,,,,,,,,,,,,,,,,2025-12-08T15:41:13.852000+00:00,👀 Site Visit,rich,0,,,false,,,,false,,,,,,,,,2025-12-08T15:41:14.342000+00:00,false,0,Animal Battle Stats,1446203750204047426
1447614002204250236,,,,,,true,,0000,0,,1446203750204047426,,0,Animal Battle Stats,,1446204139909550150,,,2025-12-08T15:41:13.493Z,,6710886,0,true,User,RamiNoodle733,,,,,,,,,,,,,,,,,,,,,,2025-12-08T15:41:12.955000+00:00,👋 User Left Site,rich,0,,,false,,,,false,,,,,,,,,2025-12-08T15:41:13.493000+00:00,false,0,Animal Battle Stats,1446203750204047426
1447613932549312594,,,,,,true,,0000,0,,1446203750204047426,,0,Animal Battle Stats,,1446204139909550150,,,2025-12-08T15:40:56.886Z,,6710886,0,true,User,RamiNoodle733,,,,,,,,,,,,,,,,,,,,,,2025-12-08T15:40:56.575000+00:00,👋 User Left Site,rich,0,,,false,,,,false,,,,,,,,,2025-12-08T15:40:56.886000+00:00,false,0,Animal Battle Stats,1446203750204047426
1447613916891840552,,,,,,true,,0000,0,,1446203750204047426,,0,Animal Battle Stats,,1446204139909550150,,,2025-12-08T15:40:53.153Z,,4491519,0,true,Visitor,RamiNoodle733,,,,,,,,,,,,,,,,,,,,,,2025-12-08T15:40:52.837000+00:00,👀 Site Visit,rich,0,,,false,,,,false,,,,,,,,,2025-12-08T15:40:53.153000+00:00,false,0,Animal Battle Stats,1446203750204047426
1447613915369574421,,,,,,true,,0000,0,,1446203750204047426,,0,Animal Battle Stats,,1446204139909550150,,,2025-12-08T15:40:52.790Z,,4491519,0,true,Visitor,RamiNoodle733,,,,,,,,,,,,,,,,,,,,,,2025-12-08T15:40:45.739000+00:00,👀 Site Visit,rich,0,,,false,,,,false,,,,,,,,,2025-12-08T15:40:52.790000+00:00,false,0,Animal Battle Stats,1446203750204047426
1447613915277164626,,,,,,true,,0000,0,,1446203750204047426,,0,Animal Battle Stats,,1446204139909550150,,,2025-12-08T15:40:52.768Z,,6710886,0,true,User,RamiNoodle733,,,,,,,,,,,,,,,,,,,,,,2025-12-08T15:40:52.182000+00:00,👋 User Left Site,rich,0,,,false,,,,false,,,,,,,,,2025-12-08T15:40:52.768000+00:00,false,0,Animal Battle Stats,1446203750204047426
1447608087753003038,,,,,,true,,0000,0,,1446203750204047426,,0,Animal Battle Stats,,1446204139909550150,,,2025-12-08T15:17:43.378Z,,4491519,0,true,Visitor,RamiNoodle733,,,,,,,,,,,,,,,,,,,,,,2025-12-08T15:17:43.065000+00:00,👀 Site Visit,rich,0,,,false,,,,false,,,,,,,,,2025-12-08T15:17:43.378000+00:00,false,0,Animal Battle Stats,1446203750204047426
1447608080958492685,,,,,,true,,0000,0,,1446203750204047426,,0,Animal Battle Stats,,1446204139909550150,,,2025-12-08T15:17:41.758Z,,6710886,0,true,User,RamiNoodle733,,,,,,,,,,,,,,,,,,,,,,2025-12-08T15:17:39.294000+00:00,👋 User Left Site,rich,0,,,false,,,,false,,,,,,,,,2025-12-08T15:17:41.758000+00:00,false,0,Animal Battle Stats,1446203750204047426
1447607277912854701,,,,,,true,,0000,0,,1446203750204047426,,0,Animal Battle Stats,,1446204139909550150,,,2025-12-08T15:14:30.297Z,,16739072,0,false,Matchup,Spectacled Bear vs Sun Bear,,,,,,,,,,,,,,,,,,,,,,2025-12-08T15:14:29.899000+00:00,⚔️ Battle Comparison,rich,0,,,false,,,,false,,,,,,,,,2025-12-08T15:14:30.297000+00:00,false,0,Animal Battle Stats,1446203750204047426
1447601785597591572,,,,,,true,,0000,0,,1446203750204047426,,0,Animal Battle Stats,,1446204139909550150,,,2025-12-08T14:52:40.827Z,,16750848,0,true,Username,RamiNoodle733,,,,,,,,,,,,,,,,,,,,,,2025-12-08T14:52:40.548000+00:00,🔒 User Logout,rich,0,,,false,,,,false,,,,,,,,,2025-12-08T14:52:40.827000+00:00,false,0,Animal Battle Stats,1446203750204047426
1447601608845168651,,,,,,true,,0000,0,,1446203750204047426,,0,Animal Battle Stats,,1446204139909550150,,,2025-12-08T14:51:58.686Z,,4491519,0,true,Visitor,RamiNoodle733,,,,,,,,,,,,,,,,,,,,,,2025-12-08T14:51:58.325000+00:00,👀 Site Visit,rich,0,,,false,,,,false,,,,,,,,,2025-12-08T14:51:58.686000+00:00,false,0,Animal Battle Stats,1446203750204047426
1447601605712019497,,,,,,true,,0000,0,,1446203750204047426,,0,Animal Battle Stats,,1446204139909550150,,,2025-12-08T14:51:57.939Z,,6710886,0,true,User,RamiNoodle733,,,,,,,,,,,,,,,,,,,,,,2025-12-08T14:51:57.649000+00:00,👋 User Left Site,rich,0,,,false,,,,false,,,,,,,,,2025-12-08T14:51:57.939000+00:00,false,0,Animal Battle Stats,1446203750204047426
1447601561156190259,,,,,,true,,0000,0,,1446203750204047426,,0,Animal Battle Stats,,1446204139909550150,,,2025-12-08T14:51:47.316Z,,4491519,0,true,Visitor,RamiNoodle733,,,,,,,,,,,,,,,,,,,,,,2025-12-08T14:51:47.004000+00:00,👀 Site Visit,rich,0,,,false,,,,false,,,,,,,,,2025-12-08T14:51:47.316000+00:00,false,0,Animal Battle Stats,1446203750204047426
1447601558001942600,,,,,,true,,0000,0,,1446203750204047426,,0,Animal Battle Stats,,1446204139909550150,,,2025-12-08T14:51:46.564Z,,16750848,0,true,Username,RamiNoodle733,,,,,,,,,,,,,,,,,,,,,,2025-12-08T14:49:50.768000+00:00,🔒 User Logout,rich,0,,,false,,,,false,,,,,,,,,2025-12-08T14:51:46.564000+00:00,false,0,Animal Battle Stats,1446203750204047426
1447601557959872665,,,,,,true,,0000,0,,1446203750204047426,,0,Animal Battle Stats,,1446204139909550150,,,2025-12-08T14:51:46.554Z,,6710886,0,true,User,RamiNoodle733,,,,,,,,,,,,,,,,,,,,,,2025-12-08T14:51:45.950000+00:00,👋 User Left Site,rich,0,,,false,,,,false,,,,,,,,,2025-12-08T14:51:46.554000+00:00,false,0,Animal Battle Stats,1446203750204047426
1447598243910254604,,,,,,true,,0000,0,,1446203750204047426,,0,Animal Battle Stats,,1446204139909550150,,,2025-12-08T14:38:36.423Z,,52326,0,true,Username,RamiNoodle733,,,,,,,,,,,,,,,,,,,,,,2025-12-08T14:38:27.354000+00:00,🔓 User Login,rich,0,,,false,,,,false,,,,,,,,,2025-12-08T14:38:36.423000+00:00,false,0,Animal Battle Stats,1446203750204047426
1447598167276261513,,,,,,true,,0000,0,,1446203750204047426,,0,Animal Battle Stats,,1446204139909550150,,,2025-12-08T14:38:18.152Z,,16750848,0,true,Username,RamiNoodle733,,,,,,,,,,,,,,,,,,,,,,2025-12-08T14:38:17.837000+00:00,🔒 User Logout,rich,0,,,false,,,,false,,,,,,,,,2025-12-08T14:38:18.152000+00:00,false,0,Animal Battle Stats,1446203750204047426
1447597833527234561,,,,,,true,,0000,0,,1446203750204047426,,0,Animal Battle Stats,,1446204139909550150,,,2025-12-08T14:36:58.580Z,,4491519,0,true,Visitor,RamiNoodle733,,,,,,,,,,,,,,,,,,,,,,2025-12-08T14:36:58.277000+00:00,👀 Site Visit,rich,0,,,false,,,,false,,,,,,,,,2025-12-08T14:36:58.580000+00:00,false,0,Animal Battle Stats,1446203750204047426
1447597830398017666,,,,,,true,,0000,0,,1446203750204047426,,0,Animal Battle Stats,,1446204139909550150,,,2025-12-08T14:36:57.834Z,,6710886,0,true,User,RamiNoodle733,,,,,,,,,,,,,,,,,,,,,,2025-12-08T14:36:56.858000+00:00,👋 User Left Site,rich,0,,,false,,,,false,,,,,,,,,2025-12-08T14:36:57.834000+00:00,false,0,Animal Battle Stats,1446203750204047426
1447576336536178829,,,,,,true,,0000,0,,1446203750204047426,,0,Animal Battle Stats,,1446204139909550150,,,2025-12-08T13:11:33.298Z,,4491519,0,true,Visitor,RamiNoodle733,,,,,,,,,,,,,,,,,,,,,,2025-12-08T13:11:33.029000+00:00,👀 Site Visit,rich,0,,,false,,,,false,,,,,,,,,2025-12-08T13:11:33.298000+00:00,false,0,Animal Battle Stats,1446203750204047426
1447576333252300860,,,,,,true,,0000,0,,1446203750204047426,,0,Animal Battle Stats,,1446204139909550150,,,2025-12-08T13:11:32.515Z,,6710886,0,true,User,RamiNoodle733,,,,,,,,,,,,,,,,,,,,,,2025-12-08T13:11:31.800000+00:00,👋 User Left Site,rich,0,,,false,,,,false,,,,,,,,,2025-12-08T13:11:32.515000+00:00,false,0,Animal Battle Stats,1446203750204047426
1447574992282980412,,,,,,true,,0000,0,,1446203750204047426,,0,Animal Battle Stats,,1446204139909550150,,,2025-12-08T13:06:12.803Z,,4491519,0,true,Visitor,RamiNoodle733,,,,,,,,,,,,,,,,,,,,,,2025-12-08T13:06:12.468000+00:00,👀 Site Visit,rich,0,,,false,,,,false,,,,,,,,,2025-12-08T13:06:12.803000+00:00,false,0,Animal Battle Stats,1446203750204047426
1447574990470905968,,,,,,true,,0000,0,,1446203750204047426,,0,Animal Battle Stats,,1446204139909550150,,,2025-12-08T13:06:12.371Z,,6710886,0,true,User,RamiNoodle733,,,,,,,,,,,,,,,,,,,,,,2025-12-08T13:06:11.089000+00:00,👋 User Left Site,rich,0,,,false,,,,false,,,,,,,,,2025-12-08T13:06:12.371000+00:00,false,0,Animal Battle Stats,1446203750204047426
1447440935674712105,,,,,,true,,0000,0,,1446203750204047426,,0,Animal Battle Stats,,1446204139909550150,,,2025-12-08T04:13:31.217Z,,4491519,0,true,Visitor,RamiNoodle733,,,,,,,,,,,,,,,,,,,,,,2025-12-08T04:13:30.959000+00:00,👀 Site Visit,rich,0,,,false,,,,false,,,,,,,,,2025-12-08T04:13:31.217000+00:00,false,0,Animal Battle Stats,1446203750204047426
1447440934051516649,,,,,,true,,0000,0,,1446203750204047426,,0,Animal Battle Stats,,1446204139909550150,,,2025-12-08T04:13:30.830Z,,4491519,0,true,Visitor,RamiNoodle733,,,,,,,,,,,,,,,,,,,,,,2025-12-08T04:13:26.198000+00:00,👀 Site Visit,rich,0,,,false,,,,false,,,,,,,,,2025-12-08T04:13:30.830000+00:00,false,0,Animal Battle Stats,1446203750204047426
1447440934030545014,,,,,,true,,0000,0,,1446203750204047426,,0,Animal Battle Stats,,1446204139909550150,,,2025-12-08T04:13:30.825Z,,6710886,0,true,User,RamiNoodle733,,,,,,,,,,,,,,,,,,,,,,2025-12-08T04:13:29.833000+00:00,👋 User Left Site,rich,0,,,false,,,,false,,,,,,,,,2025-12-08T04:13:30.825000+00:00,false,0,Animal Battle Stats,1446203750204047426
1447429619891310692,,,,,,true,,0000,0,,1446203750204047426,,0,Animal Battle Stats,,1446204139909550150,,,2025-12-08T03:28:33.324Z,,4491519,0,true,Visitor,RamiNoodle733,,,,,,,,,,,,,,,,,,,,,,2025-12-08T03:28:32.981000+00:00,👀 Site Visit,rich,0,,,false,,,,false,,,,,,,,,2025-12-08T03:28:33.324000+00:00,false,0,Animal Battle Stats,1446203750204047426
1447429616003452939,,,,,,true,,0000,0,,1446203750204047426,,0,Animal Battle Stats,,1446204139909550150,,,2025-12-08T03:28:32.397Z,,6710886,0,true,User,RamiNoodle733,,,,,,,,,,,,,,,,,,,,,,2025-12-08T03:28:31.403000+00:00,👋 User Left Site,rich,0,,,false,,,,false,,,,,,,,,2025-12-08T03:28:32.397000+00:00,false,0,Animal Battle Stats,1446203750204047426
1447419769937465474,,,,,,true,,0000,0,,1446203750204047426,,0,Animal Battle Stats,,1446204139909550150,,,2025-12-08T02:49:24.912Z,,4491519,0,true,Visitor,RamiNoodle733,,,,,,,,,,,,,,,,,,,,,,2025-12-08T02:49:24.614000+00:00,👀 Site Visit,rich,0,,,false,,,,false,,,,,,,,,2025-12-08T02:49:24.912000+00:00,false,0,Animal Battle Stats,1446203750204047426
1447419766045282385,,,,,,true,,0000,0,,1446203750204047426,,0,Animal Battle Stats,,1446204139909550150,,,2025-12-08T02:49:23.984Z,,6710886,0,true,User,RamiNoodle733,,,,,,,,,,,,,,,,,,,,,,2025-12-08T02:49:23.057000+00:00,👋 User Left Site,rich,0,,,false,,,,false,,,,,,,,,2025-12-08T02:49:23.984000+00:00,false,0,Animal Battle Stats,1446203750204047426
1447419403326197801,,,,,,true,,0000,0,,1446203750204047426,,0,Animal Battle Stats,,1446204139909550150,,,2025-12-08T02:47:57.505Z,,4491519,0,true,Visitor,RamiNoodle733,,,,,,,,,,,,,,,,,,,,,,2025-12-08T02:47:57.220000+00:00,👀 Site Visit,rich,0,,,false,,,,false,,,,,,,,,2025-12-08T02:47:57.505000+00:00,false,0,Animal Battle Stats,1446203750204047426
1447419399698124830,,,,,,true,,0000,0,,1446203750204047426,,0,Animal Battle Stats,,1446204139909550150,,,2025-12-08T02:47:56.640Z,,6710886,0,true,User,RamiNoodle733,,,,,,,,,,,,,,,,,,,,,,2025-12-08T02:47:56.389000+00:00,👋 User Left Site,rich,0,,,false,,,,false,,,,,,,,,2025-12-08T02:47:56.640000+00:00,false,0,Animal Battle Stats,1446203750204047426
1447419356182089810,,,,,,true,,0000,0,,1446203750204047426,,0,Animal Battle Stats,,1446204139909550150,,,2025-12-08T02:47:46.265Z,,4491519,0,true,Visitor,RamiNoodle733,,,,,,,,,,,,,,,,,,,,,,2025-12-08T02:47:46.017000+00:00,👀 Site Visit,rich,0,,,false,,,,false,,,,,,,,,2025-12-08T02:47:46.265000+00:00,false,0,Animal Battle Stats,1446203750204047426
1447419353807982746,,,,,,true,,0000,0,,1446203750204047426,,0,Animal Battle Stats,,1446204139909550150,,,2025-12-08T02:47:45.699Z,,6710886,0,true,User,RamiNoodle733,,,,,,,,,,,,,,,,,,,,,,2025-12-08T02:47:45.290000+00:00,👋 User Left Site,rich,0,,,false,,,,false,,,,,,,,,2025-12-08T02:47:45.699000+00:00,false,0,Animal Battle Stats,1446203750204047426
1447419334229233714,,,,,,true,,0000,0,,1446203750204047426,,0,Animal Battle Stats,,1446204139909550150,,,2025-12-08T02:47:41.031Z,,4491519,0,true,Visitor,RamiNoodle733,,,,,,,,,,,,,,,,,,,,,,2025-12-08T02:47:40.723000+00:00,👀 Site Visit,rich,0,,,false,,,,false,,,,,,,,,2025-12-08T02:47:41.031000+00:00,false,0,Animal Battle Stats,1446203750204047426
1447419326599790672,,,,,,true,,0000,0,,1446203750204047426,,0,Animal Battle Stats,,1446204139909550150,,,2025-12-08T02:47:39.212Z,,4491519,0,true,Visitor,RamiNoodle733,,,,,,,,,,,,,,,,,,,,,,2025-12-08T02:47:38.993000+00:00,👀 Site Visit,rich,0,,,false,,,,false,,,,,,,,,2025-12-08T02:47:39.212000+00:00,false,0,Animal Battle Stats,1446203750204047426
1447419321637797898,,,,,,true,,0000,0,,1446203750204047426,,0,Animal Battle Stats,,1446204139909550150,,,2025-12-08T02:47:38.029Z,,4491519,0,true,Visitor,RamiNoodle733,,,,,,,,,,,,,,,,,,,,,,2025-12-08T02:47:37.715000+00:00,👀 Site Visit,rich,0,,,false,,,,false,,,,,,,,,2025-12-08T02:47:38.029000+00:00,false,0,Animal Battle Stats,1446203750204047426
1447419313647652875,,,,,,true,,0000,0,,1446203750204047426,,0,Animal Battle Stats,,1446204139909550150,,,2025-12-08T02:47:36.124Z,,4491519,0,true,Visitor,RamiNoodle733,,,,,,,,,,,,,,,,,,,,,,2025-12-08T02:47:35.894000+00:00,👀 Site Visit,rich,0,,,false,,,,false,,,,,,,,,2025-12-08T02:47:36.124000+00:00,false,0,Animal Battle Stats,1446203750204047426
1447419309046628434,,,,,,true,,0000,0,,1446203750204047426,,0,Animal Battle Stats,,1446204139909550150,,,2025-12-08T02:47:35.027Z,,6710886,0,true,User,RamiNoodle733,,,,,,,,,,,,,,,,,,,,,,2025-12-08T02:47:34.726000+00:00,👋 User Left Site,rich,0,,,false,,,,false,,,,,,,,,2025-12-08T02:47:35.027000+00:00,false,0,Animal Battle Stats,1446203750204047426
1447419294437871626,,,,,,true,,0000,0,,1446203750204047426,,0,Animal Battle Stats,,1446204139909550150,,,2025-12-08T02:47:31.544Z,,4491519,0,true,Visitor,RamiNoodle733,,,,,,,,,,,,,,,,,,,,,,2025-12-08T02:47:31.282000+00:00,👀 Site Visit,rich,0,,,false,,,,false,,,,,,,,,2025-12-08T02:47:31.544000+00:00,false,0,Animal Battle Stats,1446203750204047426
1447419282832232548,,,,,,true,,0000,0,,1446203750204047426,,0,Animal Battle Stats,,1446204139909550150,,,2025-12-08T02:47:28.777Z,,4491519,0,true,Visitor,RamiNoodle733,,,,,,,,,,,,,,,,,,,,,,2025-12-08T02:47:28.478000+00:00,👀 Site Visit,rich,0,,,false,,,,false,,,,,,,,,2025-12-08T02:47:28.777000+00:00,false,0,Animal Battle Stats,1446203750204047426
1447419280726425730,,,,,,true,,0000,0,,1446203750204047426,,0,Animal Battle Stats,,1446204139909550150,,,2025-12-08T02:47:28.275Z,,6710886,0,true,User,RamiNoodle733,,,,,,,,,,,,,,,,,,,,,,2025-12-08T02:47:27.444000+00:00,👋 User Left Site,rich,0,,,false,,,,false,,,,,,,,,2025-12-08T02:47:28.275000+00:00,false,0,Animal Battle Stats,1446203750204047426
1447419280596537448,,,,,,true,,0000,0,,1446203750204047426,,0,Animal Battle Stats,,1446204139909550150,,,2025-12-08T02:47:28.244Z,,4491519,0,true,Visitor,RamiNoodle733,,,,,,,,,,,,,,,,,,,,,,2025-12-08T02:47:27.326000+00:00,👀 Site Visit,rich,0,,,false,,,,false,,,,,,,,,2025-12-08T02:47:28.244000+00:00,false,0,Animal Battle Stats,1446203750204047426
1447417395366072444,,,,,,true,,0000,0,,1446203750204047426,,0,Animal Battle Stats,,1446204139909550150,,,2025-12-08T02:39:58.770Z,,4491519,0,true,Visitor,RamiNoodle733,,,,,,,,,,,,,,,,,,,,,,2025-12-08T02:39:58.457000+00:00,👀 Site Visit,rich,0,,,false,,,,false,,,,,,,,,2025-12-08T02:39:58.770000+00:00,false,0,Animal Battle Stats,1446203750204047426
1447417391972745376,,,,,,true,,0000,0,,1446203750204047426,,0,Animal Battle Stats,,1446204139909550150,,,2025-12-08T02:39:57.961Z,,6710886,0,true,User,RamiNoodle733,,,,,,,,,,,,,,,,,,,,,,2025-12-08T02:39:57.244000+00:00,👋 User Left Site,rich,0,,,false,,,,false,,,,,,,,,2025-12-08T02:39:57.961000+00:00,false,0,Animal Battle Stats,1446203750204047426
1447417265543844001,,,,,,true,,0000,0,,1446203750204047426,,0,Animal Battle Stats,,1446204139909550150,,,2025-12-08T02:39:27.818Z,,6710886,0,true,User,RamiNoodle733,,,,,,,,,,,,,,,,,,,,,,2025-12-08T02:39:26.131000+00:00,👋 User Left Site,rich,0,,,false,,,,false,,,,,,,,,2025-12-08T02:39:27.818000+00:00,false,0,Animal Battle Stats,1446203750204047426
1447410534822707200,,,,,,true,,0000,0,,1446203750204047426,,0,Animal Battle Stats,,1446204139909550150,,,2025-12-08T02:12:43.089Z,,4491519,0,true,Visitor,Anonymous,,,,,,,,,,,,,,,,,,,,,,2025-12-08T02:12:42.682000+00:00,👀 Site Visit,rich,0,,,false,,,,false,,,,,,,,,2025-12-08T02:12:43.089000+00:00,false,0,Animal Battle Stats,1446203750204047426
1447409404969353298,,,,,,true,,0000,0,,1446203750204047426,,0,Animal Battle Stats,,1446204139909550150,,,2025-12-08T02:08:13.711Z,,4491519,0,true,Visitor,RamiNoodle733,,,,,,,,,,,,,,,,,,,,,,2025-12-08T02:08:13.441000+00:00,👀 Site Visit,rich,0,,,false,,,,false,,,,,,,,,2025-12-08T02:08:13.711000+00:00,false,0,Animal Battle Stats,1446203750204047426
1447409401492144300,,,,,,true,,0000,0,,1446203750204047426,,0,Animal Battle Stats,,1446204139909550150,,,2025-12-08T02:08:12.882Z,,6710886,0,true,User,RamiNoodle733,,,,,,,,,,,,,,,,,,,,,,2025-12-08T02:08:11.488000+00:00,👋 User Left Site,rich,0,,,false,,,,false,,,,,,,,,2025-12-08T02:08:12.882000+00:00,false,0,Animal Battle Stats,1446203750204047426
1447384277867167845,,,,,,true,,0000,0,,1446203750204047426,,0,Animal Battle Stats,,1446204139909550150,,,2025-12-08T00:28:22.943Z,,4491519,0,true,Visitor,RamiNoodle733,,,,,,,,,,,,,,,,,,,,,,2025-12-08T00:28:22.602000+00:00,👀 Site Visit,rich,0,,,false,,,,false,,,,,,,,,2025-12-08T00:28:22.943000+00:00,false,0,Animal Battle Stats,1446203750204047426
1447384275551781014,,,,,,true,,0000,0,,1446203750204047426,,0,Animal Battle Stats,,1446204139909550150,,,2025-12-08T00:28:22.391Z,,6710886,0,true,User,RamiNoodle733,,,,,,,,,,,,,,,,,,,,,,2025-12-08T00:28:21.768000+00:00,👋 User Left Site,rich,0,,,false,,,,false,,,,,,,,,2025-12-08T00:28:22.391000+00:00,false,0,Animal Battle Stats,1446203750204047426
1447384275338006650,,,,,,true,,0000,0,,1446203750204047426,,0,Animal Battle Stats,,1446204139909550150,,,2025-12-08T00:28:22.340Z,,4491519,0,true,Visitor,Anonymous,,,,,,,,,,,,,,,,,,,,,,2025-12-08T00:27:56.410000+00:00,👀 Site Visit,rich,0,,,false,,,,false,,,,,,,,,2025-12-08T00:28:22.340000+00:00,false,0,Animal Battle Stats,1446203750204047426
1447379214830407731,,,,,,true,,0000,0,,1446203750204047426,,0,Animal Battle Stats,,1446204139909550150,,,2025-12-08T00:08:15.821Z,,52360,0,true,By,RamiNoodle733,true,Comment Author,RamiNoodle733,true,On,Megalodon,,,,,,,,,,,,,,,,2025-12-08T00:08:15.573000+00:00,👍 Comment Upvoted,rich,0,,,false,,,,false,,,,,,,,,2025-12-08T00:08:15.821000+00:00,false,0,Animal Battle Stats,1446203750204047426
1447379053324796095,,,,,,true,,0000,0,,1446203750204047426,,0,Animal Battle Stats,,1446204139909550150,,,2025-12-08T00:07:37.315Z,,4491519,0,true,Visitor,RamiNoodle733,,,,,,,,,,,,,,,,,,,,,,2025-12-08T00:07:37.034000+00:00,👀 Site Visit,rich,0,,,false,,,,false,,,,,,,,,2025-12-08T00:07:37.315000+00:00,false,0,Animal Battle Stats,1446203750204047426
1447379050153906258,,,,,,true,,0000,0,,1446203750204047426,,0,Animal Battle Stats,,1446204139909550150,,,2025-12-08T00:07:36.559Z,,6710886,0,true,User,RamiNoodle733,,,,,,,,,,,,,,,,,,,,,,2025-12-08T00:07:35.496000+00:00,👋 User Left Site,rich,0,,,false,,,,false,,,,,,,,,2025-12-08T00:07:36.559000+00:00,false,0,Animal Battle Stats,1446203750204047426
1447371555490496563,,,,,,true,,0000,0,,1446203750204047426,,0,Animal Battle Stats,,1446204139909550150,,,2025-12-07T23:37:49.692Z,,6710886,0,true,User,RamiNoodle733,,,,,,,,,,,,,,,,,,,,,,2025-12-07T23:37:48.907000+00:00,👋 User Left Site,rich,0,,,false,,,,false,,,,,,,,,2025-12-07T23:37:49.692000+00:00,false,0,Animal Battle Stats,1446203750204047426
1447366728882585653,,,,,,true,,0000,0,,1446203750204047426,,0,Animal Battle Stats,,1446204139909550150,,,2025-12-07T23:18:38.939Z,,16739072,0,false,Matchup,Saltwater Crocodile vs Siberian Tiger,,,,,,,,,,,,,,,,,,,,,,2025-12-07T23:18:38.489000+00:00,⚔️ Battle Comparison,rich,0,,,false,,,,false,,,,,,,,,2025-12-07T23:18:38.939000+00:00,false,0,Animal Battle Stats,1446203750204047426
1447366595591667897,,,,,,true,,0000,0,,1446203750204047426,,0,Animal Battle Stats,,1446204139909550150,,,2025-12-07T23:18:07.160Z,,4491519,0,true,Visitor,RamiNoodle733,,,,,,,,,,,,,,,,,,,,,,2025-12-07T23:18:06.776000+00:00,👀 Site Visit,rich,0,,,false,,,,false,,,,,,,,,2025-12-07T23:18:07.160000+00:00,false,0,Animal Battle Stats,1446203750204047426
1447366591200366692,,,,,,true,,0000,0,,1446203750204047426,,0,Animal Battle Stats,,1446204139909550150,,,2025-12-07T23:18:06.113Z,,6710886,0,true,User,RamiNoodle733,,,,,,,,,,,,,,,,,,,,,,2025-12-07T23:18:05.855000+00:00,👋 User Left Site,rich,0,,,false,,,,false,,,,,,,,,2025-12-07T23:18:06.113000+00:00,false,0,Animal Battle Stats,1446203750204047426
1447366421360152658,,,,,,true,,0000,0,,1446203750204047426,,0,Animal Battle Stats,,1446204139909550150,,,2025-12-07T23:17:25.620Z,,4491519,0,true,Visitor,RamiNoodle733,,,,,,,,,,,,,,,,,,,,,,2025-12-07T23:17:25.321000+00:00,👀 Site Visit,rich,0,,,false,,,,false,,,,,,,,,2025-12-07T23:17:25.620000+00:00,false,0,Animal Battle Stats,1446203750204047426
1447366418155966657,,,,,,true,,0000,0,,1446203750204047426,,0,Animal Battle Stats,,1446204139909550150,,,2025-12-07T23:17:24.856Z,,6710886,0,true,User,RamiNoodle733,,,,,,,,,,,,,,,,,,,,,,2025-12-07T23:17:23.905000+00:00,👋 User Left Site,rich,0,,,false,,,,false,,,,,,,,,2025-12-07T23:17:24.856000+00:00,false,0,Animal Battle Stats,1446203750204047426
1447325337611669816,,,,,,true,,0000,0,,1446203750204047426,,0,Animal Battle Stats,,1446204139909550150,,,2025-12-07T20:34:10.491Z,,4491519,0,true,Visitor,RamiNoodle733,,,,,,,,,,,,,,,,,,,,,,2025-12-07T20:34:10.153000+00:00,👀 Site Visit,rich,0,,,false,,,,false,,,,,,,,,2025-12-07T20:34:10.491000+00:00,false,0,Animal Battle Stats,1446203750204047426
1447325334168010943,,,,,,true,,0000,0,,1446203750204047426,,0,Animal Battle Stats,,1446204139909550150,,,2025-12-07T20:34:09.670Z,,6710886,0,true,User,RamiNoodle733,,,,,,,,,,,,,,,,,,,,,,2025-12-07T20:34:09.447000+00:00,👋 User Left Site,rich,0,,,false,,,,false,,,,,,,,,2025-12-07T20:34:09.670000+00:00,false,0,Animal Battle Stats,1446203750204047426
1447324803852931293,,,,,,true,,0000,0,,1446203750204047426,,0,Animal Battle Stats,,1446204139909550150,,,2025-12-07T20:32:03.233Z,,4491519,0,true,Visitor,RamiNoodle733,,,,,,,,,,,,,,,,,,,,,,2025-12-07T20:32:02.871000+00:00,👀 Site Visit,rich,0,,,false,,,,false,,,,,,,,,2025-12-07T20:32:03.233000+00:00,false,0,Animal Battle Stats,1446203750204047426
1447324800824643798,,,,,,true,,0000,0,,1446203750204047426,,0,Animal Battle Stats,,1446204139909550150,,,2025-12-07T20:32:02.511Z,,6710886,0,true,User,RamiNoodle733,,,,,,,,,,,,,,,,,,,,,,2025-12-07T20:32:02.148000+00:00,👋 User Left Site,rich,0,,,false,,,,false,,,,,,,,,2025-12-07T20:32:02.511000+00:00,false,0,Animal Battle Stats,1446203750204047426
1447324581676454102,,,,,,true,,0000,0,,1446203750204047426,,0,Animal Battle Stats,,1446204139909550150,,,2025-12-07T20:31:10.262Z,,4491519,0,true,Visitor,RamiNoodle733,,,,,,,,,,,,,,,,,,,,,,2025-12-07T20:31:09.985000+00:00,👀 Site Visit,rich,0,,,false,,,,false,,,,,,,,,2025-12-07T20:31:10.262000+00:00,false,0,Animal Battle Stats,1446203750204047426
1447324578861813852,,,,,,true,,0000,0,,1446203750204047426,,0,Animal Battle Stats,,1446204139909550150,,,2025-12-07T20:31:09.591Z,,6710886,0,true,User,RamiNoodle733,,,,,,,,,,,,,,,,,,,,,,2025-12-07T20:31:09.347000+00:00,👋 User Left Site,rich,0,,,false,,,,false,,,,,,,,,2025-12-07T20:31:09.591000+00:00,false,0,Animal Battle Stats,1446203750204047426
1447324410129158264,,,,,,true,,0000,0,,1446203750204047426,,0,Animal Battle Stats,,1446204139909550150,,,2025-12-07T20:30:29.362Z,,4491519,0,true,Visitor,RamiNoodle733,,,,,,,,,,,,,,,,,,,,,,2025-12-07T20:30:29.083000+00:00,👀 Site Visit,rich,0,,,false,,,,false,,,,,,,,,2025-12-07T20:30:29.362000+00:00,false,0,Animal Battle Stats,1446203750204047426
1447324407151464478,,,,,,true,,0000,0,,1446203750204047426,,0,Animal Battle Stats,,1446204139909550150,,,2025-12-07T20:30:28.652Z,,6710886,0,true,User,RamiNoodle733,,,,,,,,,,,,,,,,,,,,,,2025-12-07T20:30:28.345000+00:00,👋 User Left Site,rich,0,,,false,,,,false,,,,,,,,,2025-12-07T20:30:28.652000+00:00,false,0,Animal Battle Stats,1446203750204047426
1447324228742545479,,,,,,true,,0000,0,,1446203750204047426,,0,Animal Battle Stats,,1446204139909550150,,,2025-12-07T20:29:46.116Z,,4491519,0,true,Visitor,RamiNoodle733,,,,,,,,,,,,,,,,,,,,,,2025-12-07T20:29:45.849000+00:00,👀 Site Visit,rich,0,,,false,,,,false,,,,,,,,,2025-12-07T20:29:46.116000+00:00,false,0,Animal Battle Stats,1446203750204047426
1447324226095943721,,,,,,true,,0000,0,,1446203750204047426,,0,Animal Battle Stats,,1446204139909550150,,,2025-12-07T20:29:45.485Z,,6710886,0,true,User,RamiNoodle733,,,,,,,,,,,,,,,,,,,,,,2025-12-07T20:29:45.121000+00:00,👋 User Left Site,rich,0,,,false,,,,false,,,,,,,,,2025-12-07T20:29:45.485000+00:00,false,0,Animal Battle Stats,1446203750204047426
1447324039478644816,,,,,,true,,0000,0,,1446203750204047426,,0,Animal Battle Stats,,1446204139909550150,,,2025-12-07T20:29:00.992Z,,4491519,0,true,Visitor,RamiNoodle733,,,,,,,,,,,,,,,,,,,,,,2025-12-07T20:29:00.574000+00:00,👀 Site Visit,rich,0,,,false,,,,false,,,,,,,,,2025-12-07T20:29:00.992000+00:00,false,0,Animal Battle Stats,1446203750204047426
1447324037574295624,,,,,,true,,0000,0,,1446203750204047426,,0,Animal Battle Stats,,1446204139909550150,,,2025-12-07T20:29:00.538Z,,4491519,0,true,Visitor,RamiNoodle733,,,,,,,,,,,,,,,,,,,,,,2025-12-07T20:28:56.833000+00:00,👀 Site Visit,rich,0,,,false,,,,false,,,,,,,,,2025-12-07T20:29:00.538000+00:00,false,0,Animal Battle Stats,1446203750204047426
1447324037171777679,,,,,,true,,0000,0,,1446203750204047426,,0,Animal Battle Stats,,1446204139909550150,,,2025-12-07T20:29:00.442Z,,6710886,0,true,User,RamiNoodle733,,,,,,,,,,,,,,,,,,,,,,2025-12-07T20:28:59.892000+00:00,👋 User Left Site,rich,0,,,false,,,,false,,,,,,,,,2025-12-07T20:29:00.442000+00:00,false,0,Animal Battle Stats,1446203750204047426
1447318345891320010,,,,,,true,,0000,0,,1446203750204047426,,0,Animal Battle Stats,,1446204139909550150,,,2025-12-07T20:06:23.535Z,,4491519,0,true,Visitor,RamiNoodle733,,,,,,,,,,,,,,,,,,,,,,2025-12-07T20:06:23.271000+00:00,👀 Site Visit,rich,0,,,false,,,,false,,,,,,,,,2025-12-07T20:06:23.535000+00:00,false,0,Animal Battle Stats,1446203750204047426
1447318344087638186,,,,,,true,,0000,0,,1446203750204047426,,0,Animal Battle Stats,,1446204139909550150,,,2025-12-07T20:06:23.105Z,,6710886,0,true,User,RamiNoodle733,,,,,,,,,,,,,,,,,,,,,,2025-12-07T20:06:22.419000+00:00,👋 User Left Site,rich,0,,,false,,,,false,,,,,,,,,2025-12-07T20:06:23.105000+00:00,false,0,Animal Battle Stats,1446203750204047426
1447317581470892064,,,,,,true,,0000,0,,1446203750204047426,,0,Animal Battle Stats,,1446204139909550150,,,2025-12-07T20:03:21.283Z,,4491519,0,true,Visitor,RamiNoodle733,,,,,,,,,,,,,,,,,,,,,,2025-12-07T20:03:21.004000+00:00,👀 Site Visit,rich,0,,,false,,,,false,,,,,,,,,2025-12-07T20:03:21.283000+00:00,false,0,Animal Battle Stats,1446203750204047426
1447317578400792576,,,,,,true,,0000,0,,1446203750204047426,,0,Animal Battle Stats,,1446204139909550150,,,2025-12-07T20:03:20.551Z,,6710886,0,true,User,Anonymous,,,,,,,,,,,,,,,,,,,,,,2025-12-07T20:03:19.480000+00:00,👋 User Left Site,rich,0,,,false,,,,false,,,,,,,,,2025-12-07T20:03:20.551000+00:00,false,0,Animal Battle Stats,1446203750204047426
1447307004191182940,,,,,,true,,0000,0,,1446203750204047426,,0,Animal Battle Stats,,1446204139909550150,,,2025-12-07T19:21:19.463Z,,52326,0,true,Username,RamiNoodle733,,,,,,,,,,,,,,,,,,,,,,2025-12-07T19:21:18.175000+00:00,🔓 User Login,rich,0,,,false,,,,false,,,,,,,,,2025-12-07T19:21:19.463000+00:00,false,0,Animal Battle Stats,1446203750204047426
1447306975774773341,,,,,,true,,0000,0,,1446203750204047426,,0,Animal Battle Stats,,1446204139909550150,,,2025-12-07T19:21:12.688Z,,4491519,0,true,Visitor,Anonymous,,,,,,,,,,,,,,,,,,,,,,2025-12-07T19:21:12.325000+00:00,👀 Site Visit,rich,0,,,false,,,,false,,,,,,,,,2025-12-07T19:21:12.688000+00:00,false,0,Animal Battle Stats,1446203750204047426
1447306961770250260,,,,,,true,,0000,0,,1446203750204047426,,0,Animal Battle Stats,,1446204139909550150,,,2025-12-07T19:21:09.349Z,,6710886,0,true,User,Anonymous,,,,,,,,,,,,,,,,,,,,,,2025-12-07T19:21:08.961000+00:00,👋 User Left Site,rich,0,,,false,,,,false,,,,,,,,,2025-12-07T19:21:09.349000+00:00,false,0,Animal Battle Stats,1446203750204047426
1447306830320636144,,,,,,true,,0000,0,,1446203750204047426,,0,Animal Battle Stats,,1446204139909550150,,,2025-12-07T19:20:38.009Z,,4491519,0,true,Visitor,Anonymous,,,,,,,,,,,,,,,,,,,,,,2025-12-07T19:20:37.657000+00:00,👀 Site Visit,rich,0,,,false,,,,false,,,,,,,,,2025-12-07T19:20:38.009000+00:00,false,0,Animal Battle Stats,1446203750204047426
1447306826512072807,,,,,,true,,0000,0,,1446203750204047426,,0,Animal Battle Stats,,1446204139909550150,,,2025-12-07T19:20:37.101Z,,6710886,0,true,User,Anonymous,,,,,,,,,,,,,,,,,,,,,,2025-12-07T19:20:35.988000+00:00,👋 User Left Site,rich,0,,,false,,,,false,,,,,,,,,2025-12-07T19:20:37.101000+00:00,false,0,Animal Battle Stats,1446203750204047426
1447306732563992656,,,,,,true,,0000,0,,1446203750204047426,,0,Animal Battle Stats,,1446204139909550150,,,2025-12-07T19:20:14.702Z,,4491519,0,true,Visitor,Anonymous,,,,,,,,,,,,,,,,,,,,,,2025-12-07T19:20:14.339000+00:00,👀 Site Visit,rich,0,,,false,,,,false,,,,,,,,,2025-12-07T19:20:14.702000+00:00,false,0,Animal Battle Stats,1446203750204047426
1447306724196225229,,,,,,true,,0000,0,,1446203750204047426,,0,Animal Battle Stats,,1446204139909550150,,,2025-12-07T19:20:12.707Z,,6710886,0,true,User,Anonymous,,,,,,,,,,,,,,,,,,,,,,2025-12-07T19:20:12.214000+00:00,👋 User Left Site,rich,0,,,false,,,,false,,,,,,,,,2025-12-07T19:20:12.707000+00:00,false,0,Animal Battle Stats,1446203750204047426
1447295912027095272,,,,,,true,,0000,0,,1446203750204047426,,0,Animal Battle Stats,,1446204139909550150,,,2025-12-07T18:37:14.885Z,,4491519,0,true,Visitor,Anonymous,,,,,,,,,,,,,,,,,,,,,,2025-12-07T18:37:14.540000+00:00,👀 Site Visit,rich,0,,,false,,,,false,,,,,,,,,2025-12-07T18:37:14.885000+00:00,false,0,Animal Battle Stats,1446203750204047426
1447295901063319624,,,,,,true,,0000,0,,1446203750204047426,,0,Animal Battle Stats,,1446204139909550150,,,2025-12-07T18:37:12.271Z,,6710886,0,true,User,Anonymous,,,,,,,,,,,,,,,,,,,,,,2025-12-07T18:37:10.697000+00:00,👋 User Left Site,rich,0,,,false,,,,false,,,,,,,,,2025-12-07T18:37:12.271000+00:00,false,0,Animal Battle Stats,1446203750204047426
1447290095060127947,,,,,,true,,0000,0,,1446203750204047426,,0,Animal Battle Stats,,1446204139909550150,,,2025-12-07T18:14:08.012Z,,4491519,0,true,Visitor,Anonymous,,,,,,,,,,,,,,,,,,,,,,2025-12-07T18:14:07.715000+00:00,👀 Site Visit,rich,0,,,false,,,,false,,,,,,,,,2025-12-07T18:14:08.012000+00:00,false,0,Animal Battle Stats,1446203750204047426
1447290085694378114,,,,,,true,,0000,0,,1446203750204047426,,0,Animal Battle Stats,,1446204139909550150,,,2025-12-07T18:14:05.779Z,,6710886,0,true,User,Anonymous,,,,,,,,,,,,,,,,,,,,,,2025-12-07T18:14:05.033000+00:00,👋 User Left Site,rich,0,,,false,,,,false,,,,,,,,,2025-12-07T18:14:05.779000+00:00,false,0,Animal Battle Stats,1446203750204047426
1447195016610189425,,,,,,true,,0000,0,,1446203750204047426,,0,Animal Battle Stats,,1446204139909550150,,,2025-12-07T11:56:19.543Z,,4491519,0,true,Visitor,Anonymous,,,,,,,,,,,,,,,,,,,,,,2025-12-07T11:56:19.387000+00:00,👀 Site Visit,rich,0,,,false,,,,false,,,,,,,,,2025-12-07T11:56:19.543000+00:00,false,0,Animal Battle Stats,1446203750204047426
1447195006795513897,,,,,,true,,0000,0,,1446203750204047426,,0,Animal Battle Stats,,1446204139909550150,,,2025-12-07T11:56:17.203Z,,6710886,0,true,User,Anonymous,,,,,,,,,,,,,,,,,,,,,,2025-12-07T11:56:16.882000+00:00,👋 User Left Site,rich,0,,,false,,,,false,,,,,,,,,2025-12-07T11:56:17.203000+00:00,false,0,Animal Battle Stats,1446203750204047426
1447194600128253982,,,,,,true,,0000,0,,1446203750204047426,,0,Animal Battle Stats,,1446204139909550150,,,2025-12-07T11:54:40.246Z,,4491519,0,true,Visitor,Anonymous,,,,,,,,,,,,,,,,,,,,,,2025-12-07T11:54:39.997000+00:00,👀 Site Visit,rich,0,,,false,,,,false,,,,,,,,,2025-12-07T11:54:40.246000+00:00,false,0,Animal Battle Stats,1446203750204047426
1447194597376917514,,,,,,true,,0000,0,,1446203750204047426,,0,Animal Battle Stats,,1446204139909550150,,,2025-12-07T11:54:39.590Z,,6710886,0,true,User,Anonymous,,,,,,,,,,,,,,,,,,,,,,2025-12-07T11:54:39.284000+00:00,👋 User Left Site,rich,0,,,false,,,,false,,,,,,,,,2025-12-07T11:54:39.590000+00:00,false,0,Animal Battle Stats,1446203750204047426
1447193441967673514,,,,,,true,,0000,0,,1446203750204047426,,0,Animal Battle Stats,,1446204139909550150,,,2025-12-07T11:50:04.119Z,,4491519,0,true,Visitor,Anonymous,,,,,,,,,,,,,,,,,,,,,,2025-12-07T11:50:03.809000+00:00,👀 Site Visit,rich,0,,,false,,,,false,,,,,,,,,2025-12-07T11:50:04.119000+00:00,false,0,Animal Battle Stats,1446203750204047426
1447193435105923195,,,,,,true,,0000,0,,1446203750204047426,,0,Animal Battle Stats,,1446204139909550150,,,2025-12-07T11:50:02.483Z,,6710886,0,true,User,Anonymous,,,,,,,,,,,,,,,,,,,,,,2025-12-07T11:49:59.737000+00:00,👋 User Left Site,rich,0,,,false,,,,false,,,,,,,,,2025-12-07T11:50:02.483000+00:00,false,0,Animal Battle Stats,1446203750204047426
1447106514266357842,,,,,,true,,0000,0,,1446203750204047426,,0,Animal Battle Stats,,1446204139909550150,,,2025-12-07T06:04:38.940Z,,4491519,0,true,Visitor,Anonymous,,,,,,,,,,,,,,,,,,,,,,2025-12-07T06:04:38.602000+00:00,👀 Site Visit,rich,0,,,false,,,,false,,,,,,,,,2025-12-07T06:04:38.940000+00:00,false,0,Animal Battle Stats,1446203750204047426
1447106511934329024,,,,,,true,,0000,0,,1446203750204047426,,0,Animal Battle Stats,,1446204139909550150,,,2025-12-07T06:04:38.384Z,,4491519,0,true,Visitor,Anonymous,,,,,,,,,,,,,,,,,,,,,,2025-12-07T06:04:22.069000+00:00,👀 Site Visit,rich,0,,,false,,,,false,,,,,,,,,2025-12-07T06:04:38.384000+00:00,false,0,Animal Battle Stats,1446203750204047426
1447106511825408073,,,,,,true,,0000,0,,1446203750204047426,,0,Animal Battle Stats,,1446204139909550150,,,2025-12-07T06:04:38.358Z,,6710886,0,true,User,Anonymous,,,,,,,,,,,,,,,,,,,,,,2025-12-07T06:04:37.544000+00:00,👋 User Left Site,rich,0,,,false,,,,false,,,,,,,,,2025-12-07T06:04:38.358000+00:00,false,0,Animal Battle Stats,1446203750204047426
1447033481669640323,,,,,,true,,0000,0,,1446203750204047426,,0,Animal Battle Stats,,1446204139909550150,,,2025-12-07T01:14:26.612Z,,4491519,0,true,Visitor,Anonymous,,,,,,,,,,,,,,,,,,,,,,2025-12-07T01:14:26.284000+00:00,👀 Site Visit,rich,0,,,false,,,,false,,,,,,,,,2025-12-07T01:14:26.612000+00:00,false,0,Animal Battle Stats,1446203750204047426
1447033465488019546,,,,,,true,,0000,0,,1446203750204047426,,0,Animal Battle Stats,,1446204139909550150,,,2025-12-07T01:14:22.754Z,,6710886,0,true,User,Anonymous,,,,,,,,,,,,,,,,,,,,,,2025-12-07T01:14:20.112000+00:00,👋 User Left Site,rich,0,,,false,,,,false,,,,,,,,,2025-12-07T01:14:22.754000+00:00,false,0,Animal Battle Stats,1446203750204047426
1447015362099937284,,,,,,true,,0000,0,,1446203750204047426,,0,Animal Battle Stats,,1446204139909550150,,,2025-12-07T00:02:26.570Z,,4491519,0,true,Visitor,Anonymous,,,,,,,,,,,,,,,,,,,,,,2025-12-07T00:02:25.096000+00:00,👀 Site Visit,rich,0,,,false,,,,false,,,,,,,,,2025-12-07T00:02:26.570000+00:00,false,0,Animal Battle Stats,1446203750204047426
1447015353405149204,,,,,,true,,0000,0,,1446203750204047426,,0,Animal Battle Stats,,1446204139909550150,,,2025-12-07T00:02:24.497Z,,6710886,0,true,User,Anonymous,,,,,,,,,,,,,,,,,,,,,,2025-12-07T00:02:23.081000+00:00,👋 User Left Site,rich,0,,,false,,,,false,,,,,,,,,2025-12-07T00:02:24.497000+00:00,false,0,Animal Battle Stats,1446203750204047426
1447010428944384014,,,,,,true,,0000,0,,1446203750204047426,,0,Animal Battle Stats,,1446204139909550150,,,2025-12-06T23:42:50.414Z,,4491519,0,true,Visitor,Anonymous,,,,,,,,,,,,,,,,,,,,,,2025-12-06T23:42:49.218000+00:00,👀 Site Visit,rich,0,,,false,,,,false,,,,,,,,,2025-12-06T23:42:50.414000+00:00,false,0,Animal Battle Stats,1446203750204047426
1447010421465940081,,,,,,true,,0000,0,,1446203750204047426,,0,Animal Battle Stats,,1446204139909550150,,,2025-12-06T23:42:48.631Z,,6710886,0,true,User,Anonymous,,,,,,,,,,,,,,,,,,,,,,2025-12-06T23:42:48.387000+00:00,👋 User Left Site,rich,0,,,false,,,,false,,,,,,,,,2025-12-06T23:42:48.631000+00:00,false,0,Animal Battle Stats,1446203750204047426
1447010310325010673,,,,,,true,,0000,0,,1446203750204047426,,0,Animal Battle Stats,,1446204139909550150,,,2025-12-06T23:42:22.133Z,,4491519,0,true,Visitor,Anonymous,,,,,,,,,,,,,,,,,,,,,,2025-12-06T23:42:21.836000+00:00,👀 Site Visit,rich,0,,,false,,,,false,,,,,,,,,2025-12-06T23:42:22.133000+00:00,false,0,Animal Battle Stats,1446203750204047426
1447010305891631175,,,,,,true,,0000,0,,1446203750204047426,,0,Animal Battle Stats,,1446204139909550150,,,2025-12-06T23:42:21.076Z,,6710886,0,true,User,Anonymous,,,,,,,,,,,,,,,,,,,,,,2025-12-06T23:42:13.499000+00:00,👋 User Left Site,rich,0,,,false,,,,false,,,,,,,,,2025-12-06T23:42:21.076000+00:00,false,0,Animal Battle Stats,1446203750204047426
1447003553557119006,,,,,,true,,0000,0,,1446203750204047426,,0,Animal Battle Stats,,1446204139909550150,,,2025-12-06T23:15:31.194Z,,6710886,0,true,User,Anonymous,,,,,,,,,,,,,,,,,,,,,,2025-12-06T23:15:26.315000+00:00,👋 User Left Site,rich,0,,,false,,,,false,,,,,,,,,2025-12-06T23:15:31.194000+00:00,false,0,Animal Battle Stats,1446203750204047426
1447003231258542254,,,,,,true,,0000,0,,1446203750204047426,,0,Animal Battle Stats,,1446204139909550150,,,2025-12-06T23:14:14.352Z,,6710886,0,true,User,RamiNoodle733,,,,,,,,,,,,,,,,,,,,,,2025-12-06T23:14:04.467000+00:00,👋 User Left Site,rich,0,,,false,,,,false,,,,,,,,,2025-12-06T23:14:14.352000+00:00,false,0,Animal Battle Stats,1446203750204047426
1447003230918934683,,,,,,true,,0000,0,,1446203750204047426,,0,Animal Battle Stats,,1446204139909550150,,,2025-12-06T23:14:14.271Z,,6710886,0,true,User,RamiNoodle733,,,,,,,,,,,,,,,,,,,,,,2025-12-06T23:14:00.647000+00:00,👋 User Left Site,rich,0,,,false,,,,false,,,,,,,,,2025-12-06T23:14:14.271000+00:00,false,0,Animal Battle Stats,1446203750204047426
1446960731357446285,,,,,,true,,0000,0,,1446203750204047426,,0,Animal Battle Stats,,1446204139909550150,,,2025-12-06T20:25:21.586Z,,4491519,0,true,Visitor,Anonymous,,,,,,,,,,,,,,,,,,,,,,2025-12-06T20:25:21.361000+00:00,👀 Site Visit,rich,0,,,false,,,,false,,,,,,,,,2025-12-06T20:25:21.586000+00:00,false,0,Animal Battle Stats,1446203750204047426
1446960506249416735,,,,,,true,,0000,0,,1446203750204047426,,0,Animal Battle Stats,,1446204139909550150,,,2025-12-06T20:24:27.916Z,,4491519,0,true,Visitor,Anonymous,,,,,,,,,,,,,,,,,,,,,,2025-12-06T20:24:27.600000+00:00,👀 Site Visit,rich,0,,,false,,,,false,,,,,,,,,2025-12-06T20:24:27.916000+00:00,false,0,Animal Battle Stats,1446203750204047426
1446960498288365764,,,,,,true,,0000,0,,1446203750204047426,,0,Animal Battle Stats,,1446204139909550150,,,2025-12-06T20:24:26.018Z,,4491519,0,true,Visitor,Anonymous,,,,,,,,,,,,,,,,,,,,,,2025-12-06T20:24:25.691000+00:00,👀 Site Visit,rich,0,,,false,,,,false,,,,,,,,,2025-12-06T20:24:26.018000+00:00,false,0,Animal Battle Stats,1446203750204047426
1446960003490648114,,,,,,true,,0000,0,,1446203750204047426,,0,Animal Battle Stats,,1446204139909550150,,,2025-12-06T20:22:28.049Z,,16739072,0,false,Matchup,Siberian Tiger vs Kangaroo,,,,,,,,,,,,,,,,,,,,,,2025-12-06T20:22:27.699000+00:00,⚔️ Battle Comparison,rich,0,,,false,,,,false,,,,,,,,,2025-12-06T20:22:28.049000+00:00,false,0,Animal Battle Stats,1446203750204047426
1446959899530498322,,,,,,true,,0000,0,,1446203750204047426,,0,Animal Battle Stats,,1446204139909550150,,,2025-12-06T20:22:03.263Z,,4491519,0,true,Visitor,Anonymous,,,,,,,,,,,,,,,,,,,,,,2025-12-06T20:22:03.045000+00:00,👀 Site Visit,rich,0,,,false,,,,false,,,,,,,,,2025-12-06T20:22:03.263000+00:00,false,0,Animal Battle Stats,1446203750204047426
1446959776658620550,,,,,,true,,0000,0,,1446203750204047426,,0,Animal Battle Stats,,1446204139909550150,,,2025-12-06T20:21:33.968Z,,4491519,0,true,Visitor,RamiNoodle733,,,,,,,,,,,,,,,,,,,,,,2025-12-06T20:21:33.544000+00:00,👀 Site Visit,rich,0,,,false,,,,false,,,,,,,,,2025-12-06T20:21:33.968000+00:00,false,0,Animal Battle Stats,1446203750204047426
1446875703336374342,,,,,,true,,0000,0,,1446203750204047426,,0,Animal Battle Stats,,1446204139909550150,,,2025-12-06T14:47:29.326Z,,4491519,0,true,Visitor,RamiNoodle733,,,,,,,,,,,,,,,,,,,,,,2025-12-06T14:47:28.974000+00:00,👀 Site Visit,rich,0,,,false,,,,false,,,,,,,,,2025-12-06T14:47:29.326000+00:00,false,0,Animal Battle Stats,1446203750204047426
1446875696625356962,,,,,,true,,0000,0,,1446203750204047426,,0,Animal Battle Stats,,1446204139909550150,,,2025-12-06T14:47:27.726Z,,4491519,0,true,Visitor,RamiNoodle733,,,,,,,,,,,,,,,,,,,,,,2025-12-06T14:47:27.385000+00:00,👀 Site Visit,rich,0,,,false,,,,false,,,,,,,,,2025-12-06T14:47:27.726000+00:00,false,0,Animal Battle Stats,1446203750204047426
1446875694914212053,,,,,,true,,0000,0,,1446203750204047426,,0,Animal Battle Stats,,1446204139909550150,,,2025-12-06T14:47:27.318Z,,4491519,0,true,Visitor,RamiNoodle733,,,,,,,,,,,,,,,,,,,,,,2025-12-06T14:47:25.941000+00:00,👀 Site Visit,rich,0,,,false,,,,false,,,,,,,,,2025-12-06T14:47:27.318000+00:00,false,0,Animal Battle Stats,1446203750204047426
1446867658468491380,,,,,,true,,0000,0,,1446203750204047426,,0,Animal Battle Stats,,1446204139909550150,,,2025-12-06T14:15:31.280Z,,16739072,0,false,Matchup,African Elephant vs Great White Shark,,,,,,,,,,,,,,,,,,,,,,2025-12-06T14:15:30.927000+00:00,⚔️ Battle Comparison,rich,0,,,false,,,,false,,,,,,,,,2025-12-06T14:15:31.280000+00:00,false,0,Animal Battle Stats,1446203750204047426
1446867592454344714,,,,,,true,,0000,0,,1446203750204047426,,0,Animal Battle Stats,,1446204139909550150,,,2025-12-06T14:15:15.541Z,,54527,0,true,User,RamiNoodle733,true,Target,Megalodon,false,Comment,!!!,,,,,,,,,,,,,,,,2025-12-06T14:15:15.136000+00:00,💬 New Comment,rich,0,,,false,,,,false,,,,,,,,,2025-12-06T14:15:15.541000+00:00,false,0,Animal Battle Stats,1446203750204047426
1446856972233343046,,,,,,true,,0000,0,,1446203750204047426,,0,Animal Battle Stats,,1446204139909550150,,,2025-12-06T13:33:03.483Z,,4491519,0,true,Visitor,RamiNoodle733,,,,,,,,,,,,,,,,,,,,,,2025-12-06T13:33:03.173000+00:00,👀 Site Visit,rich,0,,,false,,,,false,,,,,,,,,2025-12-06T13:33:03.483000+00:00,false,0,Animal Battle Stats,1446203750204047426
1446856969116979305,,,,,,true,,0000,0,,1446203750204047426,,0,Animal Battle Stats,,1446204139909550150,,,2025-12-06T13:33:02.740Z,,6710886,0,true,User,RamiNoodle733,,,,,,,,,,,,,,,,,,,,,,2025-12-06T13:33:02.474000+00:00,👋 User Left Site,rich,0,,,false,,,,false,,,,,,,,,2025-12-06T13:33:02.740000+00:00,false,0,Animal Battle Stats,1446203750204047426
1446856944395616339,,,,,,true,,0000,0,,1446203750204047426,,0,Animal Battle Stats,,1446204139909550150,,,2025-12-06T13:32:56.846Z,,4491519,0,true,Visitor,RamiNoodle733,,,,,,,,,,,,,,,,,,,,,,2025-12-06T13:32:56.685000+00:00,👀 Site Visit,rich,0,,,false,,,,false,,,,,,,,,2025-12-06T13:32:56.846000+00:00,false,0,Animal Battle Stats,1446203750204047426
1446856938007695391,,,,,,true,,0000,0,,1446203750204047426,,0,Animal Battle Stats,,1446204139909550150,,,2025-12-06T13:32:55.323Z,,6710886,0,true,User,RamiNoodle733,,,,,,,,,,,,,,,,,,,,,,2025-12-06T13:32:55.046000+00:00,👋 User Left Site,rich,0,,,false,,,,false,,,,,,,,,2025-12-06T13:32:55.323000+00:00,false,0,Animal Battle Stats,1446203750204047426
1446856199604801546,,,,,,true,,0000,0,,1446203750204047426,,0,Animal Battle Stats,,1446204139909550150,,,2025-12-06T13:29:59.274Z,,4491519,0,true,Visitor,RamiNoodle733,,,,,,,,,,,,,,,,,,,,,,2025-12-06T13:29:59.025000+00:00,👀 Site Visit,rich,0,,,false,,,,false,,,,,,,,,2025-12-06T13:29:59.274000+00:00,false,0,Animal Battle Stats,1446203750204047426
1446856192683937836,,,,,,true,,0000,0,,1446203750204047426,,0,Animal Battle Stats,,1446204139909550150,,,2025-12-06T13:29:57.624Z,,6710886,0,true,User,RamiNoodle733,,,,,,,,,,,,,,,,,,,,,,2025-12-06T13:29:57.271000+00:00,👋 User Left Site,rich,0,,,false,,,,false,,,,,,,,,2025-12-06T13:29:57.624000+00:00,false,0,Animal Battle Stats,1446203750204047426
1446856162212581499,,,,,,true,,0000,0,,1446203750204047426,,0,Animal Battle Stats,,1446204139909550150,,,2025-12-06T13:29:50.359Z,,4491519,0,true,Visitor,RamiNoodle733,,,,,,,,,,,,,,,,,,,,,,2025-12-06T13:29:50.138000+00:00,👀 Site Visit,rich,0,,,false,,,,false,,,,,,,,,2025-12-06T13:29:50.359000+00:00,false,0,Animal Battle Stats,1446203750204047426
1446856158521594063,,,,,,true,,0000,0,,1446203750204047426,,0,Animal Battle Stats,,1446204139909550150,,,2025-12-06T13:29:49.479Z,,6710886,0,true,User,RamiNoodle733,,,,,,,,,,,,,,,,,,,,,,2025-12-06T13:29:48.443000+00:00,👋 User Left Site,rich,0,,,false,,,,false,,,,,,,,,2025-12-06T13:29:49.479000+00:00,false,0,Animal Battle Stats,1446203750204047426
1446851754518909119,,,,,,true,,0000,0,,1446203750204047426,,0,Animal Battle Stats,,1446204139909550150,,,2025-12-06T13:12:19.483Z,,16763904,0,true,User,RamiNoodle733,true,Animal,Megalodon,true,Changed,👎 -> 👍,,,,,,,,,,,,,,,,2025-12-06T13:12:19.270000+00:00,🔄 Vote Changed,rich,0,,,false,,,,false,,,,,,,,,2025-12-06T13:12:19.483000+00:00,false,0,Animal Battle Stats,1446203750204047426
1446851746491011238,,,,,,true,,0000,0,,1446203750204047426,,0,Animal Battle Stats,,1446204139909550150,,,2025-12-06T13:12:17.569Z,,16724838,0,true,User,RamiNoodle733,true,Animal,Megalodon,true,Vote,👎 Downvote,,,,,,,,,,,,,,,,2025-12-06T13:12:17.205000+00:00,👎 New Vote,rich,0,,,false,,,,false,,,,,,,,,2025-12-06T13:12:17.569000+00:00,false,0,Animal Battle Stats,1446203750204047426
1446851741042610308,,,,,,true,,0000,0,,1446203750204047426,,0,Animal Battle Stats,,1446204139909550150,,,2025-12-06T13:12:16.270Z,,8947848,0,true,User,RamiNoodle733,true,Animal,Megalodon,true,Removed,👎 Was Downvote,,,,,,,,,,,,,,,,2025-12-06T13:12:15.913000+00:00,🗑️ Vote Removed,rich,0,,,false,,,,false,,,,,,,,,2025-12-06T13:12:16.270000+00:00,false,0,Animal Battle Stats,1446203750204047426
1446851738719228092,,,,,,true,,0000,0,,1446203750204047426,,0,Animal Battle Stats,,1446204139909550150,,,2025-12-06T13:12:15.716Z,,16763904,0,true,User,RamiNoodle733,true,Animal,Megalodon,true,Changed,👍 -> 👎,,,,,,,,,,,,,,,,2025-12-06T13:12:15.365000+00:00,🔄 Vote Changed,rich,0,,,false,,,,false,,,,,,,,,2025-12-06T13:12:15.716000+00:00,false,0,Animal Battle Stats,1446203750204047426
1446851727499464784,,,,,,true,,0000,0,,1446203750204047426,,0,Animal Battle Stats,,1446204139909550150,,,2025-12-06T13:12:13.041Z,,16763904,0,true,User,RamiNoodle733,true,Animal,Megalodon,true,Changed,👎 -> 👍,,,,,,,,,,,,,,,,2025-12-06T13:12:12.700000+00:00,🔄 Vote Changed,rich,0,,,false,,,,false,,,,,,,,,2025-12-06T13:12:13.041000+00:00,false,0,Animal Battle Stats,1446203750204047426
1446851720033599609,,,,,,true,,0000,0,,1446203750204047426,,0,Animal Battle Stats,,1446204139909550150,,,2025-12-06T13:12:11.261Z,,16763904,0,true,User,RamiNoodle733,true,Animal,Megalodon,true,Changed,👍 -> 👎,,,,,,,,,,,,,,,,2025-12-06T13:12:11.012000+00:00,🔄 Vote Changed,rich,0,,,false,,,,false,,,,,,,,,2025-12-06T13:12:11.261000+00:00,false,0,Animal Battle Stats,1446203750204047426
1446851710537699450,,,,,,true,,0000,0,,1446203750204047426,,0,Animal Battle Stats,,1446204139909550150,,,2025-12-06T13:12:08.997Z,,65416,0,true,User,RamiNoodle733,true,Animal,Megalodon,true,Vote,👍 Upvote,,,,,,,,,,,,,,,,2025-12-06T13:12:08.763000+00:00,👍 New Vote,rich,0,,,false,,,,false,,,,,,,,,2025-12-06T13:12:08.997000+00:00,false,0,Animal Battle Stats,1446203750204047426
1446851702459470015,,,,,,true,,0000,0,,1446203750204047426,,0,Animal Battle Stats,,1446204139909550150,,,2025-12-06T13:12:07.071Z,,8947848,0,true,User,RamiNoodle733,true,Animal,Megalodon,true,Removed,👍 Was Upvote,,,,,,,,,,,,,,,,2025-12-06T13:12:06.823000+00:00,🗑️ Vote Removed,rich,0,,,false,,,,false,,,,,,,,,2025-12-06T13:12:07.071000+00:00,false,0,Animal Battle Stats,1446203750204047426
1446851702409134130,,,,,,true,,0000,0,,1446203750204047426,,0,Animal Battle Stats,,1446204139909550150,,,2025-12-06T13:12:07.059Z,,65416,0,true,User,RamiNoodle733,true,Animal,Megalodon,true,Vote,👍 Upvote,,,,,,,,,,,,,,,,2025-12-06T13:11:52.699000+00:00,👍 New Vote,rich,0,,,false,,,,false,,,,,,,,,2025-12-06T13:12:07.059000+00:00,false,0,Animal Battle Stats,1446203750204047426
1446851643588087859,,,,,,true,,0000,0,,1446203750204047426,,0,Animal Battle Stats,,1446204139909550150,,,2025-12-06T13:11:53.035Z,,8947848,0,true,User,RamiNoodle733,true,Animal,Megalodon,true,Removed,👍 Was Upvote,,,,,,,,,,,,,,,,2025-12-06T13:11:49.595000+00:00,🗑️ Vote Removed,rich,0,,,false,,,,false,,,,,,,,,2025-12-06T13:11:53.035000+00:00,false,0,Animal Battle Stats,1446203750204047426
1446851607508549632,,,,,,true,,0000,0,,1446203750204047426,,0,Animal Battle Stats,,1446204139909550150,,,2025-12-06T13:11:44.433Z,,4491519,0,true,Visitor,RamiNoodle733,,,,,,,,,,,,,,,,,,,,,,2025-12-06T13:11:44.124000+00:00,👀 Site Visit,rich,0,,,false,,,,false,,,,,,,,,2025-12-06T13:11:44.433000+00:00,false,0,Animal Battle Stats,1446203750204047426
1446851600860577902,,,,,,true,,0000,0,,1446203750204047426,,0,Animal Battle Stats,,1446204139909550150,,,2025-12-06T13:11:42.848Z,,6710886,0,true,User,RamiNoodle733,,,,,,,,,,,,,,,,,,,,,,2025-12-06T13:11:42.563000+00:00,👋 User Left Site,rich,0,,,false,,,,false,,,,,,,,,2025-12-06T13:11:42.848000+00:00,false,0,Animal Battle Stats,1446203750204047426
1446851281850466365,,,,,,true,,0000,0,,1446203750204047426,,0,Animal Battle Stats,,1446204139909550150,,,2025-12-06T13:10:26.790Z,,4491519,0,true,Visitor,RamiNoodle733,,,,,,,,,,,,,,,,,,,,,,2025-12-06T13:10:26.477000+00:00,👀 Site Visit,rich,0,,,false,,,,false,,,,,,,,,2025-12-06T13:10:26.790000+00:00,false,0,Animal Battle Stats,1446203750204047426
1446851172055912508,,,,,,true,,0000,0,,1446203750204047426,,0,Animal Battle Stats,,1446204139909550150,,,2025-12-06T13:10:00.613Z,,6710886,0,true,User,Anonymous,,,,,,,,,,,,,,,,,,,,,,2025-12-06T13:10:00.345000+00:00,👋 User Left Site,rich,0,,,false,,,,false,,,,,,,,,2025-12-06T13:10:00.613000+00:00,false,0,Animal Battle Stats,1446203750204047426
1446851093693861971,,,,,,true,,0000,0,,1446203750204047426,,0,Animal Battle Stats,,1446204139909550150,,,2025-12-06T13:09:41.930Z,,52326,0,true,Username,RamiNoodle733,,,,,,,,,,,,,,,,,,,,,,2025-12-06T13:09:41.486000+00:00,🔓 User Login,rich,0,,,false,,,,false,,,,,,,,,2025-12-06T13:09:41.930000+00:00,false,0,Animal Battle Stats,1446203750204047426
1446851014530437140,,,,,,true,,0000,0,,1446203750204047426,,0,Animal Battle Stats,,1446204139909550150,,,2025-12-06T13:09:23.056Z,,16739072,0,false,Matchup,African Elephant vs Siberian Tiger,,,,,,,,,,,,,,,,,,,,,,2025-12-06T13:09:22.616000+00:00,⚔️ Battle Comparison,rich,0,,,false,,,,false,,,,,,,,,2025-12-06T13:09:23.056000+00:00,false,0,Animal Battle Stats,1446203750204047426
1446850873954144463,,,,,,true,,0000,0,,1446203750204047426,,0,Animal Battle Stats,,1446204139909550150,,,2025-12-06T13:08:49.540Z,,4491519,0,true,Visitor,Anonymous,,,,,,,,,,,,,,,,,,,,,,2025-12-06T13:08:49.145000+00:00,👀 Site Visit,rich,0,,,false,,,,false,,,,,,,,,2025-12-06T13:08:49.540000+00:00,false,0,Animal Battle Stats,1446203750204047426
1446850869642526994,,,,,,true,,0000,0,,1446203750204047426,,0,Animal Battle Stats,,1446204139909550150,,,2025-12-06T13:08:48.512Z,,6710886,0,true,User,Anonymous,,,,,,,,,,,,,,,,,,,,,,2025-12-06T13:08:46.581000+00:00,👋 User Left Site,rich,0,,,false,,,,false,,,,,,,,,2025-12-06T13:08:48.512000+00:00,false,0,Animal Battle Stats,1446203750204047426
1446849116960198726,,,,,,true,,0000,0,,1446203750204047426,,0,Animal Battle Stats,,1446204139909550150,,,2025-12-06T13:01:50.640Z,,52326,0,true,Username,RamiNoodle733,,,,,,,,,,,,,,,,,,,,,,2025-12-06T13:01:50.198000+00:00,🔓 User Login,rich,0,,,false,,,,false,,,,,,,,,2025-12-06T13:01:50.640000+00:00,false,0,Animal Battle Stats,1446203750204047426
1446848955869827206,,,,,,true,,0000,0,,1446203750204047426,,0,Animal Battle Stats,,1446204139909550150,,,2025-12-06T13:01:12.233Z,,4491519,0,true,Visitor,Anonymous,,,,,,,,,,,,,,,,,,,,,,2025-12-06T13:01:12.010000+00:00,👀 Site Visit,rich,0,,,false,,,,false,,,,,,,,,2025-12-06T13:01:12.233000+00:00,false,0,Animal Battle Stats,1446203750204047426
1446848951679586355,,,,,,true,,0000,0,,1446203750204047426,,0,Animal Battle Stats,,1446204139909550150,,,2025-12-06T13:01:11.234Z,,6710886,0,true,User,RamiNoodle733,,,,,,,,,,,,,,,,,,,,,,2025-12-06T13:01:05.018000+00:00,👋 User Left Site,rich,0,,,false,,,,false,,,,,,,,,2025-12-06T13:01:11.234000+00:00,false,0,Animal Battle Stats,1446203750204047426
1446844218831274088,,,,,,true,,0000,0,,1446203750204047426,,0,Animal Battle Stats,,1446204139909550150,,,2025-12-06T12:42:22.835Z,,4491519,0,true,Visitor,RamiNoodle733,,,,,,,,,,,,,,,,,,,,,,2025-12-06T12:42:22.574000+00:00,👀 Site Visit,rich,0,,,false,,,,false,,,,,,,,,2025-12-06T12:42:22.835000+00:00,false,0,Animal Battle Stats,1446203750204047426
1446844206839763024,,,,,,true,,0000,0,,1446203750204047426,,0,Animal Battle Stats,,1446204139909550150,,,2025-12-06T12:42:19.976Z,,4491519,0,true,Visitor,RamiNoodle733,,,,,,,,,,,,,,,,,,,,,,2025-12-06T12:42:19.610000+00:00,👀 Site Visit,rich,0,,,false,,,,false,,,,,,,,,2025-12-06T12:42:19.976000+00:00,false,0,Animal Battle Stats,1446203750204047426
1446844084101578904,,,,,,true,,0000,0,,1446203750204047426,,0,Animal Battle Stats,,1446204139909550150,,,2025-12-06T12:41:50.713Z,,4491519,0,true,Visitor,RamiNoodle733,,,,,,,,,,,,,,,,,,,,,,2025-12-06T12:41:50.369000+00:00,👀 Site Visit,rich,0,,,false,,,,false,,,,,,,,,2025-12-06T12:41:50.713000+00:00,false,0,Animal Battle Stats,1446203750204047426
1446844082612731996,,,,,,true,,0000,0,,1446203750204047426,,0,Animal Battle Stats,,1446204139909550150,,,2025-12-06T12:41:50.358Z,,4491519,0,true,Visitor,RamiNoodle733,,,,,,,,,,,,,,,,,,,,,,2025-12-06T12:41:41.430000+00:00,👀 Site Visit,rich,0,,,false,,,,false,,,,,,,,,2025-12-06T12:41:50.358000+00:00,false,0,Animal Battle Stats,1446203750204047426
1446828111827046530,,,,,,true,,0000,0,,1446203750204047426,,0,Animal Battle Stats,,1446204139909550150,,,2025-12-06T11:38:22.626Z,,16750848,0,true,Username,RamiNoodle733,,,,,,,,,,,,,,,,,,,,,,2025-12-06T11:38:22.365000+00:00,🔒 User Logout,rich,0,,,false,,,,false,,,,,,,,,2025-12-06T11:38:22.626000+00:00,false,0,Animal Battle Stats,1446203750204047426
1446827070096408657,,,,,,true,,0000,0,,1446203750204047426,,0,Animal Battle Stats,,1446204139909550150,,,2025-12-06T11:34:14.258Z,,16750848,0,true,Username,RamiNoodle733,,,,,,,,,,,,,,,,,,,,,,2025-12-06T11:34:13.973000+00:00,🔒 User Logout,rich,0,,,false,,,,false,,,,,,,,,2025-12-06T11:34:14.258000+00:00,false,0,Animal Battle Stats,1446203750204047426
1446826909676605441,,,,,,true,,0000,0,,1446203750204047426,,0,Animal Battle Stats,,1446204139909550150,,,2025-12-06T11:33:36.011Z,,4491519,0,true,Visitor,RamiNoodle733,,,,,,,,,,,,,,,,,,,,,,2025-12-06T11:33:35.797000+00:00,👀 Site Visit,rich,0,,,false,,,,false,,,,,,,,,2025-12-06T11:33:36.011000+00:00,false,0,Animal Battle Stats,1446203750204047426
1446826905717182534,,,,,,true,,0000,0,,1446203750204047426,,0,Animal Battle Stats,,1446204139909550150,,,2025-12-06T11:33:35.067Z,,4491519,0,true,Visitor,RamiNoodle733,,,,,,,,,,,,,,,,,,,,,,2025-12-06T11:33:08.743000+00:00,👀 Site Visit,rich,0,,,false,,,,false,,,,,,,,,2025-12-06T11:33:35.067000+00:00,false,0,Animal Battle Stats,1446203750204047426
1446826905293684859,,,,,,true,,0000,0,,1446203750204047426,,0,Animal Battle Stats,,1446204139909550150,,,2025-12-06T11:33:34.966Z,,6710886,0,true,User,RamiNoodle733,,,,,,,,,,,,,,,,,,,,,,2025-12-06T11:33:34.120000+00:00,👋 User Left Site,rich,0,,,false,,,,false,,,,,,,,,2025-12-06T11:33:34.966000+00:00,false,0,Animal Battle Stats,1446203750204047426
1446822539702567022,,,,,,true,,0000,0,,1446203750204047426,,0,Animal Battle Stats,,1446204139909550150,,,2025-12-06T11:16:14.128Z,,16739072,0,false,Matchup,Bull Shark vs Rhinoceros,,,,,,,,,,,,,,,,,,,,,,2025-12-06T11:16:13.811000+00:00,⚔️ Battle Comparison,rich,0,,,false,,,,false,,,,,,,,,2025-12-06T11:16:14.128000+00:00,false,0,Animal Battle Stats,1446203750204047426
1446822528050790554,,,,,,true,,0000,0,,1446203750204047426,,0,Animal Battle Stats,,1446204139909550150,,,2025-12-06T11:16:11.350Z,,16739072,0,false,Matchup,Bull Shark vs Rhinoceros,,,,,,,,,,,,,,,,,,,,,,2025-12-06T11:16:10.999000+00:00,⚔️ Battle Comparison,rich,0,,,false,,,,false,,,,,,,,,2025-12-06T11:16:11.350000+00:00,false,0,Animal Battle Stats,1446203750204047426
1446822070779514950,,,,,,true,,0000,0,,1446203750204047426,,0,Animal Battle Stats,,1446204139909550150,,,2025-12-06T11:14:22.328Z,,4491519,0,true,Visitor,RamiNoodle733,,,,,,,,,,,,,,,,,,,,,,2025-12-06T11:14:22.045000+00:00,👀 Site Visit,rich,0,,,false,,,,false,,,,,,,,,2025-12-06T11:14:22.328000+00:00,false,0,Animal Battle Stats,1446203750204047426
1446822064836317305,,,,,,true,,0000,0,,1446203750204047426,,0,Animal Battle Stats,,1446204139909550150,,,2025-12-06T11:14:20.911Z,,6710886,0,true,User,RamiNoodle733,,,,,,,,,,,,,,,,,,,,,,2025-12-06T11:14:20.650000+00:00,👋 User Left Site,rich,0,,,false,,,,false,,,,,,,,,2025-12-06T11:14:20.911000+00:00,false,0,Animal Battle Stats,1446203750204047426
1446822049367724153,,,,,,true,,0000,0,,1446203750204047426,,0,Animal Battle Stats,,1446204139909550150,,,2025-12-06T11:14:17.223Z,,4491519,0,true,Visitor,RamiNoodle733,,,,,,,,,,,,,,,,,,,,,,2025-12-06T11:14:16.973000+00:00,👀 Site Visit,rich,0,,,false,,,,false,,,,,,,,,2025-12-06T11:14:17.223000+00:00,false,0,Animal Battle Stats,1446203750204047426
1446822042723684504,,,,,,true,,0000,0,,1446203750204047426,,0,Animal Battle Stats,,1446204139909550150,,,2025-12-06T11:14:15.639Z,,6710886,0,true,User,RamiNoodle733,,,,,,,,,,,,,,,,,,,,,,2025-12-06T11:14:15.369000+00:00,👋 User Left Site,rich,0,,,false,,,,false,,,,,,,,,2025-12-06T11:14:15.639000+00:00,false,0,Animal Battle Stats,1446203750204047426
1446822009253269687,,,,,,true,,0000,0,,1446203750204047426,,0,Animal Battle Stats,,1446204139909550150,,,2025-12-06T11:14:07.659Z,,4491519,0,true,Visitor,RamiNoodle733,,,,,,,,,,,,,,,,,,,,,,2025-12-06T11:14:07.255000+00:00,👀 Site Visit,rich,0,,,false,,,,false,,,,,,,,,2025-12-06T11:14:07.659000+00:00,false,0,Animal Battle Stats,1446203750204047426
1446822002366218240,,,,,,true,,0000,0,,1446203750204047426,,0,Animal Battle Stats,,1446204139909550150,,,2025-12-06T11:14:06.017Z,,6710886,0,true,User,RamiNoodle733,,,,,,,,,,,,,,,,,,,,,,2025-12-06T11:14:03.623000+00:00,👋 User Left Site,rich,0,,,false,,,,false,,,,,,,,,2025-12-06T11:14:06.017000+00:00,false,0,Animal Battle Stats,1446203750204047426
1446718604203786380,,,,,,true,,0000,0,,1446203750204047426,,0,Animal Battle Stats,,1446204139909550150,,,2025-12-06T04:23:13.974Z,,4491519,0,true,Visitor,RamiNoodle733,,,,,,,,,,,,,,,,,,,,,,2025-12-06T04:23:13.756000+00:00,👀 Site Visit,rich,0,,,false,,,,false,,,,,,,,,2025-12-06T04:23:13.974000+00:00,false,0,Animal Battle Stats,1446203750204047426
1446718600910995548,,,,,,true,,0000,0,,1446203750204047426,,0,Animal Battle Stats,,1446204139909550150,,,2025-12-06T04:23:13.189Z,,6710886,0,true,User,RamiNoodle733,,,,,,,,,,,,,,,,,,,,,,2025-12-06T04:23:12.887000+00:00,👋 User Left Site,rich,0,,,false,,,,false,,,,,,,,,2025-12-06T04:23:13.189000+00:00,false,0,Animal Battle Stats,1446203750204047426
1446718568812118078,,,,,,true,,0000,0,,1446203750204047426,,0,Animal Battle Stats,,1446204139909550150,,,2025-12-06T04:23:05.536Z,,4491519,0,true,Visitor,RamiNoodle733,,,,,,,,,,,,,,,,,,,,,,2025-12-06T04:23:05.328000+00:00,👀 Site Visit,rich,0,,,false,,,,false,,,,,,,,,2025-12-06T04:23:05.536000+00:00,false,0,Animal Battle Stats,1446203750204047426
1446718558913429596,,,,,,true,,0000,0,,1446203750204047426,,0,Animal Battle Stats,,1446204139909550150,,,2025-12-06T04:23:03.176Z,,6710886,0,true,User,RamiNoodle733,,,,,,,,,,,,,,,,,,,,,,2025-12-06T04:23:02.930000+00:00,👋 User Left Site,rich,0,,,false,,,,false,,,,,,,,,2025-12-06T04:23:03.176000+00:00,false,0,Animal Battle Stats,1446203750204047426
1446718504119042271,,,,,,true,,0000,0,,1446203750204047426,,0,Animal Battle Stats,,1446204139909550150,,,2025-12-06T04:22:50.112Z,,4491519,0,true,Visitor,RamiNoodle733,,,,,,,,,,,,,,,,,,,,,,2025-12-06T04:22:49.783000+00:00,👀 Site Visit,rich,0,,,false,,,,false,,,,,,,,,2025-12-06T04:22:50.112000+00:00,false,0,Animal Battle Stats,1446203750204047426
1446718493419372604,,,,,,true,,0000,0,,1446203750204047426,,0,Animal Battle Stats,,1446204139909550150,,,2025-12-06T04:22:47.561Z,,6710886,0,true,User,RamiNoodle733,,,,,,,,,,,,,,,,,,,,,,2025-12-06T04:22:47.297000+00:00,👋 User Left Site,rich,0,,,false,,,,false,,,,,,,,,2025-12-06T04:22:47.561000+00:00,false,0,Animal Battle Stats,1446203750204047426
1446718466261516440,,,,,,true,,0000,0,,1446203750204047426,,0,Animal Battle Stats,,1446204139909550150,,,2025-12-06T04:22:41.086Z,,4491519,0,true,Visitor,RamiNoodle733,,,,,,,,,,,,,,,,,,,,,,2025-12-06T04:22:40.798000+00:00,👀 Site Visit,rich,0,,,false,,,,false,,,,,,,,,2025-12-06T04:22:41.086000+00:00,false,0,Animal Battle Stats,1446203750204047426
1446718459491909746,,,,,,true,,0000,0,,1446203750204047426,,0,Animal Battle Stats,,1446204139909550150,,,2025-12-06T04:22:39.472Z,,6710886,0,true,User,RamiNoodle733,,,,,,,,,,,,,,,,,,,,,,2025-12-06T04:22:38.697000+00:00,👋 User Left Site,rich,0,,,false,,,,false,,,,,,,,,2025-12-06T04:22:39.472000+00:00,false,0,Animal Battle Stats,1446203750204047426
1446711842734084167,,,,,,true,,0000,0,,1446203750204047426,,0,Animal Battle Stats,,1446204139909550150,,,2025-12-06T03:56:21.914Z,,16739072,0,false,Matchup,Giraffe vs Gorilla,,,,,,,,,,,,,,,,,,,,,,2025-12-06T03:56:21.537000+00:00,⚔️ Battle Comparison,rich,0,,,false,,,,false,,,,,,,,,2025-12-06T03:56:21.914000+00:00,false,0,Animal Battle Stats,1446203750204047426
1446711655969849477,,,,,,true,,0000,0,,1446203750204047426,,0,Animal Battle Stats,,1446204139909550150,,,2025-12-06T03:55:37.386Z,,52360,0,true,By,RamiNoodle733,true,Comment Author,RamiNoodle733,true,On,Kangaroo,,,,,,,,,,,,,,,,2025-12-06T03:55:37.014000+00:00,👍 Comment Upvoted,rich,0,,,false,,,,false,,,,,,,,,2025-12-06T03:55:37.386000+00:00,false,0,Animal Battle Stats,1446203750204047426
1446711391821238489,,,,,,true,,0000,0,,1446203750204047426,,0,Animal Battle Stats,,1446204139909550150,,,2025-12-06T03:54:34.408Z,,4491519,0,true,Visitor,RamiNoodle733,,,,,,,,,,,,,,,,,,,,,,2025-12-06T03:54:33.084000+00:00,👀 Site Visit,rich,0,,,false,,,,false,,,,,,,,,2025-12-06T03:54:34.408000+00:00,false,0,Animal Battle Stats,1446203750204047426
1446711383294218414,,,,,,true,,0000,0,,1446203750204047426,,0,Animal Battle Stats,,1446204139909550150,,,2025-12-06T03:54:32.375Z,,6710886,0,true,User,RamiNoodle733,,,,,,,,,,,,,,,,,,,,,,2025-12-06T03:54:30.950000+00:00,👋 User Left Site,rich,0,,,false,,,,false,,,,,,,,,2025-12-06T03:54:32.375000+00:00,false,0,Animal Battle Stats,1446203750204047426
1446662188306796625,,,,,,true,,0000,0,,1446203750204047426,,0,Animal Battle Stats,,1446204139909550150,,,2025-12-06T00:39:03.376Z,,4491519,0,true,Visitor,RamiNoodle733,,,,,,,,,,,,,,,,,,,,,,2025-12-06T00:39:03.087000+00:00,👀 Site Visit,rich,0,,,false,,,,false,,,,,,,,,2025-12-06T00:39:03.376000+00:00,false,0,Animal Battle Stats,1446203750204047426
1446662187090444458,,,,,,true,,0000,0,,1446203750204047426,,0,Animal Battle Stats,,1446204139909550150,,,2025-12-06T00:39:03.086Z,,4491519,0,true,Visitor,RamiNoodle733,,,,,,,,,,,,,,,,,,,,,,2025-12-06T00:38:42.130000+00:00,👀 Site Visit,rich,0,,,false,,,,false,,,,,,,,,2025-12-06T00:39:03.086000+00:00,false,0,Animal Battle Stats,1446203750204047426
1446638532406935654,,,,,,true,,0000,0,,1446203750204047426,,0,Animal Battle Stats,,1446204139909550150,,,2025-12-05T23:05:03.370Z,,4491519,0,true,Visitor,Anonymous,,,,,,,,,,,,,,,,,,,,,,2025-12-05T23:05:03.089000+00:00,👀 Site Visit,rich,0,,,false,,,,false,,,,,,,,,2025-12-05T23:05:03.370000+00:00,false,0,Animal Battle Stats,1446203750204047426
1446638525175828642,,,,,,true,,0000,0,,1446203750204047426,,0,Animal Battle Stats,,1446204139909550150,,,2025-12-05T23:05:01.646Z,,6710886,0,true,User,RamiNoodle733,,,,,,,,,,,,,,,,,,,,,,2025-12-05T23:01:23.177000+00:00,👋 User Left Site,rich,0,,,false,,,,false,,,,,,,,,2025-12-05T23:05:01.646000+00:00,false,0,Animal Battle Stats,1446203750204047426
1446627010498531529,,,,,,true,,0000,0,,1446203750204047426,,0,Animal Battle Stats,,1446204139909550150,,,2025-12-05T22:19:16.333Z,,4491519,0,true,Visitor,RamiNoodle733,,,,,,,,,,,,,,,,,,,,,,2025-12-05T22:19:15.998000+00:00,👀 Site Visit,rich,0,,,false,,,,false,,,,,,,,,2025-12-05T22:19:16.333000+00:00,false,0,Animal Battle Stats,1446203750204047426
1446627008799969341,,,,,,true,,0000,0,,1446203750204047426,,0,Animal Battle Stats,,1446204139909550150,,,2025-12-05T22:19:15.928Z,,4491519,0,true,Visitor,Anonymous,,,,,,,,,,,,,,,,,,,,,,2025-12-05T22:19:04.429000+00:00,👀 Site Visit,rich,0,,,false,,,,false,,,,,,,,,2025-12-05T22:19:15.928000+00:00,false,0,Animal Battle Stats,1446203750204047426
1446619907415478495,,,,,,true,,0000,0,,1446203750204047426,,0,Animal Battle Stats,,1446204139909550150,,,2025-12-05T21:51:02.826Z,,6710886,0,true,User,RamiNoodle733,,,,,,,,,,,,,,,,,,,,,,2025-12-05T21:51:02.411000+00:00,👋 User Left Site,rich,0,,,false,,,,false,,,,,,,,,2025-12-05T21:51:02.826000+00:00,false,0,Animal Battle Stats,1446203750204047426
1446619474668032020,,,,,,true,,0000,0,,1446203750204047426,,0,Animal Battle Stats,,1446204139909550150,,,2025-12-05T21:49:19.651Z,,46296,0,true,User,RamiNoodle733,true,Replying To,RamiNoodle733,true,Target,Kangaroo,false,Reply,You flundo,,,,,,,,,,,,,2025-12-05T21:49:19.401000+00:00,↩️ Comment Reply,rich,0,,,false,,,,false,,,,,,,,,2025-12-05T21:49:19.651000+00:00,false,0,Animal Battle Stats,1446203750204047426
1446619351405826079,,,,,,true,,0000,0,,1446203750204047426,,0,Animal Battle Stats,,1446204139909550150,,,2025-12-05T21:48:50.263Z,,4491519,0,true,Visitor,RamiNoodle733,,,,,,,,,,,,,,,,,,,,,,2025-12-05T21:48:49.953000+00:00,👀 Site Visit,rich,0,,,false,,,,false,,,,,,,,,2025-12-05T21:48:50.263000+00:00,false,0,Animal Battle Stats,1446203750204047426
1446619322775638016,,,,,,true,,0000,0,,1446203750204047426,,0,Animal Battle Stats,,1446204139909550150,,,2025-12-05T21:48:43.437Z,,4491519,0,true,Visitor,RamiNoodle733,,,,,,,,,,,,,,,,,,,,,,2025-12-05T21:48:43.066000+00:00,👀 Site Visit,rich,0,,,false,,,,false,,,,,,,,,2025-12-05T21:48:43.437000+00:00,false,0,Animal Battle Stats,1446203750204047426
1446619200805404784,,,,,,true,,0000,0,,1446203750204047426,,0,Animal Battle Stats,,1446204139909550150,,,2025-12-05T21:48:14.357Z,,6710886,0,true,User,Anonymous,,,,,,,,,,,,,,,,,,,,,,2025-12-05T21:48:14.055000+00:00,👋 User Left Site,rich,0,,,false,,,,false,,,,,,,,,2025-12-05T21:48:14.357000+00:00,false,0,Animal Battle Stats,1446203750204047426
1446619153027829890,,,,,,true,,0000,0,,1446203750204047426,,0,Animal Battle Stats,,1446204139909550150,,,2025-12-05T21:48:02.966Z,,16739072,0,false,Matchup,Great White Shark vs Gorilla,,,,,,,,,,,,,,,,,,,,,,2025-12-05T21:48:02.523000+00:00,⚔️ Battle Comparison,rich,0,,,false,,,,false,,,,,,,,,2025-12-05T21:48:02.966000+00:00,false,0,Animal Battle Stats,1446203750204047426
1446618914263007403,,,,,,true,,0000,0,,1446203750204047426,,0,Animal Battle Stats,,1446204139909550150,,,2025-12-05T21:47:06.040Z,,13382502,0,true,By,RamiNoodle733,true,Comment Author,Anonymous,true,On,Sloth,,,,,,,,,,,,,,,,2025-12-05T21:47:05.781000+00:00,👎 Comment Downvoted,rich,0,,,false,,,,false,,,,,,,,,2025-12-05T21:47:06.040000+00:00,false,0,Animal Battle Stats,1446203750204047426
1446618901466058752,,,,,,true,,0000,0,,1446203750204047426,,0,Animal Battle Stats,,1446204139909550150,,,2025-12-05T21:47:02.989Z,,52360,0,true,By,RamiNoodle733,true,Comment Author,RamiNoodle733,true,On,Sloth,,,,,,,,,,,,,,,,2025-12-05T21:47:02.723000+00:00,👍 Comment Upvoted,rich,0,,,false,,,,false,,,,,,,,,2025-12-05T21:47:02.989000+00:00,false,0,Animal Battle Stats,1446203750204047426
1446618880653918399,,,,,,true,,0000,0,,1446203750204047426,,0,Animal Battle Stats,,1446204139909550150,,,2025-12-05T21:46:58.027Z,,46296,0,true,User,RamiNoodle733,true,Replying To,Anonymous,true,Target,Sloth,false,Reply,haha jk I'm just replying to myself just testing out the site a little,,,,,,,,,,,,,2025-12-05T21:46:57.684000+00:00,↩️ Comment Reply,rich,0,,,false,,,,false,,,,,,,,,2025-12-05T21:46:58.027000+00:00,false,0,Animal Battle Stats,1446203750204047426
1446618725926178907,,,,,,true,,0000,0,,1446203750204047426,,0,Animal Battle Stats,,1446204139909550150,,,2025-12-05T21:46:21.137Z,,46296,0,true,User,Anonymous,true,Replying To,RamiNoodle733,true,Target,Sloth,false,Reply,SHUTUP!,,,,,,,,,,,,,2025-12-05T21:46:20.806000+00:00,↩️ Comment Reply,rich,0,,,false,,,,false,,,,,,,,,2025-12-05T21:46:21.137000+00:00,false,0,Animal Battle Stats,1446203750204047426
1446618655533043872,,,,,,true,,0000,0,,1446203750204047426,,0,Animal Battle Stats,,1446204139909550150,,,2025-12-05T21:46:04.354Z,,52360,0,true,By,RamiNoodle733,true,Comment Author,RamiNoodle733,true,On,Sloth,,,,,,,,,,,,,,,,2025-12-05T21:46:04.011000+00:00,👍 Comment Upvoted,rich,0,,,false,,,,false,,,,,,,,,2025-12-05T21:46:04.354000+00:00,false,0,Animal Battle Stats,1446203750204047426
1446618650328174673,,,,,,true,,0000,0,,1446203750204047426,,0,Animal Battle Stats,,1446204139909550150,,,2025-12-05T21:46:03.113Z,,13382502,0,true,By,RamiNoodle733,true,Comment Author,RamiNoodle733,true,On,Sloth,,,,,,,,,,,,,,,,2025-12-05T21:46:02.193000+00:00,👎 Comment Downvoted,rich,0,,,false,,,,false,,,,,,,,,2025-12-05T21:46:03.113000+00:00,false,0,Animal Battle Stats,1446203750204047426
1446618642673434846,,,,,,true,,0000,0,,1446203750204047426,,0,Animal Battle Stats,,1446204139909550150,,,2025-12-05T21:46:01.288Z,,52360,0,true,By,RamiNoodle733,true,Comment Author,RamiNoodle733,true,On,Sloth,,,,,,,,,,,,,,,,2025-12-05T21:46:01.010000+00:00,👍 Comment Upvoted,rich,0,,,false,,,,false,,,,,,,,,2025-12-05T21:46:01.288000+00:00,false,0,Animal Battle Stats,1446203750204047426
1446618632674087076,,,,,,true,,0000,0,,1446203750204047426,,0,Animal Battle Stats,,1446204139909550150,,,2025-12-05T21:45:58.904Z,,54527,0,true,User,RamiNoodle733,true,Target,Sloth,false,Comment,Slow LOL,,,,,,,,,,,,,,,,2025-12-05T21:45:58.542000+00:00,💬 New Comment,rich,0,,,false,,,,false,,,,,,,,,2025-12-05T21:45:58.904000+00:00,false,0,Animal Battle Stats,1446203750204047426
1446618587895693505,,,,,,true,,0000,0,,1446203750204047426,,0,Animal Battle Stats,,1446204139909550150,,,2025-12-05T21:45:48.228Z,,52326,0,true,Username,RamiNoodle733,,,,,,,,,,,,,,,,,,,,,,2025-12-05T21:45:47.701000+00:00,🔓 User Login,rich,0,,,false,,,,false,,,,,,,,,2025-12-05T21:45:48.228000+00:00,false,0,Animal Battle Stats,1446203750204047426
1446618490231460062,,,,,,true,,0000,0,,1446203750204047426,,0,Animal Battle Stats,,1446204139909550150,,,2025-12-05T21:45:24.943Z,,4491519,0,true,Visitor,Anonymous,,,,,,,,,,,,,,,,,,,,,,2025-12-05T21:45:24.581000+00:00,👀 Site Visit,rich,0,,,false,,,,false,,,,,,,,,2025-12-05T21:45:24.943000+00:00,false,0,Animal Battle Stats,1446203750204047426
1446618486330757292,,,,,,true,,0000,0,,1446203750204047426,,0,Animal Battle Stats,,1446204139909550150,,,2025-12-05T21:45:24.013Z,,6710886,0,true,User,Anonymous,,,,,,,,,,,,,,,,,,,,,,2025-12-05T21:45:18.819000+00:00,👋 User Left Site,rich,0,,,false,,,,false,,,,,,,,,2025-12-05T21:45:24.013000+00:00,false,0,Animal Battle Stats,1446203750204047426
1446616795397099762,,,,,,true,,0000,0,,1446203750204047426,,0,Animal Battle Stats,,1446204139909550150,,,2025-12-05T21:38:40.863Z,,16750848,0,true,Username,RamiNoodle733,,,,,,,,,,,,,,,,,,,,,,2025-12-05T21:38:40.277000+00:00,🔒 User Logout,rich,0,,,false,,,,false,,,,,,,,,2025-12-05T21:38:40.863000+00:00,false,0,Animal Battle Stats,1446203750204047426
1446597494934081557,,,,,,true,,0000,0,,1446203750204047426,,0,Animal Battle Stats,,1446204139909550150,,,2025-12-05T20:21:59.274Z,,4491519,0,true,Visitor,RamiNoodle733,,,,,,,,,,,,,,,,,,,,,,2025-12-05T20:21:59.011000+00:00,👀 Site Visit,rich,0,,,false,,,,false,,,,,,,,,2025-12-05T20:21:59.274000+00:00,false,0,Animal Battle Stats,1446203750204047426
1446597492803375196,,,,,,true,,0000,0,,1446203750204047426,,0,Animal Battle Stats,,1446204139909550150,,,2025-12-05T20:21:58.766Z,,4491519,0,true,Visitor,Anonymous,,,,,,,,,,,,,,,,,,,,,,2025-12-05T20:20:52.298000+00:00,👀 Site Visit,rich,0,,,false,,,,false,,,,,,,,,2025-12-05T20:21:58.766000+00:00,false,0,Animal Battle Stats,1446203750204047426
1446526078784114904,,,,,,true,,0000,0,,1446203750204047426,,0,Animal Battle Stats,,1446204139909550150,,,2025-12-05T15:38:12.337Z,,6710886,0,true,User,RamiNoodle733,,,,,,,,,,,,,,,,,,,,,,2025-12-05T15:38:12.085000+00:00,👋 User Left Site,rich,0,,,false,,,,false,,,,,,,,,2025-12-05T15:38:12.337000+00:00,false,0,Animal Battle Stats,1446203750204047426
1446525948831858698,,,,,,true,,0000,0,,1446203750204047426,,0,Animal Battle Stats,,1446204139909550150,,,2025-12-05T15:37:41.354Z,,16739072,0,false,Matchup,African Elephant vs Kangaroo,,,,,,,,,,,,,,,,,,,,,,2025-12-05T15:37:41.006000+00:00,⚔️ Battle Comparison,rich,0,,,false,,,,false,,,,,,,,,2025-12-05T15:37:41.354000+00:00,false,0,Animal Battle Stats,1446203750204047426
1446525921862357109,,,,,,true,,0000,0,,1446203750204047426,,0,Animal Battle Stats,,1446204139909550150,,,2025-12-05T15:37:34.924Z,,16763904,0,true,User,RamiNoodle733,true,Animal,Orca,true,Changed,👎 -> 👎,,,,,,,,,,,,,,,,2025-12-05T15:37:34.587000+00:00,🔄 Vote Changed,rich,0,,,false,,,,false,,,,,,,,,2025-12-05T15:37:34.924000+00:00,false,0,Animal Battle Stats,1446203750204047426
1446525915873153055,,,,,,true,,0000,0,,1446203750204047426,,0,Animal Battle Stats,,1446204139909550150,,,2025-12-05T15:37:33.496Z,,16724838,0,true,User,RamiNoodle733,true,Animal,Orca,true,Vote,👎 Downvote,,,,,,,,,,,,,,,,2025-12-05T15:37:33.232000+00:00,👎 New Vote,rich,0,,,false,,,,false,,,,,,,,,2025-12-05T15:37:33.496000+00:00,false,0,Animal Battle Stats,1446203750204047426
1446525910164443266,,,,,,true,,0000,0,,1446203750204047426,,0,Animal Battle Stats,,1446204139909550150,,,2025-12-05T15:37:32.135Z,,8947848,0,true,User,RamiNoodle733,true,Animal,Orca,true,Removed,👎 Was Downvote,,,,,,,,,,,,,,,,2025-12-05T15:37:31.799000+00:00,🗑️ Vote Removed,rich,0,,,false,,,,false,,,,,,,,,2025-12-05T15:37:32.135000+00:00,false,0,Animal Battle Stats,1446203750204047426
1446525904820899921,,,,,,true,,0000,0,,1446203750204047426,,0,Animal Battle Stats,,1446204139909550150,,,2025-12-05T15:37:30.861Z,,16763904,0,true,User,RamiNoodle733,true,Animal,Orca,true,Changed,👎 -> 👎,,,,,,,,,,,,,,,,2025-12-05T15:37:30.635000+00:00,🔄 Vote Changed,rich,0,,,false,,,,false,,,,,,,,,2025-12-05T15:37:30.861000+00:00,false,0,Animal Battle Stats,1446203750204047426
1446525898013544521,,,,,,true,,0000,0,,1446203750204047426,,0,Animal Battle Stats,,1446204139909550150,,,2025-12-05T15:37:29.238Z,,65416,0,true,User,RamiNoodle733,true,Animal,Orca,true,Vote,👍 Upvote,,,,,,,,,,,,,,,,2025-12-05T15:37:28.957000+00:00,👍 New Vote,rich,0,,,false,,,,false,,,,,,,,,2025-12-05T15:37:29.238000+00:00,false,0,Animal Battle Stats,1446203750204047426
1446525892846424086,,,,,,true,,0000,0,,1446203750204047426,,0,Animal Battle Stats,,1446204139909550150,,,2025-12-05T15:37:28.006Z,,8947848,0,true,User,RamiNoodle733,true,Animal,Orca,true,Removed,👍 Was Upvote,,,,,,,,,,,,,,,,2025-12-05T15:37:27.757000+00:00,🗑️ Vote Removed,rich,0,,,false,,,,false,,,,,,,,,2025-12-05T15:37:28.006000+00:00,false,0,Animal Battle Stats,1446203750204047426
1446525888295604257,,,,,,true,,0000,0,,1446203750204047426,,0,Animal Battle Stats,,1446204139909550150,,,2025-12-05T15:37:26.921Z,,16763904,0,true,User,RamiNoodle733,true,Animal,Megalodon,true,Changed,👎 -> 👎,,,,,,,,,,,,,,,,2025-12-05T15:37:26.771000+00:00,🔄 Vote Changed,rich,0,,,false,,,,false,,,,,,,,,2025-12-05T15:37:26.921000+00:00,false,0,Animal Battle Stats,1446203750204047426
1446525880733138996,,,,,,true,,0000,0,,1446203750204047426,,0,Animal Battle Stats,,1446204139909550150,,,2025-12-05T15:37:25.118Z,,16763904,0,true,User,RamiNoodle733,true,Animal,Megalodon,true,Changed,👎 -> 👎,,,,,,,,,,,,,,,,2025-12-05T15:37:24.960000+00:00,🔄 Vote Changed,rich,0,,,false,,,,false,,,,,,,,,2025-12-05T15:37:25.118000+00:00,false,0,Animal Battle Stats,1446203750204047426
1446525837422891029,,,,,,true,,0000,0,,1446203750204047426,,0,Animal Battle Stats,,1446204139909550150,,,2025-12-05T15:37:14.792Z,,16763904,0,true,User,RamiNoodle733,true,Animal,Megalodon,true,Changed,👎 -> 👎,,,,,,,,,,,,,,,,2025-12-05T15:37:14.475000+00:00,🔄 Vote Changed,rich,0,,,false,,,,false,,,,,,,,,2025-12-05T15:37:14.792000+00:00,false,0,Animal Battle Stats,1446203750204047426
1446525828467916800,,,,,,true,,0000,0,,1446203750204047426,,0,Animal Battle Stats,,1446204139909550150,,,2025-12-05T15:37:12.657Z,,16763904,0,true,User,RamiNoodle733,true,Animal,Megalodon,true,Changed,👎 -> 👎,,,,,,,,,,,,,,,,2025-12-05T15:37:12.366000+00:00,🔄 Vote Changed,rich,0,,,false,,,,false,,,,,,,,,2025-12-05T15:37:12.657000+00:00,false,0,Animal Battle Stats,1446203750204047426
1446525820767043675,,,,,,true,,0000,0,,1446203750204047426,,0,Animal Battle Stats,,1446204139909550150,,,2025-12-05T15:37:10.821Z,,65416,0,true,User,RamiNoodle733,true,Animal,Megalodon,true,Vote,👍 Upvote,,,,,,,,,,,,,,,,2025-12-05T15:37:10.550000+00:00,👍 New Vote,rich,0,,,false,,,,false,,,,,,,,,2025-12-05T15:37:10.821000+00:00,false,0,Animal Battle Stats,1446203750204047426
1446525812559052841,,,,,,true,,0000,0,,1446203750204047426,,0,Animal Battle Stats,,1446204139909550150,,,2025-12-05T15:37:08.864Z,,8947848,0,true,User,RamiNoodle733,true,Animal,Megalodon,true,Removed,👍 Was Upvote,,,,,,,,,,,,,,,,2025-12-05T15:37:08.553000+00:00,🗑️ Vote Removed,rich,0,,,false,,,,false,,,,,,,,,2025-12-05T15:37:08.864000+00:00,false,0,Animal Battle Stats,1446203750204047426
1446525802824073400,,,,,,true,,0000,0,,1446203750204047426,,0,Animal Battle Stats,,1446204139909550150,,,2025-12-05T15:37:06.543Z,,65416,0,true,User,RamiNoodle733,true,Animal,Megalodon,true,Vote,👍 Upvote,,,,,,,,,,,,,,,,2025-12-05T15:37:06.254000+00:00,👍 New Vote,rich,0,,,false,,,,false,,,,,,,,,2025-12-05T15:37:06.543000+00:00,false,0,Animal Battle Stats,1446203750204047426
1446525802438201508,,,,,,true,,0000,0,,1446203750204047426,,0,Animal Battle Stats,,1446204139909550150,,,2025-12-05T15:37:06.451Z,,8947848,0,true,User,RamiNoodle733,true,Animal,Megalodon,true,Removed,👍 Was Upvote,,,,,,,,,,,,,,,,2025-12-05T15:37:02.734000+00:00,🗑️ Vote Removed,rich,0,,,false,,,,false,,,,,,,,,2025-12-05T15:37:06.451000+00:00,false,0,Animal Battle Stats,1446203750204047426
1446525745391472662,,,,,,true,,0000,0,,1446203750204047426,,0,Animal Battle Stats,,1446204139909550150,,,2025-12-05T15:36:52.850Z,,4491519,0,true,Visitor,RamiNoodle733,,,,,,,,,,,,,,,,,,,,,,2025-12-05T15:36:52.545000+00:00,👀 Site Visit,rich,0,,,false,,,,false,,,,,,,,,2025-12-05T15:36:52.850000+00:00,false,0,Animal Battle Stats,1446203750204047426
1446525729008517191,,,,,,true,,0000,0,,1446203750204047426,,0,Animal Battle Stats,,1446204139909550150,,,2025-12-05T15:36:48.944Z,,6710886,0,true,User,RamiNoodle733,,,,,,,,,,,,,,,,,,,,,,2025-12-05T15:36:48.627000+00:00,👋 User Left Site,rich,0,,,false,,,,false,,,,,,,,,2025-12-05T15:36:48.944000+00:00,false,0,Animal Battle Stats,1446203750204047426
1446525678806761542,,,,,,true,,0000,0,,1446203750204047426,,0,Animal Battle Stats,,1446204139909550150,,,2025-12-05T15:36:36.975Z,,4491519,0,true,Visitor,RamiNoodle733,,,,,,,,,,,,,,,,,,,,,,2025-12-05T15:36:36.615000+00:00,👀 Site Visit,rich,0,,,false,,,,false,,,,,,,,,2025-12-05T15:36:36.975000+00:00,false,0,Animal Battle Stats,1446203750204047426
1446525676680122418,,,,,,true,,0000,0,,1446203750204047426,,0,Animal Battle Stats,,1446204139909550150,,,2025-12-05T15:36:36.468Z,,4491519,0,true,Visitor,RamiNoodle733,,,,,,,,,,,,,,,,,,,,,,2025-12-05T15:36:21.600000+00:00,👀 Site Visit,rich,0,,,false,,,,false,,,,,,,,,2025-12-05T15:36:36.468000+00:00,false,0,Animal Battle Stats,1446203750204047426
1446525676650762525,,,,,,true,,0000,0,,1446203750204047426,,0,Animal Battle Stats,,1446204139909550150,,,2025-12-05T15:36:36.461Z,,6710886,0,true,User,RamiNoodle733,,,,,,,,,,,,,,,,,,,,,,2025-12-05T15:36:35.102000+00:00,👋 User Left Site,rich,0,,,false,,,,false,,,,,,,,,2025-12-05T15:36:36.461000+00:00,false,0,Animal Battle Stats,1446203750204047426
1446523497789526097,,,,,,true,,0000,0,,1446203750204047426,,0,Animal Battle Stats,,1446204139909550150,,,2025-12-05T15:27:56.980Z,,65416,0,true,User,RamiNoodle733,true,Animal,Megalodon,true,Vote,👍 Upvote,,,,,,,,,,,,,,,,2025-12-05T15:27:47.146000+00:00,👍 New Vote,rich,0,,,false,,,,false,,,,,,,,,2025-12-05T15:27:56.980000+00:00,false,0,Animal Battle Stats,1446203750204047426
1446523457780060273,,,,,,true,,0000,0,,1446203750204047426,,0,Animal Battle Stats,,1446204139909550150,,,2025-12-05T15:27:47.441Z,,8947848,0,true,User,RamiNoodle733,true,Animal,Megalodon,true,Removed,👍 Was Upvote,,,,,,,,,,,,,,,,2025-12-05T15:27:41.770000+00:00,🗑️ Vote Removed,rich,0,,,false,,,,false,,,,,,,,,2025-12-05T15:27:47.441000+00:00,false,0,Animal Battle Stats,1446203750204047426
1446523088211804222,,,,,,true,,0000,0,,1446203750204047426,,0,Animal Battle Stats,,1446204139909550150,,,2025-12-05T15:26:19.329Z,,16739072,0,false,Matchup,Saltwater Crocodile vs Kangaroo,,,,,,,,,,,,,,,,,,,,,,2025-12-05T15:26:19.074000+00:00,⚔️ Battle Comparison,rich,0,,,false,,,,false,,,,,,,,,2025-12-05T15:26:19.329000+00:00,false,0,Animal Battle Stats,1446203750204047426
1446523056754528439,,,,,,true,,0000,0,,1446203750204047426,,0,Animal Battle Stats,,1446204139909550150,,,2025-12-05T15:26:11.829Z,,16739072,0,false,Matchup,Saltwater Crocodile vs Gorilla,,,,,,,,,,,,,,,,,,,,,,2025-12-05T15:26:11.622000+00:00,⚔️ Battle Comparison,rich,0,,,false,,,,false,,,,,,,,,2025-12-05T15:26:11.829000+00:00,false,0,Animal Battle Stats,1446203750204047426
1446523035082424500,,,,,,true,,0000,0,,1446203750204047426,,0,Animal Battle Stats,,1446204139909550150,,,2025-12-05T15:26:06.662Z,,16739072,0,false,Matchup,Saltwater Crocodile vs Great White Shark,,,,,,,,,,,,,,,,,,,,,,2025-12-05T15:26:06.233000+00:00,⚔️ Battle Comparison,rich,0,,,false,,,,false,,,,,,,,,2025-12-05T15:26:06.662000+00:00,false,0,Animal Battle Stats,1446203750204047426
1446522994297143387,,,,,,true,,0000,0,,1446203750204047426,,0,Animal Battle Stats,,1446204139909550150,,,2025-12-05T15:25:56.938Z,,52326,0,true,Username,RamiNoodle733,,,,,,,,,,,,,,,,,,,,,,2025-12-05T15:25:56.410000+00:00,🔓 User Login,rich,0,,,false,,,,false,,,,,,,,,2025-12-05T15:25:56.938000+00:00,false,0,Animal Battle Stats,1446203750204047426
1446522881407451312,,,,,,true,,0000,0,,1446203750204047426,,0,Animal Battle Stats,,1446204139909550150,,,2025-12-05T15:25:30.023Z,,16739072,0,false,Matchup,Saltwater Crocodile vs Great White Shark,,,,,,,,,,,,,,,,,,,,,,2025-12-05T15:25:21.914000+00:00,⚔️ Battle Comparison,rich,0,,,false,,,,false,,,,,,,,,2025-12-05T15:25:30.023000+00:00,false,0,Animal Battle Stats,1446203750204047426
1446522623512018974,,,,,,true,,0000,0,,1446203750204047426,,0,Animal Battle Stats,,1446204139909550150,,,2025-12-05T15:24:28.536Z,,16739072,0,false,Matchup,Orca vs Siberian Tiger,,,,,,,,,,,,,,,,,,,,,,2025-12-05T15:24:23.742000+00:00,⚔️ Battle Comparison,rich,0,,,false,,,,false,,,,,,,,,2025-12-05T15:24:28.536000+00:00,false,0,Animal Battle Stats,1446203750204047426
1446522439331741859,,,,,,true,,0000,0,,1446203750204047426,,0,Animal Battle Stats,,1446204139909550150,,,2025-12-05T15:23:44.624Z,,6710886,0,true,User,RamiNoodle733,,,,,,,,,,,,,,,,,,,,,,2025-12-05T15:23:43.824000+00:00,👋 User Left Site,rich,0,,,false,,,,false,,,,,,,,,2025-12-05T15:23:44.624000+00:00,false,0,Animal Battle Stats,1446203750204047426
1446522439189135483,,,,,,true,,0000,0,,1446203750204047426,,0,Animal Battle Stats,,1446204139909550150,,,2025-12-05T15:23:44.590Z,,4491519,0,true,Visitor,RamiNoodle733,,,,,,,,,,,,,,,,,,,,,,2025-12-05T15:23:34.817000+00:00,👀 Site Visit,rich,0,,,false,,,,false,,,,,,,,,2025-12-05T15:23:44.590000+00:00,false,0,Animal Battle Stats,1446203750204047426
1446520996721983537,,,,,,true,,0000,0,,1446203750204047426,,0,Animal Battle Stats,,1446204139909550150,,,2025-12-05T15:18:00.679Z,,4491519,0,true,Visitor,Anonymous,,,,,,,,,,,,,,,,,,,,,,2025-12-05T15:18:00.434000+00:00,👀 Site Visit,rich,0,,,false,,,,false,,,,,,,,,2025-12-05T15:18:00.679000+00:00,false,0,Animal Battle Stats,1446203750204047426
1446519933319254116,,,,,,true,,0000,0,,1446203750204047426,,0,Animal Battle Stats,,1446204139909550150,,,2025-12-05T15:13:47.144Z,,16729156,0,true,User,RamiNoodle733,true,Target,Kangaroo,,,,,,,,,,,,,,,,,,,2025-12-05T15:13:46.514000+00:00,🗑️ Comment Deleted,rich,0,,,false,,,,false,,,,,,,,,2025-12-05T15:13:47.144000+00:00,false,0,Animal Battle Stats,1446203750204047426
1446519892584038492,,,,,,true,,0000,0,,1446203750204047426,,0,Animal Battle Stats,,1446204139909550150,,,2025-12-05T15:13:37.432Z,,54527,0,true,User,RamiNoodle733,true,Target,Kangaroo,false,Comment,test,,,,,,,,,,,,,,,,2025-12-05T15:13:37.105000+00:00,💬 New Comment,rich,0,,,false,,,,false,,,,,,,,,2025-12-05T15:13:37.432000+00:00,false,0,Animal Battle Stats,1446203750204047426
1446519863240556566,,,,,,true,,0000,0,,1446203750204047426,,0,Animal Battle Stats,,1446204139909550150,,,2025-12-05T15:13:30.436Z,,16729156,0,true,User,RamiNoodle733,true,Target,Kangaroo,,,,,,,,,,,,,,,,,,,2025-12-05T15:13:30.125000+00:00,🗑️ Comment Deleted,rich,0,,,false,,,,false,,,,,,,,,2025-12-05T15:13:30.436000+00:00,false,0,Animal Battle Stats,1446203750204047426
1446519805795369084,,,,,,true,,0000,0,,1446203750204047426,,0,Animal Battle Stats,,1446204139909550150,,,2025-12-05T15:13:16.740Z,,52326,0,true,Username,RamiNoodle733,,,,,,,,,,,,,,,,,,,,,,2025-12-05T15:13:16.485000+00:00,🔓 User Login,rich,0,,,false,,,,false,,,,,,,,,2025-12-05T15:13:16.740000+00:00,false,0,Animal Battle Stats,1446203750204047426
1446519762556293140,,,,,,true,,0000,0,,1446203750204047426,,0,Animal Battle Stats,,1446204139909550150,,,2025-12-05T15:13:06.431Z,,4491519,0,true,Visitor,Anonymous,,,,,,,,,,,,,,,,,,,,,,2025-12-05T15:13:06.205000+00:00,👀 Site Visit,rich,0,,,false,,,,false,,,,,,,,,2025-12-05T15:13:06.431000+00:00,false,0,Animal Battle Stats,1446203750204047426
1446519759477670074,,,,,,true,,0000,0,,1446203750204047426,,0,Animal Battle Stats,,1446204139909550150,,,2025-12-05T15:13:05.697Z,,6710886,0,true,User,Anonymous,,,,,,,,,,,,,,,,,,,,,,2025-12-05T15:13:05.515000+00:00,👋 User Left Site,rich,0,,,false,,,,false,,,,,,,,,2025-12-05T15:13:05.697000+00:00,false,0,Animal Battle Stats,1446203750204047426
1446519754608349317,,,,,,true,,0000,0,,1446203750204047426,,0,Animal Battle Stats,,1446204139909550150,,,2025-12-05T15:13:04.536Z,,4491519,0,true,Visitor,Anonymous,,,,,,,,,,,,,,,,,,,,,,2025-12-05T15:13:04.315000+00:00,👀 Site Visit,rich,0,,,false,,,,false,,,,,,,,,2025-12-05T15:13:04.536000+00:00,false,0,Animal Battle Stats,1446203750204047426
1446519752842412063,,,,,,true,,0000,0,,1446203750204047426,,0,Animal Battle Stats,,1446204139909550150,,,2025-12-05T15:13:04.115Z,,6710886,0,true,User,RamiNoodle733,,,,,,,,,,,,,,,,,,,,,,2025-12-05T15:13:03.823000+00:00,👋 User Left Site,rich,0,,,false,,,,false,,,,,,,,,2025-12-05T15:13:04.115000+00:00,false,0,Animal Battle Stats,1446203750204047426
1446519744260997334,,,,,,true,,0000,0,,1446203750204047426,,0,Animal Battle Stats,,1446204139909550150,,,2025-12-05T15:13:02.069Z,,16750848,0,true,Username,RamiNoodle733,,,,,,,,,,,,,,,,,,,,,,2025-12-05T15:13:01.831000+00:00,🔒 User Logout,rich,0,,,false,,,,false,,,,,,,,,2025-12-05T15:13:02.069000+00:00,false,0,Animal Battle Stats,1446203750204047426
1446519730868322366,,,,,,true,,0000,0,,1446203750204047426,,0,Animal Battle Stats,,1446204139909550150,,,2025-12-05T15:12:58.876Z,,52326,0,true,Username,RamiNoodle733,,,,,,,,,,,,,,,,,,,,,,2025-12-05T15:12:58.354000+00:00,🔓 User Login,rich,0,,,false,,,,false,,,,,,,,,2025-12-05T15:12:58.876000+00:00,false,0,Animal Battle Stats,1446203750204047426
1446519696663904276,,,,,,true,,0000,0,,1446203750204047426,,0,Animal Battle Stats,,1446204139909550150,,,2025-12-05T15:12:50.721Z,,16750848,0,true,Username,RamiNoodle733,,,,,,,,,,,,,,,,,,,,,,2025-12-05T15:12:50.487000+00:00,🔒 User Logout,rich,0,,,false,,,,false,,,,,,,,,2025-12-05T15:12:50.721000+00:00,false,0,Animal Battle Stats,1446203750204047426
1446519671544090742,,,,,,true,,0000,0,,1446203750204047426,,0,Animal Battle Stats,,1446204139909550150,,,2025-12-05T15:12:44.732Z,,4491519,0,true,Visitor,RamiNoodle733,,,,,,,,,,,,,,,,,,,,,,2025-12-05T15:12:44.543000+00:00,👀 Site Visit,rich,0,,,false,,,,false,,,,,,,,,2025-12-05T15:12:44.732000+00:00,false,0,Animal Battle Stats,1446203750204047426
1446519669581283441,,,,,,true,,0000,0,,1446203750204047426,,0,Animal Battle Stats,,1446204139909550150,,,2025-12-05T15:12:44.264Z,,6710886,0,true,User,RamiNoodle733,,,,,,,,,,,,,,,,,,,,,,2025-12-05T15:12:43.958000+00:00,👋 User Left Site,rich,0,,,false,,,,false,,,,,,,,,2025-12-05T15:12:44.264000+00:00,false,0,Animal Battle Stats,1446203750204047426
1446519639445209149,,,,,,true,,0000,0,,1446203750204047426,,0,Animal Battle Stats,,1446204139909550150,,,2025-12-05T15:12:37.079Z,,4491519,0,true,Visitor,RamiNoodle733,,,,,,,,,,,,,,,,,,,,,,2025-12-05T15:12:36.790000+00:00,👀 Site Visit,rich,0,,,false,,,,false,,,,,,,,,2025-12-05T15:12:37.079000+00:00,false,0,Animal Battle Stats,1446203750204047426
1446519353922289746,,,,,,true,,0000,0,,1446203750204047426,,0,Animal Battle Stats,,1446204139909550150,,,2025-12-05T15:11:29.005Z,,6710886,0,true,User,RamiNoodle733,,,,,,,,,,,,,,,,,,,,,,2025-12-05T15:11:28.659000+00:00,👋 User Left Site,rich,0,,,false,,,,false,,,,,,,,,2025-12-05T15:11:29.005000+00:00,false,0,Animal Battle Stats,1446203750204047426
1446519296820772995,,,,,,true,,0000,0,,1446203750204047426,,0,Animal Battle Stats,,1446204139909550150,,,2025-12-05T15:11:15.391Z,,52326,0,true,Username,RamiNoodle733,,,,,,,,,,,,,,,,,,,,,,2025-12-05T15:11:15.120000+00:00,🔓 User Login,rich,0,,,false,,,,false,,,,,,,,,2025-12-05T15:11:15.391000+00:00,false,0,Animal Battle Stats,1446203750204047426
1446519295453429852,,,,,,true,,0000,0,,1446203750204047426,,0,Animal Battle Stats,,1446204139909550150,,,2025-12-05T15:11:15.065Z,,52326,0,true,Username,RamiNoodle733,,,,,,,,,,,,,,,,,,,,,,2025-12-05T15:10:48.308000+00:00,🔓 User Login,rich,0,,,false,,,,false,,,,,,,,,2025-12-05T15:11:15.065000+00:00,false,0,Animal Battle Stats,1446203750204047426
1446519259630010425,,,,,,true,,0000,0,,1446203750204047426,,0,Animal Battle Stats,,1446204139909550150,,,2025-12-05T15:11:06.524Z,,16750848,0,true,Username,RamiNoodle733,,,,,,,,,,,,,,,,,,,,,,2025-12-05T15:11:05.908000+00:00,🔒 User Logout,rich,0,,,false,,,,false,,,,,,,,,2025-12-05T15:11:06.524000+00:00,false,0,Animal Battle Stats,1446203750204047426
1446519237085495438,,,,,,true,,0000,0,,1446203750204047426,,0,Animal Battle Stats,,1446204139909550150,,,2025-12-05T15:11:01.149Z,,4491519,0,true,Visitor,RamiNoodle733,,,,,,,,,,,,,,,,,,,,,,2025-12-05T15:11:00.902000+00:00,👀 Site Visit,rich,0,,,false,,,,false,,,,,,,,,2025-12-05T15:11:01.149000+00:00,false,0,Animal Battle Stats,1446203750204047426
1446519234220789820,,,,,,true,,0000,0,,1446203750204047426,,0,Animal Battle Stats,,1446204139909550150,,,2025-12-05T15:11:00.466Z,,6710886,0,true,User,RamiNoodle733,,,,,,,,,,,,,,,,,,,,,,2025-12-05T15:11:00.179000+00:00,👋 User Left Site,rich,0,,,false,,,,false,,,,,,,,,2025-12-05T15:11:00.466000+00:00,false,0,Animal Battle Stats,1446203750204047426
1446518660477882440,,,,,,true,,0000,0,,1446203750204047426,,0,Animal Battle Stats,,1446204139909550150,,,2025-12-05T15:08:43.675Z,,16750848,0,true,Username,RamiNoodle733,,,,,,,,,,,,,,,,,,,,,,2025-12-05T15:08:43.324000+00:00,🔒 User Logout,rich,0,,,false,,,,false,,,,,,,,,2025-12-05T15:08:43.675000+00:00,false,0,Animal Battle Stats,1446203750204047426
1446518598234275870,,,,,,true,,0000,0,,1446203750204047426,,0,Animal Battle Stats,,1446204139909550150,,,2025-12-05T15:08:28.835Z,,4491519,0,true,Visitor,RamiNoodle733,,,,,,,,,,,,,,,,,,,,,,2025-12-05T15:08:28.480000+00:00,👀 Site Visit,rich,0,,,false,,,,false,,,,,,,,,2025-12-05T15:08:28.835000+00:00,false,0,Animal Battle Stats,1446203750204047426
1446518598029017330,,,,,,true,,0000,0,,1446203750204047426,,0,Animal Battle Stats,,1446204139909550150,,,2025-12-05T15:08:28.786Z,,16739072,0,false,Matchup,Saltwater Crocodile vs Siberian Tiger,,,,,,,,,,,,,,,,,,,,,,2025-12-05T15:08:06.953000+00:00,⚔️ Battle Comparison,rich,0,,,false,,,,false,,,,,,,,,2025-12-05T15:08:28.786000+00:00,false,0,Animal Battle Stats,1446203750204047426
1446518593763151952,,,,,,true,,0000,0,,1446203750204047426,,0,Animal Battle Stats,,1446204139909550150,,,2025-12-05T15:08:27.769Z,,6710886,0,true,User,Anonymous,,,,,,,,,,,,,,,,,,,,,,2025-12-05T15:08:27.491000+00:00,👋 User Left Site,rich,0,,,false,,,,false,,,,,,,,,2025-12-05T15:08:27.769000+00:00,false,0,Animal Battle Stats,1446203750204047426
1446518479480950908,,,,,,true,,0000,0,,1446203750204047426,,0,Animal Battle Stats,,1446204139909550150,,,2025-12-05T15:08:00.522Z,,16729156,0,true,User,RamiNoodle733,true,Target,Kangaroo,,,,,,,,,,,,,,,,,,,2025-12-05T15:08:00.104000+00:00,🗑️ Comment Deleted,rich,0,,,false,,,,false,,,,,,,,,2025-12-05T15:08:00.522000+00:00,false,0,Animal Battle Stats,1446203750204047426
1446518456022339645,,,,,,true,,0000,0,,1446203750204047426,,0,Animal Battle Stats,,1446204139909550150,,,2025-12-05T15:07:54.929Z,,54527,0,true,User,RamiNoodle733,true,Target,Kangaroo,false,Comment,test,,,,,,,,,,,,,,,,2025-12-05T15:07:54.493000+00:00,💬 New Comment,rich,0,,,false,,,,false,,,,,,,,,2025-12-05T15:07:54.929000+00:00,false,0,Animal Battle Stats,1446203750204047426
1446518381170921643,,,,,,true,,0000,0,,1446203750204047426,,0,Animal Battle Stats,,1446204139909550150,,,2025-12-05T15:07:37.083Z,,52326,0,true,Username,RamiNoodle733,,,,,,,,,,,,,,,,,,,,,,2025-12-05T15:07:36.561000+00:00,🔓 User Login,rich,0,,,false,,,,false,,,,,,,,,2025-12-05T15:07:37.083000+00:00,false,0,Animal Battle Stats,1446203750204047426
1446518283053301853,,,,,,true,,0000,0,,1446203750204047426,,0,Animal Battle Stats,,1446204139909550150,,,2025-12-05T15:07:13.690Z,,4491519,0,true,Visitor,Anonymous,,,,,,,,,,,,,,,,,,,,,,2025-12-05T15:07:13.369000+00:00,👀 Site Visit,rich,0,,,false,,,,false,,,,,,,,,2025-12-05T15:07:13.690000+00:00,false,0,Animal Battle Stats,1446203750204047426
1446518281027584162,,,,,,true,,0000,0,,1446203750204047426,,0,Animal Battle Stats,,1446204139909550150,,,2025-12-05T15:07:13.207Z,,6710886,0,true,User,Anonymous,,,,,,,,,,,,,,,,,,,,,,2025-12-05T15:07:12.490000+00:00,👋 User Left Site,rich,0,,,false,,,,false,,,,,,,,,2025-12-05T15:07:13.207000+00:00,false,0,Animal Battle Stats,1446203750204047426
1446518280842903582,,,,,,true,,0000,0,,1446203750204047426,,0,Animal Battle Stats,,1446204139909550150,,,2025-12-05T15:07:13.163Z,,4491519,0,true,Visitor,Anonymous,,,,,,,,,,,,,,,,,,,,,,2025-12-05T15:06:50.014000+00:00,👀 Site Visit,rich,0,,,false,,,,false,,,,,,,,,2025-12-05T15:07:13.163000+00:00,false,0,Animal Battle Stats,1446203750204047426
1446509258051948694,,,,,,true,,0000,0,,1446203750204047426,,0,Animal Battle Stats,,1446204139909550150,,,2025-12-05T14:31:21.962Z,,16739072,0,false,Matchup,African Elephant vs Orca,,,,,,,,,,,,,,,,,,,,,,2025-12-05T14:31:18.857000+00:00,⚔️ Battle Comparison,rich,0,,,false,,,,false,,,,,,,,,2025-12-05T14:31:21.962000+00:00,false,0,Animal Battle Stats,1446203750204047426
1446509170131206305,,,,,,true,,0000,0,,1446203750204047426,,0,Animal Battle Stats,,1446204139909550150,,,2025-12-05T14:31:01.000Z,,4491519,0,true,Visitor,Anonymous,,,,,,,,,,,,,,,,,,,,,,2025-12-05T14:31:00.575000+00:00,👀 Site Visit,rich,0,,,false,,,,false,,,,,,,,,2025-12-05T14:31:01+00:00,false,0,Animal Battle Stats,1446203750204047426
1446509083476889794,,,,,,true,,0000,0,,1446203750204047426,,0,Animal Battle Stats,,1446204139909550150,,,2025-12-05T14:30:40.340Z,,4491519,0,true,Visitor,RamiNoodle733,,,,,,,,,,,,,,,,,,,,,,2025-12-05T14:30:40.124000+00:00,👀 Site Visit,rich,0,,,false,,,,false,,,,,,,,,2025-12-05T14:30:40.340000+00:00,false,0,Animal Battle Stats,1446203750204047426
1446509074295291904,,,,,,true,,0000,0,,1446203750204047426,,0,Animal Battle Stats,,1446204139909550150,,,2025-12-05T14:30:38.151Z,,4491519,0,true,Visitor,RamiNoodle733,,,,,,,,,,,,,,,,,,,,,,2025-12-05T14:30:37.860000+00:00,👀 Site Visit,rich,0,,,false,,,,false,,,,,,,,,2025-12-05T14:30:38.151000+00:00,false,0,Animal Battle Stats,1446203750204047426
1446508797500723223,,,,,,true,,0000,0,,1446203750204047426,,0,Animal Battle Stats,,1446204139909550150,,,2025-12-05T14:29:32.158Z,,4491519,0,true,Visitor,Anonymous,,,,,,,,,,,,,,,,,,,,,,2025-12-05T14:29:31.850000+00:00,👀 Site Visit,rich,0,,,false,,,,false,,,,,,,,,2025-12-05T14:29:32.158000+00:00,false,0,Animal Battle Stats,1446203750204047426
1446508796703674521,,,,,,true,,0000,0,,1446203750204047426,,0,Animal Battle Stats,,1446204139909550150,,,2025-12-05T14:29:31.968Z,,16739072,0,false,Matchup,Kangaroo vs Gorilla,,,,,,,,,,,,,,,,,,,,,,2025-12-05T14:29:26.615000+00:00,⚔️ Battle Comparison,rich,0,,,false,,,,false,,,,,,,,,2025-12-05T14:29:31.968000+00:00,false,0,Animal Battle Stats,1446203750204047426
1446508720552153212,,,,,,true,,0000,0,,1446203750204047426,,0,Animal Battle Stats,,1446204139909550150,,,2025-12-05T14:29:13.812Z,,4491519,0,true,Visitor,Anonymous,,,,,,,,,,,,,,,,,,,,,,2025-12-05T14:29:13.589000+00:00,👀 Site Visit,rich,0,,,false,,,,false,,,,,,,,,2025-12-05T14:29:13.812000+00:00,false,0,Animal Battle Stats,1446203750204047426
1446508720543502568,,,,,,true,,0000,0,,1446203750204047426,,0,Animal Battle Stats,,1446204139909550150,,,2025-12-05T14:29:13.810Z,,16739072,0,false,Matchup,African Elephant vs Great White Shark,,,,,,,,,,,,,,,,,,,,,,2025-12-05T14:29:10.072000+00:00,⚔️ Battle Comparison,rich,0,,,false,,,,false,,,,,,,,,2025-12-05T14:29:13.810000+00:00,false,0,Animal Battle Stats,1446203750204047426
1446508646933725224,,,,,,true,,0000,0,,1446203750204047426,,0,Animal Battle Stats,,1446204139909550150,,,2025-12-05T14:28:56.260Z,,4491519,0,true,Visitor,Anonymous,,,,,,,,,,,,,,,,,,,,,,2025-12-05T14:28:55.968000+00:00,👀 Site Visit,rich,0,,,false,,,,false,,,,,,,,,2025-12-05T14:28:56.260000+00:00,false,0,Animal Battle Stats,1446203750204047426
1446508351734284427,,,,,,true,,0000,0,,1446203750204047426,,0,Animal Battle Stats,,1446204139909550150,,,2025-12-05T14:27:45.879Z,,52326,0,true,Username,RamiNoodle733,,,,,,,,,,,,,,,,,,,,,,2025-12-05T14:27:45.549000+00:00,🔓 User Login,rich,0,,,false,,,,false,,,,,,,,,2025-12-05T14:27:45.879000+00:00,false,0,Animal Battle Stats,1446203750204047426
1446508291466461379,,,,,,true,,0000,0,,1446203750204047426,,0,Animal Battle Stats,,1446204139909550150,,,2025-12-05T14:27:31.510Z,,4491519,0,true,Visitor,Anonymous,,,,,,,,,,,,,,,,,,,,,,2025-12-05T14:27:31.258000+00:00,👀 Site Visit,rich,0,,,false,,,,false,,,,,,,,,2025-12-05T14:27:31.510000+00:00,false,0,Animal Battle Stats,1446203750204047426
1446508164383248525,,,,,,true,,0000,0,,1446203750204047426,,0,Animal Battle Stats,,1446204139909550150,,,2025-12-05T14:27:01.211Z,,4491519,0,true,Visitor,RamiNoodle733,,,,,,,,,,,,,,,,,,,,,,2025-12-05T14:27:00.796000+00:00,👀 Site Visit,rich,0,,,false,,,,false,,,,,,,,,2025-12-05T14:27:01.211000+00:00,false,0,Animal Battle Stats,1446203750204047426
1446508164009820412,,,,,,true,,0000,0,,1446203750204047426,,0,Animal Battle Stats,,1446204139909550150,,,2025-12-05T14:27:01.122Z,,16739072,0,false,Matchup,African Elephant vs Gorilla,,,,,,,,,,,,,,,,,,,,,,2025-12-05T14:26:57.076000+00:00,⚔️ Battle Comparison,rich,0,,,false,,,,false,,,,,,,,,2025-12-05T14:27:01.122000+00:00,false,0,Animal Battle Stats,1446203750204047426
1446508114026303539,,,,,,true,,0000,0,,1446203750204047426,,0,Animal Battle Stats,,1446204139909550150,,,2025-12-05T14:26:49.205Z,,65416,0,true,User,RamiNoodle733,true,Animal,Megalodon,true,Vote,👍 Upvote,,,,,,,,,,,,,,,,2025-12-05T14:26:48.631000+00:00,👍 New Vote,rich,0,,,false,,,,false,,,,,,,,,2025-12-05T14:26:49.205000+00:00,false,0,Animal Battle Stats,1446203750204047426
1446508110272528464,,,,,,true,,0000,0,,1446203750204047426,,0,Animal Battle Stats,,1446204139909550150,,,2025-12-05T14:26:48.310Z,,8947848,0,true,User,RamiNoodle733,true,Animal,Megalodon,true,Removed,👎 Was Downvote,,,,,,,,,,,,,,,,2025-12-05T14:26:48.016000+00:00,🗑️ Vote Removed,rich,0,,,false,,,,false,,,,,,,,,2025-12-05T14:26:48.310000+00:00,false,0,Animal Battle Stats,1446203750204047426
1446508101200253011,,,,,,true,,0000,0,,1446203750204047426,,0,Animal Battle Stats,,1446204139909550150,,,2025-12-05T14:26:46.147Z,,16724838,0,true,User,RamiNoodle733,true,Animal,Megalodon,true,Vote,👎 Downvote,,,,,,,,,,,,,,,,2025-12-05T14:26:45.912000+00:00,👎 New Vote,rich,0,,,false,,,,false,,,,,,,,,2025-12-05T14:26:46.147000+00:00,false,0,Animal Battle Stats,1446203750204047426
1446508093075886130,,,,,,true,,0000,0,,1446203750204047426,,0,Animal Battle Stats,,1446204139909550150,,,2025-12-05T14:26:44.210Z,,8947848,0,true,User,RamiNoodle733,true,Animal,Megalodon,true,Removed,👎 Was Downvote,,,,,,,,,,,,,,,,2025-12-05T14:26:43.921000+00:00,🗑️ Vote Removed,rich,0,,,false,,,,false,,,,,,,,,2025-12-05T14:26:44.210000+00:00,false,0,Animal Battle Stats,1446203750204047426
1446508077569282049,,,,,,true,,0000,0,,1446203750204047426,,0,Animal Battle Stats,,1446204139909550150,,,2025-12-05T14:26:40.513Z,,16763904,0,true,User,RamiNoodle733,true,Animal,Megalodon,true,Changed,👎 -> 👎,,,,,,,,,,,,,,,,2025-12-05T14:26:40.255000+00:00,🔄 Vote Changed,rich,0,,,false,,,,false,,,,,,,,,2025-12-05T14:26:40.513000+00:00,false,0,Animal Battle Stats,1446203750204047426
1446507941992595558,,,,,,true,,0000,0,,1446203750204047426,,0,Animal Battle Stats,,1446204139909550150,,,2025-12-05T14:26:08.189Z,,65416,0,true,User,RamiNoodle733,true,Animal,Megalodon,true,Vote,👍 Upvote,,,,,,,,,,,,,,,,2025-12-05T14:26:07.892000+00:00,👍 New Vote,rich,0,,,false,,,,false,,,,,,,,,2025-12-05T14:26:08.189000+00:00,false,0,Animal Battle Stats,1446203750204047426
1446507941497802782,,,,,,true,,0000,0,,1446203750204047426,,0,Animal Battle Stats,,1446204139909550150,,,2025-12-05T14:26:08.071Z,,8947848,0,true,User,RamiNoodle733,true,Animal,Megalodon,true,Removed,👍 Was Upvote,,,,,,,,,,,,,,,,2025-12-05T14:26:03.263000+00:00,🗑️ Vote Removed,rich,0,,,false,,,,false,,,,,,,,,2025-12-05T14:26:08.071000+00:00,false,0,Animal Battle Stats,1446203750204047426
1446507884719640658,,,,,,true,,0000,0,,1446203750204047426,,0,Animal Battle Stats,,1446204139909550150,,,2025-12-05T14:25:54.534Z,,16739072,0,false,Matchup,Saltwater Crocodile vs Siberian Tiger,,,,,,,,,,,,,,,,,,,,,,2025-12-05T14:25:12.462000+00:00,⚔️ Battle Comparison,rich,0,,,false,,,,false,,,,,,,,,2025-12-05T14:25:54.534000+00:00,false,0,Animal Battle Stats,1446203750204047426
1446507883796631644,,,,,,true,,0000,0,,1446203750204047426,,0,Animal Battle Stats,,1446204139909550150,,,2025-12-05T14:25:54.314Z,,4491519,0,true,Visitor,RamiNoodle733,,,,,,,,,,,,,,,,,,,,,,2025-12-05T14:25:54.162000+00:00,👀 Site Visit,rich,0,,,false,,,,false,,,,,,,,,2025-12-05T14:25:54.314000+00:00,false,0,Animal Battle Stats,1446203750204047426
1446507881963851931,,,,,,true,,0000,0,,1446203750204047426,,0,Animal Battle Stats,,1446204139909550150,,,2025-12-05T14:25:53.877Z,,4491519,0,true,Visitor,RamiNoodle733,,,,,,,,,,,,,,,,,,,,,,2025-12-05T14:24:56.910000+00:00,👀 Site Visit,rich,0,,,false,,,,false,,,,,,,,,2025-12-05T14:25:53.877000+00:00,false,0,Animal Battle Stats,1446203750204047426
1446507864678990039,,,,,,true,,0000,0,,1446203750204047426,,0,Animal Battle Stats,,1446204139909550150,,,2025-12-05T14:25:49.756Z,,16729156,0,true,User,RamiNoodle733,true,Target,Kangaroo,,,,,,,,,,,,,,,,,,,2025-12-05T14:25:49.344000+00:00,🗑️ Comment Deleted,rich,0,,,false,,,,false,,,,,,,,,2025-12-05T14:25:49.756000+00:00,false,0,Animal Battle Stats,1446203750204047426
1446507821654081679,,,,,,true,,0000,0,,1446203750204047426,,0,Animal Battle Stats,,1446204139909550150,,,2025-12-05T14:25:39.498Z,,54527,0,true,User,RamiNoodle733,true,Target,Kangaroo,false,Comment,Test,,,,,,,,,,,,,,,,2025-12-05T14:25:39.005000+00:00,💬 New Comment,rich,0,,,false,,,,false,,,,,,,,,2025-12-05T14:25:39.498000+00:00,false,0,Animal Battle Stats,1446203750204047426
1446506168175300782,,,,,,true,,0000,0,,1446203750204047426,,0,Animal Battle Stats,,1446204139909550150,,,2025-12-05T14:19:05.278Z,,16729156,0,true,User,RamiNoodle733,true,Target,Kangaroo,,,,,,,,,,,,,,,,,,,2025-12-05T14:19:04.925000+00:00,🗑️ Comment Deleted,rich,0,,,false,,,,false,,,,,,,,,2025-12-05T14:19:05.278000+00:00,false,0,Animal Battle Stats,1446203750204047426
1446506079201656976,,,,,,true,,0000,0,,1446203750204047426,,0,Animal Battle Stats,,1446204139909550150,,,2025-12-05T14:18:44.065Z,,16729156,0,true,User,RamiNoodle733,true,Target,Kangaroo,,,,,,,,,,,,,,,,,,,2025-12-05T14:18:43.594000+00:00,🗑️ Comment Deleted,rich,0,,,false,,,,false,,,,,,,,,2025-12-05T14:18:44.065000+00:00,false,0,Animal Battle Stats,1446203750204047426
1446505928688930907,,,,,,true,,0000,0,,1446203750204047426,,0,Animal Battle Stats,,1446204139909550150,,,2025-12-05T14:18:08.180Z,,8947848,0,true,User,RamiNoodle733,true,Animal,Megalodon,true,Removed,👍 Was Upvote,,,,,,,,,,,,,,,,2025-12-05T14:18:02.887000+00:00,🗑️ Vote Removed,rich,0,,,false,,,,false,,,,,,,,,2025-12-05T14:18:08.180000+00:00,false,0,Animal Battle Stats,1446203750204047426
1446505472281542769,,,,,,true,,0000,0,,1446203750204047426,,0,Animal Battle Stats,,1446204139909550150,,,2025-12-05T14:16:19.364Z,,4491519,0,true,Visitor,RamiNoodle733,,,,,,,,,,,,,,,,,,,,,,2025-12-05T14:16:18.606000+00:00,👀 Site Visit,rich,0,,,false,,,,false,,,,,,,,,2025-12-05T14:16:19.364000+00:00,false,0,Animal Battle Stats,1446203750204047426
1446505467680395378,,,,,,true,,0000,0,,1446203750204047426,,0,Animal Battle Stats,,1446204139909550150,,,2025-12-05T14:16:18.267Z,,4491519,0,true,Visitor,RamiNoodle733,,,,,,,,,,,,,,,,,,,,,,2025-12-05T14:16:05.685000+00:00,👀 Site Visit,rich,0,,,false,,,,false,,,,,,,,,2025-12-05T14:16:18.267000+00:00,false,0,Animal Battle Stats,1446203750204047426
1446500478480552067,,,,,,true,,0000,0,,1446203750204047426,,0,Animal Battle Stats,,1446204139909550150,,,2025-12-05T13:56:28.749Z,,4491519,0,true,Visitor,Anonymous,,,,,,,,,,,,,,,,,,,,,,2025-12-05T13:56:28.472000+00:00,Site Visit,rich,0,,,false,,,,false,,,,,,,,,2025-12-05T13:56:28.749000+00:00,false,0,Animal Battle Stats,1446203750204047426
1446500430128615494,,,,,,true,,0000,0,,1446203750204047426,,0,Animal Battle Stats,,1446204139909550150,,,2025-12-05T13:56:17.221Z,,65416,0,true,User,RamiNoodle733,true,Animal,Megalodon,true,Vote,Upvote,,,,,,,,,,,,,,,,2025-12-05T13:56:16.920000+00:00,New Vote,rich,0,,,false,,,,false,,,,,,,,,2025-12-05T13:56:17.221000+00:00,false,0,Animal Battle Stats,1446203750204047426
1446500423505543301,,,,,,true,,0000,0,,1446203750204047426,,0,Animal Battle Stats,,1446204139909550150,,,2025-12-05T13:56:15.642Z,,8947848,0,true,User,RamiNoodle733,true,Animal,Megalodon,true,Removed,Was Upvote,,,,,,,,,,,,,,,,2025-12-05T13:56:15.380000+00:00,Vote Removed,rich,0,,,false,,,,false,,,,,,,,,2025-12-05T13:56:15.642000+00:00,false,0,Animal Battle Stats,1446203750204047426
1446500311391801476,,,,,,true,,0000,0,,1446203750204047426,,0,Animal Battle Stats,,1446204139909550150,,,2025-12-05T13:55:48.912Z,,8947848,0,true,User,RamiNoodle733,true,Animal,Megalodon,true,Removed,Was Upvote,,,,,,,,,,,,,,,,2025-12-05T13:55:46.757000+00:00,Vote Removed,rich,0,,,false,,,,false,,,,,,,,,2025-12-05T13:55:48.912000+00:00,false,0,Animal Battle Stats,1446203750204047426
1446500224322240574,,,,,,true,,0000,0,,1446203750204047426,,0,Animal Battle Stats,,1446204139909550150,,,2025-12-05T13:55:28.153Z,,4491519,0,true,Visitor,Anonymous,,,,,,,,,,,,,,,,,,,,,,2025-12-05T13:55:27.903000+00:00,Site Visit,rich,0,,,false,,,,false,,,,,,,,,2025-12-05T13:55:28.153000+00:00,false,0,Animal Battle Stats,1446203750204047426
1446500222904565760,,,,,,true,,0000,0,,1446203750204047426,,0,Animal Battle Stats,,1446204139909550150,,,2025-12-05T13:55:27.815Z,,4491519,0,true,Visitor,Anonymous,,,,,,,,,,,,,,,,,,,,,,2025-12-05T13:54:18.343000+00:00,Site Visit,rich,0,,,false,,,,false,,,,,,,,,2025-12-05T13:55:27.815000+00:00,false,0,Animal Battle Stats,1446203750204047426
1446460755456036974,,,,,,true,,0000,0,,1446203750204047426,,0,Animal Battle Stats,,1446204139909550150,,,2025-12-05T11:18:38.042Z,,16739072,0,true,User,RamiNoodle733,false,Matchup,Rhinoceros vs Jaguar,,,,,,,,,,,,,,,,,,,2025-12-05T11:17:01.083000+00:00,⚔️ Battle Comparison,rich,0,,,false,,,,false,,,,,,,,,2025-12-05T11:18:38.042000+00:00,false,0,Animal Battle Stats,1446203750204047426
1446344975754199081,,,,,,true,,0000,0,,1446203750204047426,,0,Animal Battle Stats,,1446204139909550150,,,2025-12-05T03:38:34.010Z,,16739072,0,true,User,Anonymous,false,Matchup,African Elephant vs Saltwater Crocodile,,,,,,,,,,,,,,,,,,,2025-12-05T03:38:04.698000+00:00,⚔️ Battle Comparison,rich,0,,,false,,,,false,,,,,,,,,2025-12-05T03:38:34.010000+00:00,false,0,Animal Battle Stats,1446203750204047426
1446331741240299530,,,,,,true,,0000,0,,1446203750204047426,,0,Animal Battle Stats,,1446204139909550150,,,2025-12-05T02:45:58.656Z,,65416,0,true,User,RamiNoodle733,true,Animal,Megalodon,true,Vote,👎 Downvote,,,,,,,,,,,,,,,,2025-12-05T02:45:58.265000+00:00,🗳️ New Vote,rich,0,,,false,,,,false,,,,,,,,,2025-12-05T02:45:58.656000+00:00,false,0,Animal Battle Stats,1446203750204047426
1446331709749596182,,,,,,true,,0000,0,,1446203750204047426,,0,Animal Battle Stats,,1446204139909550150,,,2025-12-05T02:45:51.148Z,,8947848,0,true,User,RamiNoodle733,true,Animal,Megalodon,true,Removed Vote,👍 Was Upvote,,,,,,,,,,,,,,,,2025-12-05T02:45:50.854000+00:00,🗑️ Vote Removed,rich,0,,,false,,,,false,,,,,,,,,2025-12-05T02:45:51.148000+00:00,false,0,Animal Battle Stats,1446203750204047426
1446310752297422910,,,,,,true,,0000,0,,1446203750204047426,,0,Animal Battle Stats,,1446204139909550150,,,2025-12-05T01:22:34.502Z,,16739072,0,true,User,RamiNoodle733,false,Matchup,Kangaroo vs Sloth,,,,,,,,,,,,,,,,,,,2025-12-05T01:21:51.344000+00:00,⚔️ Battle Comparison,rich,0,,,false,,,,false,,,,,,,,,2025-12-05T01:22:34.502000+00:00,false,0,Animal Battle Stats,1446203750204047426
1446288135909802096,,,,,,true,,0000,0,,1446203750204047426,,0,Animal Battle Stats,,1446204139909550150,,,2025-12-04T23:52:42.335Z,,65416,0,true,User,RamiNoodle733,true,Animal,Galapagos Tortoise,true,Vote,👎 Downvote,,,,,,,,,,,,,,,,2025-12-04T23:52:30.111000+00:00,🗳️ New Vote,rich,0,,,false,,,,false,,,,,,,,,2025-12-04T23:52:42.335000+00:00,false,0,Animal Battle Stats,1446203750204047426
1446287822158827622,,,,,,true,,0000,0,,1446203750204047426,,0,Animal Battle Stats,,1446204139909550150,,,2025-12-04T23:51:27.531Z,,65416,0,true,User,RamiNoodle733,true,Animal,Kangaroo,true,Vote,👎 Downvote,,,,,,,,,,,,,,,,2025-12-04T23:51:27.244000+00:00,🗳️ New Vote,rich,0,,,false,,,,false,,,,,,,,,2025-12-04T23:51:27.531000+00:00,false,0,Animal Battle Stats,1446203750204047426
1446287803536244736,,,,,,true,,0000,0,,1446203750204047426,,0,Animal Battle Stats,,1446204139909550150,,,2025-12-04T23:51:23.091Z,,65416,0,true,User,RamiNoodle733,true,Animal,Siberian Tiger,true,Vote,👎 Downvote,,,,,,,,,,,,,,,,2025-12-04T23:51:22.671000+00:00,🗳️ New Vote,rich,0,,,false,,,,false,,,,,,,,,2025-12-04T23:51:23.091000+00:00,false,0,Animal Battle Stats,1446203750204047426
1446287780786213025,,,,,,true,,0000,0,,1446203750204047426,,0,Animal Battle Stats,,1446204139909550150,,,2025-12-04T23:51:17.667Z,,65416,0,true,User,RamiNoodle733,true,Animal,Gorilla,true,Vote,👎 Downvote,,,,,,,,,,,,,,,,2025-12-04T23:51:17.334000+00:00,🗳️ New Vote,rich,0,,,false,,,,false,,,,,,,,,2025-12-04T23:51:17.667000+00:00,false,0,Animal Battle Stats,1446203750204047426
1446287722741371062,,,,,,true,,0000,0,,1446203750204047426,,0,Animal Battle Stats,,1446204139909550150,,,2025-12-04T23:51:03.828Z,,65416,0,true,User,RamiNoodle733,true,Animal,Great White Shark,true,Vote,👎 Downvote,,,,,,,,,,,,,,,,2025-12-04T23:51:03.434000+00:00,🗳️ New Vote,rich,0,,,false,,,,false,,,,,,,,,2025-12-04T23:51:03.828000+00:00,false,0,Animal Battle Stats,1446203750204047426
1446287695876849746,,,,,,true,,0000,0,,1446203750204047426,,0,Animal Battle Stats,,1446204139909550150,,,2025-12-04T23:50:57.423Z,,65416,0,true,User,RamiNoodle733,true,Animal,Saltwater Crocodile,true,Vote,👎 Downvote,,,,,,,,,,,,,,,,2025-12-04T23:50:57.189000+00:00,🗳️ New Vote,rich,0,,,false,,,,false,,,,,,,,,2025-12-04T23:50:57.423000+00:00,false,0,Animal Battle Stats,1446203750204047426
1446287686280413304,,,,,,true,,0000,0,,1446203750204047426,,0,Animal Battle Stats,,1446204139909550150,,,2025-12-04T23:50:55.135Z,,65416,0,true,User,RamiNoodle733,true,Animal,African Elephant,true,Vote,👎 Downvote,,,,,,,,,,,,,,,,2025-12-04T23:50:54.853000+00:00,🗳️ New Vote,rich,0,,,false,,,,false,,,,,,,,,2025-12-04T23:50:55.135000+00:00,false,0,Animal Battle Stats,1446203750204047426
1446287668530118826,,,,,,true,,0000,0,,1446203750204047426,,0,Animal Battle Stats,,1446204139909550150,,,2025-12-04T23:50:50.903Z,,65416,0,true,User,RamiNoodle733,true,Animal,Orca,true,Vote,👎 Downvote,,,,,,,,,,,,,,,,2025-12-04T23:50:50.545000+00:00,🗳️ New Vote,rich,0,,,false,,,,false,,,,,,,,,2025-12-04T23:50:50.903000+00:00,false,0,Animal Battle Stats,1446203750204047426
1446287668026540073,,,,,,true,,0000,0,,1446203750204047426,,0,Animal Battle Stats,,1446204139909550150,,,2025-12-04T23:50:50.783Z,,65416,0,true,User,RamiNoodle733,true,Animal,Megalodon,true,Vote,👎 Downvote,,,,,,,,,,,,,,,,2025-12-04T23:50:49.056000+00:00,🗳️ New Vote,rich,0,,,false,,,,false,,,,,,,,,2025-12-04T23:50:50.783000+00:00,false,0,Animal Battle Stats,1446203750204047426
1446286813982490644,,,,,,true,,0000,0,,1446203750204047426,,0,Animal Battle Stats,,1446204139909550150,,,2025-12-04T23:47:27.163Z,,8947848,0,true,User,RamiNoodle733,true,Animal,Kangaroo,true,Removed Vote,👍 Was Upvote,,,,,,,,,,,,,,,,2025-12-04T23:47:25.772000+00:00,🗑️ Vote Removed,rich,0,,,false,,,,false,,,,,,,,,2025-12-04T23:47:27.163000+00:00,false,0,Animal Battle Stats,1446203750204047426
1446286813965717645,,,,,,true,,0000,0,,1446203750204047426,,0,Animal Battle Stats,,1446204139909550150,,,2025-12-04T23:47:27.159Z,,8947848,0,true,User,RamiNoodle733,true,Animal,Galapagos Tortoise,true,Removed Vote,👍 Was Upvote,,,,,,,,,,,,,,,,2025-12-04T23:47:26.813000+00:00,🗑️ Vote Removed,rich,0,,,false,,,,false,,,,,,,,,2025-12-04T23:47:27.159000+00:00,false,0,Animal Battle Stats,1446203750204047426
1446282542826258492,,,,,,true,,0000,0,,1446203750204047426,,0,Animal Battle Stats,,1446204139909550150,,,2025-12-04T23:30:28.840Z,,54527,0,true,User,RamiNoodle733,true,On,Kangaroo,false,Comment,Kangaroo Attack needs to be way higher who made this stupid site,,,,,,,,,,,,,,,,2025-12-04T23:30:28.179000+00:00,💬 New Comment,rich,0,,,false,,,,false,,,,,,,,,2025-12-04T23:30:28.840000+00:00,false,0,Animal Battle Stats,1446203750204047426
1446282317059326166,,,,,,true,,0000,0,,1446203750204047426,,0,Animal Battle Stats,,1446204139909550150,,,2025-12-04T23:29:35.013Z,,65416,0,true,User,RamiNoodle733,true,Animal,Galapagos Tortoise,true,Vote,👎 Downvote,,,,,,,,,,,,,,,,2025-12-04T23:29:33.625000+00:00,🗳️ New Vote,rich,0,,,false,,,,false,,,,,,,,,2025-12-04T23:29:35.013000+00:00,false,0,Animal Battle Stats,1446203750204047426
1446282231751508094,,,,,,true,,0000,0,,1446203750204047426,,0,Animal Battle Stats,,1446204139909550150,,,2025-12-04T23:29:14.674Z,,65416,0,true,User,RamiNoodle733,true,Animal,Alligator,true,Vote,👎 Downvote,,,,,,,,,,,,,,,,2025-12-04T23:29:12.525000+00:00,🗳️ New Vote,rich,0,,,false,,,,false,,,,,,,,,2025-12-04T23:29:14.674000+00:00,false,0,Animal Battle Stats,1446203750204047426
1446282181344493610,,,,,,true,,0000,0,,1446203750204047426,,0,Animal Battle Stats,,1446204139909550150,,,2025-12-04T23:29:02.656Z,,8947848,0,true,User,RamiNoodle733,true,Animal,Megalodon,true,Removed Vote,👍 Was Upvote,,,,,,,,,,,,,,,,2025-12-04T23:28:58.700000+00:00,🗑️ Vote Removed,rich,0,,,false,,,,false,,,,,,,,,2025-12-04T23:29:02.656000+00:00,false,0,Animal Battle Stats,1446203750204047426
1446281854830514240,,,,,,true,,0000,0,,1446203750204047426,,0,Animal Battle Stats,,1446204139909550150,,,2025-12-04T23:27:44.809Z,,16739072,0,true,User,Anonymous,false,Matchup,Saltwater Crocodile vs Great White Shark,,,,,,,,,,,,,,,,,,,2025-12-04T23:27:40.063000+00:00,⚔️ Battle Comparison,rich,0,,,false,,,,false,,,,,,,,,2025-12-04T23:27:44.809000+00:00,false,0,Animal Battle Stats,1446203750204047426
1446278308055748608,,,,,,true,,0000,0,,1446203750204047426,,0,Animal Battle Stats,,1446204139909550150,,,2025-12-04T23:13:39.192Z,,8947848,0,true,User,RamiNoodle733,true,Animal,Orca,true,Removed Vote,👎 Was Downvote,,,,,,,,,,,,,,,,2025-12-04T23:13:38.894000+00:00,🗑️ Vote Removed,rich,0,,,false,,,,false,,,,,,,,,2025-12-04T23:13:39.192000+00:00,false,0,Animal Battle Stats,1446203750204047426
1446278281828499630,,,,,,true,,0000,0,,1446203750204047426,,0,Animal Battle Stats,,1446204139909550150,,,2025-12-04T23:13:32.939Z,,16724838,0,true,User,RamiNoodle733,true,Animal,Orca,true,Vote,👎 Downvote,,,,,,,,,,,,,,,,2025-12-04T23:13:32.719000+00:00,🗳️ New Vote,rich,0,,,false,,,,false,,,,,,,,,2025-12-04T23:13:32.939000+00:00,false,0,Animal Battle Stats,1446203750204047426
1446278279513374900,,,,,,true,,0000,0,,1446203750204047426,,0,Animal Battle Stats,,1446204139909550150,,,2025-12-04T23:13:32.387Z,,8947848,0,true,User,RamiNoodle733,true,Animal,Orca,true,Removed Vote,👍 Was Upvote,,,,,,,,,,,,,,,,2025-12-04T23:13:32.014000+00:00,🗑️ Vote Removed,rich,0,,,false,,,,false,,,,,,,,,2025-12-04T23:13:32.387000+00:00,false,0,Animal Battle Stats,1446203750204047426
1446278268985675972,,,,,,true,,0000,0,,1446203750204047426,,0,Animal Battle Stats,,1446204139909550150,,,2025-12-04T23:13:29.877Z,,65416,0,true,User,RamiNoodle733,true,Animal,Orca,true,Vote,👎 Downvote,,,,,,,,,,,,,,,,2025-12-04T23:13:29.114000+00:00,🗳️ New Vote,rich,0,,,false,,,,false,,,,,,,,,2025-12-04T23:13:29.877000+00:00,false,0,Animal Battle Stats,1446203750204047426
1446278248135655615,,,,,,true,,0000,0,,1446203750204047426,,0,Animal Battle Stats,,1446204139909550150,,,2025-12-04T23:13:24.906Z,,65416,0,true,User,RamiNoodle733,true,Animal,Kangaroo,true,Vote,👎 Downvote,,,,,,,,,,,,,,,,2025-12-04T23:13:24.602000+00:00,🗳️ New Vote,rich,0,,,false,,,,false,,,,,,,,,2025-12-04T23:13:24.906000+00:00,false,0,Animal Battle Stats,1446203750204047426
1446278247900774500,,,,,,true,,0000,0,,1446203750204047426,,0,Animal Battle Stats,,1446204139909550150,,,2025-12-04T23:13:24.850Z,,8947848,0,true,User,RamiNoodle733,true,Animal,Kangaroo,true,Removed Vote,👍 Was Upvote,,,,,,,,,,,,,,,,2025-12-04T23:13:16.761000+00:00,🗑️ Vote Removed,rich,0,,,false,,,,false,,,,,,,,,2025-12-04T23:13:24.850000+00:00,false,0,Animal Battle Stats,1446203750204047426
1446278175360552970,,,,,,true,,0000,0,,1446203750204047426,,0,Animal Battle Stats,,1446204139909550150,,,2025-12-04T23:13:07.555Z,,52326,0,true,Username,RamiNoodle733,,,,,,,,,,,,,,,,,,,,,,2025-12-04T23:13:07.090000+00:00,🔐 User Login,rich,0,,,false,,,,false,,,,,,,,,2025-12-04T23:13:07.555000+00:00,false,0,Animal Battle Stats,1446203750204047426
1446277999610560574,,,,,,true,,0000,0,,1446203750204047426,,0,Animal Battle Stats,,1446204139909550150,,,2025-12-04T23:12:25.653Z,,16739072,0,true,User,Anonymous,false,Matchup,Megalodon vs Orca,,,,,,,,,,,,,,,,,,,2025-12-04T23:11:11.261000+00:00,⚔️ Battle Comparison,rich,0,,,false,,,,false,,,,,,,,,2025-12-04T23:12:25.653000+00:00,false,0,Animal Battle Stats,1446203750204047426
1446276800266244319,,,,,,true,,0000,0,,1446203750204047426,,0,Animal Battle Stats,,1446204139909550150,,,2025-12-04T23:07:39.707Z,,65416,0,true,User,RamiNoodle733,true,Animal,Kangaroo,true,Vote,👎 Downvote,,,,,,,,,,,,,,,,2025-12-04T23:07:39.289000+00:00,🗳️ New Vote,rich,0,,,false,,,,false,,,,,,,,,2025-12-04T23:07:39.707000+00:00,false,0,Animal Battle Stats,1446203750204047426
1446259501497061539,,,,,,true,,0000,0,,1446203750204047426,,0,Animal Battle Stats,,1446204139909550150,,,2025-12-04T21:58:55.359Z,,8947848,0,true,User,RamiNoodle733,true,Animal,African Elephant,true,Removed Vote,👍 Was Upvote,,,,,,,,,,,,,,,,2025-12-04T21:58:55.143000+00:00,🗑️ Vote Removed,rich,0,,,false,,,,false,,,,,,,,,2025-12-04T21:58:55.359000+00:00,false,0,Animal Battle Stats,1446203750204047426
1446253934854406164,,,,,,true,,0000,0,,1446203750204047426,,0,Animal Battle Stats,,1446204139909550150,,,2025-12-04T21:36:48.168Z,,65416,0,true,User,RamiNoodle733,true,Animal,African Elephant,true,Vote,👎 Downvote,,,,,,,,,,,,,,,,2025-12-04T21:36:47.813000+00:00,🗳️ New Vote,rich,0,,,false,,,,false,,,,,,,,,2025-12-04T21:36:48.168000+00:00,false,0,Animal Battle Stats,1446203750204047426
1446253931058692098,,,,,,true,,0000,0,,1446203750204047426,,0,Animal Battle Stats,,1446204139909550150,,,2025-12-04T21:36:47.263Z,,8947848,0,true,User,RamiNoodle733,true,Animal,African Elephant,true,Removed Vote,👍 Was Upvote,,,,,,,,,,,,,,,,2025-12-04T21:36:46.993000+00:00,🗑️ Vote Removed,rich,0,,,false,,,,false,,,,,,,,,2025-12-04T21:36:47.263000+00:00,false,0,Animal Battle Stats,1446203750204047426
1446253927258525829,,,,,,true,,0000,0,,1446203750204047426,,0,Animal Battle Stats,,1446204139909550150,,,2025-12-04T21:36:46.357Z,,16763904,0,true,User,RamiNoodle733,true,Animal,African Elephant,true,Changed,downvote → upvote,,,,,,,,,,,,,,,,2025-12-04T21:36:46.024000+00:00,🔄 Vote Changed,rich,0,,,false,,,,false,,,,,,,,,2025-12-04T21:36:46.357000+00:00,false,0,Animal Battle Stats,1446203750204047426
1446253926868324442,,,,,,true,,0000,0,,1446203750204047426,,0,Animal Battle Stats,,1446204139909550150,,,2025-12-04T21:36:46.264Z,,16724838,0,true,User,RamiNoodle733,true,Animal,African Elephant,true,Vote,👎 Downvote,,,,,,,,,,,,,,,,2025-12-04T21:36:45.079000+00:00,🗳️ New Vote,rich,0,,,false,,,,false,,,,,,,,,2025-12-04T21:36:46.264000+00:00,false,0,Animal Battle Stats,1446203750204047426
1446253925027020861,,,,,,true,,0000,0,,1446203750204047426,,0,Animal Battle Stats,,1446204139909550150,,,2025-12-04T21:36:45.825Z,,8947848,0,true,User,RamiNoodle733,true,Animal,African Elephant,true,Removed Vote,👍 Was Upvote,,,,,,,,,,,,,,,,2025-12-04T21:36:44.216000+00:00,🗑️ Vote Removed,rich,0,,,false,,,,false,,,,,,,,,2025-12-04T21:36:45.825000+00:00,false,0,Animal Battle Stats,1446203750204047426
1446253664464404610,,,,,,true,,0000,0,,1446203750204047426,,0,Animal Battle Stats,,1446204139909550150,,,2025-12-04T21:35:43.702Z,,52326,0,true,Username,RamiNoodle733,,,,,,,,,,,,,,,,,,,,,,2025-12-04T21:35:43.224000+00:00,🔐 User Login,rich,0,,,false,,,,false,,,,,,,,,2025-12-04T21:35:43.702000+00:00,false,0,Animal Battle Stats,1446203750204047426
1446253540648685765,,,,,,true,,0000,0,,1446203750204047426,,0,Animal Battle Stats,,1446204139909550150,,,2025-12-04T21:35:14.182Z,,16739072,0,true,User,Anonymous,false,Matchup,African Lion vs Alligator,,,,,,,,,,,,,,,,,,,2025-12-04T21:35:12.237000+00:00,⚔️ Battle Comparison,rich,0,,,false,,,,false,,,,,,,,,2025-12-04T21:35:14.182000+00:00,false,0,Animal Battle Stats,1446203750204047426
1446253461984514198,,,,,,true,,0000,0,,1446203750204047426,,0,Animal Battle Stats,,1446204139909550150,,,2025-12-04T21:34:55.427Z,,16739072,0,true,User,RamiNoodle733,false,Matchup,African Lion vs African Wild Dog,,,,,,,,,,,,,,,,,,,2025-12-04T21:34:54.926000+00:00,⚔️ Battle Comparison,rich,0,,,false,,,,false,,,,,,,,,2025-12-04T21:34:55.427000+00:00,false,0,Animal Battle Stats,1446203750204047426
1446209086138876071,,,,,,true,,0000,0,,1446203750204047426,,0,Animal Battle Stats,,1446204139909550150,,,2025-12-04T18:38:35.401Z,,54527,0,true,User,RamiNoodle733,true,On,Alligator,false,Comment,Death roll!!,,,,,,,,,,,,,,,,2025-12-04T18:38:34.922000+00:00,💬 New Comment,rich,0,,,false,,,,false,,,,,,,,,2025-12-04T18:38:35.401000+00:00,false,0,Animal Battle Stats,1446203750204047426
1446205844609044620,,,,,,true,,0000,0,,1446203750204047426,,0,Animal Battle Stats,,1446204139909550150,,,2025-12-04T18:25:42.560Z,,65416,0,true,User,RamiNoodle733,true,Animal,Megalodon,true,Vote,👍 Upvote,,,,,,,,,,,,,,,,2025-12-04T18:25:42.322000+00:00,🗳️ New Vote,rich,0,,,false,,,,false,,,,,,,,,2025-12-04T18:25:42.560000+00:00,false,0,Animal Battle Stats,1446203750204047426
1446205838468583465,,,,,,true,,0000,0,,1446203750204047426,,0,Animal Battle Stats,,1446204139909550150,,,2025-12-04T18:25:41.096Z,,65416,0,true,User,RamiNoodle733,true,Animal,Alligator,true,Vote,👍 Upvote,,,,,,,,,,,,,,,,2025-12-04T18:25:34.387000+00:00,🗳️ New Vote,rich,0,,,false,,,,false,,,,,,,,,2025-12-04T18:25:41.096000+00:00,false,0,Animal Battle Stats,1446203750204047426
1446205581433245756,,,,,,true,,0000,0,,1446203750204047426,,0,Animal Battle Stats,,1446204139909550150,,,2025-12-04T18:24:39.814Z,,54527,0,true,User,RamiNoodle733,true,On,African Lion,false,Comment,ROAARR,,,,,,,,,,,,,,,,2025-12-04T18:24:39.124000+00:00,💬 New Comment,rich,0,,,false,,,,false,,,,,,,,,2025-12-04T18:24:39.814000+00:00,false,0,Animal Battle Stats,1446203750204047426